age_group,sex,n_at_risk,n_vacc,calendar_day,hazard
"[60,70)",0,3124,0,2020-12-27,0.0
"[60,70)",1,3329,0,2020-12-27,0.0
"[70,80)",0,2314,0,2020-12-27,0.0
"[70,80)",1,3101,0,2020-12-27,0.0
,0,21107,0,2020-12-27,0.0
,1,21083,0,2020-12-27,0.0
"[60,70)",0,3123,0,2020-12-28,0.0
"[60,70)",1,3329,0,2020-12-28,0.0
"[70,80)",0,2314,0,2020-12-28,0.0
"[70,80)",1,3101,0,2020-12-28,0.0
,0,21107,0,2020-12-28,0.0
,1,21082,0,2020-12-28,0.0
"[60,70)",0,3123,0,2020-12-29,0.0
"[60,70)",1,3329,0,2020-12-29,0.0
"[70,80)",0,2314,0,2020-12-29,0.0
"[70,80)",1,3100,0,2020-12-29,0.0
,0,21107,0,2020-12-29,0.0
,1,21081,0,2020-12-29,0.0
"[60,70)",0,3123,0,2020-12-30,0.0
"[60,70)",1,3329,0,2020-12-30,0.0
"[70,80)",0,2312,0,2020-12-30,0.0
"[70,80)",1,3099,0,2020-12-30,0.0
,0,21106,0,2020-12-30,0.0
,1,21080,0,2020-12-30,0.0
"[60,70)",0,3123,0,2020-12-31,0.0
"[60,70)",1,3329,0,2020-12-31,0.0
"[70,80)",0,2312,0,2020-12-31,0.0
"[70,80)",1,3099,0,2020-12-31,0.0
,0,21105,0,2020-12-31,0.0
,1,21080,0,2020-12-31,0.0
"[60,70)",0,3133,0,2021-01-01,0.0
"[60,70)",1,3313,0,2021-01-01,0.0
"[70,80)",0,2493,0,2021-01-01,0.0
"[70,80)",1,3236,0,2021-01-01,0.0
,0,20913,0,2021-01-01,0.0
,1,20956,0,2021-01-01,0.0
"[60,70)",0,3133,0,2021-01-02,0.0
"[60,70)",1,3313,0,2021-01-02,0.0
"[70,80)",0,2493,0,2021-01-02,0.0
"[70,80)",1,3236,0,2021-01-02,0.0
,0,20912,0,2021-01-02,0.0
,1,20956,0,2021-01-02,0.0
"[60,70)",0,3132,0,2021-01-03,0.0
"[60,70)",1,3313,0,2021-01-03,0.0
"[70,80)",0,2493,0,2021-01-03,0.0
"[70,80)",1,3236,0,2021-01-03,0.0
,0,20912,0,2021-01-03,0.0
,1,20956,0,2021-01-03,0.0
"[60,70)",0,3132,0,2021-01-04,0.0
"[60,70)",1,3313,0,2021-01-04,0.0
"[70,80)",0,2493,0,2021-01-04,0.0
"[70,80)",1,3235,0,2021-01-04,0.0
,0,20912,0,2021-01-04,0.0
,1,20954,0,2021-01-04,0.0
"[60,70)",0,3131,0,2021-01-05,0.0
"[60,70)",1,3313,0,2021-01-05,0.0
"[70,80)",0,2493,0,2021-01-05,0.0
"[70,80)",1,3235,0,2021-01-05,0.0
,0,20912,0,2021-01-05,0.0
,1,20953,0,2021-01-05,0.0
"[60,70)",0,3131,0,2021-01-06,0.0
"[60,70)",1,3313,0,2021-01-06,0.0
"[70,80)",0,2493,0,2021-01-06,0.0
"[70,80)",1,3235,0,2021-01-06,0.0
,0,20912,0,2021-01-06,0.0
,1,20951,0,2021-01-06,0.0
"[60,70)",0,3131,0,2021-01-07,0.0
"[60,70)",1,3313,0,2021-01-07,0.0
"[70,80)",0,2492,0,2021-01-07,0.0
"[70,80)",1,3235,0,2021-01-07,0.0
,0,20912,0,2021-01-07,0.0
,1,20951,0,2021-01-07,0.0
"[60,70)",0,3131,0,2021-01-08,0.0
"[60,70)",1,3313,0,2021-01-08,0.0
"[70,80)",0,2492,0,2021-01-08,0.0
"[70,80)",1,3234,0,2021-01-08,0.0
,0,20912,0,2021-01-08,0.0
,1,20950,0,2021-01-08,0.0
"[60,70)",0,3131,0,2021-01-09,0.0
"[60,70)",1,3313,0,2021-01-09,0.0
"[70,80)",0,2492,0,2021-01-09,0.0
"[70,80)",1,3234,0,2021-01-09,0.0
,0,20912,0,2021-01-09,0.0
,1,20949,0,2021-01-09,0.0
"[60,70)",0,3131,0,2021-01-10,0.0
"[60,70)",1,3313,0,2021-01-10,0.0
"[70,80)",0,2491,0,2021-01-10,0.0
"[70,80)",1,3234,0,2021-01-10,0.0
,0,20911,0,2021-01-10,0.0
,1,20949,0,2021-01-10,0.0
"[60,70)",0,3131,0,2021-01-11,0.0
"[60,70)",1,3313,0,2021-01-11,0.0
"[70,80)",0,2491,0,2021-01-11,0.0
"[70,80)",1,3233,0,2021-01-11,0.0
,0,20911,0,2021-01-11,0.0
,1,20947,0,2021-01-11,0.0
"[60,70)",0,3131,0,2021-01-12,0.0
"[60,70)",1,3313,0,2021-01-12,0.0
"[70,80)",0,2491,0,2021-01-12,0.0
"[70,80)",1,3233,0,2021-01-12,0.0
,0,20910,0,2021-01-12,0.0
,1,20947,0,2021-01-12,0.0
"[60,70)",0,3131,0,2021-01-13,0.0
"[60,70)",1,3313,0,2021-01-13,0.0
"[70,80)",0,2491,0,2021-01-13,0.0
"[70,80)",1,3232,0,2021-01-13,0.0
,0,20910,0,2021-01-13,0.0
,1,20946,0,2021-01-13,0.0
"[60,70)",0,3130,0,2021-01-14,0.0
"[60,70)",1,3313,0,2021-01-14,0.0
"[70,80)",0,2491,0,2021-01-14,0.0
"[70,80)",1,3232,0,2021-01-14,0.0
,0,20910,0,2021-01-14,0.0
,1,20946,0,2021-01-14,0.0
"[60,70)",0,3130,0,2021-01-15,0.0
"[60,70)",1,3313,0,2021-01-15,0.0
"[70,80)",0,2491,0,2021-01-15,0.0
"[70,80)",1,3232,0,2021-01-15,0.0
,0,20910,0,2021-01-15,0.0
,1,20945,0,2021-01-15,0.0
"[60,70)",0,3130,0,2021-01-16,0.0
"[60,70)",1,3313,0,2021-01-16,0.0
"[70,80)",0,2491,0,2021-01-16,0.0
"[70,80)",1,3232,0,2021-01-16,0.0
,0,20910,0,2021-01-16,0.0
,1,20945,0,2021-01-16,0.0
"[60,70)",0,3130,0,2021-01-17,0.0
"[60,70)",1,3313,0,2021-01-17,0.0
"[70,80)",0,2490,0,2021-01-17,0.0
"[70,80)",1,3232,0,2021-01-17,0.0
,0,20910,0,2021-01-17,0.0
,1,20945,0,2021-01-17,0.0
"[60,70)",0,3130,0,2021-01-18,0.0
"[60,70)",1,3313,0,2021-01-18,0.0
"[70,80)",0,2489,0,2021-01-18,0.0
"[70,80)",1,3231,0,2021-01-18,0.0
,0,20909,0,2021-01-18,0.0
,1,20942,0,2021-01-18,0.0
"[60,70)",0,3130,0,2021-01-19,0.0
"[60,70)",1,3313,0,2021-01-19,0.0
"[70,80)",0,2489,0,2021-01-19,0.0
"[70,80)",1,3230,0,2021-01-19,0.0
,0,20909,0,2021-01-19,0.0
,1,20941,0,2021-01-19,0.0
"[60,70)",0,3130,0,2021-01-20,0.0
"[60,70)",1,3313,0,2021-01-20,0.0
"[70,80)",0,2489,0,2021-01-20,0.0
"[70,80)",1,3229,0,2021-01-20,0.0
,0,20909,0,2021-01-20,0.0
,1,20940,0,2021-01-20,0.0
"[60,70)",0,3129,0,2021-01-21,0.0
"[60,70)",1,3313,0,2021-01-21,0.0
"[70,80)",0,2487,0,2021-01-21,0.0
"[70,80)",1,3229,0,2021-01-21,0.0
,0,20909,0,2021-01-21,0.0
,1,20939,0,2021-01-21,0.0
"[60,70)",0,3129,0,2021-01-22,0.0
"[60,70)",1,3313,0,2021-01-22,0.0
"[70,80)",0,2486,0,2021-01-22,0.0
"[70,80)",1,3229,0,2021-01-22,0.0
,0,20909,0,2021-01-22,0.0
,1,20938,0,2021-01-22,0.0
"[60,70)",0,3129,0,2021-01-23,0.0
"[60,70)",1,3313,0,2021-01-23,0.0
"[70,80)",0,2486,0,2021-01-23,0.0
"[70,80)",1,3228,0,2021-01-23,0.0
,0,20908,0,2021-01-23,0.0
,1,20938,0,2021-01-23,0.0
"[60,70)",0,3129,0,2021-01-24,0.0
"[60,70)",1,3313,0,2021-01-24,0.0
"[70,80)",0,2486,0,2021-01-24,0.0
"[70,80)",1,3228,0,2021-01-24,0.0
,0,20907,0,2021-01-24,0.0
,1,20938,0,2021-01-24,0.0
"[60,70)",0,3129,0,2021-01-25,0.0
"[60,70)",1,3313,0,2021-01-25,0.0
"[70,80)",0,2486,0,2021-01-25,0.0
"[70,80)",1,3228,0,2021-01-25,0.0
,0,20907,0,2021-01-25,0.0
,1,20938,0,2021-01-25,0.0
"[60,70)",0,3128,0,2021-01-26,0.0
"[60,70)",1,3313,0,2021-01-26,0.0
"[70,80)",0,2486,0,2021-01-26,0.0
"[70,80)",1,3227,0,2021-01-26,0.0
,0,20906,0,2021-01-26,0.0
,1,20937,0,2021-01-26,0.0
"[60,70)",0,3127,0,2021-01-27,0.0
"[60,70)",1,3313,0,2021-01-27,0.0
"[70,80)",0,2486,0,2021-01-27,0.0
"[70,80)",1,3227,0,2021-01-27,0.0
,0,20906,0,2021-01-27,0.0
,1,20936,0,2021-01-27,0.0
"[60,70)",0,3127,0,2021-01-28,0.0
"[60,70)",1,3313,0,2021-01-28,0.0
"[70,80)",0,2486,0,2021-01-28,0.0
"[70,80)",1,3227,0,2021-01-28,0.0
,0,20905,0,2021-01-28,0.0
,1,20935,0,2021-01-28,0.0
"[60,70)",0,3127,0,2021-01-29,0.0
"[60,70)",1,3313,0,2021-01-29,0.0
"[70,80)",0,2486,0,2021-01-29,0.0
"[70,80)",1,3227,0,2021-01-29,0.0
,0,20904,0,2021-01-29,0.0
,1,20935,0,2021-01-29,0.0
"[60,70)",0,3127,0,2021-01-30,0.0
"[60,70)",1,3313,0,2021-01-30,0.0
"[70,80)",0,2486,0,2021-01-30,0.0
"[70,80)",1,3227,0,2021-01-30,0.0
,0,20904,0,2021-01-30,0.0
,1,20935,0,2021-01-30,0.0
"[60,70)",0,3127,0,2021-01-31,0.0
"[60,70)",1,3313,0,2021-01-31,0.0
"[70,80)",0,2485,0,2021-01-31,0.0
"[70,80)",1,3227,0,2021-01-31,0.0
,0,20903,0,2021-01-31,0.0
,1,20935,0,2021-01-31,0.0
"[60,70)",0,3127,0,2021-02-01,0.0
"[60,70)",1,3313,0,2021-02-01,0.0
"[70,80)",0,2485,0,2021-02-01,0.0
"[70,80)",1,3227,0,2021-02-01,0.0
,0,20903,0,2021-02-01,0.0
,1,20935,0,2021-02-01,0.0
"[60,70)",0,3127,0,2021-02-02,0.0
"[60,70)",1,3313,0,2021-02-02,0.0
"[70,80)",0,2485,0,2021-02-02,0.0
"[70,80)",1,3227,0,2021-02-02,0.0
,0,20902,0,2021-02-02,0.0
,1,20935,0,2021-02-02,0.0
"[60,70)",0,3127,0,2021-02-03,0.0
"[60,70)",1,3313,0,2021-02-03,0.0
"[70,80)",0,2485,0,2021-02-03,0.0
"[70,80)",1,3227,0,2021-02-03,0.0
,0,20902,0,2021-02-03,0.0
,1,20934,0,2021-02-03,0.0
"[60,70)",0,3127,0,2021-02-04,0.0
"[60,70)",1,3313,0,2021-02-04,0.0
"[70,80)",0,2485,0,2021-02-04,0.0
"[70,80)",1,3227,0,2021-02-04,0.0
,0,20902,0,2021-02-04,0.0
,1,20934,0,2021-02-04,0.0
"[60,70)",0,3125,0,2021-02-05,0.0
"[60,70)",1,3313,0,2021-02-05,0.0
"[70,80)",0,2485,0,2021-02-05,0.0
"[70,80)",1,3227,0,2021-02-05,0.0
,0,20901,0,2021-02-05,0.0
,1,20932,0,2021-02-05,0.0
"[60,70)",0,3125,0,2021-02-06,0.0
"[60,70)",1,3313,0,2021-02-06,0.0
"[70,80)",0,2484,0,2021-02-06,0.0
"[70,80)",1,3227,0,2021-02-06,0.0
,0,20901,0,2021-02-06,0.0
,1,20931,0,2021-02-06,0.0
"[60,70)",0,3125,0,2021-02-07,0.0
"[60,70)",1,3313,0,2021-02-07,0.0
"[70,80)",0,2484,0,2021-02-07,0.0
"[70,80)",1,3227,0,2021-02-07,0.0
,0,20901,0,2021-02-07,0.0
,1,20929,0,2021-02-07,0.0
"[60,70)",0,3125,0,2021-02-08,0.0
"[60,70)",1,3313,0,2021-02-08,0.0
"[70,80)",0,2484,0,2021-02-08,0.0
"[70,80)",1,3227,0,2021-02-08,0.0
,0,20900,0,2021-02-08,0.0
,1,20929,0,2021-02-08,0.0
"[60,70)",0,3124,0,2021-02-09,0.0
"[60,70)",1,3313,0,2021-02-09,0.0
"[70,80)",0,2483,0,2021-02-09,0.0
"[70,80)",1,3227,0,2021-02-09,0.0
,0,20899,0,2021-02-09,0.0
,1,20929,0,2021-02-09,0.0
"[60,70)",0,3124,0,2021-02-10,0.0
"[60,70)",1,3313,0,2021-02-10,0.0
"[70,80)",0,2483,0,2021-02-10,0.0
"[70,80)",1,3227,0,2021-02-10,0.0
,0,20898,0,2021-02-10,0.0
,1,20929,0,2021-02-10,0.0
"[60,70)",0,3124,0,2021-02-11,0.0
"[60,70)",1,3313,0,2021-02-11,0.0
"[70,80)",0,2482,0,2021-02-11,0.0
"[70,80)",1,3227,0,2021-02-11,0.0
,0,20898,0,2021-02-11,0.0
,1,20929,0,2021-02-11,0.0
"[60,70)",0,3124,0,2021-02-12,0.0
"[60,70)",1,3312,0,2021-02-12,0.0
"[70,80)",0,2482,0,2021-02-12,0.0
"[70,80)",1,3227,0,2021-02-12,0.0
,0,20898,0,2021-02-12,0.0
,1,20926,0,2021-02-12,0.0
"[60,70)",0,3124,0,2021-02-13,0.0
"[60,70)",1,3312,0,2021-02-13,0.0
"[70,80)",0,2481,0,2021-02-13,0.0
"[70,80)",1,3227,0,2021-02-13,0.0
,0,20898,0,2021-02-13,0.0
,1,20926,0,2021-02-13,0.0
"[60,70)",0,3124,0,2021-02-14,0.0
"[60,70)",1,3312,0,2021-02-14,0.0
"[70,80)",0,2481,0,2021-02-14,0.0
"[70,80)",1,3227,0,2021-02-14,0.0
,0,20898,0,2021-02-14,0.0
,1,20925,0,2021-02-14,0.0
"[60,70)",0,3124,0,2021-02-15,0.0
"[60,70)",1,3312,0,2021-02-15,0.0
"[70,80)",0,2481,0,2021-02-15,0.0
"[70,80)",1,3226,0,2021-02-15,0.0
,0,20896,0,2021-02-15,0.0
,1,20925,0,2021-02-15,0.0
"[60,70)",0,3123,0,2021-02-16,0.0
"[60,70)",1,3312,0,2021-02-16,0.0
"[70,80)",0,2481,0,2021-02-16,0.0
"[70,80)",1,3226,0,2021-02-16,0.0
,0,20895,0,2021-02-16,0.0
,1,20923,0,2021-02-16,0.0
"[60,70)",0,3123,0,2021-02-17,0.0
"[60,70)",1,3312,0,2021-02-17,0.0
"[70,80)",0,2481,0,2021-02-17,0.0
"[70,80)",1,3225,0,2021-02-17,0.0
,0,20895,0,2021-02-17,0.0
,1,20923,0,2021-02-17,0.0
"[60,70)",0,3123,0,2021-02-18,0.0
"[60,70)",1,3312,0,2021-02-18,0.0
"[70,80)",0,2480,0,2021-02-18,0.0
"[70,80)",1,3225,0,2021-02-18,0.0
,0,20895,0,2021-02-18,0.0
,1,20923,0,2021-02-18,0.0
"[60,70)",0,3123,0,2021-02-19,0.0
"[60,70)",1,3312,0,2021-02-19,0.0
"[70,80)",0,2480,0,2021-02-19,0.0
"[70,80)",1,3224,0,2021-02-19,0.0
,0,20895,0,2021-02-19,0.0
,1,20923,0,2021-02-19,0.0
"[60,70)",0,3123,0,2021-02-20,0.0
"[60,70)",1,3312,0,2021-02-20,0.0
"[70,80)",0,2480,0,2021-02-20,0.0
"[70,80)",1,3224,0,2021-02-20,0.0
,0,20895,0,2021-02-20,0.0
,1,20923,0,2021-02-20,0.0
"[60,70)",0,3123,0,2021-02-21,0.0
"[60,70)",1,3312,0,2021-02-21,0.0
"[70,80)",0,2480,0,2021-02-21,0.0
"[70,80)",1,3223,0,2021-02-21,0.0
,0,20895,0,2021-02-21,0.0
,1,20921,0,2021-02-21,0.0
"[60,70)",0,3123,0,2021-02-22,0.0
"[60,70)",1,3311,0,2021-02-22,0.0
"[70,80)",0,2480,0,2021-02-22,0.0
"[70,80)",1,3223,0,2021-02-22,0.0
,0,20895,0,2021-02-22,0.0
,1,20921,0,2021-02-22,0.0
"[60,70)",0,3123,0,2021-02-23,0.0
"[60,70)",1,3311,0,2021-02-23,0.0
"[70,80)",0,2480,0,2021-02-23,0.0
"[70,80)",1,3223,0,2021-02-23,0.0
,0,20895,0,2021-02-23,0.0
,1,20920,0,2021-02-23,0.0
"[60,70)",0,3122,0,2021-02-24,0.0
"[60,70)",1,3311,0,2021-02-24,0.0
"[70,80)",0,2480,0,2021-02-24,0.0
"[70,80)",1,3223,0,2021-02-24,0.0
,0,20895,0,2021-02-24,0.0
,1,20919,0,2021-02-24,0.0
"[60,70)",0,3121,0,2021-02-25,0.0
"[60,70)",1,3311,0,2021-02-25,0.0
"[70,80)",0,2480,0,2021-02-25,0.0
"[70,80)",1,3222,0,2021-02-25,0.0
,0,20894,0,2021-02-25,0.0
,1,20919,0,2021-02-25,0.0
"[60,70)",0,3121,0,2021-02-26,0.0
"[60,70)",1,3311,0,2021-02-26,0.0
"[70,80)",0,2479,0,2021-02-26,0.0
"[70,80)",1,3221,0,2021-02-26,0.0
,0,20894,0,2021-02-26,0.0
,1,20919,0,2021-02-26,0.0
"[60,70)",0,3120,0,2021-02-27,0.0
"[60,70)",1,3311,0,2021-02-27,0.0
"[70,80)",0,2477,0,2021-02-27,0.0
"[70,80)",1,3221,0,2021-02-27,0.0
,0,20894,0,2021-02-27,0.0
,1,20919,0,2021-02-27,0.0
"[60,70)",0,3120,0,2021-02-28,0.0
"[60,70)",1,3311,0,2021-02-28,0.0
"[70,80)",0,2477,0,2021-02-28,0.0
"[70,80)",1,3221,0,2021-02-28,0.0
,0,20892,0,2021-02-28,0.0
,1,20919,0,2021-02-28,0.0
"[60,70)",0,3119,0,2021-03-01,0.0
"[60,70)",1,3311,0,2021-03-01,0.0
"[70,80)",0,2477,0,2021-03-01,0.0
"[70,80)",1,3221,0,2021-03-01,0.0
,0,20892,0,2021-03-01,0.0
,1,20918,0,2021-03-01,0.0
"[60,70)",0,3119,0,2021-03-02,0.0
"[60,70)",1,3311,0,2021-03-02,0.0
"[70,80)",0,2477,0,2021-03-02,0.0
"[70,80)",1,3220,0,2021-03-02,0.0
,0,20892,0,2021-03-02,0.0
,1,20918,0,2021-03-02,0.0
"[60,70)",0,3119,0,2021-03-03,0.0
"[60,70)",1,3311,0,2021-03-03,0.0
"[70,80)",0,2477,0,2021-03-03,0.0
"[70,80)",1,3220,0,2021-03-03,0.0
,0,20891,0,2021-03-03,0.0
,1,20917,0,2021-03-03,0.0
"[60,70)",0,3119,0,2021-03-04,0.0
"[60,70)",1,3311,0,2021-03-04,0.0
"[70,80)",0,2477,0,2021-03-04,0.0
"[70,80)",1,3220,0,2021-03-04,0.0
,0,20890,0,2021-03-04,0.0
,1,20917,0,2021-03-04,0.0
"[60,70)",0,3119,0,2021-03-05,0.0
"[60,70)",1,3311,0,2021-03-05,0.0
"[70,80)",0,2477,0,2021-03-05,0.0
"[70,80)",1,3220,0,2021-03-05,0.0
,0,20889,0,2021-03-05,0.0
,1,20917,0,2021-03-05,0.0
"[60,70)",0,3117,0,2021-03-06,0.0
"[60,70)",1,3311,0,2021-03-06,0.0
"[70,80)",0,2477,0,2021-03-06,0.0
"[70,80)",1,3220,0,2021-03-06,0.0
,0,20889,0,2021-03-06,0.0
,1,20917,0,2021-03-06,0.0
"[60,70)",0,3117,0,2021-03-07,0.0
"[60,70)",1,3311,0,2021-03-07,0.0
"[70,80)",0,2477,0,2021-03-07,0.0
"[70,80)",1,3219,0,2021-03-07,0.0
,0,20889,0,2021-03-07,0.0
,1,20914,0,2021-03-07,0.0
"[60,70)",0,3117,0,2021-03-08,0.0
"[60,70)",1,3310,0,2021-03-08,0.0
"[70,80)",0,2477,0,2021-03-08,0.0
"[70,80)",1,3219,0,2021-03-08,0.0
,0,20888,0,2021-03-08,0.0
,1,20914,0,2021-03-08,0.0
"[60,70)",0,3117,0,2021-03-09,0.0
"[60,70)",1,3310,0,2021-03-09,0.0
"[70,80)",0,2477,0,2021-03-09,0.0
"[70,80)",1,3218,0,2021-03-09,0.0
,0,20888,0,2021-03-09,0.0
,1,20914,0,2021-03-09,0.0
"[60,70)",0,3117,0,2021-03-10,0.0
"[60,70)",1,3309,0,2021-03-10,0.0
"[70,80)",0,2477,0,2021-03-10,0.0
"[70,80)",1,3217,0,2021-03-10,0.0
,0,20885,0,2021-03-10,0.0
,1,20914,0,2021-03-10,0.0
"[60,70)",0,3117,0,2021-03-11,0.0
"[60,70)",1,3309,0,2021-03-11,0.0
"[70,80)",0,2476,0,2021-03-11,0.0
"[70,80)",1,3216,0,2021-03-11,0.0
,0,20885,0,2021-03-11,0.0
,1,20914,0,2021-03-11,0.0
"[60,70)",0,3117,0,2021-03-12,0.0
"[60,70)",1,3309,0,2021-03-12,0.0
"[70,80)",0,2475,0,2021-03-12,0.0
"[70,80)",1,3215,0,2021-03-12,0.0
,0,20885,0,2021-03-12,0.0
,1,20912,0,2021-03-12,0.0
"[60,70)",0,3117,0,2021-03-13,0.0
"[60,70)",1,3308,0,2021-03-13,0.0
"[70,80)",0,2475,0,2021-03-13,0.0
"[70,80)",1,3215,0,2021-03-13,0.0
,0,20885,0,2021-03-13,0.0
,1,20910,0,2021-03-13,0.0
"[60,70)",0,3117,0,2021-03-14,0.0
"[60,70)",1,3307,0,2021-03-14,0.0
"[70,80)",0,2475,0,2021-03-14,0.0
"[70,80)",1,3215,0,2021-03-14,0.0
,0,20885,0,2021-03-14,0.0
,1,20909,0,2021-03-14,0.0
"[60,70)",0,3117,0,2021-03-15,0.0
"[60,70)",1,3307,0,2021-03-15,0.0
"[70,80)",0,2474,0,2021-03-15,0.0
"[70,80)",1,3215,0,2021-03-15,0.0
,0,20885,0,2021-03-15,0.0
,1,20908,0,2021-03-15,0.0
"[60,70)",0,3117,0,2021-03-16,0.0
"[60,70)",1,3307,0,2021-03-16,0.0
"[70,80)",0,2474,0,2021-03-16,0.0
"[70,80)",1,3215,0,2021-03-16,0.0
,0,20883,0,2021-03-16,0.0
,1,20908,0,2021-03-16,0.0
"[60,70)",0,3117,0,2021-03-17,0.0
"[60,70)",1,3307,0,2021-03-17,0.0
"[70,80)",0,2474,0,2021-03-17,0.0
"[70,80)",1,3215,0,2021-03-17,0.0
,0,20883,0,2021-03-17,0.0
,1,20908,0,2021-03-17,0.0
"[60,70)",0,3117,0,2021-03-18,0.0
"[60,70)",1,3307,0,2021-03-18,0.0
"[70,80)",0,2473,0,2021-03-18,0.0
"[70,80)",1,3215,0,2021-03-18,0.0
,0,20882,0,2021-03-18,0.0
,1,20907,0,2021-03-18,0.0
"[60,70)",0,3117,0,2021-03-19,0.0
"[60,70)",1,3307,0,2021-03-19,0.0
"[70,80)",0,2473,0,2021-03-19,0.0
"[70,80)",1,3215,0,2021-03-19,0.0
,0,20880,0,2021-03-19,0.0
,1,20906,0,2021-03-19,0.0
"[60,70)",0,3117,0,2021-03-20,0.0
"[60,70)",1,3307,0,2021-03-20,0.0
"[70,80)",0,2473,0,2021-03-20,0.0
"[70,80)",1,3215,0,2021-03-20,0.0
,0,20880,0,2021-03-20,0.0
,1,20906,0,2021-03-20,0.0
"[60,70)",0,3116,0,2021-03-21,0.0
"[60,70)",1,3307,0,2021-03-21,0.0
"[70,80)",0,2473,0,2021-03-21,0.0
"[70,80)",1,3214,0,2021-03-21,0.0
,0,20880,0,2021-03-21,0.0
,1,20906,0,2021-03-21,0.0
"[60,70)",0,3116,0,2021-03-22,0.0
"[60,70)",1,3307,0,2021-03-22,0.0
"[70,80)",0,2473,0,2021-03-22,0.0
"[70,80)",1,3214,0,2021-03-22,0.0
,0,20880,0,2021-03-22,0.0
,1,20906,0,2021-03-22,0.0
"[60,70)",0,3116,0,2021-03-23,0.0
"[60,70)",1,3307,0,2021-03-23,0.0
"[70,80)",0,2473,0,2021-03-23,0.0
"[70,80)",1,3213,0,2021-03-23,0.0
,0,20880,0,2021-03-23,0.0
,1,20906,0,2021-03-23,0.0
"[60,70)",0,3116,0,2021-03-24,0.0
"[60,70)",1,3307,0,2021-03-24,0.0
"[70,80)",0,2473,0,2021-03-24,0.0
"[70,80)",1,3213,0,2021-03-24,0.0
,0,20880,0,2021-03-24,0.0
,1,20906,0,2021-03-24,0.0
"[60,70)",0,3116,0,2021-03-25,0.0
"[60,70)",1,3307,0,2021-03-25,0.0
"[70,80)",0,2473,0,2021-03-25,0.0
"[70,80)",1,3213,0,2021-03-25,0.0
,0,20880,0,2021-03-25,0.0
,1,20905,0,2021-03-25,0.0
"[60,70)",0,3116,0,2021-03-26,0.0
"[60,70)",1,3307,0,2021-03-26,0.0
"[70,80)",0,2472,0,2021-03-26,0.0
"[70,80)",1,3213,0,2021-03-26,0.0
,0,20880,0,2021-03-26,0.0
,1,20904,0,2021-03-26,0.0
"[60,70)",0,3116,0,2021-03-27,0.0
"[60,70)",1,3307,0,2021-03-27,0.0
"[70,80)",0,2472,0,2021-03-27,0.0
"[70,80)",1,3213,0,2021-03-27,0.0
,0,20879,0,2021-03-27,0.0
,1,20904,0,2021-03-27,0.0
"[60,70)",0,3116,0,2021-03-28,0.0
"[60,70)",1,3306,0,2021-03-28,0.0
"[70,80)",0,2471,0,2021-03-28,0.0
"[70,80)",1,3213,0,2021-03-28,0.0
,0,20879,0,2021-03-28,0.0
,1,20904,0,2021-03-28,0.0
"[60,70)",0,3116,0,2021-03-29,0.0
"[60,70)",1,3306,0,2021-03-29,0.0
"[70,80)",0,2471,0,2021-03-29,0.0
"[70,80)",1,3213,0,2021-03-29,0.0
,0,20879,0,2021-03-29,0.0
,1,20904,0,2021-03-29,0.0
"[60,70)",0,3116,0,2021-03-30,0.0
"[60,70)",1,3306,0,2021-03-30,0.0
"[70,80)",0,2471,0,2021-03-30,0.0
"[70,80)",1,3213,0,2021-03-30,0.0
,0,20879,0,2021-03-30,0.0
,1,20904,0,2021-03-30,0.0
"[60,70)",0,3116,0,2021-03-31,0.0
"[60,70)",1,3306,0,2021-03-31,0.0
"[70,80)",0,2471,0,2021-03-31,0.0
"[70,80)",1,3213,0,2021-03-31,0.0
,0,20879,0,2021-03-31,0.0
,1,20904,0,2021-03-31,0.0
"[60,70)",0,3116,0,2021-04-01,0.0
"[60,70)",1,3306,0,2021-04-01,0.0
"[70,80)",0,2471,0,2021-04-01,0.0
"[70,80)",1,3213,0,2021-04-01,0.0
,0,20879,0,2021-04-01,0.0
,1,20903,0,2021-04-01,0.0
"[60,70)",0,3116,0,2021-04-02,0.0
"[60,70)",1,3305,0,2021-04-02,0.0
"[70,80)",0,2471,0,2021-04-02,0.0
"[70,80)",1,3213,0,2021-04-02,0.0
,0,20879,0,2021-04-02,0.0
,1,20903,0,2021-04-02,0.0
"[60,70)",0,3116,0,2021-04-03,0.0
"[60,70)",1,3305,0,2021-04-03,0.0
"[70,80)",0,2471,0,2021-04-03,0.0
"[70,80)",1,3213,0,2021-04-03,0.0
,0,20878,0,2021-04-03,0.0
,1,20903,0,2021-04-03,0.0
"[60,70)",0,3116,0,2021-04-04,0.0
"[60,70)",1,3305,0,2021-04-04,0.0
"[70,80)",0,2471,0,2021-04-04,0.0
"[70,80)",1,3213,0,2021-04-04,0.0
,0,20878,0,2021-04-04,0.0
,1,20902,0,2021-04-04,0.0
"[60,70)",0,3116,0,2021-04-05,0.0
"[60,70)",1,3305,0,2021-04-05,0.0
"[70,80)",0,2471,0,2021-04-05,0.0
"[70,80)",1,3213,0,2021-04-05,0.0
,0,20877,0,2021-04-05,0.0
,1,20902,0,2021-04-05,0.0
"[60,70)",0,3116,0,2021-04-06,0.0
"[60,70)",1,3305,0,2021-04-06,0.0
"[70,80)",0,2471,0,2021-04-06,0.0
"[70,80)",1,3213,0,2021-04-06,0.0
,0,20877,0,2021-04-06,0.0
,1,20901,0,2021-04-06,0.0
"[60,70)",0,3116,0,2021-04-07,0.0
"[60,70)",1,3305,0,2021-04-07,0.0
"[70,80)",0,2471,0,2021-04-07,0.0
"[70,80)",1,3213,0,2021-04-07,0.0
,0,20877,0,2021-04-07,0.0
,1,20900,0,2021-04-07,0.0
"[60,70)",0,3116,0,2021-04-08,0.0
"[60,70)",1,3305,0,2021-04-08,0.0
"[70,80)",0,2470,0,2021-04-08,0.0
"[70,80)",1,3213,0,2021-04-08,0.0
,0,20877,0,2021-04-08,0.0
,1,20900,0,2021-04-08,0.0
"[60,70)",0,3116,0,2021-04-09,0.0
"[60,70)",1,3305,0,2021-04-09,0.0
"[70,80)",0,2470,0,2021-04-09,0.0
"[70,80)",1,3213,0,2021-04-09,0.0
,0,20877,0,2021-04-09,0.0
,1,20900,0,2021-04-09,0.0
"[60,70)",0,3116,0,2021-04-10,0.0
"[60,70)",1,3305,0,2021-04-10,0.0
"[70,80)",0,2470,0,2021-04-10,0.0
"[70,80)",1,3213,0,2021-04-10,0.0
,0,20877,0,2021-04-10,0.0
,1,20899,0,2021-04-10,0.0
"[60,70)",0,3116,0,2021-04-11,0.0
"[60,70)",1,3305,0,2021-04-11,0.0
"[70,80)",0,2470,0,2021-04-11,0.0
"[70,80)",1,3212,0,2021-04-11,0.0
,0,20877,0,2021-04-11,0.0
,1,20899,0,2021-04-11,0.0
"[60,70)",0,3116,0,2021-04-12,0.0
"[60,70)",1,3304,0,2021-04-12,0.0
"[70,80)",0,2469,0,2021-04-12,0.0
"[70,80)",1,3212,0,2021-04-12,0.0
,0,20877,0,2021-04-12,0.0
,1,20898,0,2021-04-12,0.0
"[60,70)",0,3116,0,2021-04-13,0.0
"[60,70)",1,3304,0,2021-04-13,0.0
"[70,80)",0,2468,0,2021-04-13,0.0
"[70,80)",1,3212,0,2021-04-13,0.0
,0,20876,0,2021-04-13,0.0
,1,20897,0,2021-04-13,0.0
"[60,70)",0,3116,0,2021-04-14,0.0
"[60,70)",1,3304,0,2021-04-14,0.0
"[70,80)",0,2468,0,2021-04-14,0.0
"[70,80)",1,3212,0,2021-04-14,0.0
,0,20876,0,2021-04-14,0.0
,1,20897,0,2021-04-14,0.0
"[60,70)",0,3116,0,2021-04-15,0.0
"[60,70)",1,3304,0,2021-04-15,0.0
"[70,80)",0,2468,0,2021-04-15,0.0
"[70,80)",1,3212,0,2021-04-15,0.0
,0,20876,0,2021-04-15,0.0
,1,20897,0,2021-04-15,0.0
"[60,70)",0,3116,0,2021-04-16,0.0
"[60,70)",1,3304,0,2021-04-16,0.0
"[70,80)",0,2468,0,2021-04-16,0.0
"[70,80)",1,3212,0,2021-04-16,0.0
,0,20874,0,2021-04-16,0.0
,1,20897,0,2021-04-16,0.0
"[60,70)",0,3116,0,2021-04-17,0.0
"[60,70)",1,3304,0,2021-04-17,0.0
"[70,80)",0,2467,0,2021-04-17,0.0
"[70,80)",1,3212,0,2021-04-17,0.0
,0,20873,0,2021-04-17,0.0
,1,20896,0,2021-04-17,0.0
"[60,70)",0,3116,0,2021-04-18,0.0
"[60,70)",1,3304,0,2021-04-18,0.0
"[70,80)",0,2467,0,2021-04-18,0.0
"[70,80)",1,3211,0,2021-04-18,0.0
,0,20870,0,2021-04-18,0.0
,1,20896,0,2021-04-18,0.0
"[60,70)",0,3116,0,2021-04-19,0.0
"[60,70)",1,3304,0,2021-04-19,0.0
"[70,80)",0,2466,0,2021-04-19,0.0
"[70,80)",1,3210,0,2021-04-19,0.0
,0,20870,0,2021-04-19,0.0
,1,20894,0,2021-04-19,0.0
"[60,70)",0,3115,0,2021-04-20,0.0
"[60,70)",1,3304,0,2021-04-20,0.0
"[70,80)",0,2466,0,2021-04-20,0.0
"[70,80)",1,3210,0,2021-04-20,0.0
,0,20870,0,2021-04-20,0.0
,1,20894,0,2021-04-20,0.0
"[60,70)",0,3115,0,2021-04-21,0.0
"[60,70)",1,3304,0,2021-04-21,0.0
"[70,80)",0,2466,0,2021-04-21,0.0
"[70,80)",1,3210,0,2021-04-21,0.0
,0,20870,0,2021-04-21,0.0
,1,20894,0,2021-04-21,0.0
"[60,70)",0,3115,0,2021-04-22,0.0
"[60,70)",1,3304,0,2021-04-22,0.0
"[70,80)",0,2465,0,2021-04-22,0.0
"[70,80)",1,3210,0,2021-04-22,0.0
,0,20869,0,2021-04-22,0.0
,1,20894,0,2021-04-22,0.0
"[60,70)",0,3114,0,2021-04-23,0.0
"[60,70)",1,3304,0,2021-04-23,0.0
"[70,80)",0,2465,0,2021-04-23,0.0
"[70,80)",1,3210,0,2021-04-23,0.0
,0,20869,0,2021-04-23,0.0
,1,20894,0,2021-04-23,0.0
"[60,70)",0,3113,0,2021-04-24,0.0
"[60,70)",1,3304,0,2021-04-24,0.0
"[70,80)",0,2463,0,2021-04-24,0.0
"[70,80)",1,3210,0,2021-04-24,0.0
,0,20869,0,2021-04-24,0.0
,1,20894,0,2021-04-24,0.0
"[60,70)",0,3113,0,2021-04-25,0.0
"[60,70)",1,3304,0,2021-04-25,0.0
"[70,80)",0,2463,0,2021-04-25,0.0
"[70,80)",1,3210,0,2021-04-25,0.0
,0,20869,0,2021-04-25,0.0
,1,20894,0,2021-04-25,0.0
"[60,70)",0,3113,0,2021-04-26,0.0
"[60,70)",1,3304,0,2021-04-26,0.0
"[70,80)",0,2463,0,2021-04-26,0.0
"[70,80)",1,3210,0,2021-04-26,0.0
,0,20869,0,2021-04-26,0.0
,1,20892,0,2021-04-26,0.0
"[60,70)",0,3113,0,2021-04-27,0.0
"[60,70)",1,3304,0,2021-04-27,0.0
"[70,80)",0,2463,0,2021-04-27,0.0
"[70,80)",1,3209,0,2021-04-27,0.0
,0,20869,0,2021-04-27,0.0
,1,20891,0,2021-04-27,0.0
"[60,70)",0,3113,0,2021-04-28,0.0
"[60,70)",1,3304,0,2021-04-28,0.0
"[70,80)",0,2463,0,2021-04-28,0.0
"[70,80)",1,3209,0,2021-04-28,0.0
,0,20869,0,2021-04-28,0.0
,1,20890,0,2021-04-28,0.0
"[60,70)",0,3112,0,2021-04-29,0.0
"[60,70)",1,3304,0,2021-04-29,0.0
"[70,80)",0,2463,0,2021-04-29,0.0
"[70,80)",1,3209,0,2021-04-29,0.0
,0,20868,0,2021-04-29,0.0
,1,20890,0,2021-04-29,0.0
"[60,70)",0,3112,0,2021-04-30,0.0
"[60,70)",1,3303,0,2021-04-30,0.0
"[70,80)",0,2463,0,2021-04-30,0.0
"[70,80)",1,3209,0,2021-04-30,0.0
,0,20867,0,2021-04-30,0.0
,1,20889,0,2021-04-30,0.0
"[60,70)",0,3112,0,2021-05-01,0.0
"[60,70)",1,3303,0,2021-05-01,0.0
"[70,80)",0,2462,0,2021-05-01,0.0
"[70,80)",1,3209,0,2021-05-01,0.0
,0,20867,0,2021-05-01,0.0
,1,20889,0,2021-05-01,0.0
"[60,70)",0,3112,0,2021-05-02,0.0
"[60,70)",1,3303,0,2021-05-02,0.0
"[70,80)",0,2462,0,2021-05-02,0.0
"[70,80)",1,3208,0,2021-05-02,0.0
,0,20867,0,2021-05-02,0.0
,1,20889,0,2021-05-02,0.0
"[60,70)",0,3112,0,2021-05-03,0.0
"[60,70)",1,3303,0,2021-05-03,0.0
"[70,80)",0,2462,0,2021-05-03,0.0
"[70,80)",1,3208,0,2021-05-03,0.0
,0,20867,0,2021-05-03,0.0
,1,20888,0,2021-05-03,0.0
"[60,70)",0,3112,0,2021-05-04,0.0
"[60,70)",1,3303,0,2021-05-04,0.0
"[70,80)",0,2462,0,2021-05-04,0.0
"[70,80)",1,3207,0,2021-05-04,0.0
,0,20866,0,2021-05-04,0.0
,1,20888,0,2021-05-04,0.0
"[60,70)",0,3111,0,2021-05-05,0.0
"[60,70)",1,3303,0,2021-05-05,0.0
"[70,80)",0,2461,0,2021-05-05,0.0
"[70,80)",1,3207,0,2021-05-05,0.0
,0,20866,0,2021-05-05,0.0
,1,20888,0,2021-05-05,0.0
"[60,70)",0,3111,0,2021-05-06,0.0
"[60,70)",1,3302,0,2021-05-06,0.0
"[70,80)",0,2461,0,2021-05-06,0.0
"[70,80)",1,3207,0,2021-05-06,0.0
,0,20866,0,2021-05-06,0.0
,1,20887,0,2021-05-06,0.0
"[60,70)",0,3111,0,2021-05-07,0.0
"[60,70)",1,3302,0,2021-05-07,0.0
"[70,80)",0,2460,0,2021-05-07,0.0
"[70,80)",1,3206,0,2021-05-07,0.0
,0,20866,0,2021-05-07,0.0
,1,20886,0,2021-05-07,0.0
"[60,70)",0,3110,0,2021-05-08,0.0
"[60,70)",1,3301,0,2021-05-08,0.0
"[70,80)",0,2460,0,2021-05-08,0.0
"[70,80)",1,3206,0,2021-05-08,0.0
,0,20866,0,2021-05-08,0.0
,1,20886,0,2021-05-08,0.0
"[60,70)",0,3110,0,2021-05-09,0.0
"[60,70)",1,3301,0,2021-05-09,0.0
"[70,80)",0,2460,0,2021-05-09,0.0
"[70,80)",1,3206,0,2021-05-09,0.0
,0,20866,0,2021-05-09,0.0
,1,20886,0,2021-05-09,0.0
"[60,70)",0,3109,0,2021-05-10,0.0
"[60,70)",1,3300,0,2021-05-10,0.0
"[70,80)",0,2460,0,2021-05-10,0.0
"[70,80)",1,3206,0,2021-05-10,0.0
,0,20866,0,2021-05-10,0.0
,1,20886,0,2021-05-10,0.0
"[60,70)",0,3109,0,2021-05-11,0.0
"[60,70)",1,3300,0,2021-05-11,0.0
"[70,80)",0,2459,0,2021-05-11,0.0
"[70,80)",1,3206,0,2021-05-11,0.0
,0,20866,0,2021-05-11,0.0
,1,20886,0,2021-05-11,0.0
"[60,70)",0,3109,0,2021-05-12,0.0
"[60,70)",1,3300,0,2021-05-12,0.0
"[70,80)",0,2459,0,2021-05-12,0.0
"[70,80)",1,3206,0,2021-05-12,0.0
,0,20866,0,2021-05-12,0.0
,1,20884,0,2021-05-12,0.0
"[60,70)",0,3109,0,2021-05-13,0.0
"[60,70)",1,3300,0,2021-05-13,0.0
"[70,80)",0,2458,0,2021-05-13,0.0
"[70,80)",1,3206,0,2021-05-13,0.0
,0,20865,0,2021-05-13,0.0
,1,20884,0,2021-05-13,0.0
"[60,70)",0,3108,0,2021-05-14,0.0
"[60,70)",1,3300,0,2021-05-14,0.0
"[70,80)",0,2457,0,2021-05-14,0.0
"[70,80)",1,3205,0,2021-05-14,0.0
,0,20864,0,2021-05-14,0.0
,1,20884,0,2021-05-14,0.0
"[60,70)",0,3108,0,2021-05-15,0.0
"[60,70)",1,3300,0,2021-05-15,0.0
"[70,80)",0,2457,0,2021-05-15,0.0
"[70,80)",1,3205,0,2021-05-15,0.0
,0,20864,0,2021-05-15,0.0
,1,20884,0,2021-05-15,0.0
"[60,70)",0,3108,0,2021-05-16,0.0
"[60,70)",1,3300,0,2021-05-16,0.0
"[70,80)",0,2457,0,2021-05-16,0.0
"[70,80)",1,3205,0,2021-05-16,0.0
,0,20864,0,2021-05-16,0.0
,1,20883,0,2021-05-16,0.0
"[60,70)",0,3108,0,2021-05-17,0.0
"[60,70)",1,3300,0,2021-05-17,0.0
"[70,80)",0,2456,0,2021-05-17,0.0
"[70,80)",1,3205,0,2021-05-17,0.0
,0,20864,0,2021-05-17,0.0
,1,20883,0,2021-05-17,0.0
"[60,70)",0,3108,0,2021-05-18,0.0
"[60,70)",1,3299,0,2021-05-18,0.0
"[70,80)",0,2456,0,2021-05-18,0.0
"[70,80)",1,3205,0,2021-05-18,0.0
,0,20864,0,2021-05-18,0.0
,1,20883,0,2021-05-18,0.0
"[60,70)",0,3107,0,2021-05-19,0.0
"[60,70)",1,3299,0,2021-05-19,0.0
"[70,80)",0,2456,0,2021-05-19,0.0
"[70,80)",1,3205,0,2021-05-19,0.0
,0,20864,0,2021-05-19,0.0
,1,20882,0,2021-05-19,0.0
"[60,70)",0,3107,0,2021-05-20,0.0
"[60,70)",1,3299,0,2021-05-20,0.0
"[70,80)",0,2456,0,2021-05-20,0.0
"[70,80)",1,3205,0,2021-05-20,0.0
,0,20863,0,2021-05-20,0.0
,1,20882,0,2021-05-20,0.0
"[60,70)",0,3107,0,2021-05-21,0.0
"[60,70)",1,3299,0,2021-05-21,0.0
"[70,80)",0,2456,0,2021-05-21,0.0
"[70,80)",1,3205,0,2021-05-21,0.0
,0,20863,0,2021-05-21,0.0
,1,20882,0,2021-05-21,0.0
"[60,70)",0,3107,0,2021-05-22,0.0
"[60,70)",1,3299,0,2021-05-22,0.0
"[70,80)",0,2455,0,2021-05-22,0.0
"[70,80)",1,3205,0,2021-05-22,0.0
,0,20863,0,2021-05-22,0.0
,1,20882,0,2021-05-22,0.0
"[60,70)",0,3106,0,2021-05-23,0.0
"[60,70)",1,3299,0,2021-05-23,0.0
"[70,80)",0,2454,0,2021-05-23,0.0
"[70,80)",1,3205,0,2021-05-23,0.0
,0,20862,0,2021-05-23,0.0
,1,20881,0,2021-05-23,0.0
"[60,70)",0,3106,0,2021-05-24,0.0
"[60,70)",1,3299,0,2021-05-24,0.0
"[70,80)",0,2454,0,2021-05-24,0.0
"[70,80)",1,3204,0,2021-05-24,0.0
,0,20861,0,2021-05-24,0.0
,1,20881,0,2021-05-24,0.0
"[60,70)",0,3106,0,2021-05-25,0.0
"[60,70)",1,3299,0,2021-05-25,0.0
"[70,80)",0,2453,0,2021-05-25,0.0
"[70,80)",1,3204,0,2021-05-25,0.0
,0,20861,0,2021-05-25,0.0
,1,20880,0,2021-05-25,0.0
"[60,70)",0,3106,0,2021-05-26,0.0
"[60,70)",1,3299,0,2021-05-26,0.0
"[70,80)",0,2452,0,2021-05-26,0.0
"[70,80)",1,3204,0,2021-05-26,0.0
,0,20858,0,2021-05-26,0.0
,1,20880,0,2021-05-26,0.0
"[60,70)",0,3104,0,2021-05-27,0.0
"[60,70)",1,3299,0,2021-05-27,0.0
"[70,80)",0,2451,0,2021-05-27,0.0
"[70,80)",1,3203,0,2021-05-27,0.0
,0,20857,0,2021-05-27,0.0
,1,20880,0,2021-05-27,0.0
"[60,70)",0,3104,0,2021-05-28,0.0
"[60,70)",1,3298,0,2021-05-28,0.0
"[70,80)",0,2451,0,2021-05-28,0.0
"[70,80)",1,3203,0,2021-05-28,0.0
,0,20856,0,2021-05-28,0.0
,1,20880,0,2021-05-28,0.0
"[60,70)",0,3103,0,2021-05-29,0.0
"[60,70)",1,3298,0,2021-05-29,0.0
"[70,80)",0,2451,0,2021-05-29,0.0
"[70,80)",1,3203,0,2021-05-29,0.0
,0,20856,0,2021-05-29,0.0
,1,20878,0,2021-05-29,0.0
"[60,70)",0,3103,0,2021-05-30,0.0
"[60,70)",1,3298,0,2021-05-30,0.0
"[70,80)",0,2450,0,2021-05-30,0.0
"[70,80)",1,3202,0,2021-05-30,0.0
,0,20856,0,2021-05-30,0.0
,1,20877,0,2021-05-30,0.0
"[60,70)",0,3103,0,2021-05-31,0.0
"[60,70)",1,3298,0,2021-05-31,0.0
"[70,80)",0,2450,0,2021-05-31,0.0
"[70,80)",1,3202,0,2021-05-31,0.0
,0,20856,0,2021-05-31,0.0
,1,20876,0,2021-05-31,0.0
"[60,70)",0,3103,0,2021-06-01,0.0
"[60,70)",1,3298,0,2021-06-01,0.0
"[70,80)",0,2450,0,2021-06-01,0.0
"[70,80)",1,3202,0,2021-06-01,0.0
,0,20856,0,2021-06-01,0.0
,1,20875,0,2021-06-01,0.0
"[60,70)",0,3103,0,2021-06-02,0.0
"[60,70)",1,3297,0,2021-06-02,0.0
"[70,80)",0,2450,0,2021-06-02,0.0
"[70,80)",1,3202,0,2021-06-02,0.0
,0,20855,0,2021-06-02,0.0
,1,20873,0,2021-06-02,0.0
"[60,70)",0,3103,0,2021-06-03,0.0
"[60,70)",1,3297,0,2021-06-03,0.0
"[70,80)",0,2450,0,2021-06-03,0.0
"[70,80)",1,3202,0,2021-06-03,0.0
,0,20855,0,2021-06-03,0.0
,1,20873,0,2021-06-03,0.0
"[60,70)",0,3103,0,2021-06-04,0.0
"[60,70)",1,3297,0,2021-06-04,0.0
"[70,80)",0,2450,0,2021-06-04,0.0
"[70,80)",1,3202,0,2021-06-04,0.0
,0,20854,0,2021-06-04,0.0
,1,20872,0,2021-06-04,0.0
"[60,70)",0,3103,0,2021-06-05,0.0
"[60,70)",1,3297,0,2021-06-05,0.0
"[70,80)",0,2450,0,2021-06-05,0.0
"[70,80)",1,3202,0,2021-06-05,0.0
,0,20854,0,2021-06-05,0.0
,1,20872,0,2021-06-05,0.0
"[60,70)",0,3103,0,2021-06-06,0.0
"[60,70)",1,3296,0,2021-06-06,0.0
"[70,80)",0,2450,0,2021-06-06,0.0
"[70,80)",1,3202,0,2021-06-06,0.0
,0,20854,0,2021-06-06,0.0
,1,20872,0,2021-06-06,0.0
"[60,70)",0,3103,0,2021-06-07,0.0
"[60,70)",1,3296,0,2021-06-07,0.0
"[70,80)",0,2450,0,2021-06-07,0.0
"[70,80)",1,3202,0,2021-06-07,0.0
,0,20854,0,2021-06-07,0.0
,1,20870,0,2021-06-07,0.0
"[60,70)",0,3103,0,2021-06-08,0.0
"[60,70)",1,3296,0,2021-06-08,0.0
"[70,80)",0,2449,0,2021-06-08,0.0
"[70,80)",1,3201,0,2021-06-08,0.0
,0,20854,0,2021-06-08,0.0
,1,20870,0,2021-06-08,0.0
"[60,70)",0,3103,0,2021-06-09,0.0
"[60,70)",1,3296,0,2021-06-09,0.0
"[70,80)",0,2449,0,2021-06-09,0.0
"[70,80)",1,3201,0,2021-06-09,0.0
,0,20854,0,2021-06-09,0.0
,1,20869,0,2021-06-09,0.0
"[60,70)",0,3103,0,2021-06-10,0.0
"[60,70)",1,3296,0,2021-06-10,0.0
"[70,80)",0,2449,0,2021-06-10,0.0
"[70,80)",1,3201,0,2021-06-10,0.0
,0,20854,0,2021-06-10,0.0
,1,20869,0,2021-06-10,0.0
"[60,70)",0,3103,0,2021-06-11,0.0
"[60,70)",1,3296,0,2021-06-11,0.0
"[70,80)",0,2449,0,2021-06-11,0.0
"[70,80)",1,3201,0,2021-06-11,0.0
,0,20854,0,2021-06-11,0.0
,1,20868,0,2021-06-11,0.0
"[60,70)",0,3102,0,2021-06-12,0.0
"[60,70)",1,3295,0,2021-06-12,0.0
"[70,80)",0,2449,0,2021-06-12,0.0
"[70,80)",1,3201,0,2021-06-12,0.0
,0,20854,0,2021-06-12,0.0
,1,20868,0,2021-06-12,0.0
"[60,70)",0,3101,0,2021-06-13,0.0
"[60,70)",1,3295,0,2021-06-13,0.0
"[70,80)",0,2449,0,2021-06-13,0.0
"[70,80)",1,3201,0,2021-06-13,0.0
,0,20854,0,2021-06-13,0.0
,1,20867,0,2021-06-13,0.0
"[60,70)",0,3101,0,2021-06-14,0.0
"[60,70)",1,3295,0,2021-06-14,0.0
"[70,80)",0,2449,0,2021-06-14,0.0
"[70,80)",1,3201,0,2021-06-14,0.0
,0,20854,0,2021-06-14,0.0
,1,20867,0,2021-06-14,0.0
"[60,70)",0,3101,0,2021-06-15,0.0
"[60,70)",1,3294,0,2021-06-15,0.0
"[70,80)",0,2449,0,2021-06-15,0.0
"[70,80)",1,3201,0,2021-06-15,0.0
,0,20853,0,2021-06-15,0.0
,1,20866,0,2021-06-15,0.0
"[60,70)",0,3101,0,2021-06-16,0.0
"[60,70)",1,3294,0,2021-06-16,0.0
"[70,80)",0,2449,0,2021-06-16,0.0
"[70,80)",1,3201,0,2021-06-16,0.0
,0,20853,0,2021-06-16,0.0
,1,20866,0,2021-06-16,0.0
"[60,70)",0,3101,0,2021-06-17,0.0
"[60,70)",1,3294,0,2021-06-17,0.0
"[70,80)",0,2448,0,2021-06-17,0.0
"[70,80)",1,3201,0,2021-06-17,0.0
,0,20853,0,2021-06-17,0.0
,1,20865,0,2021-06-17,0.0
"[60,70)",0,3101,0,2021-06-18,0.0
"[60,70)",1,3294,0,2021-06-18,0.0
"[70,80)",0,2447,0,2021-06-18,0.0
"[70,80)",1,3201,0,2021-06-18,0.0
,0,20852,0,2021-06-18,0.0
,1,20865,0,2021-06-18,0.0
"[60,70)",0,3101,0,2021-06-19,0.0
"[60,70)",1,3293,0,2021-06-19,0.0
"[70,80)",0,2447,0,2021-06-19,0.0
"[70,80)",1,3201,0,2021-06-19,0.0
,0,20851,0,2021-06-19,0.0
,1,20865,0,2021-06-19,0.0
"[60,70)",0,3101,0,2021-06-20,0.0
"[60,70)",1,3293,0,2021-06-20,0.0
"[70,80)",0,2447,0,2021-06-20,0.0
"[70,80)",1,3200,0,2021-06-20,0.0
,0,20851,0,2021-06-20,0.0
,1,20865,0,2021-06-20,0.0
"[60,70)",0,3100,0,2021-06-21,0.0
"[60,70)",1,3293,0,2021-06-21,0.0
"[70,80)",0,2447,0,2021-06-21,0.0
"[70,80)",1,3200,0,2021-06-21,0.0
,0,20851,0,2021-06-21,0.0
,1,20865,0,2021-06-21,0.0
"[60,70)",0,3100,0,2021-06-22,0.0
"[60,70)",1,3293,0,2021-06-22,0.0
"[70,80)",0,2446,0,2021-06-22,0.0
"[70,80)",1,3200,0,2021-06-22,0.0
,0,20850,0,2021-06-22,0.0
,1,20863,0,2021-06-22,0.0
"[60,70)",0,3100,0,2021-06-23,0.0
"[60,70)",1,3293,0,2021-06-23,0.0
"[70,80)",0,2446,0,2021-06-23,0.0
"[70,80)",1,3199,0,2021-06-23,0.0
,0,20850,0,2021-06-23,0.0
,1,20863,0,2021-06-23,0.0
"[60,70)",0,3100,0,2021-06-24,0.0
"[60,70)",1,3293,0,2021-06-24,0.0
"[70,80)",0,2446,0,2021-06-24,0.0
"[70,80)",1,3199,0,2021-06-24,0.0
,0,20850,0,2021-06-24,0.0
,1,20861,0,2021-06-24,0.0
"[60,70)",0,3099,0,2021-06-25,0.0
"[60,70)",1,3293,0,2021-06-25,0.0
"[70,80)",0,2446,0,2021-06-25,0.0
"[70,80)",1,3198,0,2021-06-25,0.0
,0,20849,0,2021-06-25,0.0
,1,20860,0,2021-06-25,0.0
"[60,70)",0,3099,0,2021-06-26,0.0
"[60,70)",1,3293,0,2021-06-26,0.0
"[70,80)",0,2445,0,2021-06-26,0.0
"[70,80)",1,3198,0,2021-06-26,0.0
,0,20848,0,2021-06-26,0.0
,1,20857,0,2021-06-26,0.0
"[60,70)",0,3099,0,2021-06-27,0.0
"[60,70)",1,3293,0,2021-06-27,0.0
"[70,80)",0,2445,0,2021-06-27,0.0
"[70,80)",1,3198,0,2021-06-27,0.0
,0,20848,0,2021-06-27,0.0
,1,20856,0,2021-06-27,0.0
"[60,70)",0,3099,0,2021-06-28,0.0
"[60,70)",1,3293,0,2021-06-28,0.0
"[70,80)",0,2445,0,2021-06-28,0.0
"[70,80)",1,3198,0,2021-06-28,0.0
,0,20848,0,2021-06-28,0.0
,1,20855,0,2021-06-28,0.0
"[60,70)",0,3099,0,2021-06-29,0.0
"[60,70)",1,3293,0,2021-06-29,0.0
"[70,80)",0,2445,0,2021-06-29,0.0
"[70,80)",1,3198,0,2021-06-29,0.0
,0,20847,0,2021-06-29,0.0
,1,20855,0,2021-06-29,0.0
"[60,70)",0,3099,0,2021-06-30,0.0
"[60,70)",1,3293,0,2021-06-30,0.0
"[70,80)",0,2445,0,2021-06-30,0.0
"[70,80)",1,3198,0,2021-06-30,0.0
,0,20847,0,2021-06-30,0.0
,1,20853,0,2021-06-30,0.0
"[60,70)",0,3099,0,2021-07-01,0.0
"[60,70)",1,3293,0,2021-07-01,0.0
"[70,80)",0,2445,0,2021-07-01,0.0
"[70,80)",1,3197,0,2021-07-01,0.0
,0,20847,0,2021-07-01,0.0
,1,20852,0,2021-07-01,0.0
"[60,70)",0,3099,0,2021-07-02,0.0
"[60,70)",1,3293,0,2021-07-02,0.0
"[70,80)",0,2444,0,2021-07-02,0.0
"[70,80)",1,3197,0,2021-07-02,0.0
,0,20847,0,2021-07-02,0.0
,1,20852,0,2021-07-02,0.0
"[60,70)",0,3098,0,2021-07-03,0.0
"[60,70)",1,3293,0,2021-07-03,0.0
"[70,80)",0,2444,0,2021-07-03,0.0
"[70,80)",1,3197,0,2021-07-03,0.0
,0,20846,0,2021-07-03,0.0
,1,20851,0,2021-07-03,0.0
"[60,70)",0,3098,0,2021-07-04,0.0
"[60,70)",1,3293,0,2021-07-04,0.0
"[70,80)",0,2444,0,2021-07-04,0.0
"[70,80)",1,3197,0,2021-07-04,0.0
,0,20845,0,2021-07-04,0.0
,1,20851,0,2021-07-04,0.0
"[60,70)",0,3098,0,2021-07-05,0.0
"[60,70)",1,3293,0,2021-07-05,0.0
"[70,80)",0,2444,0,2021-07-05,0.0
"[70,80)",1,3196,0,2021-07-05,0.0
,0,20845,0,2021-07-05,0.0
,1,20851,0,2021-07-05,0.0
"[60,70)",0,3098,0,2021-07-06,0.0
"[60,70)",1,3292,0,2021-07-06,0.0
"[70,80)",0,2444,0,2021-07-06,0.0
"[70,80)",1,3196,0,2021-07-06,0.0
,0,20845,0,2021-07-06,0.0
,1,20851,0,2021-07-06,0.0
"[60,70)",0,3098,0,2021-07-07,0.0
"[60,70)",1,3292,0,2021-07-07,0.0
"[70,80)",0,2444,0,2021-07-07,0.0
"[70,80)",1,3196,0,2021-07-07,0.0
,0,20845,0,2021-07-07,0.0
,1,20850,0,2021-07-07,0.0
"[60,70)",0,3097,0,2021-07-08,0.0
"[60,70)",1,3292,0,2021-07-08,0.0
"[70,80)",0,2444,0,2021-07-08,0.0
"[70,80)",1,3196,0,2021-07-08,0.0
,0,20845,0,2021-07-08,0.0
,1,20849,0,2021-07-08,0.0
"[60,70)",0,3097,0,2021-07-09,0.0
"[60,70)",1,3292,0,2021-07-09,0.0
"[70,80)",0,2444,0,2021-07-09,0.0
"[70,80)",1,3196,0,2021-07-09,0.0
,0,20844,0,2021-07-09,0.0
,1,20849,0,2021-07-09,0.0
"[60,70)",0,3097,0,2021-07-10,0.0
"[60,70)",1,3292,0,2021-07-10,0.0
"[70,80)",0,2444,0,2021-07-10,0.0
"[70,80)",1,3196,0,2021-07-10,0.0
,0,20844,0,2021-07-10,0.0
,1,20849,0,2021-07-10,0.0
"[60,70)",0,3097,0,2021-07-11,0.0
"[60,70)",1,3292,0,2021-07-11,0.0
"[70,80)",0,2444,0,2021-07-11,0.0
"[70,80)",1,3195,0,2021-07-11,0.0
,0,20844,0,2021-07-11,0.0
,1,20848,0,2021-07-11,0.0
"[60,70)",0,3096,0,2021-07-12,0.0
"[60,70)",1,3292,0,2021-07-12,0.0
"[70,80)",0,2444,0,2021-07-12,0.0
"[70,80)",1,3194,0,2021-07-12,0.0
,0,20844,0,2021-07-12,0.0
,1,20848,0,2021-07-12,0.0
"[60,70)",0,3095,0,2021-07-13,0.0
"[60,70)",1,3292,0,2021-07-13,0.0
"[70,80)",0,2444,0,2021-07-13,0.0
"[70,80)",1,3194,0,2021-07-13,0.0
,0,20844,0,2021-07-13,0.0
,1,20848,0,2021-07-13,0.0
"[60,70)",0,3095,0,2021-07-14,0.0
"[60,70)",1,3292,0,2021-07-14,0.0
"[70,80)",0,2444,0,2021-07-14,0.0
"[70,80)",1,3194,0,2021-07-14,0.0
,0,20844,0,2021-07-14,0.0
,1,20848,0,2021-07-14,0.0
"[60,70)",0,3094,0,2021-07-15,0.0
"[60,70)",1,3292,0,2021-07-15,0.0
"[70,80)",0,2444,0,2021-07-15,0.0
"[70,80)",1,3194,0,2021-07-15,0.0
,0,20843,0,2021-07-15,0.0
,1,20848,0,2021-07-15,0.0
"[60,70)",0,3094,0,2021-07-16,0.0
"[60,70)",1,3291,0,2021-07-16,0.0
"[70,80)",0,2444,0,2021-07-16,0.0
"[70,80)",1,3194,0,2021-07-16,0.0
,0,20843,0,2021-07-16,0.0
,1,20848,0,2021-07-16,0.0
"[60,70)",0,3094,0,2021-07-17,0.0
"[60,70)",1,3291,0,2021-07-17,0.0
"[70,80)",0,2444,0,2021-07-17,0.0
"[70,80)",1,3194,0,2021-07-17,0.0
,0,20843,0,2021-07-17,0.0
,1,20848,0,2021-07-17,0.0
"[60,70)",0,3094,0,2021-07-18,0.0
"[60,70)",1,3291,0,2021-07-18,0.0
"[70,80)",0,2444,0,2021-07-18,0.0
"[70,80)",1,3194,0,2021-07-18,0.0
,0,20843,0,2021-07-18,0.0
,1,20848,0,2021-07-18,0.0
"[60,70)",0,3093,0,2021-07-19,0.0
"[60,70)",1,3291,0,2021-07-19,0.0
"[70,80)",0,2444,0,2021-07-19,0.0
"[70,80)",1,3194,0,2021-07-19,0.0
,0,20843,0,2021-07-19,0.0
,1,20848,0,2021-07-19,0.0
"[60,70)",0,3092,0,2021-07-20,0.0
"[60,70)",1,3291,0,2021-07-20,0.0
"[70,80)",0,2444,0,2021-07-20,0.0
"[70,80)",1,3194,0,2021-07-20,0.0
,0,20843,0,2021-07-20,0.0
,1,20848,0,2021-07-20,0.0
"[60,70)",0,3092,0,2021-07-21,0.0
"[60,70)",1,3291,0,2021-07-21,0.0
"[70,80)",0,2444,0,2021-07-21,0.0
"[70,80)",1,3194,0,2021-07-21,0.0
,0,20843,0,2021-07-21,0.0
,1,20848,0,2021-07-21,0.0
"[60,70)",0,3092,0,2021-07-22,0.0
"[60,70)",1,3291,0,2021-07-22,0.0
"[70,80)",0,2443,0,2021-07-22,0.0
"[70,80)",1,3194,0,2021-07-22,0.0
,0,20843,0,2021-07-22,0.0
,1,20847,0,2021-07-22,0.0
"[60,70)",0,3092,0,2021-07-23,0.0
"[60,70)",1,3291,0,2021-07-23,0.0
"[70,80)",0,2443,0,2021-07-23,0.0
"[70,80)",1,3194,0,2021-07-23,0.0
,0,20843,0,2021-07-23,0.0
,1,20847,0,2021-07-23,0.0
"[60,70)",0,3091,0,2021-07-24,0.0
"[60,70)",1,3290,0,2021-07-24,0.0
"[70,80)",0,2443,0,2021-07-24,0.0
"[70,80)",1,3194,0,2021-07-24,0.0
,0,20843,0,2021-07-24,0.0
,1,20847,0,2021-07-24,0.0
"[60,70)",0,3091,0,2021-07-25,0.0
"[60,70)",1,3290,0,2021-07-25,0.0
"[70,80)",0,2443,0,2021-07-25,0.0
"[70,80)",1,3194,0,2021-07-25,0.0
,0,20843,0,2021-07-25,0.0
,1,20847,0,2021-07-25,0.0
"[60,70)",0,3091,0,2021-07-26,0.0
"[60,70)",1,3290,0,2021-07-26,0.0
"[70,80)",0,2443,0,2021-07-26,0.0
"[70,80)",1,3194,0,2021-07-26,0.0
,0,20843,0,2021-07-26,0.0
,1,20844,0,2021-07-26,0.0
"[60,70)",0,3091,0,2021-07-27,0.0
"[60,70)",1,3290,0,2021-07-27,0.0
"[70,80)",0,2443,0,2021-07-27,0.0
"[70,80)",1,3194,0,2021-07-27,0.0
,0,20843,0,2021-07-27,0.0
,1,20844,0,2021-07-27,0.0
"[60,70)",0,3091,0,2021-07-28,0.0
"[60,70)",1,3289,0,2021-07-28,0.0
"[70,80)",0,2443,0,2021-07-28,0.0
"[70,80)",1,3194,0,2021-07-28,0.0
,0,20843,0,2021-07-28,0.0
,1,20844,0,2021-07-28,0.0
"[60,70)",0,3091,0,2021-07-29,0.0
"[60,70)",1,3288,0,2021-07-29,0.0
"[70,80)",0,2443,0,2021-07-29,0.0
"[70,80)",1,3194,0,2021-07-29,0.0
,0,20843,0,2021-07-29,0.0
,1,20843,0,2021-07-29,0.0
"[60,70)",0,3091,0,2021-07-30,0.0
"[60,70)",1,3288,0,2021-07-30,0.0
"[70,80)",0,2443,0,2021-07-30,0.0
"[70,80)",1,3194,0,2021-07-30,0.0
,0,20842,0,2021-07-30,0.0
,1,20841,0,2021-07-30,0.0
"[60,70)",0,3091,0,2021-07-31,0.0
"[60,70)",1,3288,0,2021-07-31,0.0
"[70,80)",0,2443,0,2021-07-31,0.0
"[70,80)",1,3194,0,2021-07-31,0.0
,0,20841,0,2021-07-31,0.0
,1,20839,0,2021-07-31,0.0
"[60,70)",0,3091,0,2021-08-01,0.0
"[60,70)",1,3288,0,2021-08-01,0.0
"[70,80)",0,2442,0,2021-08-01,0.0
"[70,80)",1,3194,0,2021-08-01,0.0
,0,20841,0,2021-08-01,0.0
,1,20839,0,2021-08-01,0.0
"[60,70)",0,3090,0,2021-08-02,0.0
"[60,70)",1,3288,0,2021-08-02,0.0
"[70,80)",0,2442,0,2021-08-02,0.0
"[70,80)",1,3194,0,2021-08-02,0.0
,0,20841,0,2021-08-02,0.0
,1,20839,0,2021-08-02,0.0
"[60,70)",0,3090,0,2021-08-03,0.0
"[60,70)",1,3288,0,2021-08-03,0.0
"[70,80)",0,2442,0,2021-08-03,0.0
"[70,80)",1,3194,0,2021-08-03,0.0
,0,20841,0,2021-08-03,0.0
,1,20839,0,2021-08-03,0.0
"[60,70)",0,3090,0,2021-08-04,0.0
"[60,70)",1,3288,0,2021-08-04,0.0
"[70,80)",0,2442,0,2021-08-04,0.0
"[70,80)",1,3194,0,2021-08-04,0.0
,0,20841,0,2021-08-04,0.0
,1,20839,0,2021-08-04,0.0
"[60,70)",0,3089,0,2021-08-05,0.0
"[60,70)",1,3288,0,2021-08-05,0.0
"[70,80)",0,2441,0,2021-08-05,0.0
"[70,80)",1,3194,0,2021-08-05,0.0
,0,20841,0,2021-08-05,0.0
,1,20838,0,2021-08-05,0.0
"[60,70)",0,3089,0,2021-08-06,0.0
"[60,70)",1,3288,0,2021-08-06,0.0
"[70,80)",0,2440,0,2021-08-06,0.0
"[70,80)",1,3194,0,2021-08-06,0.0
,0,20841,0,2021-08-06,0.0
,1,20837,0,2021-08-06,0.0
"[60,70)",0,3088,0,2021-08-07,0.0
"[60,70)",1,3287,0,2021-08-07,0.0
"[70,80)",0,2439,0,2021-08-07,0.0
"[70,80)",1,3194,0,2021-08-07,0.0
,0,20840,0,2021-08-07,0.0
,1,20836,0,2021-08-07,0.0
"[60,70)",0,3088,0,2021-08-08,0.0
"[60,70)",1,3287,0,2021-08-08,0.0
"[70,80)",0,2437,0,2021-08-08,0.0
"[70,80)",1,3194,0,2021-08-08,0.0
,0,20840,0,2021-08-08,0.0
,1,20836,0,2021-08-08,0.0
"[60,70)",0,3088,0,2021-08-09,0.0
"[60,70)",1,3287,0,2021-08-09,0.0
"[70,80)",0,2437,0,2021-08-09,0.0
"[70,80)",1,3194,0,2021-08-09,0.0
,0,20839,0,2021-08-09,0.0
,1,20836,0,2021-08-09,0.0
"[60,70)",0,3088,0,2021-08-10,0.0
"[60,70)",1,3287,0,2021-08-10,0.0
"[70,80)",0,2437,0,2021-08-10,0.0
"[70,80)",1,3194,0,2021-08-10,0.0
,0,20838,0,2021-08-10,0.0
,1,20835,0,2021-08-10,0.0
"[60,70)",0,3088,0,2021-08-11,0.0
"[60,70)",1,3287,0,2021-08-11,0.0
"[70,80)",0,2437,0,2021-08-11,0.0
"[70,80)",1,3194,0,2021-08-11,0.0
,0,20837,0,2021-08-11,0.0
,1,20835,0,2021-08-11,0.0
"[60,70)",0,3088,0,2021-08-12,0.0
"[60,70)",1,3287,0,2021-08-12,0.0
"[70,80)",0,2437,0,2021-08-12,0.0
"[70,80)",1,3194,0,2021-08-12,0.0
,0,20837,0,2021-08-12,0.0
,1,20835,0,2021-08-12,0.0
"[60,70)",0,3088,0,2021-08-13,0.0
"[60,70)",1,3287,0,2021-08-13,0.0
"[70,80)",0,2437,0,2021-08-13,0.0
"[70,80)",1,3194,0,2021-08-13,0.0
,0,20837,0,2021-08-13,0.0
,1,20833,0,2021-08-13,0.0
"[60,70)",0,3088,0,2021-08-14,0.0
"[60,70)",1,3287,0,2021-08-14,0.0
"[70,80)",0,2437,0,2021-08-14,0.0
"[70,80)",1,3194,0,2021-08-14,0.0
,0,20836,0,2021-08-14,0.0
,1,20833,0,2021-08-14,0.0
"[60,70)",0,3088,0,2021-08-15,0.0
"[60,70)",1,3287,0,2021-08-15,0.0
"[70,80)",0,2437,0,2021-08-15,0.0
"[70,80)",1,3193,0,2021-08-15,0.0
,0,20835,0,2021-08-15,0.0
,1,20833,0,2021-08-15,0.0
"[60,70)",0,3088,0,2021-08-16,0.0
"[60,70)",1,3287,0,2021-08-16,0.0
"[70,80)",0,2437,0,2021-08-16,0.0
"[70,80)",1,3193,0,2021-08-16,0.0
,0,20834,0,2021-08-16,0.0
,1,20833,0,2021-08-16,0.0
"[60,70)",0,3088,0,2021-08-17,0.0
"[60,70)",1,3287,0,2021-08-17,0.0
"[70,80)",0,2436,0,2021-08-17,0.0
"[70,80)",1,3193,0,2021-08-17,0.0
,0,20834,0,2021-08-17,0.0
,1,20833,0,2021-08-17,0.0
"[60,70)",0,3087,0,2021-08-18,0.0
"[60,70)",1,3287,0,2021-08-18,0.0
"[70,80)",0,2434,0,2021-08-18,0.0
"[70,80)",1,3193,0,2021-08-18,0.0
,0,20834,0,2021-08-18,0.0
,1,20833,0,2021-08-18,0.0
"[60,70)",0,3087,0,2021-08-19,0.0
"[60,70)",1,3287,0,2021-08-19,0.0
"[70,80)",0,2434,0,2021-08-19,0.0
"[70,80)",1,3193,0,2021-08-19,0.0
,0,20833,0,2021-08-19,0.0
,1,20831,0,2021-08-19,0.0
"[60,70)",0,3087,0,2021-08-20,0.0
"[60,70)",1,3287,0,2021-08-20,0.0
"[70,80)",0,2434,0,2021-08-20,0.0
"[70,80)",1,3193,0,2021-08-20,0.0
,0,20832,0,2021-08-20,0.0
,1,20831,0,2021-08-20,0.0
"[60,70)",0,3087,0,2021-08-21,0.0
"[60,70)",1,3287,0,2021-08-21,0.0
"[70,80)",0,2434,0,2021-08-21,0.0
"[70,80)",1,3193,0,2021-08-21,0.0
,0,20832,0,2021-08-21,0.0
,1,20831,0,2021-08-21,0.0
"[60,70)",0,3087,0,2021-08-22,0.0
"[60,70)",1,3287,0,2021-08-22,0.0
"[70,80)",0,2434,0,2021-08-22,0.0
"[70,80)",1,3193,0,2021-08-22,0.0
,0,20831,0,2021-08-22,0.0
,1,20829,0,2021-08-22,0.0
"[60,70)",0,3087,0,2021-08-23,0.0
"[60,70)",1,3286,0,2021-08-23,0.0
"[70,80)",0,2434,0,2021-08-23,0.0
"[70,80)",1,3193,0,2021-08-23,0.0
,0,20831,0,2021-08-23,0.0
,1,20828,0,2021-08-23,0.0
"[60,70)",0,3087,0,2021-08-24,0.0
"[60,70)",1,3286,0,2021-08-24,0.0
"[70,80)",0,2434,0,2021-08-24,0.0
"[70,80)",1,3193,0,2021-08-24,0.0
,0,20831,0,2021-08-24,0.0
,1,20828,0,2021-08-24,0.0
"[60,70)",0,3087,0,2021-08-25,0.0
"[60,70)",1,3286,0,2021-08-25,0.0
"[70,80)",0,2434,0,2021-08-25,0.0
"[70,80)",1,3193,0,2021-08-25,0.0
,0,20831,0,2021-08-25,0.0
,1,20828,0,2021-08-25,0.0
"[60,70)",0,3087,0,2021-08-26,0.0
"[60,70)",1,3286,0,2021-08-26,0.0
"[70,80)",0,2434,0,2021-08-26,0.0
"[70,80)",1,3193,0,2021-08-26,0.0
,0,20831,0,2021-08-26,0.0
,1,20828,0,2021-08-26,0.0
"[60,70)",0,3087,0,2021-08-27,0.0
"[60,70)",1,3286,0,2021-08-27,0.0
"[70,80)",0,2434,0,2021-08-27,0.0
"[70,80)",1,3193,0,2021-08-27,0.0
,0,20831,0,2021-08-27,0.0
,1,20827,0,2021-08-27,0.0
"[60,70)",0,3087,0,2021-08-28,0.0
"[60,70)",1,3286,0,2021-08-28,0.0
"[70,80)",0,2434,0,2021-08-28,0.0
"[70,80)",1,3193,0,2021-08-28,0.0
,0,20830,0,2021-08-28,0.0
,1,20826,0,2021-08-28,0.0
"[60,70)",0,3087,0,2021-08-29,0.0
"[60,70)",1,3286,0,2021-08-29,0.0
"[70,80)",0,2434,0,2021-08-29,0.0
"[70,80)",1,3193,0,2021-08-29,0.0
,0,20830,0,2021-08-29,0.0
,1,20826,0,2021-08-29,0.0
"[60,70)",0,3086,0,2021-08-30,0.0
"[60,70)",1,3286,0,2021-08-30,0.0
"[70,80)",0,2434,0,2021-08-30,0.0
"[70,80)",1,3193,0,2021-08-30,0.0
,0,20830,0,2021-08-30,0.0
,1,20826,0,2021-08-30,0.0
"[60,70)",0,3084,0,2021-08-31,0.0
"[60,70)",1,3286,0,2021-08-31,0.0
"[70,80)",0,2434,0,2021-08-31,0.0
"[70,80)",1,3192,0,2021-08-31,0.0
,0,20830,0,2021-08-31,0.0
,1,20825,0,2021-08-31,0.0
"[60,70)",0,3084,0,2021-09-01,0.0
"[60,70)",1,3286,0,2021-09-01,0.0
"[70,80)",0,2434,0,2021-09-01,0.0
"[70,80)",1,3192,0,2021-09-01,0.0
,0,20830,0,2021-09-01,0.0
,1,20825,0,2021-09-01,0.0
"[60,70)",0,3084,0,2021-09-02,0.0
"[60,70)",1,3286,0,2021-09-02,0.0
"[70,80)",0,2434,0,2021-09-02,0.0
"[70,80)",1,3191,0,2021-09-02,0.0
,0,20830,0,2021-09-02,0.0
,1,20824,0,2021-09-02,0.0
"[60,70)",0,3084,0,2021-09-03,0.0
"[60,70)",1,3286,0,2021-09-03,0.0
"[70,80)",0,2434,0,2021-09-03,0.0
"[70,80)",1,3191,0,2021-09-03,0.0
,0,20830,0,2021-09-03,0.0
,1,20822,0,2021-09-03,0.0
"[60,70)",0,3084,0,2021-09-04,0.0
"[60,70)",1,3286,0,2021-09-04,0.0
"[70,80)",0,2434,0,2021-09-04,0.0
"[70,80)",1,3191,0,2021-09-04,0.0
,0,20829,0,2021-09-04,0.0
,1,20821,0,2021-09-04,0.0
"[60,70)",0,3084,0,2021-09-05,0.0
"[60,70)",1,3286,0,2021-09-05,0.0
"[70,80)",0,2434,0,2021-09-05,0.0
"[70,80)",1,3191,0,2021-09-05,0.0
,0,20828,0,2021-09-05,0.0
,1,20819,0,2021-09-05,0.0
"[60,70)",0,3084,0,2021-09-06,0.0
"[60,70)",1,3286,0,2021-09-06,0.0
"[70,80)",0,2434,0,2021-09-06,0.0
"[70,80)",1,3190,0,2021-09-06,0.0
,0,20828,0,2021-09-06,0.0
,1,20819,0,2021-09-06,0.0
"[60,70)",0,3084,0,2021-09-07,0.0
"[60,70)",1,3286,0,2021-09-07,0.0
"[70,80)",0,2434,0,2021-09-07,0.0
"[70,80)",1,3190,0,2021-09-07,0.0
,0,20828,0,2021-09-07,0.0
,1,20819,0,2021-09-07,0.0
"[60,70)",0,3084,0,2021-09-08,0.0
"[60,70)",1,3286,0,2021-09-08,0.0
"[70,80)",0,2433,0,2021-09-08,0.0
"[70,80)",1,3190,0,2021-09-08,0.0
,0,20828,0,2021-09-08,0.0
,1,20819,0,2021-09-08,0.0
"[60,70)",0,3083,0,2021-09-09,0.0
"[60,70)",1,3286,0,2021-09-09,0.0
"[70,80)",0,2433,0,2021-09-09,0.0
"[70,80)",1,3190,0,2021-09-09,0.0
,0,20828,0,2021-09-09,0.0
,1,20819,0,2021-09-09,0.0
"[60,70)",0,3083,0,2021-09-10,0.0
"[60,70)",1,3286,0,2021-09-10,0.0
"[70,80)",0,2432,0,2021-09-10,0.0
"[70,80)",1,3190,0,2021-09-10,0.0
,0,20828,0,2021-09-10,0.0
,1,20819,0,2021-09-10,0.0
"[60,70)",0,3083,0,2021-09-11,0.0
"[60,70)",1,3286,0,2021-09-11,0.0
"[70,80)",0,2432,0,2021-09-11,0.0
"[70,80)",1,3190,0,2021-09-11,0.0
,0,20828,0,2021-09-11,0.0
,1,20819,0,2021-09-11,0.0
"[60,70)",0,3083,0,2021-09-12,0.0
"[60,70)",1,3286,0,2021-09-12,0.0
"[70,80)",0,2432,0,2021-09-12,0.0
"[70,80)",1,3190,0,2021-09-12,0.0
,0,20827,0,2021-09-12,0.0
,1,20819,0,2021-09-12,0.0
"[60,70)",0,3083,0,2021-09-13,0.0
"[60,70)",1,3286,0,2021-09-13,0.0
"[70,80)",0,2432,0,2021-09-13,0.0
"[70,80)",1,3190,0,2021-09-13,0.0
,0,20827,0,2021-09-13,0.0
,1,20818,0,2021-09-13,0.0
"[60,70)",0,3083,0,2021-09-14,0.0
"[60,70)",1,3286,0,2021-09-14,0.0
"[70,80)",0,2432,0,2021-09-14,0.0
"[70,80)",1,3189,0,2021-09-14,0.0
,0,20827,0,2021-09-14,0.0
,1,20818,0,2021-09-14,0.0
"[60,70)",0,3083,0,2021-09-15,0.0
"[60,70)",1,3286,0,2021-09-15,0.0
"[70,80)",0,2432,0,2021-09-15,0.0
"[70,80)",1,3189,0,2021-09-15,0.0
,0,20826,0,2021-09-15,0.0
,1,20817,0,2021-09-15,0.0
"[60,70)",0,3083,0,2021-09-16,0.0
"[60,70)",1,3286,0,2021-09-16,0.0
"[70,80)",0,2431,0,2021-09-16,0.0
"[70,80)",1,3188,0,2021-09-16,0.0
,0,20825,0,2021-09-16,0.0
,1,20817,0,2021-09-16,0.0
"[60,70)",0,3083,0,2021-09-17,0.0
"[60,70)",1,3286,0,2021-09-17,0.0
"[70,80)",0,2431,0,2021-09-17,0.0
"[70,80)",1,3188,0,2021-09-17,0.0
,0,20824,0,2021-09-17,0.0
,1,20817,0,2021-09-17,0.0
"[60,70)",0,3082,0,2021-09-18,0.0
"[60,70)",1,3286,0,2021-09-18,0.0
"[70,80)",0,2431,0,2021-09-18,0.0
"[70,80)",1,3188,0,2021-09-18,0.0
,0,20824,0,2021-09-18,0.0
,1,20816,0,2021-09-18,0.0
"[60,70)",0,3082,0,2021-09-19,0.0
"[60,70)",1,3286,0,2021-09-19,0.0
"[70,80)",0,2431,0,2021-09-19,0.0
"[70,80)",1,3188,0,2021-09-19,0.0
,0,20822,0,2021-09-19,0.0
,1,20815,0,2021-09-19,0.0
"[60,70)",0,3082,0,2021-09-20,0.0
"[60,70)",1,3286,0,2021-09-20,0.0
"[70,80)",0,2430,0,2021-09-20,0.0
"[70,80)",1,3188,0,2021-09-20,0.0
,0,20822,0,2021-09-20,0.0
,1,20815,0,2021-09-20,0.0
"[60,70)",0,3082,0,2021-09-21,0.0
"[60,70)",1,3286,0,2021-09-21,0.0
"[70,80)",0,2430,0,2021-09-21,0.0
"[70,80)",1,3188,0,2021-09-21,0.0
,0,20822,0,2021-09-21,0.0
,1,20815,0,2021-09-21,0.0
"[60,70)",0,3081,0,2021-09-22,0.0
"[60,70)",1,3286,0,2021-09-22,0.0
"[70,80)",0,2429,0,2021-09-22,0.0
"[70,80)",1,3188,0,2021-09-22,0.0
,0,20822,0,2021-09-22,0.0
,1,20815,0,2021-09-22,0.0
"[60,70)",0,3081,0,2021-09-23,0.0
"[60,70)",1,3286,0,2021-09-23,0.0
"[70,80)",0,2429,0,2021-09-23,0.0
"[70,80)",1,3187,0,2021-09-23,0.0
,0,20821,0,2021-09-23,0.0
,1,20815,0,2021-09-23,0.0
"[60,70)",0,3081,0,2021-09-24,0.0
"[60,70)",1,3286,0,2021-09-24,0.0
"[70,80)",0,2429,0,2021-09-24,0.0
"[70,80)",1,3185,0,2021-09-24,0.0
,0,20821,0,2021-09-24,0.0
,1,20815,0,2021-09-24,0.0
"[60,70)",0,3081,0,2021-09-25,0.0
"[60,70)",1,3286,0,2021-09-25,0.0
"[70,80)",0,2427,0,2021-09-25,0.0
"[70,80)",1,3185,0,2021-09-25,0.0
,0,20820,0,2021-09-25,0.0
,1,20815,0,2021-09-25,0.0
"[60,70)",0,3080,0,2021-09-26,0.0
"[60,70)",1,3286,0,2021-09-26,0.0
"[70,80)",0,2425,0,2021-09-26,0.0
"[70,80)",1,3185,0,2021-09-26,0.0
,0,20820,0,2021-09-26,0.0
,1,20814,0,2021-09-26,0.0
"[60,70)",0,3080,0,2021-09-27,0.0
"[60,70)",1,3286,0,2021-09-27,0.0
"[70,80)",0,2424,0,2021-09-27,0.0
"[70,80)",1,3185,0,2021-09-27,0.0
,0,20820,0,2021-09-27,0.0
,1,20814,0,2021-09-27,0.0
"[60,70)",0,3080,0,2021-09-28,0.0
"[60,70)",1,3286,0,2021-09-28,0.0
"[70,80)",0,2423,0,2021-09-28,0.0
"[70,80)",1,3185,0,2021-09-28,0.0
,0,20820,0,2021-09-28,0.0
,1,20814,0,2021-09-28,0.0
"[60,70)",0,3080,0,2021-09-29,0.0
"[60,70)",1,3286,0,2021-09-29,0.0
"[70,80)",0,2423,0,2021-09-29,0.0
"[70,80)",1,3185,0,2021-09-29,0.0
,0,20820,0,2021-09-29,0.0
,1,20814,0,2021-09-29,0.0
"[60,70)",0,3079,0,2021-09-30,0.0
"[60,70)",1,3286,0,2021-09-30,0.0
"[70,80)",0,2423,0,2021-09-30,0.0
"[70,80)",1,3185,0,2021-09-30,0.0
,0,20820,0,2021-09-30,0.0
,1,20813,0,2021-09-30,0.0
"[60,70)",0,3079,0,2021-10-01,0.0
"[60,70)",1,3286,0,2021-10-01,0.0
"[70,80)",0,2423,0,2021-10-01,0.0
"[70,80)",1,3185,0,2021-10-01,0.0
,0,20820,0,2021-10-01,0.0
,1,20813,0,2021-10-01,0.0
"[60,70)",0,3079,0,2021-10-02,0.0
"[60,70)",1,3286,0,2021-10-02,0.0
"[70,80)",0,2423,0,2021-10-02,0.0
"[70,80)",1,3185,0,2021-10-02,0.0
,0,20820,0,2021-10-02,0.0
,1,20813,0,2021-10-02,0.0
"[60,70)",0,3078,0,2021-10-03,0.0
"[60,70)",1,3286,0,2021-10-03,0.0
"[70,80)",0,2423,0,2021-10-03,0.0
"[70,80)",1,3185,0,2021-10-03,0.0
,0,20820,0,2021-10-03,0.0
,1,20812,0,2021-10-03,0.0
"[60,70)",0,3078,0,2021-10-04,0.0
"[60,70)",1,3286,0,2021-10-04,0.0
"[70,80)",0,2423,0,2021-10-04,0.0
"[70,80)",1,3185,0,2021-10-04,0.0
,0,20819,0,2021-10-04,0.0
,1,20812,0,2021-10-04,0.0
"[60,70)",0,3078,0,2021-10-05,0.0
"[60,70)",1,3286,0,2021-10-05,0.0
"[70,80)",0,2423,0,2021-10-05,0.0
"[70,80)",1,3185,0,2021-10-05,0.0
,0,20818,0,2021-10-05,0.0
,1,20812,0,2021-10-05,0.0
"[60,70)",0,3078,0,2021-10-06,0.0
"[60,70)",1,3286,0,2021-10-06,0.0
"[70,80)",0,2423,0,2021-10-06,0.0
"[70,80)",1,3185,0,2021-10-06,0.0
,0,20818,0,2021-10-06,0.0
,1,20811,0,2021-10-06,0.0
"[60,70)",0,3078,0,2021-10-07,0.0
"[60,70)",1,3286,0,2021-10-07,0.0
"[70,80)",0,2422,0,2021-10-07,0.0
"[70,80)",1,3185,0,2021-10-07,0.0
,0,20817,0,2021-10-07,0.0
,1,20811,0,2021-10-07,0.0
"[60,70)",0,3078,0,2021-10-08,0.0
"[60,70)",1,3286,0,2021-10-08,0.0
"[70,80)",0,2422,0,2021-10-08,0.0
"[70,80)",1,3183,0,2021-10-08,0.0
,0,20817,0,2021-10-08,0.0
,1,20811,0,2021-10-08,0.0
"[60,70)",0,3077,0,2021-10-09,0.0
"[60,70)",1,3286,0,2021-10-09,0.0
"[70,80)",0,2422,0,2021-10-09,0.0
"[70,80)",1,3183,0,2021-10-09,0.0
,0,20817,0,2021-10-09,0.0
,1,20810,0,2021-10-09,0.0
"[60,70)",0,3076,0,2021-10-10,0.0
"[60,70)",1,3286,0,2021-10-10,0.0
"[70,80)",0,2422,0,2021-10-10,0.0
"[70,80)",1,3182,0,2021-10-10,0.0
,0,20817,0,2021-10-10,0.0
,1,20809,0,2021-10-10,0.0
"[60,70)",0,3076,0,2021-10-11,0.0
"[60,70)",1,3285,0,2021-10-11,0.0
"[70,80)",0,2422,0,2021-10-11,0.0
"[70,80)",1,3182,0,2021-10-11,0.0
,0,20817,0,2021-10-11,0.0
,1,20809,0,2021-10-11,0.0
"[60,70)",0,3075,0,2021-10-12,0.0
"[60,70)",1,3284,0,2021-10-12,0.0
"[70,80)",0,2421,0,2021-10-12,0.0
"[70,80)",1,3182,0,2021-10-12,0.0
,0,20817,0,2021-10-12,0.0
,1,20808,0,2021-10-12,0.0
"[60,70)",0,3075,0,2021-10-13,0.0
"[60,70)",1,3283,0,2021-10-13,0.0
"[70,80)",0,2420,0,2021-10-13,0.0
"[70,80)",1,3182,0,2021-10-13,0.0
,0,20817,0,2021-10-13,0.0
,1,20808,0,2021-10-13,0.0
"[60,70)",0,3075,0,2021-10-14,0.0
"[60,70)",1,3283,0,2021-10-14,0.0
"[70,80)",0,2420,0,2021-10-14,0.0
"[70,80)",1,3180,0,2021-10-14,0.0
,0,20816,0,2021-10-14,0.0
,1,20804,0,2021-10-14,0.0
"[60,70)",0,3075,0,2021-10-15,0.0
"[60,70)",1,3283,0,2021-10-15,0.0
"[70,80)",0,2420,0,2021-10-15,0.0
"[70,80)",1,3180,0,2021-10-15,0.0
,0,20816,0,2021-10-15,0.0
,1,20803,0,2021-10-15,0.0
"[60,70)",0,3075,0,2021-10-16,0.0
"[60,70)",1,3283,0,2021-10-16,0.0
"[70,80)",0,2419,0,2021-10-16,0.0
"[70,80)",1,3180,0,2021-10-16,0.0
,0,20815,0,2021-10-16,0.0
,1,20802,0,2021-10-16,0.0
"[60,70)",0,3075,0,2021-10-17,0.0
"[60,70)",1,3283,0,2021-10-17,0.0
"[70,80)",0,2418,0,2021-10-17,0.0
"[70,80)",1,3180,0,2021-10-17,0.0
,0,20814,0,2021-10-17,0.0
,1,20801,0,2021-10-17,0.0
"[60,70)",0,3075,0,2021-10-18,0.0
"[60,70)",1,3283,0,2021-10-18,0.0
"[70,80)",0,2418,0,2021-10-18,0.0
"[70,80)",1,3180,0,2021-10-18,0.0
,0,20814,0,2021-10-18,0.0
,1,20798,0,2021-10-18,0.0
"[60,70)",0,3075,0,2021-10-19,0.0
"[60,70)",1,3283,0,2021-10-19,0.0
"[70,80)",0,2417,0,2021-10-19,0.0
"[70,80)",1,3180,0,2021-10-19,0.0
,0,20813,0,2021-10-19,0.0
,1,20797,0,2021-10-19,0.0
"[60,70)",0,3074,0,2021-10-20,0.0
"[60,70)",1,3283,0,2021-10-20,0.0
"[70,80)",0,2416,0,2021-10-20,0.0
"[70,80)",1,3180,0,2021-10-20,0.0
,0,20812,0,2021-10-20,0.0
,1,20797,0,2021-10-20,0.0
"[60,70)",0,3074,0,2021-10-21,0.0
"[60,70)",1,3283,0,2021-10-21,0.0
"[70,80)",0,2416,0,2021-10-21,0.0
"[70,80)",1,3180,0,2021-10-21,0.0
,0,20812,0,2021-10-21,0.0
,1,20797,0,2021-10-21,0.0
"[60,70)",0,3073,0,2021-10-22,0.0
"[60,70)",1,3283,0,2021-10-22,0.0
"[70,80)",0,2416,0,2021-10-22,0.0
"[70,80)",1,3180,0,2021-10-22,0.0
,0,20811,0,2021-10-22,0.0
,1,20797,0,2021-10-22,0.0
"[60,70)",0,3072,0,2021-10-23,0.0
"[60,70)",1,3283,0,2021-10-23,0.0
"[70,80)",0,2416,0,2021-10-23,0.0
"[70,80)",1,3177,0,2021-10-23,0.0
,0,20810,0,2021-10-23,0.0
,1,20796,0,2021-10-23,0.0
"[60,70)",0,3072,0,2021-10-24,0.0
"[60,70)",1,3283,0,2021-10-24,0.0
"[70,80)",0,2415,0,2021-10-24,0.0
"[70,80)",1,3175,0,2021-10-24,0.0
,0,20810,0,2021-10-24,0.0
,1,20795,0,2021-10-24,0.0
"[60,70)",0,3072,0,2021-10-25,0.0
"[60,70)",1,3283,0,2021-10-25,0.0
"[70,80)",0,2413,0,2021-10-25,0.0
"[70,80)",1,3174,0,2021-10-25,0.0
,0,20809,0,2021-10-25,0.0
,1,20794,0,2021-10-25,0.0
"[60,70)",0,3071,0,2021-10-26,0.0
"[60,70)",1,3283,0,2021-10-26,0.0
"[70,80)",0,2413,0,2021-10-26,0.0
"[70,80)",1,3174,0,2021-10-26,0.0
,0,20807,0,2021-10-26,0.0
,1,20792,0,2021-10-26,0.0
"[60,70)",0,3070,0,2021-10-27,0.0
"[60,70)",1,3283,0,2021-10-27,0.0
"[70,80)",0,2413,0,2021-10-27,0.0
"[70,80)",1,3173,0,2021-10-27,0.0
,0,20807,0,2021-10-27,0.0
,1,20790,0,2021-10-27,0.0
"[60,70)",0,3070,0,2021-10-28,0.0
"[60,70)",1,3283,0,2021-10-28,0.0
"[70,80)",0,2411,0,2021-10-28,0.0
"[70,80)",1,3172,0,2021-10-28,0.0
,0,20802,0,2021-10-28,0.0
,1,20789,0,2021-10-28,0.0
"[60,70)",0,3070,0,2021-10-29,0.0
"[60,70)",1,3283,0,2021-10-29,0.0
"[70,80)",0,2410,0,2021-10-29,0.0
"[70,80)",1,3172,0,2021-10-29,0.0
,0,20802,0,2021-10-29,0.0
,1,20789,0,2021-10-29,0.0
"[60,70)",0,3069,0,2021-10-30,0.0
"[60,70)",1,3283,0,2021-10-30,0.0
"[70,80)",0,2410,0,2021-10-30,0.0
"[70,80)",1,3172,0,2021-10-30,0.0
,0,20802,0,2021-10-30,0.0
,1,20787,0,2021-10-30,0.0
"[60,70)",0,3069,0,2021-10-31,0.0
"[60,70)",1,3283,0,2021-10-31,0.0
"[70,80)",0,2410,0,2021-10-31,0.0
"[70,80)",1,3172,0,2021-10-31,0.0
,0,20802,0,2021-10-31,0.0
,1,20786,0,2021-10-31,0.0
"[60,70)",0,3069,0,2021-11-01,0.0
"[60,70)",1,3282,0,2021-11-01,0.0
"[70,80)",0,2410,0,2021-11-01,0.0
"[70,80)",1,3172,0,2021-11-01,0.0
,0,20802,0,2021-11-01,0.0
,1,20784,0,2021-11-01,0.0
"[60,70)",0,3069,0,2021-11-02,0.0
"[60,70)",1,3282,0,2021-11-02,0.0
"[70,80)",0,2409,0,2021-11-02,0.0
"[70,80)",1,3171,0,2021-11-02,0.0
,0,20801,0,2021-11-02,0.0
,1,20783,0,2021-11-02,0.0
"[60,70)",0,3067,0,2021-11-03,0.0
"[60,70)",1,3282,0,2021-11-03,0.0
"[70,80)",0,2409,0,2021-11-03,0.0
"[70,80)",1,3171,0,2021-11-03,0.0
,0,20800,0,2021-11-03,0.0
,1,20779,0,2021-11-03,0.0
"[60,70)",0,3067,0,2021-11-04,0.0
"[60,70)",1,3282,0,2021-11-04,0.0
"[70,80)",0,2409,0,2021-11-04,0.0
"[70,80)",1,3170,0,2021-11-04,0.0
,0,20800,0,2021-11-04,0.0
,1,20776,0,2021-11-04,0.0
"[60,70)",0,3067,0,2021-11-05,0.0
"[60,70)",1,3282,0,2021-11-05,0.0
"[70,80)",0,2408,0,2021-11-05,0.0
"[70,80)",1,3170,0,2021-11-05,0.0
,0,20799,0,2021-11-05,0.0
,1,20775,0,2021-11-05,0.0
"[60,70)",0,3066,0,2021-11-06,0.0
"[60,70)",1,3282,0,2021-11-06,0.0
"[70,80)",0,2408,0,2021-11-06,0.0
"[70,80)",1,3170,0,2021-11-06,0.0
,0,20799,0,2021-11-06,0.0
,1,20774,0,2021-11-06,0.0
"[60,70)",0,3066,0,2021-11-07,0.0
"[60,70)",1,3282,0,2021-11-07,0.0
"[70,80)",0,2407,0,2021-11-07,0.0
"[70,80)",1,3170,0,2021-11-07,0.0
,0,20799,0,2021-11-07,0.0
,1,20774,0,2021-11-07,0.0
"[60,70)",0,3066,0,2021-11-08,0.0
"[60,70)",1,3282,0,2021-11-08,0.0
"[70,80)",0,2407,0,2021-11-08,0.0
"[70,80)",1,3169,0,2021-11-08,0.0
,0,20798,0,2021-11-08,0.0
,1,20773,0,2021-11-08,0.0
"[60,70)",0,3065,0,2021-11-09,0.0
"[60,70)",1,3282,0,2021-11-09,0.0
"[70,80)",0,2406,0,2021-11-09,0.0
"[70,80)",1,3168,0,2021-11-09,0.0
,0,20798,0,2021-11-09,0.0
,1,20773,0,2021-11-09,0.0
"[60,70)",0,3065,0,2021-11-10,0.0
"[60,70)",1,3282,0,2021-11-10,0.0
"[70,80)",0,2406,0,2021-11-10,0.0
"[70,80)",1,3168,0,2021-11-10,0.0
,0,20798,0,2021-11-10,0.0
,1,20773,0,2021-11-10,0.0
"[60,70)",0,3065,0,2021-11-11,0.0
"[60,70)",1,3282,0,2021-11-11,0.0
"[70,80)",0,2405,0,2021-11-11,0.0
"[70,80)",1,3167,0,2021-11-11,0.0
,0,20798,0,2021-11-11,0.0
,1,20771,0,2021-11-11,0.0
"[60,70)",0,3064,0,2021-11-12,0.0
"[60,70)",1,3282,0,2021-11-12,0.0
"[70,80)",0,2404,0,2021-11-12,0.0
"[70,80)",1,3167,0,2021-11-12,0.0
,0,20797,0,2021-11-12,0.0
,1,20770,0,2021-11-12,0.0
"[60,70)",0,3064,0,2021-11-13,0.0
"[60,70)",1,3282,0,2021-11-13,0.0
"[70,80)",0,2403,0,2021-11-13,0.0
"[70,80)",1,3167,0,2021-11-13,0.0
,0,20795,0,2021-11-13,0.0
,1,20769,0,2021-11-13,0.0
"[60,70)",0,3064,0,2021-11-14,0.0
"[60,70)",1,3282,0,2021-11-14,0.0
"[70,80)",0,2403,0,2021-11-14,0.0
"[70,80)",1,3166,0,2021-11-14,0.0
,0,20794,0,2021-11-14,0.0
,1,20768,0,2021-11-14,0.0
"[60,70)",0,3064,0,2021-11-15,0.0
"[60,70)",1,3282,0,2021-11-15,0.0
"[70,80)",0,2402,0,2021-11-15,0.0
"[70,80)",1,3166,0,2021-11-15,0.0
,0,20794,0,2021-11-15,0.0
,1,20766,0,2021-11-15,0.0
"[60,70)",0,3064,0,2021-11-16,0.0
"[60,70)",1,3282,0,2021-11-16,0.0
"[70,80)",0,2402,0,2021-11-16,0.0
"[70,80)",1,3166,0,2021-11-16,0.0
,0,20793,0,2021-11-16,0.0
,1,20766,0,2021-11-16,0.0
"[60,70)",0,3063,0,2021-11-17,0.0
"[60,70)",1,3282,0,2021-11-17,0.0
"[70,80)",0,2402,0,2021-11-17,0.0
"[70,80)",1,3165,0,2021-11-17,0.0
,0,20793,0,2021-11-17,0.0
,1,20766,0,2021-11-17,0.0
"[60,70)",0,3063,0,2021-11-18,0.0
"[60,70)",1,3282,0,2021-11-18,0.0
"[70,80)",0,2401,0,2021-11-18,0.0
"[70,80)",1,3165,0,2021-11-18,0.0
,0,20791,0,2021-11-18,0.0
,1,20765,0,2021-11-18,0.0
"[60,70)",0,3063,0,2021-11-19,0.0
"[60,70)",1,3282,0,2021-11-19,0.0
"[70,80)",0,2401,0,2021-11-19,0.0
"[70,80)",1,3165,0,2021-11-19,0.0
,0,20790,0,2021-11-19,0.0
,1,20765,0,2021-11-19,0.0
"[60,70)",0,3063,0,2021-11-20,0.0
"[60,70)",1,3282,0,2021-11-20,0.0
"[70,80)",0,2399,0,2021-11-20,0.0
"[70,80)",1,3164,0,2021-11-20,0.0
,0,20790,0,2021-11-20,0.0
,1,20764,0,2021-11-20,0.0
"[60,70)",0,3063,0,2021-11-21,0.0
"[60,70)",1,3282,0,2021-11-21,0.0
"[70,80)",0,2398,0,2021-11-21,0.0
"[70,80)",1,3164,0,2021-11-21,0.0
,0,20790,0,2021-11-21,0.0
,1,20763,0,2021-11-21,0.0
"[60,70)",0,3063,0,2021-11-22,0.0
"[60,70)",1,3282,0,2021-11-22,0.0
"[70,80)",0,2397,0,2021-11-22,0.0
"[70,80)",1,3164,0,2021-11-22,0.0
,0,20789,0,2021-11-22,0.0
,1,20763,0,2021-11-22,0.0
"[60,70)",0,3063,0,2021-11-23,0.0
"[60,70)",1,3282,0,2021-11-23,0.0
"[70,80)",0,2397,0,2021-11-23,0.0
"[70,80)",1,3164,0,2021-11-23,0.0
,0,20787,0,2021-11-23,0.0
,1,20763,0,2021-11-23,0.0
"[60,70)",0,3063,0,2021-11-24,0.0
"[60,70)",1,3282,0,2021-11-24,0.0
"[70,80)",0,2397,0,2021-11-24,0.0
"[70,80)",1,3164,0,2021-11-24,0.0
,0,20787,0,2021-11-24,0.0
,1,20762,0,2021-11-24,0.0
"[60,70)",0,3063,0,2021-11-25,0.0
"[60,70)",1,3282,0,2021-11-25,0.0
"[70,80)",0,2394,0,2021-11-25,0.0
"[70,80)",1,3164,0,2021-11-25,0.0
,0,20787,0,2021-11-25,0.0
,1,20761,0,2021-11-25,0.0
"[60,70)",0,3062,0,2021-11-26,0.0
"[60,70)",1,3281,0,2021-11-26,0.0
"[70,80)",0,2394,0,2021-11-26,0.0
"[70,80)",1,3163,0,2021-11-26,0.0
,0,20785,0,2021-11-26,0.0
,1,20760,0,2021-11-26,0.0
"[60,70)",0,3062,0,2021-11-27,0.0
"[60,70)",1,3281,0,2021-11-27,0.0
"[70,80)",0,2394,0,2021-11-27,0.0
"[70,80)",1,3163,0,2021-11-27,0.0
,0,20785,0,2021-11-27,0.0
,1,20760,0,2021-11-27,0.0
"[60,70)",0,3062,0,2021-11-28,0.0
"[60,70)",1,3280,0,2021-11-28,0.0
"[70,80)",0,2394,0,2021-11-28,0.0
"[70,80)",1,3163,0,2021-11-28,0.0
,0,20785,0,2021-11-28,0.0
,1,20760,0,2021-11-28,0.0
"[60,70)",0,3061,0,2021-11-29,0.0
"[60,70)",1,3280,0,2021-11-29,0.0
"[70,80)",0,2393,0,2021-11-29,0.0
"[70,80)",1,3163,0,2021-11-29,0.0
,0,20785,0,2021-11-29,0.0
,1,20760,0,2021-11-29,0.0
"[60,70)",0,3061,0,2021-11-30,0.0
"[60,70)",1,3280,0,2021-11-30,0.0
"[70,80)",0,2393,0,2021-11-30,0.0
"[70,80)",1,3162,0,2021-11-30,0.0
,0,20785,0,2021-11-30,0.0
,1,20759,0,2021-11-30,0.0
"[60,70)",0,3061,0,2021-12-01,0.0
"[60,70)",1,3280,0,2021-12-01,0.0
"[70,80)",0,2391,0,2021-12-01,0.0
"[70,80)",1,3161,0,2021-12-01,0.0
,0,20785,0,2021-12-01,0.0
,1,20758,0,2021-12-01,0.0
"[60,70)",0,3060,0,2021-12-02,0.0
"[60,70)",1,3280,0,2021-12-02,0.0
"[70,80)",0,2390,0,2021-12-02,0.0
"[70,80)",1,3159,0,2021-12-02,0.0
,0,20785,0,2021-12-02,0.0
,1,20758,0,2021-12-02,0.0
"[60,70)",0,3060,0,2021-12-03,0.0
"[60,70)",1,3280,0,2021-12-03,0.0
"[70,80)",0,2390,0,2021-12-03,0.0
"[70,80)",1,3159,0,2021-12-03,0.0
,0,20785,0,2021-12-03,0.0
,1,20757,0,2021-12-03,0.0
"[60,70)",0,3060,0,2021-12-04,0.0
"[60,70)",1,3280,0,2021-12-04,0.0
"[70,80)",0,2390,0,2021-12-04,0.0
"[70,80)",1,3158,0,2021-12-04,0.0
,0,20784,0,2021-12-04,0.0
,1,20757,0,2021-12-04,0.0
"[60,70)",0,3059,0,2021-12-05,0.0
"[60,70)",1,3280,0,2021-12-05,0.0
"[70,80)",0,2390,0,2021-12-05,0.0
"[70,80)",1,3158,0,2021-12-05,0.0
,0,20784,0,2021-12-05,0.0
,1,20757,0,2021-12-05,0.0
"[60,70)",0,3059,0,2021-12-06,0.0
"[60,70)",1,3280,0,2021-12-06,0.0
"[70,80)",0,2390,0,2021-12-06,0.0
"[70,80)",1,3158,0,2021-12-06,0.0
,0,20783,0,2021-12-06,0.0
,1,20757,0,2021-12-06,0.0
"[60,70)",0,3059,0,2021-12-07,0.0
"[60,70)",1,3280,0,2021-12-07,0.0
"[70,80)",0,2390,0,2021-12-07,0.0
"[70,80)",1,3158,0,2021-12-07,0.0
,0,20782,0,2021-12-07,0.0
,1,20757,0,2021-12-07,0.0
"[60,70)",0,3059,0,2021-12-08,0.0
"[60,70)",1,3280,0,2021-12-08,0.0
"[70,80)",0,2390,0,2021-12-08,0.0
"[70,80)",1,3158,0,2021-12-08,0.0
,0,20782,0,2021-12-08,0.0
,1,20756,0,2021-12-08,0.0
"[60,70)",0,3059,0,2021-12-09,0.0
"[60,70)",1,3280,0,2021-12-09,0.0
"[70,80)",0,2388,0,2021-12-09,0.0
"[70,80)",1,3158,0,2021-12-09,0.0
,0,20782,0,2021-12-09,0.0
,1,20756,0,2021-12-09,0.0
"[60,70)",0,3059,0,2021-12-10,0.0
"[60,70)",1,3280,0,2021-12-10,0.0
"[70,80)",0,2387,0,2021-12-10,0.0
"[70,80)",1,3158,0,2021-12-10,0.0
,0,20782,0,2021-12-10,0.0
,1,20756,0,2021-12-10,0.0
"[60,70)",0,3059,0,2021-12-11,0.0
"[60,70)",1,3280,0,2021-12-11,0.0
"[70,80)",0,2386,0,2021-12-11,0.0
"[70,80)",1,3158,0,2021-12-11,0.0
,0,20781,0,2021-12-11,0.0
,1,20756,0,2021-12-11,0.0
"[60,70)",0,3059,0,2021-12-12,0.0
"[60,70)",1,3280,0,2021-12-12,0.0
"[70,80)",0,2386,0,2021-12-12,0.0
"[70,80)",1,3158,0,2021-12-12,0.0
,0,20781,0,2021-12-12,0.0
,1,20755,0,2021-12-12,0.0
"[60,70)",0,3059,0,2021-12-13,0.0
"[60,70)",1,3280,0,2021-12-13,0.0
"[70,80)",0,2386,0,2021-12-13,0.0
"[70,80)",1,3158,0,2021-12-13,0.0
,0,20780,0,2021-12-13,0.0
,1,20755,0,2021-12-13,0.0
"[60,70)",0,3059,0,2021-12-14,0.0
"[60,70)",1,3280,0,2021-12-14,0.0
"[70,80)",0,2386,0,2021-12-14,0.0
"[70,80)",1,3158,0,2021-12-14,0.0
,0,20779,0,2021-12-14,0.0
,1,20755,0,2021-12-14,0.0
"[60,70)",0,3059,0,2021-12-15,0.0
"[60,70)",1,3280,0,2021-12-15,0.0
"[70,80)",0,2385,0,2021-12-15,0.0
"[70,80)",1,3158,0,2021-12-15,0.0
,0,20778,0,2021-12-15,0.0
,1,20753,0,2021-12-15,0.0
"[60,70)",0,3059,0,2021-12-16,0.0
"[60,70)",1,3280,0,2021-12-16,0.0
"[70,80)",0,2385,0,2021-12-16,0.0
"[70,80)",1,3157,0,2021-12-16,0.0
,0,20778,0,2021-12-16,0.0
,1,20753,0,2021-12-16,0.0
"[60,70)",0,3059,0,2021-12-17,0.0
"[60,70)",1,3280,0,2021-12-17,0.0
"[70,80)",0,2385,0,2021-12-17,0.0
"[70,80)",1,3157,0,2021-12-17,0.0
,0,20777,0,2021-12-17,0.0
,1,20753,0,2021-12-17,0.0
"[60,70)",0,3059,0,2021-12-18,0.0
"[60,70)",1,3280,0,2021-12-18,0.0
"[70,80)",0,2385,0,2021-12-18,0.0
"[70,80)",1,3157,0,2021-12-18,0.0
,0,20777,0,2021-12-18,0.0
,1,20752,0,2021-12-18,0.0
"[60,70)",0,3059,0,2021-12-19,0.0
"[60,70)",1,3280,0,2021-12-19,0.0
"[70,80)",0,2384,0,2021-12-19,0.0
"[70,80)",1,3157,0,2021-12-19,0.0
,0,20776,0,2021-12-19,0.0
,1,20751,0,2021-12-19,0.0
"[60,70)",0,3059,0,2021-12-20,0.0
"[60,70)",1,3279,0,2021-12-20,0.0
"[70,80)",0,2384,0,2021-12-20,0.0
"[70,80)",1,3156,0,2021-12-20,0.0
,0,20775,0,2021-12-20,0.0
,1,20751,0,2021-12-20,0.0
"[60,70)",0,3059,0,2021-12-21,0.0
"[60,70)",1,3279,0,2021-12-21,0.0
"[70,80)",0,2384,0,2021-12-21,0.0
"[70,80)",1,3156,0,2021-12-21,0.0
,0,20775,0,2021-12-21,0.0
,1,20751,0,2021-12-21,0.0
"[60,70)",0,3059,0,2021-12-22,0.0
"[60,70)",1,3279,0,2021-12-22,0.0
"[70,80)",0,2384,0,2021-12-22,0.0
"[70,80)",1,3156,0,2021-12-22,0.0
,0,20774,0,2021-12-22,0.0
,1,20749,0,2021-12-22,0.0
"[60,70)",0,3059,0,2021-12-23,0.0
"[60,70)",1,3279,1,2021-12-23,0.0003049710277523635
"[70,80)",0,2383,0,2021-12-23,0.0
"[70,80)",1,3156,1,2021-12-23,0.0003168567807351077
,0,20773,0,2021-12-23,0.0
,1,20749,4,2021-12-23,0.0001927803749578293
"[60,70)",0,3059,0,2021-12-24,0.0
"[60,70)",1,3278,2,2021-12-24,0.0006101281269066504
"[70,80)",0,2381,0,2021-12-24,0.0
"[70,80)",1,3155,0,2021-12-24,0.0
,0,20771,3,2021-12-24,0.00014443214096576958
,1,20745,3,2021-12-24,0.00014461315979754158
"[60,70)",0,3059,2,2021-12-25,0.0006538084341288003
"[60,70)",1,3276,2,2021-12-25,0.0006105006105006105
"[70,80)",0,2381,0,2021-12-25,0.0
"[70,80)",1,3155,1,2021-12-25,0.0003169572107765452
,0,20768,3,2021-12-25,0.00014445300462249616
,1,20742,13,2021-12-25,0.0006267476617491081
"[60,70)",0,3057,0,2021-12-26,0.0
"[60,70)",1,3274,0,2021-12-26,0.0
"[70,80)",0,2381,0,2021-12-26,0.0
"[70,80)",1,3154,0,2021-12-26,0.0
,0,20765,2,2021-12-26,9.63159162051529e-05
,1,20728,15,2021-12-26,0.0007236588189888074
"[60,70)",0,3057,1,2021-12-27,0.00032711808963035657
"[60,70)",1,3274,1,2021-12-27,0.00030543677458766036
"[70,80)",0,2381,1,2021-12-27,0.00041999160016799666
"[70,80)",1,3151,1,2021-12-27,0.00031735956839098697
,0,20762,1,2021-12-27,4.8164916674694154e-05
,1,20712,4,2021-12-27,0.00019312475859405175
"[60,70)",0,3056,0,2021-12-28,0.0
"[60,70)",1,3273,0,2021-12-28,0.0
"[70,80)",0,2379,0,2021-12-28,0.0
"[70,80)",1,3149,0,2021-12-28,0.0
,0,20760,0,2021-12-28,0.0
,1,20707,1,2021-12-28,4.829284782923649e-05
"[60,70)",0,3056,1,2021-12-29,0.0003272251308900524
"[60,70)",1,3273,0,2021-12-29,0.0
"[70,80)",0,2378,1,2021-12-29,0.00042052144659377626
"[70,80)",1,3148,0,2021-12-29,0.0
,0,20757,1,2021-12-29,4.817651876475406e-05
,1,20705,1,2021-12-29,4.829751267809708e-05
"[60,70)",0,3054,1,2021-12-30,0.0003274394237066143
"[60,70)",1,3273,0,2021-12-30,0.0
"[70,80)",0,2376,0,2021-12-30,0.0
"[70,80)",1,3148,0,2021-12-30,0.0
,0,20755,3,2021-12-30,0.0001445434834979523
,1,20703,2,2021-12-30,9.660435685649422e-05
"[60,70)",0,3053,0,2021-12-31,0.0
"[60,70)",1,3273,2,2021-12-31,0.0006110601894286587
"[70,80)",0,2376,1,2021-12-31,0.00042087542087542086
"[70,80)",1,3148,0,2021-12-31,0.0
,0,20752,3,2021-12-31,0.00014456437933693138
,1,20701,10,2021-12-31,0.0004830684507994783
"[60,70)",0,3056,0,2022-01-01,0.0
"[60,70)",1,3226,0,2022-01-01,0.0
"[70,80)",0,2542,0,2022-01-01,0.0
"[70,80)",1,3272,1,2022-01-01,0.0003056234718826406
,0,20579,6,2022-01-01,0.0002915593566256864
,1,20609,13,2022-01-01,0.0006307923722645446
"[60,70)",0,3056,0,2022-01-02,0.0
"[60,70)",1,3226,2,2022-01-02,0.0006199628022318661
"[70,80)",0,2542,2,2022-01-02,0.0007867820613690008
"[70,80)",1,3270,1,2022-01-02,0.0003058103975535168
,0,20571,7,2022-01-02,0.0003402848670458412
,1,20596,25,2022-01-02,0.0012138279277529617
"[60,70)",0,3055,0,2022-01-03,0.0
"[60,70)",1,3224,3,2022-01-03,0.0009305210918114144
"[70,80)",0,2540,1,2022-01-03,0.0003937007874015748
"[70,80)",1,3269,3,2022-01-03,0.0009177118384827164
,0,20564,8,2022-01-03,0.00038902937171756465
,1,20569,31,2022-01-03,0.0015071223686129612
"[60,70)",0,3053,1,2022-01-04,0.00032754667540124465
"[60,70)",1,3221,7,2022-01-04,0.002173238124805961
"[70,80)",0,2539,1,2022-01-04,0.00039385584875935406
"[70,80)",1,3266,3,2022-01-04,0.0009185548071034905
,0,20556,7,2022-01-04,0.00034053317766102355
,1,20538,32,2022-01-04,0.0015580874476579997
"[60,70)",0,3052,0,2022-01-05,0.0
"[60,70)",1,3214,0,2022-01-05,0.0
"[70,80)",0,2538,0,2022-01-05,0.0
"[70,80)",1,3262,3,2022-01-05,0.0009196811771919068
,0,20548,3,2022-01-05,0.0001459996106677049
,1,20506,4,2022-01-05,0.00019506485906563932
"[60,70)",0,3052,0,2022-01-06,0.0
"[60,70)",1,3214,1,2022-01-06,0.00031113876789047915
"[70,80)",0,2537,0,2022-01-06,0.0
"[70,80)",1,3259,0,2022-01-06,0.0
,0,20545,0,2022-01-06,0.0
,1,20502,4,2022-01-06,0.000195102916788606
"[60,70)",0,3052,4,2022-01-07,0.001310615989515072
"[60,70)",1,3213,6,2022-01-07,0.0018674136321195146
"[70,80)",0,2537,1,2022-01-07,0.00039416633819471815
"[70,80)",1,3259,0,2022-01-07,0.0
,0,20545,8,2022-01-07,0.00038938914577756143
,1,20496,20,2022-01-07,0.000975800156128025
"[60,70)",0,3048,4,2022-01-08,0.0013123359580052493
"[60,70)",1,3206,8,2022-01-08,0.002495321272613849
"[70,80)",0,2535,1,2022-01-08,0.0003944773175542406
"[70,80)",1,3259,2,2022-01-08,0.000613685179502915
,0,20535,18,2022-01-08,0.0008765522279035792
,1,20476,40,2022-01-08,0.0019535065442469234
"[60,70)",0,3044,7,2022-01-09,0.0022996057818659658
"[60,70)",1,3198,6,2022-01-09,0.001876172607879925
"[70,80)",0,2534,4,2022-01-09,0.0015785319652722968
"[70,80)",1,3256,4,2022-01-09,0.0012285012285012285
,0,20517,15,2022-01-09,0.0007311010381634742
,1,20436,39,2022-01-09,0.0019083969465648854
"[60,70)",0,3037,2,2022-01-10,0.0006585446163977609
"[60,70)",1,3191,4,2022-01-10,0.0012535255405828893
"[70,80)",0,2530,2,2022-01-10,0.0007905138339920949
"[70,80)",1,3252,6,2022-01-10,0.0018450184501845018
,0,20501,19,2022-01-10,0.0009267840593141798
,1,20395,42,2022-01-10,0.0020593282667320423
"[60,70)",0,3034,4,2022-01-11,0.0013183915622940012
"[60,70)",1,3186,11,2022-01-11,0.003452605147520402
"[70,80)",0,2528,3,2022-01-11,0.0011867088607594937
"[70,80)",1,3246,9,2022-01-11,0.0027726432532347504
,0,20480,15,2022-01-11,0.000732421875
,1,20352,38,2022-01-11,0.0018671383647798742
"[60,70)",0,3030,1,2022-01-12,0.00033003300330033004
"[60,70)",1,3175,0,2022-01-12,0.0
"[70,80)",0,2524,1,2022-01-12,0.0003961965134706815
"[70,80)",1,3237,0,2022-01-12,0.0
,0,20463,6,2022-01-12,0.00029321213898255387
,1,20313,12,2022-01-12,0.0005907546891153448
"[60,70)",0,3029,0,2022-01-13,0.0
"[60,70)",1,3175,0,2022-01-13,0.0
"[70,80)",0,2521,0,2022-01-13,0.0
"[70,80)",1,3237,0,2022-01-13,0.0
,0,20456,3,2022-01-13,0.00014665623777864684
,1,20301,3,2022-01-13,0.00014777597162701344
"[60,70)",0,3029,2,2022-01-14,0.0006602839220864972
"[60,70)",1,3175,5,2022-01-14,0.0015748031496062992
"[70,80)",0,2521,0,2022-01-14,0.0
"[70,80)",1,3237,3,2022-01-14,0.0009267840593141798
,0,20453,16,2022-01-14,0.0007822813279225541
,1,20298,43,2022-01-14,0.002118435313824022
"[60,70)",0,3027,1,2022-01-15,0.0003303600925008259
"[60,70)",1,3170,6,2022-01-15,0.0018927444794952682
"[70,80)",0,2520,1,2022-01-15,0.0003968253968253968
"[70,80)",1,3234,4,2022-01-15,0.0012368583797155227
,0,20437,14,2022-01-15,0.0006850320497137545
,1,20254,30,2022-01-15,0.0014811889009578355
"[60,70)",0,3025,2,2022-01-16,0.0006611570247933885
"[60,70)",1,3164,3,2022-01-16,0.0009481668773704172
"[70,80)",0,2519,0,2022-01-16,0.0
"[70,80)",1,3230,6,2022-01-16,0.0018575851393188853
,0,20422,18,2022-01-16,0.000881402409166585
,1,20223,51,2022-01-16,0.0025218810265539237
"[60,70)",0,3023,1,2022-01-17,0.0003307972213033411
"[60,70)",1,3161,2,2022-01-17,0.0006327111673521037
"[70,80)",0,2518,3,2022-01-17,0.0011914217633042098
"[70,80)",1,3224,2,2022-01-17,0.0006203473945409429
,0,20403,19,2022-01-17,0.0009312356026074597
,1,20172,58,2022-01-17,0.002875272655165576
"[60,70)",0,3022,1,2022-01-18,0.00033090668431502316
"[60,70)",1,3159,3,2022-01-18,0.000949667616334283
"[70,80)",0,2515,2,2022-01-18,0.0007952286282306163
"[70,80)",1,3222,2,2022-01-18,0.0006207324643078833
,0,20384,17,2022-01-18,0.0008339874411302983
,1,20113,38,2022-01-18,0.0018893253119872718
"[60,70)",0,3021,0,2022-01-19,0.0
"[60,70)",1,3156,1,2022-01-19,0.0003168567807351077
"[70,80)",0,2513,0,2022-01-19,0.0
"[70,80)",1,3219,0,2022-01-19,0.0
,0,20367,6,2022-01-19,0.0002945941964943291
,1,20075,11,2022-01-19,0.000547945205479452
"[60,70)",0,3021,1,2022-01-20,0.00033101621979476995
"[60,70)",1,3154,0,2022-01-20,0.0
"[70,80)",0,2513,0,2022-01-20,0.0
"[70,80)",1,3219,0,2022-01-20,0.0
,0,20360,5,2022-01-20,0.0002455795677799607
,1,20064,5,2022-01-20,0.00024920255183413076
"[60,70)",0,3020,0,2022-01-21,0.0
"[60,70)",1,3154,2,2022-01-21,0.0006341154090044388
"[70,80)",0,2512,1,2022-01-21,0.0003980891719745223
"[70,80)",1,3217,0,2022-01-21,0.0
,0,20353,9,2022-01-21,0.00044219525377094284
,1,20059,44,2022-01-21,0.002193529089186899
"[60,70)",0,3020,2,2022-01-22,0.0006622516556291391
"[60,70)",1,3152,5,2022-01-22,0.0015862944162436548
"[70,80)",0,2511,2,2022-01-22,0.0007964954201513341
"[70,80)",1,3217,1,2022-01-22,0.00031084861672365556
,0,20342,16,2022-01-22,0.0007865499950840626
,1,20012,27,2022-01-22,0.0013491904857085748
"[60,70)",0,3017,1,2022-01-23,0.00033145508783559825
"[60,70)",1,3147,5,2022-01-23,0.0015888147442008262
"[70,80)",0,2509,0,2022-01-23,0.0
"[70,80)",1,3216,1,2022-01-23,0.0003109452736318408
,0,20326,10,2022-01-23,0.0004919807143559973
,1,19985,29,2022-01-23,0.0014510883162371778
"[60,70)",0,3016,1,2022-01-24,0.0003315649867374005
"[60,70)",1,3142,3,2022-01-24,0.0009548058561425843
"[70,80)",0,2509,0,2022-01-24,0.0
"[70,80)",1,3215,1,2022-01-24,0.00031104199066874026
,0,20315,13,2022-01-24,0.0006399212404627122
,1,19956,22,2022-01-24,0.001102425335738625
"[60,70)",0,3015,0,2022-01-25,0.0
"[60,70)",1,3139,1,2022-01-25,0.00031857279388340236
"[70,80)",0,2509,0,2022-01-25,0.0
"[70,80)",1,3214,0,2022-01-25,0.0
,0,20302,9,2022-01-25,0.0004433060782188947
,1,19934,17,2022-01-25,0.0008528142871475871
"[60,70)",0,3015,0,2022-01-26,0.0
"[60,70)",1,3138,0,2022-01-26,0.0
"[70,80)",0,2509,0,2022-01-26,0.0
"[70,80)",1,3214,0,2022-01-26,0.0
,0,20293,0,2022-01-26,0.0
,1,19914,2,2022-01-26,0.00010043185698503566
"[60,70)",0,3015,0,2022-01-27,0.0
"[60,70)",1,3138,0,2022-01-27,0.0
"[70,80)",0,2509,0,2022-01-27,0.0
"[70,80)",1,3214,1,2022-01-27,0.00031113876789047915
,0,20292,2,2022-01-27,9.856100926473487e-05
,1,19909,1,2022-01-27,5.0228539856346375e-05
"[60,70)",0,3015,0,2022-01-28,0.0
"[60,70)",1,3138,0,2022-01-28,0.0
"[70,80)",0,2507,0,2022-01-28,0.0
"[70,80)",1,3213,1,2022-01-28,0.0003112356053532524
,0,20287,8,2022-01-28,0.00039434120372652435
,1,19904,22,2022-01-28,0.0011053054662379421
"[60,70)",0,3015,0,2022-01-29,0.0
"[60,70)",1,3138,2,2022-01-29,0.0006373486297004461
"[70,80)",0,2507,0,2022-01-29,0.0
"[70,80)",1,3212,0,2022-01-29,0.0
,0,20278,3,2022-01-29,0.0001479435841798994
,1,19882,17,2022-01-29,0.0008550447641082386
"[60,70)",0,3015,1,2022-01-30,0.0003316749585406302
"[60,70)",1,3136,1,2022-01-30,0.00031887755102040814
"[70,80)",0,2507,2,2022-01-30,0.0007977662544874351
"[70,80)",1,3211,1,2022-01-30,0.0003114294612270321
,0,20275,15,2022-01-30,0.0007398273736128237
,1,19864,10,2022-01-30,0.0005034232782923883
"[60,70)",0,3014,0,2022-01-31,0.0
"[60,70)",1,3135,2,2022-01-31,0.0006379585326953748
"[70,80)",0,2505,0,2022-01-31,0.0
"[70,80)",1,3210,0,2022-01-31,0.0
,0,20258,4,2022-01-31,0.00019745285813012144
,1,19853,14,2022-01-31,0.0007051830957537904
"[60,70)",0,3014,0,2022-02-01,0.0
"[60,70)",1,3133,0,2022-02-01,0.0
"[70,80)",0,2504,1,2022-02-01,0.00039936102236421724
"[70,80)",1,3210,0,2022-02-01,0.0
,0,20254,8,2022-02-01,0.00039498370692208945
,1,19839,18,2022-02-01,0.0009073037955542114
"[60,70)",0,3014,0,2022-02-02,0.0
"[60,70)",1,3133,0,2022-02-02,0.0
"[70,80)",0,2503,0,2022-02-02,0.0
"[70,80)",1,3210,0,2022-02-02,0.0
,0,20246,1,2022-02-02,4.9392472587177715e-05
,1,19820,1,2022-02-02,5.0454086781029264e-05
"[60,70)",0,3014,0,2022-02-03,0.0
"[60,70)",1,3133,0,2022-02-03,0.0
"[70,80)",0,2503,0,2022-02-03,0.0
"[70,80)",1,3210,0,2022-02-03,0.0
,0,20244,1,2022-02-03,4.939735230191662e-05
,1,19819,2,2022-02-03,0.00010091326504869065
"[60,70)",0,3014,2,2022-02-04,0.0006635700066357001
"[60,70)",1,3132,0,2022-02-04,0.0
"[70,80)",0,2503,1,2022-02-04,0.00039952057530962844
"[70,80)",1,3210,1,2022-02-04,0.00031152647975077883
,0,20242,5,2022-02-04,0.0002470111649046537
,1,19816,20,2022-02-04,0.0010092854259184498
"[60,70)",0,3011,1,2022-02-05,0.00033211557622052476
"[60,70)",1,3132,1,2022-02-05,0.00031928480204342275
"[70,80)",0,2501,1,2022-02-05,0.00039984006397441024
"[70,80)",1,3209,3,2022-02-05,0.0009348706762231225
,0,20236,11,2022-02-05,0.0005435856888713185
,1,19796,13,2022-02-05,0.0006566983228935138
"[60,70)",0,3010,0,2022-02-06,0.0
"[60,70)",1,3131,2,2022-02-06,0.0006387735547748323
"[70,80)",0,2500,4,2022-02-06,0.0016
"[70,80)",1,3206,0,2022-02-06,0.0
,0,20224,10,2022-02-06,0.0004944620253164557
,1,19783,16,2022-02-06,0.0008087752110397816
"[60,70)",0,3010,0,2022-02-07,0.0
"[60,70)",1,3129,0,2022-02-07,0.0
"[70,80)",0,2496,0,2022-02-07,0.0
"[70,80)",1,3206,2,2022-02-07,0.0006238303181534623
,0,20214,9,2022-02-07,0.0004452359750667854
,1,19766,18,2022-02-07,0.0009106546595163412
"[60,70)",0,3010,0,2022-02-08,0.0
"[60,70)",1,3129,0,2022-02-08,0.0
"[70,80)",0,2496,0,2022-02-08,0.0
"[70,80)",1,3204,1,2022-02-08,0.00031210986267166043
,0,20205,12,2022-02-08,0.0005939123979213066
,1,19747,13,2022-02-08,0.0006583278472679394
"[60,70)",0,3010,1,2022-02-09,0.0003322259136212625
"[60,70)",1,3128,1,2022-02-09,0.00031969309462915604
"[70,80)",0,2496,0,2022-02-09,0.0
"[70,80)",1,3199,0,2022-02-09,0.0
,0,20193,2,2022-02-09,9.90442232456792e-05
,1,19733,9,2022-02-09,0.0004560887852835352
"[60,70)",0,3009,0,2022-02-10,0.0
"[60,70)",1,3127,1,2022-02-10,0.0003197953309881676
"[70,80)",0,2494,0,2022-02-10,0.0
"[70,80)",1,3198,0,2022-02-10,0.0
,0,20191,0,2022-02-10,0.0
,1,19723,3,2022-02-10,0.0001521066774831415
"[60,70)",0,3008,0,2022-02-11,0.0
"[60,70)",1,3126,1,2022-02-11,0.0003198976327575176
"[70,80)",0,2494,1,2022-02-11,0.00040096230954290296
"[70,80)",1,3198,1,2022-02-11,0.00031269543464665416
,0,20191,9,2022-02-11,0.00044574315288990144
,1,19720,15,2022-02-11,0.0007606490872210953
"[60,70)",0,3008,0,2022-02-12,0.0
"[60,70)",1,3125,0,2022-02-12,0.0
"[70,80)",0,2493,1,2022-02-12,0.00040112314480545525
"[70,80)",1,3197,2,2022-02-12,0.0006255864873318737
,0,20182,13,2022-02-12,0.0006441383410960261
,1,19705,27,2022-02-12,0.0013702106064450647
"[60,70)",0,3007,0,2022-02-13,0.0
"[60,70)",1,3124,3,2022-02-13,0.0009603072983354673
"[70,80)",0,2491,1,2022-02-13,0.0004014452027298274
"[70,80)",1,3195,3,2022-02-13,0.0009389671361502347
,0,20168,14,2022-02-13,0.0006941689805632685
,1,19678,18,2022-02-13,0.0009147271064132534
"[60,70)",0,3006,0,2022-02-14,0.0
"[60,70)",1,3121,0,2022-02-14,0.0
"[70,80)",0,2490,2,2022-02-14,0.0008032128514056225
"[70,80)",1,3192,4,2022-02-14,0.0012531328320802004
,0,20153,18,2022-02-14,0.0008931672703815809
,1,19660,26,2022-02-14,0.0013224821973550356
"[60,70)",0,3006,1,2022-02-15,0.00033266799733865603
"[60,70)",1,3121,4,2022-02-15,0.001281640499839795
"[70,80)",0,2488,1,2022-02-15,0.00040192926045016077
"[70,80)",1,3188,1,2022-02-15,0.0003136762860727729
,0,20132,20,2022-02-15,0.0009934432743890324
,1,19634,31,2022-02-15,0.0015788937557298563
"[60,70)",0,3005,0,2022-02-16,0.0
"[60,70)",1,3116,0,2022-02-16,0.0
"[70,80)",0,2487,0,2022-02-16,0.0
"[70,80)",1,3186,1,2022-02-16,0.00031387319522912746
,0,20111,2,2022-02-16,9.944806324896822e-05
,1,19602,7,2022-02-16,0.0003571064177124783
"[60,70)",0,3005,0,2022-02-17,0.0
"[60,70)",1,3116,0,2022-02-17,0.0
"[70,80)",0,2486,0,2022-02-17,0.0
"[70,80)",1,3185,1,2022-02-17,0.0003139717425431711
,0,20108,2,2022-02-17,9.946290033817386e-05
,1,19595,3,2022-02-17,0.00015310028068384792
"[60,70)",0,3005,1,2022-02-18,0.00033277870216306157
"[60,70)",1,3116,3,2022-02-18,0.0009627727856225931
"[70,80)",0,2486,0,2022-02-18,0.0
"[70,80)",1,3184,1,2022-02-18,0.000314070351758794
,0,20106,11,2022-02-18,0.0005471003680493385
,1,19592,32,2022-02-18,0.0016333197223356473
"[60,70)",0,3004,3,2022-02-19,0.0009986684420772304
"[60,70)",1,3113,3,2022-02-19,0.0009637006103437199
"[70,80)",0,2486,1,2022-02-19,0.00040225261464199515
"[70,80)",1,3183,2,2022-02-19,0.0006283380458686773
,0,20094,18,2022-02-19,0.0008957897879964168
,1,19558,37,2022-02-19,0.0018918089784231516
"[60,70)",0,3001,1,2022-02-20,0.0003332222592469177
"[60,70)",1,3110,4,2022-02-20,0.0012861736334405145
"[70,80)",0,2485,2,2022-02-20,0.0008048289738430583
"[70,80)",1,3181,3,2022-02-20,0.0009430996541967935
,0,20076,20,2022-02-20,0.0009962143853357243
,1,19521,39,2022-02-20,0.0019978484708775167
"[60,70)",0,3000,5,2022-02-21,0.0016666666666666668
"[60,70)",1,3106,8,2022-02-21,0.0025756600128783
"[70,80)",0,2483,2,2022-02-21,0.0008054772452678212
"[70,80)",1,3177,3,2022-02-21,0.0009442870632672333
,0,20055,26,2022-02-21,0.0012964348042882074
,1,19482,52,2022-02-21,0.0026691304794168977
"[60,70)",0,2994,3,2022-02-22,0.001002004008016032
"[60,70)",1,3098,6,2022-02-22,0.001936733376371853
"[70,80)",0,2479,4,2022-02-22,0.0016135538523598225
"[70,80)",1,3174,2,2022-02-22,0.000630119722747322
,0,20028,19,2022-02-22,0.0009486718593968444
,1,19430,38,2022-02-22,0.00195573854863613
"[60,70)",0,2991,0,2022-02-23,0.0
"[60,70)",1,3092,1,2022-02-23,0.0003234152652005175
"[70,80)",0,2475,0,2022-02-23,0.0
"[70,80)",1,3172,1,2022-02-23,0.00031525851197982345
,0,20008,3,2022-02-23,0.00014994002399040384
,1,19391,9,2022-02-23,0.0004641328451343407
"[60,70)",0,2991,1,2022-02-24,0.00033433634236041456
"[60,70)",1,3091,1,2022-02-24,0.00032351989647363315
"[70,80)",0,2475,0,2022-02-24,0.0
"[70,80)",1,3171,1,2022-02-24,0.000315357931251971
,0,20004,2,2022-02-24,9.998000399920016e-05
,1,19380,10,2022-02-24,0.0005159958720330237
"[60,70)",0,2990,3,2022-02-25,0.001003344481605351
"[60,70)",1,3090,6,2022-02-25,0.001941747572815534
"[70,80)",0,2475,3,2022-02-25,0.0012121212121212121
"[70,80)",1,3170,7,2022-02-25,0.0022082018927444794
,0,20002,30,2022-02-25,0.0014998500149985001
,1,19368,48,2022-02-25,0.0024783147459727386
"[60,70)",0,2987,11,2022-02-26,0.0036826247070639436
"[60,70)",1,3083,18,2022-02-26,0.005838469023678235
"[70,80)",0,2472,7,2022-02-26,0.0028317152103559872
"[70,80)",1,3163,14,2022-02-26,0.004426177679418274
,0,19971,25,2022-02-26,0.001251815131941315
,1,19320,67,2022-02-26,0.0034679089026915114
"[60,70)",0,2976,4,2022-02-27,0.0013440860215053765
"[60,70)",1,3065,11,2022-02-27,0.0035889070146818925
"[70,80)",0,2463,4,2022-02-27,0.0016240357287860333
"[70,80)",1,3149,29,2022-02-27,0.009209272785011114
,0,19944,25,2022-02-27,0.0012535098275170478
,1,19253,75,2022-02-27,0.0038954968056926194
"[60,70)",0,2972,3,2022-02-28,0.001009421265141319
"[60,70)",1,3054,9,2022-02-28,0.0029469548133595285
"[70,80)",0,2458,8,2022-02-28,0.0032546786004882017
"[70,80)",1,3119,22,2022-02-28,0.007053542802180186
,0,19918,24,2022-02-28,0.0012049402550456873
,1,19178,72,2022-02-28,0.0037543018041505893
"[60,70)",0,2969,5,2022-03-01,0.001684068710003368
"[60,70)",1,3045,8,2022-03-01,0.002627257799671593
"[70,80)",0,2449,19,2022-03-01,0.007758268681094325
"[70,80)",1,3096,29,2022-03-01,0.009366925064599484
,0,19894,26,2022-03-01,0.001306926711571328
,1,19105,48,2022-03-01,0.0025124313007066214
"[60,70)",0,2964,1,2022-03-02,0.00033738191632928474
"[60,70)",1,3037,7,2022-03-02,0.0023049061573921633
"[70,80)",0,2430,1,2022-03-02,0.00041152263374485596
"[70,80)",1,3067,5,2022-03-02,0.0016302575806977503
,0,19868,12,2022-03-02,0.0006039863096436481
,1,19056,20,2022-03-02,0.0010495382031905961
"[60,70)",0,2962,2,2022-03-03,0.0006752194463200541
"[60,70)",1,3030,4,2022-03-03,0.0013201320132013201
"[70,80)",0,2428,4,2022-03-03,0.0016474464579901153
"[70,80)",1,3062,24,2022-03-03,0.007838014369693011
,0,19855,7,2022-03-03,0.00035255603122639134
,1,19036,22,2022-03-03,0.001155704980037823
"[60,70)",0,2959,1,2022-03-04,0.0003379520108144643
"[60,70)",1,3026,7,2022-03-04,0.002313284864507601
"[70,80)",0,2424,18,2022-03-04,0.007425742574257425
"[70,80)",1,3038,33,2022-03-04,0.010862409479921
,0,19848,19,2022-03-04,0.0009572752922208786
,1,19013,53,2022-03-04,0.002787566401935518
"[60,70)",0,2957,6,2022-03-05,0.002029083530605343
"[60,70)",1,3019,14,2022-03-05,0.004637297118251077
"[70,80)",0,2406,40,2022-03-05,0.01662510390689942
"[70,80)",1,3005,38,2022-03-05,0.01264559068219634
,0,19829,26,2022-03-05,0.001311210852791366
,1,18960,53,2022-03-05,0.0027953586497890294
"[60,70)",0,2951,8,2022-03-06,0.0027109454422229754
"[60,70)",1,3005,14,2022-03-06,0.004658901830282862
"[70,80)",0,2365,38,2022-03-06,0.016067653276955602
"[70,80)",1,2966,51,2022-03-06,0.017194875252865813
,0,19803,37,2022-03-06,0.0018684037772054738
,1,18907,62,2022-03-06,0.0032792087586608135
"[60,70)",0,2943,6,2022-03-07,0.0020387359836901123
"[60,70)",1,2991,9,2022-03-07,0.003009027081243731
"[70,80)",0,2327,43,2022-03-07,0.01847872797593468
"[70,80)",1,2915,69,2022-03-07,0.023670668953687822
,0,19766,35,2022-03-07,0.0017707173935039967
,1,18845,80,2022-03-07,0.0042451578668081715
"[60,70)",0,2936,7,2022-03-08,0.0023841961852861036
"[60,70)",1,2982,7,2022-03-08,0.002347417840375587
"[70,80)",0,2283,36,2022-03-08,0.01576872536136662
"[70,80)",1,2846,49,2022-03-08,0.017217146872803936
,0,19730,23,2022-03-08,0.0011657374556512925
,1,18765,52,2022-03-08,0.0027711164401811885
"[60,70)",0,2929,0,2022-03-09,0.0
"[60,70)",1,2975,3,2022-03-09,0.0010084033613445378
"[70,80)",0,2247,16,2022-03-09,0.007120605251446373
"[70,80)",1,2796,24,2022-03-09,0.008583690987124463
,0,19707,10,2022-03-09,0.000507433906733648
,1,18712,29,2022-03-09,0.001549807610089782
"[60,70)",0,2929,0,2022-03-10,0.0
"[60,70)",1,2972,2,2022-03-10,0.0006729475100942127
"[70,80)",0,2229,7,2022-03-10,0.0031404217137729925
"[70,80)",1,2772,15,2022-03-10,0.005411255411255411
,0,19696,9,2022-03-10,0.0004569455727051178
,1,18680,9,2022-03-10,0.00048179871520342613
"[60,70)",0,2929,8,2022-03-11,0.0027313076135199728
"[60,70)",1,2970,7,2022-03-11,0.0023569023569023568
"[70,80)",0,2222,36,2022-03-11,0.016201620162016202
"[70,80)",1,2757,37,2022-03-11,0.01342038447587958
,0,19687,23,2022-03-11,0.0011682836389495606
,1,18670,33,2022-03-11,0.0017675415104445634
"[60,70)",0,2921,4,2022-03-12,0.0013693940431359123
"[60,70)",1,2963,7,2022-03-12,0.002362470469119136
"[70,80)",0,2186,43,2022-03-12,0.019670631290027447
"[70,80)",1,2719,59,2022-03-12,0.021699154100772344
,0,19664,25,2022-03-12,0.0012713588283157038
,1,18637,42,2022-03-12,0.002253581585019048
"[60,70)",0,2916,4,2022-03-13,0.0013717421124828531
"[60,70)",1,2956,9,2022-03-13,0.003044654939106901
"[70,80)",0,2142,47,2022-03-13,0.021942110177404293
"[70,80)",1,2660,67,2022-03-13,0.02518796992481203
,0,19639,21,2022-03-13,0.0010693008809002495
,1,18594,55,2022-03-13,0.0029579434226094437
"[60,70)",0,2910,13,2022-03-14,0.004467353951890034
"[60,70)",1,2947,10,2022-03-14,0.0033932813030200203
"[70,80)",0,2094,40,2022-03-14,0.019102196752626553
"[70,80)",1,2593,51,2022-03-14,0.019668337832626302
,0,19617,23,2022-03-14,0.0011724524646989855
,1,18538,47,2022-03-14,0.0025353328298629843
"[60,70)",0,2897,5,2022-03-15,0.0017259233690024164
"[60,70)",1,2936,9,2022-03-15,0.0030653950953678476
"[70,80)",0,2053,39,2022-03-15,0.018996590355577204
"[70,80)",1,2542,50,2022-03-15,0.01966955153422502
,0,19594,19,2022-03-15,0.000969684597325712
,1,18490,53,2022-03-15,0.0028664142779881016
"[60,70)",0,2892,4,2022-03-16,0.0013831258644536654
"[60,70)",1,2927,3,2022-03-16,0.0010249402118209772
"[70,80)",0,2013,18,2022-03-16,0.00894187779433681
"[70,80)",1,2492,23,2022-03-16,0.009229534510433388
,0,19575,11,2022-03-16,0.000561941251596424
,1,18437,20,2022-03-16,0.0010847751803438738
"[60,70)",0,2888,1,2022-03-17,0.00034626038781163435
"[60,70)",1,2924,0,2022-03-17,0.0
"[70,80)",0,1995,7,2022-03-17,0.0035087719298245615
"[70,80)",1,2469,10,2022-03-17,0.004050222762251924
,0,19564,2,2022-03-17,0.00010222858311183807
,1,18417,10,2022-03-17,0.0005429765977086388
"[60,70)",0,2887,5,2022-03-18,0.0017319016279875303
"[60,70)",1,2924,9,2022-03-18,0.0030779753761969904
"[70,80)",0,1988,23,2022-03-18,0.011569416498993963
"[70,80)",1,2459,28,2022-03-18,0.011386742578283855
,0,19562,21,2022-03-18,0.0010735098660668643
,1,18407,36,2022-03-18,0.001955777693268865
"[60,70)",0,2882,3,2022-03-19,0.001040943789035392
"[60,70)",1,2915,4,2022-03-19,0.0013722126929674098
"[70,80)",0,1964,34,2022-03-19,0.017311608961303463
"[70,80)",1,2431,42,2022-03-19,0.01727684080625257
,0,19540,13,2022-03-19,0.0006653019447287616
,1,18370,33,2022-03-19,0.0017964071856287425
"[60,70)",0,2878,4,2022-03-20,0.001389854065323141
"[60,70)",1,2910,5,2022-03-20,0.001718213058419244
"[70,80)",0,1930,35,2022-03-20,0.018134715025906734
"[70,80)",1,2389,34,2022-03-20,0.014231896190874843
,0,19527,20,2022-03-20,0.0010242228708967072
,1,18337,28,2022-03-20,0.0015269673338059661
"[60,70)",0,2873,8,2022-03-21,0.0027845457709711106
"[60,70)",1,2905,13,2022-03-21,0.004475043029259896
"[70,80)",0,1895,23,2022-03-21,0.012137203166226913
"[70,80)",1,2354,31,2022-03-21,0.013169073916737469
,0,19507,23,2022-03-21,0.0011790639257702362
,1,18309,27,2022-03-21,0.0014746845813534328
"[60,70)",0,2865,11,2022-03-22,0.0038394415357766143
"[60,70)",1,2892,4,2022-03-22,0.0013831258644536654
"[70,80)",0,1872,26,2022-03-22,0.013888888888888888
"[70,80)",1,2323,26,2022-03-22,0.011192423590185106
,0,19484,23,2022-03-22,0.0011804557585711353
,1,18282,41,2022-03-22,0.0022426430368668636
"[60,70)",0,2854,1,2022-03-23,0.000350385423966363
"[60,70)",1,2888,1,2022-03-23,0.00034626038781163435
"[70,80)",0,1846,16,2022-03-23,0.00866738894907909
"[70,80)",1,2297,13,2022-03-23,0.0056595559425337396
,0,19461,7,2022-03-23,0.00035969374646729354
,1,18240,9,2022-03-23,0.000493421052631579
"[60,70)",0,2853,1,2022-03-24,0.0003505082369435682
"[60,70)",1,2887,1,2022-03-24,0.00034638032559750607
"[70,80)",0,1830,8,2022-03-24,0.004371584699453552
"[70,80)",1,2283,9,2022-03-24,0.003942181340341655
,0,19454,2,2022-03-24,0.00010280662074637607
,1,18231,6,2022-03-24,0.0003291097581043278
"[60,70)",0,2852,1,2022-03-25,0.0003506311360448808
"[60,70)",1,2885,7,2022-03-25,0.0024263431542461003
"[70,80)",0,1821,9,2022-03-25,0.004942339373970346
"[70,80)",1,2273,34,2022-03-25,0.014958205015398152
,0,19452,10,2022-03-25,0.0005140859551717047
,1,18225,32,2022-03-25,0.0017558299039780521
"[60,70)",0,2851,3,2022-03-26,0.001052262364082778
"[60,70)",1,2878,13,2022-03-26,0.004517025712300208
"[70,80)",0,1811,29,2022-03-26,0.01601325234676974
"[70,80)",1,2239,32,2022-03-26,0.014292094685127288
,0,19442,20,2022-03-26,0.0010287007509515481
,1,18192,31,2022-03-26,0.0017040457343887423
"[60,70)",0,2848,6,2022-03-27,0.002106741573033708
"[60,70)",1,2865,9,2022-03-27,0.0031413612565445027
"[70,80)",0,1781,26,2022-03-27,0.014598540145985401
"[70,80)",1,2207,28,2022-03-27,0.012686905301314002
,0,19422,18,2022-03-27,0.0009267840593141798
,1,18161,29,2022-03-27,0.0015968283684819119
"[60,70)",0,2842,11,2022-03-28,0.0038705137227304713
"[60,70)",1,2856,14,2022-03-28,0.004901960784313725
"[70,80)",0,1754,35,2022-03-28,0.019954389965792473
"[70,80)",1,2179,18,2022-03-28,0.008260670032124828
,0,19404,21,2022-03-28,0.0010822510822510823
,1,18131,28,2022-03-28,0.0015443163642380453
"[60,70)",0,2831,1,2022-03-29,0.00035323207347227127
"[60,70)",1,2842,3,2022-03-29,0.001055594651653765
"[70,80)",0,1717,5,2022-03-29,0.0029120559114735
"[70,80)",1,2160,3,2022-03-29,0.001388888888888889
,0,19383,6,2022-03-29,0.00030954960532425323
,1,18103,6,2022-03-29,0.00033143677843451363
"[60,70)",0,2830,2,2022-03-30,0.0007067137809187279
"[60,70)",1,2839,3,2022-03-30,0.0010567101091933778
"[70,80)",0,1712,4,2022-03-30,0.002336448598130841
"[70,80)",1,2157,5,2022-03-30,0.0023180343069077423
,0,19377,2,2022-03-30,0.00010321515198431129
,1,18097,5,2022-03-30,0.00027628888766093826
"[60,70)",0,2828,1,2022-03-31,0.0003536067892503536
"[60,70)",1,2836,1,2022-03-31,0.0003526093088857546
"[70,80)",0,1707,2,2022-03-31,0.0011716461628588166
"[70,80)",1,2152,5,2022-03-31,0.0023234200743494425
,0,19374,2,2022-03-31,0.00010323113451016826
,1,18092,4,2022-03-31,0.00022109219544550078
"[60,70)",0,2827,0,2022-04-01,0.0
"[60,70)",1,2835,0,2022-04-01,0.0
"[70,80)",0,1703,3,2022-04-01,0.0017615971814445098
"[70,80)",1,2146,3,2022-04-01,0.0013979496738117428
,0,19372,0,2022-04-01,0.0
,1,18087,2,2022-04-01,0.0001105766572676508
"[60,70)",0,2827,4,2022-04-02,0.0014149274849663955
"[60,70)",1,2835,5,2022-04-02,0.001763668430335097
"[70,80)",0,1700,18,2022-04-02,0.010588235294117647
"[70,80)",1,2143,25,2022-04-02,0.011665888940737284
,0,19372,14,2022-04-02,0.0007226925459425976
,1,18085,27,2022-04-02,0.0014929499585291679
"[60,70)",0,2823,11,2022-04-03,0.0038965639390719092
"[60,70)",1,2830,8,2022-04-03,0.0028268551236749115
"[70,80)",0,1681,24,2022-04-03,0.014277215942891136
"[70,80)",1,2117,22,2022-04-03,0.010392064241851677
,0,19358,16,2022-04-03,0.0008265316664944726
,1,18058,26,2022-04-03,0.0014398050725440248
"[60,70)",0,2812,15,2022-04-04,0.005334281650071123
"[60,70)",1,2822,16,2022-04-04,0.005669737774627924
"[70,80)",0,1656,52,2022-04-04,0.03140096618357488
"[70,80)",1,2095,63,2022-04-04,0.03007159904534606
,0,19342,32,2022-04-04,0.0016544307724123668
,1,18031,43,2022-04-04,0.002384781764738506
"[60,70)",0,2797,15,2022-04-05,0.005362888809438684
"[60,70)",1,2806,16,2022-04-05,0.005702066999287242
"[70,80)",0,1604,28,2022-04-05,0.017456359102244388
"[70,80)",1,2031,65,2022-04-05,0.032003938946331856
,0,19310,22,2022-04-05,0.0011393060590367686
,1,17986,27,2022-04-05,0.0015011675747803848
"[60,70)",0,2781,6,2022-04-06,0.002157497303128371
"[60,70)",1,2790,9,2022-04-06,0.0032258064516129032
"[70,80)",0,1576,23,2022-04-06,0.014593908629441625
"[70,80)",1,1965,24,2022-04-06,0.012213740458015267
,0,19288,13,2022-04-06,0.0006739941932807963
,1,17959,15,2022-04-06,0.0008352358149117434
"[60,70)",0,2775,1,2022-04-07,0.00036036036036036037
"[60,70)",1,2781,1,2022-04-07,0.0003595828838547285
"[70,80)",0,1553,11,2022-04-07,0.0070830650354153256
"[70,80)",1,1940,15,2022-04-07,0.007731958762886598
,0,19274,5,2022-04-07,0.0002594168309639929
,1,17944,7,2022-04-07,0.0003901025412394115
"[60,70)",0,2774,15,2022-04-08,0.005407354001441961
"[60,70)",1,2780,16,2022-04-08,0.0057553956834532375
"[70,80)",0,1542,46,2022-04-08,0.029831387808041506
"[70,80)",1,1925,60,2022-04-08,0.03116883116883117
,0,19269,24,2022-04-08,0.0012455238984898022
,1,17937,36,2022-04-08,0.002007024586051179
"[60,70)",0,2759,17,2022-04-09,0.0061616527727437476
"[60,70)",1,2764,7,2022-04-09,0.002532561505065123
"[70,80)",0,1496,40,2022-04-09,0.026737967914438502
"[70,80)",1,1865,67,2022-04-09,0.035924932975871314
,0,19245,21,2022-04-09,0.0010911925175370225
,1,17901,45,2022-04-09,0.002513826043237808
"[60,70)",0,2742,17,2022-04-10,0.006199854121079504
"[60,70)",1,2757,24,2022-04-10,0.008705114254624592
"[70,80)",0,1456,48,2022-04-10,0.03296703296703297
"[70,80)",1,1797,56,2022-04-10,0.031163049526989426
,0,19223,21,2022-04-10,0.0010924413463039068
,1,17856,25,2022-04-10,0.001400089605734767
"[60,70)",0,2725,21,2022-04-11,0.007706422018348624
"[60,70)",1,2733,26,2022-04-11,0.00951335528723015
"[70,80)",0,1408,65,2022-04-11,0.04616477272727273
"[70,80)",1,1740,62,2022-04-11,0.035632183908045977
,0,19202,35,2022-04-11,0.0018227267992917404
,1,17831,37,2022-04-11,0.0020750378554203353
"[60,70)",0,2704,27,2022-04-12,0.009985207100591717
"[60,70)",1,2707,20,2022-04-12,0.007388252678241596
"[70,80)",0,1343,36,2022-04-12,0.02680565897244974
"[70,80)",1,1678,42,2022-04-12,0.025029797377830752
,0,19167,32,2022-04-12,0.0016695361819794438
,1,17794,53,2022-04-12,0.00297853208946836
"[60,70)",0,2677,10,2022-04-13,0.0037355248412401943
"[60,70)",1,2687,11,2022-04-13,0.004093784890212133
"[70,80)",0,1307,17,2022-04-13,0.013006885998469778
"[70,80)",1,1636,19,2022-04-13,0.011613691931540342
,0,19135,18,2022-04-13,0.0009406846093545858
,1,17741,23,2022-04-13,0.0012964319936869398
"[60,70)",0,2667,5,2022-04-14,0.0018747656542932134
"[60,70)",1,2676,7,2022-04-14,0.002615844544095665
"[70,80)",0,1290,11,2022-04-14,0.008527131782945736
"[70,80)",1,1617,12,2022-04-14,0.0074211502782931356
,0,19116,10,2022-04-14,0.0005231219920485457
,1,17718,16,2022-04-14,0.0009030364600970764
"[60,70)",0,2662,28,2022-04-15,0.010518407212622089
"[60,70)",1,2669,34,2022-04-15,0.012738853503184714
"[70,80)",0,1278,46,2022-04-15,0.03599374021909233
"[70,80)",1,1605,54,2022-04-15,0.03364485981308411
,0,19106,28,2022-04-15,0.0014655082173139328
,1,17702,35,2022-04-15,0.0019771777200316347
"[60,70)",0,2634,33,2022-04-16,0.012528473804100227
"[60,70)",1,2635,29,2022-04-16,0.011005692599620493
"[70,80)",0,1230,31,2022-04-16,0.025203252032520326
"[70,80)",1,1551,43,2022-04-16,0.027724049000644745
,0,19078,22,2022-04-16,0.0011531607086696719
,1,17667,34,2022-04-16,0.0019244919907171563
"[60,70)",0,2601,44,2022-04-17,0.016916570549788543
"[60,70)",1,2606,40,2022-04-17,0.015349194167306216
"[70,80)",0,1199,40,2022-04-17,0.03336113427856547
"[70,80)",1,1508,48,2022-04-17,0.03183023872679045
,0,19056,24,2022-04-17,0.0012594458438287153
,1,17633,38,2022-04-17,0.0021550501899846876
"[60,70)",0,2557,41,2022-04-18,0.016034415330465387
"[60,70)",1,2566,51,2022-04-18,0.019875292283710055
"[70,80)",0,1159,52,2022-04-18,0.04486626402070751
"[70,80)",1,1460,67,2022-04-18,0.04589041095890411
,0,19032,30,2022-04-18,0.0015762925598991173
,1,17595,26,2022-04-18,0.0014776925262858767
"[60,70)",0,2516,36,2022-04-19,0.014308426073131956
"[60,70)",1,2515,45,2022-04-19,0.017892644135188866
"[70,80)",0,1107,36,2022-04-19,0.032520325203252036
"[70,80)",1,1393,45,2022-04-19,0.03230437903804738
,0,19001,39,2022-04-19,0.002052523551392032
,1,17569,48,2022-04-19,0.002732084922306335
"[60,70)",0,2480,15,2022-04-20,0.006048387096774193
"[60,70)",1,2470,19,2022-04-20,0.007692307692307693
"[70,80)",0,1071,16,2022-04-20,0.014939309056956116
"[70,80)",1,1348,19,2022-04-20,0.014094955489614243
,0,18962,18,2022-04-20,0.0009492669549625567
,1,17521,9,2022-04-20,0.0005136693111123795
"[60,70)",0,2465,18,2022-04-21,0.007302231237322515
"[60,70)",1,2450,20,2022-04-21,0.00816326530612245
"[70,80)",0,1055,9,2022-04-21,0.008530805687203791
"[70,80)",1,1329,19,2022-04-21,0.014296463506395787
,0,18944,9,2022-04-21,0.0004750844594594595
,1,17512,13,2022-04-21,0.0007423481041571494
"[60,70)",0,2447,60,2022-04-22,0.024519820187985288
"[60,70)",1,2430,74,2022-04-22,0.030452674897119343
"[70,80)",0,1046,30,2022-04-22,0.028680688336520075
"[70,80)",1,1310,46,2022-04-22,0.035114503816793895
,0,18935,30,2022-04-22,0.0015843675732770002
,1,17499,21,2022-04-22,0.0012000685753471626
"[60,70)",0,2387,58,2022-04-23,0.024298282362798494
"[60,70)",1,2355,80,2022-04-23,0.03397027600849257
"[70,80)",0,1016,33,2022-04-23,0.03248031496062992
"[70,80)",1,1264,31,2022-04-23,0.0245253164556962
,0,18904,22,2022-04-23,0.0011637748624629708
,1,17478,21,2022-04-23,0.001201510470305527
"[60,70)",0,2329,71,2022-04-24,0.030485186775440102
"[60,70)",1,2275,94,2022-04-24,0.04131868131868132
"[70,80)",0,983,22,2022-04-24,0.022380467955239063
"[70,80)",1,1233,39,2022-04-24,0.031630170316301706
,0,18882,29,2022-04-24,0.0015358542527274654
,1,17457,27,2022-04-24,0.0015466575012888812
"[60,70)",0,2256,73,2022-04-25,0.03235815602836879
"[60,70)",1,2181,98,2022-04-25,0.04493351673544246
"[70,80)",0,961,31,2022-04-25,0.03225806451612903
"[70,80)",1,1193,40,2022-04-25,0.03352891869237217
,0,18853,35,2022-04-25,0.0018564684665570467
,1,17430,31,2022-04-25,0.0017785427423981641
"[60,70)",0,2183,92,2022-04-26,0.04214383875400825
"[60,70)",1,2083,98,2022-04-26,0.04704752760441671
"[70,80)",0,930,22,2022-04-26,0.023655913978494623
"[70,80)",1,1153,25,2022-04-26,0.02168256721595837
,0,18818,47,2022-04-26,0.0024976086725475607
,1,17399,53,2022-04-26,0.0030461520777056153
"[60,70)",0,2091,20,2022-04-27,0.009564801530368245
"[60,70)",1,1985,19,2022-04-27,0.009571788413098237
"[70,80)",0,908,6,2022-04-27,0.006607929515418502
"[70,80)",1,1127,10,2022-04-27,0.008873114463176575
,0,18771,17,2022-04-27,0.0009056523360502903
,1,17346,22,2022-04-27,0.0012683039317421883
"[60,70)",0,2071,23,2022-04-28,0.01110574601641719
"[60,70)",1,1966,22,2022-04-28,0.011190233977619531
"[70,80)",0,902,5,2022-04-28,0.005543237250554324
"[70,80)",1,1117,9,2022-04-28,0.008057296329453895
,0,18753,12,2022-04-28,0.0006398976163813789
,1,17323,14,2022-04-28,0.0008081741037926456
"[60,70)",0,2048,86,2022-04-29,0.0419921875
"[60,70)",1,1943,91,2022-04-29,0.04683479155944416
"[70,80)",0,897,22,2022-04-29,0.024526198439241916
"[70,80)",1,1108,24,2022-04-29,0.021660649819494584
,0,18741,53,2022-04-29,0.0028280241182434235
,1,17309,39,2022-04-29,0.002253163094343983
"[60,70)",0,1962,82,2022-04-30,0.0417940876656473
"[60,70)",1,1852,72,2022-04-30,0.038876889848812095
"[70,80)",0,875,20,2022-04-30,0.022857142857142857
"[70,80)",1,1084,22,2022-04-30,0.02029520295202952
,0,18688,66,2022-04-30,0.0035316780821917806
,1,17270,54,2022-04-30,0.0031268094962362478
"[60,70)",0,1880,88,2022-05-01,0.04680851063829787
"[60,70)",1,1780,88,2022-05-01,0.04943820224719101
"[70,80)",0,855,19,2022-05-01,0.022222222222222223
"[70,80)",1,1062,26,2022-05-01,0.02448210922787194
,0,18622,78,2022-05-01,0.004188594135968209
,1,17215,62,2022-05-01,0.0036015103107754865
"[60,70)",0,1792,72,2022-05-02,0.04017857142857143
"[60,70)",1,1692,89,2022-05-02,0.05260047281323877
"[70,80)",0,835,22,2022-05-02,0.026347305389221556
"[70,80)",1,1036,27,2022-05-02,0.026061776061776062
,0,18544,120,2022-05-02,0.0064710957722174285
,1,17151,81,2022-05-02,0.004722756690571978
"[60,70)",0,1720,52,2022-05-03,0.030232558139534883
"[60,70)",1,1603,88,2022-05-03,0.05489706799750468
"[70,80)",0,813,20,2022-05-03,0.024600246002460024
"[70,80)",1,1009,18,2022-05-03,0.017839444995044598
,0,18424,108,2022-05-03,0.005861919235779418
,1,17068,95,2022-05-03,0.005565971408483712
"[60,70)",0,1668,20,2022-05-04,0.011990407673860911
"[60,70)",1,1515,20,2022-05-04,0.013201320132013201
"[70,80)",0,793,8,2022-05-04,0.01008827238335435
"[70,80)",1,991,10,2022-05-04,0.010090817356205853
,0,18316,47,2022-05-04,0.0025660624590521947
,1,16973,29,2022-05-04,0.0017085960054203735
"[60,70)",0,1648,22,2022-05-05,0.013349514563106795
"[60,70)",1,1495,15,2022-05-05,0.010033444816053512
"[70,80)",0,785,5,2022-05-05,0.006369426751592357
"[70,80)",1,981,5,2022-05-05,0.0050968399592252805
,0,18269,42,2022-05-05,0.00229897640812305
,1,16944,36,2022-05-05,0.002124645892351275
"[60,70)",0,1626,62,2022-05-06,0.038130381303813035
"[60,70)",1,1480,51,2022-05-06,0.03445945945945946
"[70,80)",0,780,15,2022-05-06,0.019230769230769232
"[70,80)",1,976,10,2022-05-06,0.010245901639344262
,0,18227,134,2022-05-06,0.007351730948592747
,1,16908,98,2022-05-06,0.005796072864916016
"[60,70)",0,1563,63,2022-05-07,0.04030710172744722
"[60,70)",1,1429,62,2022-05-07,0.04338698390482855
"[70,80)",0,765,18,2022-05-07,0.023529411764705882
"[70,80)",1,966,32,2022-05-07,0.033126293995859216
,0,18093,144,2022-05-07,0.007958879124523296
,1,16810,107,2022-05-07,0.006365258774538965
"[60,70)",0,1500,54,2022-05-08,0.036
"[60,70)",1,1367,50,2022-05-08,0.036576444769568395
"[70,80)",0,747,11,2022-05-08,0.014725568942436412
"[70,80)",1,933,10,2022-05-08,0.010718113612004287
,0,17949,149,2022-05-08,0.008301298122458075
,1,16703,112,2022-05-08,0.006705382266658684
"[60,70)",0,1446,42,2022-05-09,0.029045643153526972
"[60,70)",1,1317,47,2022-05-09,0.03568716780561883
"[70,80)",0,736,11,2022-05-09,0.014945652173913044
"[70,80)",1,923,17,2022-05-09,0.018418201516793065
,0,17800,161,2022-05-09,0.00904494382022472
,1,16591,125,2022-05-09,0.007534205292025797
"[60,70)",0,1404,42,2022-05-10,0.029914529914529916
"[60,70)",1,1270,35,2022-05-10,0.027559055118110236
"[70,80)",0,725,9,2022-05-10,0.012413793103448275
"[70,80)",1,906,10,2022-05-10,0.011037527593818985
,0,17639,187,2022-05-10,0.010601508021996713
,1,16465,131,2022-05-10,0.007956270877619192
"[60,70)",0,1362,16,2022-05-11,0.011747430249632892
"[60,70)",1,1235,15,2022-05-11,0.012145748987854251
"[70,80)",0,716,5,2022-05-11,0.006983240223463687
"[70,80)",1,896,6,2022-05-11,0.006696428571428571
,0,17451,80,2022-05-11,0.004584264512062346
,1,16334,67,2022-05-11,0.0041018733929227376
"[60,70)",0,1346,12,2022-05-12,0.008915304606240713
"[60,70)",1,1220,2,2022-05-12,0.001639344262295082
"[70,80)",0,711,5,2022-05-12,0.007032348804500703
"[70,80)",1,890,7,2022-05-12,0.007865168539325843
,0,17371,55,2022-05-12,0.003166196534453975
,1,16267,51,2022-05-12,0.0031351816561136043
"[60,70)",0,1334,37,2022-05-13,0.027736131934032984
"[60,70)",1,1218,25,2022-05-13,0.020525451559934318
"[70,80)",0,706,10,2022-05-13,0.014164305949008499
"[70,80)",1,883,12,2022-05-13,0.013590033975084938
,0,17316,162,2022-05-13,0.009355509355509356
,1,16216,110,2022-05-13,0.00678342377898372
"[60,70)",0,1297,26,2022-05-14,0.020046260601387818
"[60,70)",1,1193,30,2022-05-14,0.025146689019279127
"[70,80)",0,696,7,2022-05-14,0.010057471264367816
"[70,80)",1,870,16,2022-05-14,0.01839080459770115
,0,17154,155,2022-05-14,0.009035793400956045
,1,16106,153,2022-05-14,0.00949956537936173
"[60,70)",0,1271,26,2022-05-15,0.020456333595594022
"[60,70)",1,1163,17,2022-05-15,0.014617368873602751
"[70,80)",0,689,9,2022-05-15,0.013062409288824383
"[70,80)",1,854,20,2022-05-15,0.0234192037470726
,0,16998,184,2022-05-15,0.010824802917990352
,1,15953,148,2022-05-15,0.009277251927537141
"[60,70)",0,1245,21,2022-05-16,0.016867469879518072
"[60,70)",1,1146,28,2022-05-16,0.02443280977312391
"[70,80)",0,680,13,2022-05-16,0.01911764705882353
"[70,80)",1,834,14,2022-05-16,0.016786570743405275
,0,16814,155,2022-05-16,0.009218508385868919
,1,15805,160,2022-05-16,0.01012337867763366
"[60,70)",0,1224,19,2022-05-17,0.015522875816993464
"[60,70)",1,1118,22,2022-05-17,0.01967799642218247
"[70,80)",0,667,9,2022-05-17,0.013493253373313344
"[70,80)",1,820,11,2022-05-17,0.013414634146341463
,0,16659,136,2022-05-17,0.008163755327450627
,1,15643,139,2022-05-17,0.008885763600332417
"[60,70)",0,1205,17,2022-05-18,0.014107883817427386
"[60,70)",1,1096,9,2022-05-18,0.008211678832116789
"[70,80)",0,658,8,2022-05-18,0.0121580547112462
"[70,80)",1,809,7,2022-05-18,0.00865265760197775
,0,16523,67,2022-05-18,0.004054953700901773
,1,15504,63,2022-05-18,0.004063467492260062
"[60,70)",0,1187,4,2022-05-19,0.003369839932603201
"[60,70)",1,1087,6,2022-05-19,0.005519779208831647
"[70,80)",0,650,1,2022-05-19,0.0015384615384615385
"[70,80)",1,802,1,2022-05-19,0.0012468827930174563
,0,16456,60,2022-05-19,0.0036460865337870686
,1,15441,33,2022-05-19,0.002137167281911793
"[60,70)",0,1183,9,2022-05-20,0.0076077768385460695
"[60,70)",1,1081,8,2022-05-20,0.0074005550416281225
"[70,80)",0,649,11,2022-05-20,0.01694915254237288
"[70,80)",1,801,11,2022-05-20,0.01373283395755306
,0,16395,123,2022-05-20,0.007502287282708142
,1,15408,86,2022-05-20,0.0055815160955347875
"[60,70)",0,1174,14,2022-05-21,0.01192504258943782
"[60,70)",1,1073,16,2022-05-21,0.014911463187325256
"[70,80)",0,638,5,2022-05-21,0.007836990595611285
"[70,80)",1,790,8,2022-05-21,0.010126582278481013
,0,16272,127,2022-05-21,0.007804818092428712
,1,15322,105,2022-05-21,0.006852891267458556
"[60,70)",0,1160,21,2022-05-22,0.01810344827586207
"[60,70)",1,1056,14,2022-05-22,0.013257575757575758
"[70,80)",0,633,9,2022-05-22,0.014218009478672985
"[70,80)",1,782,11,2022-05-22,0.014066496163682864
,0,16145,157,2022-05-22,0.009724372870857851
,1,15217,137,2022-05-22,0.009003088650851022
"[60,70)",0,1139,17,2022-05-23,0.014925373134328358
"[60,70)",1,1042,24,2022-05-23,0.023032629558541268
"[70,80)",0,624,11,2022-05-23,0.017628205128205128
"[70,80)",1,771,9,2022-05-23,0.011673151750972763
,0,15988,137,2022-05-23,0.008568926695021266
,1,15080,119,2022-05-23,0.007891246684350133
"[60,70)",0,1121,14,2022-05-24,0.012488849241748439
"[60,70)",1,1018,15,2022-05-24,0.014734774066797643
"[70,80)",0,613,7,2022-05-24,0.011419249592169658
"[70,80)",1,762,5,2022-05-24,0.006561679790026247
,0,15849,141,2022-05-24,0.00889646034450123
,1,14961,112,2022-05-24,0.0074861306062428985
"[60,70)",0,1107,3,2022-05-25,0.0027100271002710027
"[60,70)",1,1003,4,2022-05-25,0.003988035892323031
"[70,80)",0,606,0,2022-05-25,0.0
"[70,80)",1,757,3,2022-05-25,0.003963011889035667
,0,15708,59,2022-05-25,0.0037560478736949326
,1,14849,66,2022-05-25,0.004444743753788134
"[60,70)",0,1104,0,2022-05-26,0.0
"[60,70)",1,999,5,2022-05-26,0.005005005005005005
"[70,80)",0,606,2,2022-05-26,0.0033003300330033004
"[70,80)",1,754,2,2022-05-26,0.002652519893899204
,0,15648,58,2022-05-26,0.0037065439672801636
,1,14782,48,2022-05-26,0.0032471925314571776
"[60,70)",0,1104,11,2022-05-27,0.009963768115942028
"[60,70)",1,994,15,2022-05-27,0.015090543259557344
"[70,80)",0,604,6,2022-05-27,0.009933774834437087
"[70,80)",1,752,7,2022-05-27,0.009308510638297872
,0,15590,130,2022-05-27,0.008338678640153944
,1,14734,106,2022-05-27,0.007194244604316547
"[60,70)",0,1093,13,2022-05-28,0.011893870082342177
"[60,70)",1,979,15,2022-05-28,0.015321756894790603
"[70,80)",0,598,7,2022-05-28,0.011705685618729096
"[70,80)",1,745,7,2022-05-28,0.009395973154362415
,0,15460,161,2022-05-28,0.010413971539456663
,1,14627,102,2022-05-28,0.006973405346277432
"[60,70)",0,1080,12,2022-05-29,0.011111111111111112
"[60,70)",1,964,14,2022-05-29,0.014522821576763486
"[70,80)",0,591,5,2022-05-29,0.008460236886632826
"[70,80)",1,738,11,2022-05-29,0.014905149051490514
,0,15299,181,2022-05-29,0.011830838616903065
,1,14525,135,2022-05-29,0.00929432013769363
"[60,70)",0,1068,10,2022-05-30,0.009363295880149813
"[60,70)",1,950,11,2022-05-30,0.011578947368421053
"[70,80)",0,586,4,2022-05-30,0.006825938566552901
"[70,80)",1,727,7,2022-05-30,0.009628610729023384
,0,15118,156,2022-05-30,0.010318825241434052
,1,14390,127,2022-05-30,0.008825573314801946
"[60,70)",0,1058,13,2022-05-31,0.012287334593572778
"[60,70)",1,939,10,2022-05-31,0.010649627263045794
"[70,80)",0,581,4,2022-05-31,0.0068846815834767644
"[70,80)",1,720,4,2022-05-31,0.005555555555555556
,0,14962,161,2022-05-31,0.010760593503542307
,1,14263,148,2022-05-31,0.010376498632826194
"[60,70)",0,1045,3,2022-06-01,0.0028708133971291866
"[60,70)",1,929,2,2022-06-01,0.002152852529601722
"[70,80)",0,577,2,2022-06-01,0.0034662045060658577
"[70,80)",1,716,2,2022-06-01,0.002793296089385475
,0,14801,88,2022-06-01,0.0059455442199851365
,1,14115,78,2022-06-01,0.005526036131774708
"[60,70)",0,1042,3,2022-06-02,0.0028790786948176585
"[60,70)",1,927,1,2022-06-02,0.0010787486515641855
"[70,80)",0,575,5,2022-06-02,0.008695652173913044
"[70,80)",1,714,2,2022-06-02,0.0028011204481792717
,0,14713,74,2022-06-02,0.005029565690205941
,1,14036,55,2022-06-02,0.003918495297805642
"[60,70)",0,1039,9,2022-06-03,0.008662175168431183
"[60,70)",1,926,8,2022-06-03,0.008639308855291577
"[70,80)",0,570,6,2022-06-03,0.010526315789473684
"[70,80)",1,712,10,2022-06-03,0.014044943820224719
,0,14639,152,2022-06-03,0.010383222897738917
,1,13981,156,2022-06-03,0.011158000143051284
"[60,70)",0,1030,13,2022-06-04,0.01262135922330097
"[60,70)",1,918,16,2022-06-04,0.017429193899782137
"[70,80)",0,564,6,2022-06-04,0.010638297872340425
"[70,80)",1,702,7,2022-06-04,0.009971509971509971
,0,14487,177,2022-06-04,0.012217850486643197
,1,13825,146,2022-06-04,0.010560578661844485
"[60,70)",0,1016,14,2022-06-05,0.013779527559055118
"[60,70)",1,902,7,2022-06-05,0.007760532150776054
"[70,80)",0,558,5,2022-06-05,0.008960573476702509
"[70,80)",1,695,8,2022-06-05,0.011510791366906475
,0,14310,146,2022-06-05,0.010202655485674353
,1,13679,137,2022-06-05,0.010015351999415162
"[60,70)",0,1002,4,2022-06-06,0.003992015968063872
"[60,70)",1,895,8,2022-06-06,0.008938547486033519
"[70,80)",0,553,10,2022-06-06,0.018083182640144666
"[70,80)",1,687,4,2022-06-06,0.005822416302765648
,0,14164,118,2022-06-06,0.008330979949166902
,1,13542,108,2022-06-06,0.007975188303057155
"[60,70)",0,998,4,2022-06-07,0.004008016032064128
"[60,70)",1,886,5,2022-06-07,0.0056433408577878106
"[70,80)",0,543,3,2022-06-07,0.0055248618784530384
"[70,80)",1,683,4,2022-06-07,0.005856515373352855
,0,14046,119,2022-06-07,0.00847216289335042
,1,13434,124,2022-06-07,0.009230311150811374
"[60,70)",0,994,9,2022-06-08,0.009054325955734407
"[60,70)",1,881,6,2022-06-08,0.00681044267877412
"[70,80)",0,540,1,2022-06-08,0.001851851851851852
"[70,80)",1,679,3,2022-06-08,0.004418262150220913
,0,13926,77,2022-06-08,0.005529225908372828
,1,13308,77,2022-06-08,0.005785993387436129
"[60,70)",0,985,2,2022-06-09,0.0020304568527918783
"[60,70)",1,875,1,2022-06-09,0.001142857142857143
"[70,80)",0,539,0,2022-06-09,0.0
"[70,80)",1,676,2,2022-06-09,0.0029585798816568047
,0,13849,58,2022-06-09,0.004188028016463283
,1,13231,64,2022-06-09,0.004837124933867433
"[60,70)",0,982,4,2022-06-10,0.004073319755600814
"[60,70)",1,874,5,2022-06-10,0.005720823798627002
"[70,80)",0,539,2,2022-06-10,0.0037105751391465678
"[70,80)",1,674,6,2022-06-10,0.008902077151335312
,0,13791,104,2022-06-10,0.00754115002537887
,1,13167,83,2022-06-10,0.006303637882585251
"[60,70)",0,978,3,2022-06-11,0.003067484662576687
"[60,70)",1,869,8,2022-06-11,0.009205983889528193
"[70,80)",0,537,3,2022-06-11,0.00558659217877095
"[70,80)",1,668,4,2022-06-11,0.005988023952095809
,0,13687,121,2022-06-11,0.00884050558924527
,1,13084,96,2022-06-11,0.007337205747477835
"[60,70)",0,975,6,2022-06-12,0.006153846153846154
"[60,70)",1,861,8,2022-06-12,0.009291521486643438
"[70,80)",0,534,5,2022-06-12,0.009363295880149813
"[70,80)",1,663,5,2022-06-12,0.007541478129713424
,0,13566,110,2022-06-12,0.008108506560518945
,1,12988,86,2022-06-12,0.006621496766245765
"[60,70)",0,969,5,2022-06-13,0.005159958720330237
"[60,70)",1,853,5,2022-06-13,0.005861664712778429
"[70,80)",0,528,1,2022-06-13,0.001893939393939394
"[70,80)",1,658,2,2022-06-13,0.00303951367781155
,0,13456,76,2022-06-13,0.005648038049940547
,1,12902,84,2022-06-13,0.0065106185087583325
"[60,70)",0,964,4,2022-06-14,0.004149377593360996
"[60,70)",1,848,5,2022-06-14,0.00589622641509434
"[70,80)",0,527,3,2022-06-14,0.0056925996204933585
"[70,80)",1,656,5,2022-06-14,0.007621951219512195
,0,13380,90,2022-06-14,0.006726457399103139
,1,12818,84,2022-06-14,0.006553284443750976
"[60,70)",0,959,1,2022-06-15,0.0010427528675703858
"[60,70)",1,842,0,2022-06-15,0.0
"[70,80)",0,524,2,2022-06-15,0.003816793893129771
"[70,80)",1,651,1,2022-06-15,0.0015360983102918587
,0,13290,58,2022-06-15,0.00436418359668924
,1,12734,53,2022-06-15,0.0041620857546725305
"[60,70)",0,958,1,2022-06-16,0.0010438413361169101
"[60,70)",1,842,0,2022-06-16,0.0
"[70,80)",0,522,1,2022-06-16,0.0019157088122605363
"[70,80)",1,650,1,2022-06-16,0.0015384615384615385
,0,13232,41,2022-06-16,0.0030985489721886334
,1,12681,34,2022-06-16,0.0026811765633625107
"[60,70)",0,957,9,2022-06-17,0.009404388714733543
"[60,70)",1,842,0,2022-06-17,0.0
"[70,80)",0,521,1,2022-06-17,0.0019193857965451055
"[70,80)",1,649,2,2022-06-17,0.0030816640986132513
,0,13190,70,2022-06-17,0.00530705079605762
,1,12647,81,2022-06-17,0.006404680952004428
"[60,70)",0,948,5,2022-06-18,0.005274261603375527
"[60,70)",1,842,2,2022-06-18,0.0023752969121140144
"[70,80)",0,520,4,2022-06-18,0.007692307692307693
"[70,80)",1,646,2,2022-06-18,0.0030959752321981426
,0,13120,70,2022-06-18,0.005335365853658537
,1,12565,67,2022-06-18,0.005332272184639873
"[60,70)",0,943,6,2022-06-19,0.006362672322375398
"[60,70)",1,840,6,2022-06-19,0.007142857142857143
"[70,80)",0,516,2,2022-06-19,0.003875968992248062
"[70,80)",1,644,6,2022-06-19,0.009316770186335404
,0,13050,85,2022-06-19,0.006513409961685823
,1,12498,75,2022-06-19,0.00600096015362458
"[60,70)",0,937,5,2022-06-20,0.005336179295624333
"[60,70)",1,834,6,2022-06-20,0.007194244604316547
"[70,80)",0,514,1,2022-06-20,0.0019455252918287938
"[70,80)",1,637,2,2022-06-20,0.0031397174254317113
,0,12965,69,2022-06-20,0.0053220208252988815
,1,12423,67,2022-06-20,0.005393222249054174
"[60,70)",0,932,5,2022-06-21,0.00536480686695279
"[60,70)",1,828,1,2022-06-21,0.0012077294685990338
"[70,80)",0,512,0,2022-06-21,0.0
"[70,80)",1,635,5,2022-06-21,0.007874015748031496
,0,12896,74,2022-06-21,0.0057382133995037225
,1,12356,71,2022-06-21,0.005746196179993526
"[60,70)",0,927,4,2022-06-22,0.004314994606256742
"[60,70)",1,827,0,2022-06-22,0.0
"[70,80)",0,512,2,2022-06-22,0.00390625
"[70,80)",1,629,0,2022-06-22,0.0
,0,12822,27,2022-06-22,0.0021057557323350493
,1,12284,42,2022-06-22,0.0034190817323347445
"[60,70)",0,923,1,2022-06-23,0.0010834236186348862
"[60,70)",1,827,4,2022-06-23,0.0048367593712212815
"[70,80)",0,510,0,2022-06-23,0.0
"[70,80)",1,629,0,2022-06-23,0.0
,0,12795,35,2022-06-23,0.0027354435326299334
,1,12242,28,2022-06-23,0.002287207972553504
"[60,70)",0,922,2,2022-06-24,0.0021691973969631237
"[60,70)",1,823,3,2022-06-24,0.0036452004860267314
"[70,80)",0,510,1,2022-06-24,0.00196078431372549
"[70,80)",1,629,4,2022-06-24,0.006359300476947536
,0,12760,59,2022-06-24,0.004623824451410658
,1,12214,62,2022-06-24,0.005076142131979695
"[60,70)",0,920,6,2022-06-25,0.006521739130434782
"[60,70)",1,820,4,2022-06-25,0.004878048780487805
"[70,80)",0,508,2,2022-06-25,0.003937007874015748
"[70,80)",1,625,2,2022-06-25,0.0032
,0,12701,70,2022-06-25,0.005511377056924651
,1,12152,61,2022-06-25,0.005019749835418038
"[60,70)",0,914,6,2022-06-26,0.006564551422319475
"[60,70)",1,816,2,2022-06-26,0.0024509803921568627
"[70,80)",0,505,4,2022-06-26,0.007920792079207921
"[70,80)",1,623,3,2022-06-26,0.004815409309791332
,0,12631,50,2022-06-26,0.003958514765260075
,1,12091,66,2022-06-26,0.005458605574394177
"[60,70)",0,908,2,2022-06-27,0.0022026431718061676
"[60,70)",1,814,3,2022-06-27,0.0036855036855036856
"[70,80)",0,501,3,2022-06-27,0.005988023952095809
"[70,80)",1,620,5,2022-06-27,0.008064516129032258
,0,12581,54,2022-06-27,0.004292186630633495
,1,12025,46,2022-06-27,0.0038253638253638255
"[60,70)",0,906,4,2022-06-28,0.004415011037527594
"[60,70)",1,811,5,2022-06-28,0.006165228113440197
"[70,80)",0,498,3,2022-06-28,0.006024096385542169
"[70,80)",1,615,5,2022-06-28,0.008130081300813009
,0,12527,64,2022-06-28,0.005108964636385408
,1,11979,42,2022-06-28,0.003506135737540696
"[60,70)",0,902,2,2022-06-29,0.0022172949002217295
"[60,70)",1,806,0,2022-06-29,0.0
"[70,80)",0,495,0,2022-06-29,0.0
"[70,80)",1,610,0,2022-06-29,0.0
,0,12463,15,2022-06-29,0.0012035625451335954
,1,11937,9,2022-06-29,0.0007539582809751194
"[60,70)",0,900,0,2022-06-30,0.0
"[60,70)",1,806,1,2022-06-30,0.0012406947890818859
"[70,80)",0,495,0,2022-06-30,0.0
"[70,80)",1,610,0,2022-06-30,0.0
,0,12448,19,2022-06-30,0.0015263496143958868
,1,11928,16,2022-06-30,0.0013413816230717639
"[60,70)",0,900,2,2022-07-01,0.0022222222222222222
"[60,70)",1,805,1,2022-07-01,0.0012422360248447205
"[70,80)",0,495,0,2022-07-01,0.0
"[70,80)",1,610,1,2022-07-01,0.001639344262295082
,0,12429,20,2022-07-01,0.0016091399147155846
,1,11911,15,2022-07-01,0.0012593401057845689
"[60,70)",0,898,0,2022-07-02,0.0
"[60,70)",1,804,1,2022-07-02,0.0012437810945273632
"[70,80)",0,495,0,2022-07-02,0.0
"[70,80)",1,609,0,2022-07-02,0.0
,0,12409,12,2022-07-02,0.0009670400515754694
,1,11896,12,2022-07-02,0.0010087424344317419
"[60,70)",0,898,7,2022-07-03,0.0077951002227171495
"[60,70)",1,803,5,2022-07-03,0.0062266500622665
"[70,80)",0,495,3,2022-07-03,0.006060606060606061
"[70,80)",1,609,3,2022-07-03,0.0049261083743842365
,0,12397,54,2022-07-03,0.004355892554650319
,1,11884,42,2022-07-03,0.0035341635812857625
"[60,70)",0,891,6,2022-07-04,0.006734006734006734
"[60,70)",1,798,2,2022-07-04,0.002506265664160401
"[70,80)",0,492,0,2022-07-04,0.0
"[70,80)",1,606,2,2022-07-04,0.0033003300330033004
,0,12343,61,2022-07-04,0.004942072429717248
,1,11841,44,2022-07-04,0.003715902373110379
"[60,70)",0,885,9,2022-07-05,0.010169491525423728
"[60,70)",1,796,5,2022-07-05,0.00628140703517588
"[70,80)",0,492,1,2022-07-05,0.0020325203252032522
"[70,80)",1,604,6,2022-07-05,0.009933774834437087
,0,12282,56,2022-07-05,0.004559517993812083
,1,11797,74,2022-07-05,0.006272781215563279
"[60,70)",0,876,0,2022-07-06,0.0
"[60,70)",1,791,2,2022-07-06,0.0025284450063211127
"[70,80)",0,491,0,2022-07-06,0.0
"[70,80)",1,598,1,2022-07-06,0.0016722408026755853
,0,12226,22,2022-07-06,0.0017994438082774415
,1,11723,23,2022-07-06,0.0019619551309391792
"[60,70)",0,876,1,2022-07-07,0.001141552511415525
"[60,70)",1,789,3,2022-07-07,0.0038022813688212928
"[70,80)",0,491,1,2022-07-07,0.002036659877800407
"[70,80)",1,597,2,2022-07-07,0.0033500837520938024
,0,12204,12,2022-07-07,0.0009832841691248771
,1,11700,25,2022-07-07,0.002136752136752137
"[60,70)",0,875,6,2022-07-08,0.006857142857142857
"[60,70)",1,786,2,2022-07-08,0.002544529262086514
"[70,80)",0,490,5,2022-07-08,0.01020408163265306
"[70,80)",1,595,6,2022-07-08,0.010084033613445379
,0,12191,63,2022-07-08,0.005167746698384054
,1,11675,58,2022-07-08,0.004967880085653105
"[60,70)",0,869,5,2022-07-09,0.005753739930955121
"[60,70)",1,784,5,2022-07-09,0.006377551020408163
"[70,80)",0,485,2,2022-07-09,0.004123711340206186
"[70,80)",1,589,0,2022-07-09,0.0
,0,12128,52,2022-07-09,0.004287598944591029
,1,11615,52,2022-07-09,0.004476969436074042
"[60,70)",0,864,9,2022-07-10,0.010416666666666666
"[60,70)",1,779,4,2022-07-10,0.005134788189987163
"[70,80)",0,483,4,2022-07-10,0.008281573498964804
"[70,80)",1,589,5,2022-07-10,0.008488964346349746
,0,12076,49,2022-07-10,0.004057634978469692
,1,11563,61,2022-07-10,0.005275447548214131
"[60,70)",0,855,8,2022-07-11,0.00935672514619883
"[60,70)",1,775,5,2022-07-11,0.0064516129032258064
"[70,80)",0,479,3,2022-07-11,0.006263048016701462
"[70,80)",1,584,3,2022-07-11,0.005136986301369863
,0,12027,64,2022-07-11,0.005321360272719714
,1,11502,62,2022-07-11,0.00539036689271431
"[60,70)",0,847,5,2022-07-12,0.0059031877213695395
"[60,70)",1,770,4,2022-07-12,0.005194805194805195
"[70,80)",0,476,0,2022-07-12,0.0
"[70,80)",1,581,2,2022-07-12,0.0034423407917383822
,0,11963,63,2022-07-12,0.0052662375658279695
,1,11440,56,2022-07-12,0.0048951048951048955
"[60,70)",0,842,2,2022-07-13,0.0023752969121140144
"[60,70)",1,766,0,2022-07-13,0.0
"[70,80)",0,476,1,2022-07-13,0.0021008403361344537
"[70,80)",1,579,1,2022-07-13,0.0017271157167530224
,0,11900,17,2022-07-13,0.0014285714285714286
,1,11384,21,2022-07-13,0.0018446943078004217
"[60,70)",0,840,0,2022-07-14,0.0
"[60,70)",1,766,4,2022-07-14,0.005221932114882507
"[70,80)",0,475,1,2022-07-14,0.002105263157894737
"[70,80)",1,578,1,2022-07-14,0.0017301038062283738
,0,11883,20,2022-07-14,0.0016830766641420516
,1,11363,20,2022-07-14,0.0017600985655196692
"[60,70)",0,840,6,2022-07-15,0.007142857142857143
"[60,70)",1,762,5,2022-07-15,0.006561679790026247
"[70,80)",0,474,1,2022-07-15,0.002109704641350211
"[70,80)",1,577,2,2022-07-15,0.0034662045060658577
,0,11863,46,2022-07-15,0.0038776026300261315
,1,11343,52,2022-07-15,0.0045843251344441505
"[60,70)",0,834,8,2022-07-16,0.009592326139088728
"[60,70)",1,757,2,2022-07-16,0.002642007926023778
"[70,80)",0,473,3,2022-07-16,0.006342494714587738
"[70,80)",1,575,2,2022-07-16,0.0034782608695652175
,0,11817,46,2022-07-16,0.0038926969620038925
,1,11291,53,2022-07-16,0.004694004074041272
"[60,70)",0,826,7,2022-07-17,0.00847457627118644
"[60,70)",1,755,5,2022-07-17,0.006622516556291391
"[70,80)",0,470,2,2022-07-17,0.00425531914893617
"[70,80)",1,572,4,2022-07-17,0.006993006993006993
,0,11771,55,2022-07-17,0.004672500212386374
,1,11238,47,2022-07-17,0.004182238832532479
"[60,70)",0,819,2,2022-07-18,0.002442002442002442
"[60,70)",1,750,2,2022-07-18,0.0026666666666666666
"[70,80)",0,468,4,2022-07-18,0.008547008547008548
"[70,80)",1,568,3,2022-07-18,0.00528169014084507
,0,11716,40,2022-07-18,0.003414134516899966
,1,11191,50,2022-07-18,0.004467875971763024
"[60,70)",0,817,4,2022-07-19,0.004895960832313341
"[60,70)",1,748,4,2022-07-19,0.0053475935828877
"[70,80)",0,464,1,2022-07-19,0.0021551724137931034
"[70,80)",1,565,2,2022-07-19,0.0035398230088495575
,0,11676,42,2022-07-19,0.0035971223021582736
,1,11141,53,2022-07-19,0.004757203123597523
"[60,70)",0,813,0,2022-07-20,0.0
"[60,70)",1,744,4,2022-07-20,0.005376344086021506
"[70,80)",0,463,1,2022-07-20,0.0021598272138228943
"[70,80)",1,562,0,2022-07-20,0.0
,0,11633,14,2022-07-20,0.001203472878879051
,1,11088,14,2022-07-20,0.0012626262626262627
"[60,70)",0,813,0,2022-07-21,0.0
"[60,70)",1,740,1,2022-07-21,0.0013513513513513514
"[70,80)",0,462,0,2022-07-21,0.0
"[70,80)",1,562,0,2022-07-21,0.0
,0,11619,14,2022-07-21,0.0012049229709957827
,1,11074,13,2022-07-21,0.0011739208957919451
"[60,70)",0,813,7,2022-07-22,0.008610086100861008
"[60,70)",1,739,5,2022-07-22,0.006765899864682003
"[70,80)",0,462,0,2022-07-22,0.0
"[70,80)",1,562,2,2022-07-22,0.0035587188612099642
,0,11605,46,2022-07-22,0.003963808703145196
,1,11061,50,2022-07-22,0.004520386945122502
"[60,70)",0,806,7,2022-07-23,0.008684863523573201
"[60,70)",1,734,7,2022-07-23,0.009536784741144414
"[70,80)",0,462,1,2022-07-23,0.0021645021645021645
"[70,80)",1,560,6,2022-07-23,0.010714285714285714
,0,11559,48,2022-07-23,0.004152608357124318
,1,11011,56,2022-07-23,0.0050858232676414495
"[60,70)",0,799,3,2022-07-24,0.0037546933667083854
"[60,70)",1,727,3,2022-07-24,0.0041265474552957355
"[70,80)",0,461,0,2022-07-24,0.0
"[70,80)",1,554,3,2022-07-24,0.005415162454873646
,0,11511,39,2022-07-24,0.003388063591347407
,1,10955,40,2022-07-24,0.003651300775901415
"[60,70)",0,796,1,2022-07-25,0.001256281407035176
"[60,70)",1,724,3,2022-07-25,0.004143646408839779
"[70,80)",0,461,2,2022-07-25,0.004338394793926247
"[70,80)",1,551,5,2022-07-25,0.009074410163339383
,0,11472,44,2022-07-25,0.0038354253835425384
,1,10915,54,2022-07-25,0.004947320201557489
"[60,70)",0,795,6,2022-07-26,0.007547169811320755
"[60,70)",1,721,2,2022-07-26,0.0027739251040221915
"[70,80)",0,459,2,2022-07-26,0.004357298474945534
"[70,80)",1,546,3,2022-07-26,0.005494505494505495
,0,11428,60,2022-07-26,0.005250262513125656
,1,10861,54,2022-07-26,0.004971917871282571
"[60,70)",0,789,0,2022-07-27,0.0
"[60,70)",1,719,0,2022-07-27,0.0
"[70,80)",0,457,0,2022-07-27,0.0
"[70,80)",1,543,0,2022-07-27,0.0
,0,11368,22,2022-07-27,0.0019352568613652356
,1,10807,12,2022-07-27,0.001110391412973073
"[60,70)",0,789,1,2022-07-28,0.0012674271229404308
"[60,70)",1,719,0,2022-07-28,0.0
"[70,80)",0,457,0,2022-07-28,0.0
"[70,80)",1,543,1,2022-07-28,0.001841620626151013
,0,11346,11,2022-07-28,0.0009695046712497797
,1,10795,22,2022-07-28,0.0020379805465493284
"[60,70)",0,788,3,2022-07-29,0.0038071065989847717
"[60,70)",1,719,3,2022-07-29,0.004172461752433936
"[70,80)",0,457,4,2022-07-29,0.0087527352297593
"[70,80)",1,542,0,2022-07-29,0.0
,0,11335,39,2022-07-29,0.0034406704896338776
,1,10773,39,2022-07-29,0.003620161514898357
"[60,70)",0,785,3,2022-07-30,0.003821656050955414
"[60,70)",1,716,3,2022-07-30,0.004189944134078212
"[70,80)",0,453,2,2022-07-30,0.004415011037527594
"[70,80)",1,542,1,2022-07-30,0.0018450184501845018
,0,11296,36,2022-07-30,0.003186968838526912
,1,10734,38,2022-07-30,0.003540152785541271
"[60,70)",0,782,1,2022-07-31,0.0012787723785166241
"[60,70)",1,713,5,2022-07-31,0.0070126227208976155
"[70,80)",0,450,4,2022-07-31,0.008888888888888889
"[70,80)",1,540,1,2022-07-31,0.001851851851851852
,0,11260,39,2022-07-31,0.0034635879218472467
,1,10696,36,2022-07-31,0.0033657442034405387
"[60,70)",0,781,1,2022-08-01,0.0012804097311139564
"[60,70)",1,708,1,2022-08-01,0.0014124293785310734
"[70,80)",0,446,2,2022-08-01,0.004484304932735426
"[70,80)",1,539,3,2022-08-01,0.0055658627087198514
,0,11221,36,2022-08-01,0.003208270207646377
,1,10660,38,2022-08-01,0.0035647279549718574
"[60,70)",0,780,3,2022-08-02,0.0038461538461538464
"[60,70)",1,707,4,2022-08-02,0.005657708628005658
"[70,80)",0,444,4,2022-08-02,0.009009009009009009
"[70,80)",1,536,1,2022-08-02,0.0018656716417910447
,0,11185,32,2022-08-02,0.002860974519445686
,1,10622,31,2022-08-02,0.00291847109772171
"[60,70)",0,777,0,2022-08-03,0.0
"[60,70)",1,703,1,2022-08-03,0.001422475106685633
"[70,80)",0,440,0,2022-08-03,0.0
"[70,80)",1,535,0,2022-08-03,0.0
,0,11153,15,2022-08-03,0.00134492961535013
,1,10591,7,2022-08-03,0.0006609385327164573
"[60,70)",0,777,1,2022-08-04,0.001287001287001287
"[60,70)",1,702,1,2022-08-04,0.0014245014245014246
"[70,80)",0,440,0,2022-08-04,0.0
"[70,80)",1,535,1,2022-08-04,0.001869158878504673
,0,11137,10,2022-08-04,0.0008979078746520607
,1,10584,3,2022-08-04,0.0002834467120181406
"[60,70)",0,776,1,2022-08-05,0.001288659793814433
"[60,70)",1,700,2,2022-08-05,0.002857142857142857
"[70,80)",0,440,1,2022-08-05,0.0022727272727272726
"[70,80)",1,534,2,2022-08-05,0.003745318352059925
,0,11127,25,2022-08-05,0.0022467870944549296
,1,10581,30,2022-08-05,0.002835270768358378
"[60,70)",0,775,2,2022-08-06,0.0025806451612903226
"[60,70)",1,698,2,2022-08-06,0.0028653295128939827
"[70,80)",0,439,2,2022-08-06,0.004555808656036446
"[70,80)",1,532,0,2022-08-06,0.0
,0,11102,36,2022-08-06,0.0032426589803638984
,1,10551,27,2022-08-06,0.0025589991470002845
"[60,70)",0,773,1,2022-08-07,0.00129366106080207
"[60,70)",1,696,2,2022-08-07,0.0028735632183908046
"[70,80)",0,437,1,2022-08-07,0.002288329519450801
"[70,80)",1,531,1,2022-08-07,0.0018832391713747645
,0,11066,30,2022-08-07,0.002711006687149828
,1,10524,29,2022-08-07,0.0027556062333713416
"[60,70)",0,772,0,2022-08-08,0.0
"[60,70)",1,694,2,2022-08-08,0.002881844380403458
"[70,80)",0,436,2,2022-08-08,0.0045871559633027525
"[70,80)",1,530,2,2022-08-08,0.0037735849056603774
,0,11036,35,2022-08-08,0.003171438927147517
,1,10494,29,2022-08-08,0.0027634838955593673
"[60,70)",0,771,0,2022-08-09,0.0
"[60,70)",1,692,1,2022-08-09,0.001445086705202312
"[70,80)",0,433,0,2022-08-09,0.0
"[70,80)",1,528,0,2022-08-09,0.0
,0,11001,17,2022-08-09,0.0015453140623579674
,1,10465,21,2022-08-09,0.002006688963210702
"[60,70)",0,771,0,2022-08-10,0.0
"[60,70)",1,691,0,2022-08-10,0.0
"[70,80)",0,433,0,2022-08-10,0.0
"[70,80)",1,528,2,2022-08-10,0.003787878787878788
,0,10984,8,2022-08-10,0.0007283321194464676
,1,10443,8,2022-08-10,0.0007660633917456669
"[60,70)",0,771,0,2022-08-11,0.0
"[60,70)",1,691,0,2022-08-11,0.0
"[70,80)",0,433,0,2022-08-11,0.0
"[70,80)",1,526,0,2022-08-11,0.0
,0,10976,6,2022-08-11,0.0005466472303206997
,1,10435,8,2022-08-11,0.0007666506947771922
"[60,70)",0,771,4,2022-08-12,0.005188067444876783
"[60,70)",1,691,1,2022-08-12,0.001447178002894356
"[70,80)",0,433,0,2022-08-12,0.0
"[70,80)",1,526,2,2022-08-12,0.0038022813688212928
,0,10970,24,2022-08-12,0.0021877848678213308
,1,10427,20,2022-08-12,0.0019180972475304498
"[60,70)",0,767,0,2022-08-13,0.0
"[60,70)",1,690,2,2022-08-13,0.002898550724637681
"[70,80)",0,433,0,2022-08-13,0.0
"[70,80)",1,524,0,2022-08-13,0.0
,0,10946,16,2022-08-13,0.0014617211766855473
,1,10407,26,2022-08-13,0.002498318439511867
"[60,70)",0,767,0,2022-08-14,0.0
"[60,70)",1,688,0,2022-08-14,0.0
"[70,80)",0,433,1,2022-08-14,0.0023094688221709007
"[70,80)",1,524,2,2022-08-14,0.003816793893129771
,0,10930,28,2022-08-14,0.0025617566331198535
,1,10381,17,2022-08-14,0.0016376071669396012
"[60,70)",0,767,1,2022-08-15,0.001303780964797914
"[60,70)",1,688,2,2022-08-15,0.0029069767441860465
"[70,80)",0,432,1,2022-08-15,0.0023148148148148147
"[70,80)",1,522,1,2022-08-15,0.0019157088122605363
,0,10902,26,2022-08-15,0.002384883507613282
,1,10363,27,2022-08-15,0.0026054231400173696
"[60,70)",0,766,1,2022-08-16,0.0013054830287206266
"[60,70)",1,685,1,2022-08-16,0.00145985401459854
"[70,80)",0,430,1,2022-08-16,0.002325581395348837
"[70,80)",1,521,1,2022-08-16,0.0019193857965451055
,0,10876,31,2022-08-16,0.00285031261493196
,1,10336,29,2022-08-16,0.0028057275541795664
"[60,70)",0,765,1,2022-08-17,0.00130718954248366
"[60,70)",1,684,0,2022-08-17,0.0
"[70,80)",0,429,0,2022-08-17,0.0
"[70,80)",1,520,0,2022-08-17,0.0
,0,10845,9,2022-08-17,0.0008298755186721991
,1,10307,7,2022-08-17,0.0006791500921703696
"[60,70)",0,764,0,2022-08-18,0.0
"[60,70)",1,684,0,2022-08-18,0.0
"[70,80)",0,429,0,2022-08-18,0.0
"[70,80)",1,520,0,2022-08-18,0.0
,0,10836,5,2022-08-18,0.0004614248800295312
,1,10300,2,2022-08-18,0.0001941747572815534
"[60,70)",0,764,1,2022-08-19,0.0013089005235602095
"[60,70)",1,684,0,2022-08-19,0.0
"[70,80)",0,429,1,2022-08-19,0.002331002331002331
"[70,80)",1,520,2,2022-08-19,0.0038461538461538464
,0,10831,25,2022-08-19,0.002308189456190564
,1,10298,28,2022-08-19,0.0027189745581666343
"[60,70)",0,763,3,2022-08-20,0.003931847968545216
"[60,70)",1,684,3,2022-08-20,0.0043859649122807015
"[70,80)",0,428,2,2022-08-20,0.004672897196261682
"[70,80)",1,518,0,2022-08-20,0.0
,0,10806,23,2022-08-20,0.0021284471589857485
,1,10270,22,2022-08-20,0.002142161635832522
"[60,70)",0,760,1,2022-08-21,0.0013157894736842105
"[60,70)",1,681,1,2022-08-21,0.0014684287812041115
"[70,80)",0,426,1,2022-08-21,0.002347417840375587
"[70,80)",1,518,2,2022-08-21,0.003861003861003861
,0,10783,20,2022-08-21,0.001854771399425021
,1,10248,10,2022-08-21,0.000975800156128025
"[60,70)",0,759,1,2022-08-22,0.0013175230566534915
"[60,70)",1,680,1,2022-08-22,0.0014705882352941176
"[70,80)",0,425,2,2022-08-22,0.004705882352941176
"[70,80)",1,516,1,2022-08-22,0.001937984496124031
,0,10763,24,2022-08-22,0.002229861562761312
,1,10238,16,2022-08-22,0.0015628052353975385
"[60,70)",0,758,2,2022-08-23,0.002638522427440633
"[60,70)",1,679,4,2022-08-23,0.005891016200294551
"[70,80)",0,423,1,2022-08-23,0.002364066193853428
"[70,80)",1,515,0,2022-08-23,0.0
,0,10739,28,2022-08-23,0.002607319117236242
,1,10222,25,2022-08-23,0.0024457053414204655
"[60,70)",0,756,1,2022-08-24,0.0013227513227513227
"[60,70)",1,675,3,2022-08-24,0.0044444444444444444
"[70,80)",0,422,0,2022-08-24,0.0
"[70,80)",1,515,0,2022-08-24,0.0
,0,10711,4,2022-08-24,0.0003734478573429185
,1,10197,6,2022-08-24,0.0005884083553986466
"[60,70)",0,755,1,2022-08-25,0.0013245033112582781
"[60,70)",1,672,0,2022-08-25,0.0
"[70,80)",0,422,0,2022-08-25,0.0
"[70,80)",1,515,0,2022-08-25,0.0
,0,10707,5,2022-08-25,0.0004669842159335014
,1,10191,5,2022-08-25,0.0004906289863605142
"[60,70)",0,754,0,2022-08-26,0.0
"[60,70)",1,672,1,2022-08-26,0.001488095238095238
"[70,80)",0,422,1,2022-08-26,0.002369668246445498
"[70,80)",1,515,1,2022-08-26,0.001941747572815534
,0,10702,24,2022-08-26,0.0022425714819659876
,1,10186,24,2022-08-26,0.0023561751423522483
"[60,70)",0,754,4,2022-08-27,0.005305039787798408
"[60,70)",1,671,2,2022-08-27,0.0029806259314456036
"[70,80)",0,421,2,2022-08-27,0.004750593824228029
"[70,80)",1,514,0,2022-08-27,0.0
,0,10678,16,2022-08-27,0.0014984079415620902
,1,10161,19,2022-08-27,0.0018698946954039957
"[60,70)",0,750,0,2022-08-28,0.0
"[60,70)",1,669,0,2022-08-28,0.0
"[70,80)",0,417,0,2022-08-28,0.0
"[70,80)",1,514,1,2022-08-28,0.0019455252918287938
,0,10662,12,2022-08-28,0.0011254924029262803
,1,10141,15,2022-08-28,0.0014791440686322847
"[60,70)",0,750,0,2022-08-29,0.0
"[60,70)",1,669,1,2022-08-29,0.0014947683109118087
"[70,80)",0,417,2,2022-08-29,0.004796163069544364
"[70,80)",1,513,1,2022-08-29,0.001949317738791423
,0,10650,16,2022-08-29,0.0015023474178403756
,1,10126,11,2022-08-29,0.0010863124629666206
"[60,70)",0,750,1,2022-08-30,0.0013333333333333333
"[60,70)",1,668,2,2022-08-30,0.0029940119760479044
"[70,80)",0,415,1,2022-08-30,0.0024096385542168677
"[70,80)",1,512,1,2022-08-30,0.001953125
,0,10634,23,2022-08-30,0.0021628738010156102
,1,10115,19,2022-08-30,0.0018783984181908056
"[60,70)",0,748,0,2022-08-31,0.0
"[60,70)",1,666,0,2022-08-31,0.0
"[70,80)",0,414,0,2022-08-31,0.0
"[70,80)",1,511,0,2022-08-31,0.0
,0,10611,6,2022-08-31,0.0005654509471303364
,1,10096,4,2022-08-31,0.0003961965134706815
"[60,70)",0,748,0,2022-09-01,0.0
"[60,70)",1,666,0,2022-09-01,0.0
"[70,80)",0,414,0,2022-09-01,0.0
"[70,80)",1,511,0,2022-09-01,0.0
,0,10605,2,2022-09-01,0.0001885902876001886
,1,10092,5,2022-09-01,0.0004954419342053111
"[60,70)",0,748,2,2022-09-02,0.00267379679144385
"[60,70)",1,666,0,2022-09-02,0.0
"[70,80)",0,414,2,2022-09-02,0.004830917874396135
"[70,80)",1,511,0,2022-09-02,0.0
,0,10603,13,2022-09-02,0.0012260680939356785
,1,10087,7,2022-09-02,0.0006939625260235947
"[60,70)",0,746,3,2022-09-03,0.004021447721179625
"[60,70)",1,666,0,2022-09-03,0.0
"[70,80)",0,412,0,2022-09-03,0.0
"[70,80)",1,511,1,2022-09-03,0.0019569471624266144
,0,10590,12,2022-09-03,0.0011331444759206798
,1,10080,12,2022-09-03,0.0011904761904761906
"[60,70)",0,743,1,2022-09-04,0.0013458950201884253
"[60,70)",1,666,2,2022-09-04,0.003003003003003003
"[70,80)",0,412,1,2022-09-04,0.0024271844660194173
"[70,80)",1,510,3,2022-09-04,0.0058823529411764705
,0,10578,15,2022-09-04,0.0014180374361883153
,1,10068,7,2022-09-04,0.0006952721493841876
"[60,70)",0,742,3,2022-09-05,0.004043126684636119
"[60,70)",1,664,4,2022-09-05,0.006024096385542169
"[70,80)",0,411,1,2022-09-05,0.0024330900243309003
"[70,80)",1,507,1,2022-09-05,0.0019723865877712033
,0,10563,19,2022-09-05,0.0017987314209978226
,1,10061,16,2022-09-05,0.001590299175032303
"[60,70)",0,738,2,2022-09-06,0.0027100271002710027
"[60,70)",1,660,0,2022-09-06,0.0
"[70,80)",0,410,3,2022-09-06,0.007317073170731708
"[70,80)",1,506,0,2022-09-06,0.0
,0,10544,13,2022-09-06,0.0012329286798179059
,1,10044,21,2022-09-06,0.002090800477897252
"[60,70)",0,736,2,2022-09-07,0.002717391304347826
"[60,70)",1,660,0,2022-09-07,0.0
"[70,80)",0,406,0,2022-09-07,0.0
"[70,80)",1,506,0,2022-09-07,0.0
,0,10530,3,2022-09-07,0.0002849002849002849
,1,10023,2,2022-09-07,0.00019954105557218397
"[60,70)",0,734,0,2022-09-08,0.0
"[60,70)",1,660,0,2022-09-08,0.0
"[70,80)",0,406,0,2022-09-08,0.0
"[70,80)",1,506,1,2022-09-08,0.001976284584980237
,0,10527,2,2022-09-08,0.00018998765080269783
,1,10021,1,2022-09-08,9.979044007584074e-05
"[60,70)",0,734,3,2022-09-09,0.004087193460490463
"[60,70)",1,660,0,2022-09-09,0.0
"[70,80)",0,406,1,2022-09-09,0.0024630541871921183
"[70,80)",1,505,1,2022-09-09,0.0019801980198019802
,0,10525,12,2022-09-09,0.0011401425178147269
,1,10020,11,2022-09-09,0.0010978043912175648
"[60,70)",0,731,1,2022-09-10,0.0013679890560875513
"[60,70)",1,660,1,2022-09-10,0.0015151515151515152
"[70,80)",0,405,1,2022-09-10,0.0024691358024691358
"[70,80)",1,504,1,2022-09-10,0.001984126984126984
,0,10512,8,2022-09-10,0.00076103500761035
,1,10009,14,2022-09-10,0.0013987411329803177
"[60,70)",0,730,0,2022-09-11,0.0
"[60,70)",1,659,2,2022-09-11,0.0030349013657056147
"[70,80)",0,404,1,2022-09-11,0.0024752475247524753
"[70,80)",1,503,0,2022-09-11,0.0
,0,10504,13,2022-09-11,0.0012376237623762376
,1,9994,13,2022-09-11,0.0013007804682809686
"[60,70)",0,730,3,2022-09-12,0.00410958904109589
"[60,70)",1,657,6,2022-09-12,0.0091324200913242
"[70,80)",0,403,0,2022-09-12,0.0
"[70,80)",1,503,0,2022-09-12,0.0
,0,10491,14,2022-09-12,0.0013344771709083976
,1,9981,7,2022-09-12,0.0007013325318104398
"[60,70)",0,727,0,2022-09-13,0.0
"[60,70)",1,651,3,2022-09-13,0.004608294930875576
"[70,80)",0,403,1,2022-09-13,0.0024813895781637717
"[70,80)",1,503,0,2022-09-13,0.0
,0,10477,15,2022-09-13,0.0014317075498711464
,1,9974,13,2022-09-13,0.0013033888109083617
"[60,70)",0,727,0,2022-09-14,0.0
"[60,70)",1,648,0,2022-09-14,0.0
"[70,80)",0,402,0,2022-09-14,0.0
"[70,80)",1,503,0,2022-09-14,0.0
,0,10462,3,2022-09-14,0.0002867520550563946
,1,9961,4,2022-09-14,0.00040156610782049993
"[60,70)",0,727,0,2022-09-15,0.0
"[60,70)",1,648,0,2022-09-15,0.0
"[70,80)",0,402,0,2022-09-15,0.0
"[70,80)",1,503,0,2022-09-15,0.0
,0,10459,4,2022-09-15,0.00038244574051056506
,1,9957,0,2022-09-15,0.0
"[60,70)",0,727,0,2022-09-16,0.0
"[60,70)",1,648,1,2022-09-16,0.0015432098765432098
"[70,80)",0,402,0,2022-09-16,0.0
"[70,80)",1,503,0,2022-09-16,0.0
,0,10455,12,2022-09-16,0.0011477761836441894
,1,9956,8,2022-09-16,0.0008035355564483728
"[60,70)",0,727,1,2022-09-17,0.001375515818431912
"[60,70)",1,647,0,2022-09-17,0.0
"[70,80)",0,402,1,2022-09-17,0.0024875621890547263
"[70,80)",1,503,1,2022-09-17,0.0019880715705765406
,0,10443,12,2022-09-17,0.0011490950876185005
,1,9948,8,2022-09-17,0.0008041817450743868
"[60,70)",0,726,1,2022-09-18,0.0013774104683195593
"[60,70)",1,647,0,2022-09-18,0.0
"[70,80)",0,401,0,2022-09-18,0.0
"[70,80)",1,502,0,2022-09-18,0.0
,0,10431,11,2022-09-18,0.001054548940657655
,1,9939,9,2022-09-18,0.0009055236945366737
"[60,70)",0,725,0,2022-09-19,0.0
"[60,70)",1,647,0,2022-09-19,0.0
"[70,80)",0,401,1,2022-09-19,0.0024937655860349127
"[70,80)",1,502,0,2022-09-19,0.0
,0,10420,11,2022-09-19,0.001055662188099808
,1,9930,5,2022-09-19,0.0005035246727089627
"[60,70)",0,725,2,2022-09-20,0.002758620689655172
"[60,70)",1,647,2,2022-09-20,0.0030911901081916537
"[70,80)",0,400,1,2022-09-20,0.0025
"[70,80)",1,501,1,2022-09-20,0.001996007984031936
,0,10409,13,2022-09-20,0.0012489192045345373
,1,9925,16,2022-09-20,0.0016120906801007557
"[60,70)",0,722,0,2022-09-21,0.0
"[60,70)",1,645,0,2022-09-21,0.0
"[70,80)",0,398,0,2022-09-21,0.0
"[70,80)",1,500,0,2022-09-21,0.0
,0,10396,3,2022-09-21,0.00028857252789534437
,1,9909,6,2022-09-21,0.0006055101422948834
"[60,70)",0,722,0,2022-09-22,0.0
"[60,70)",1,645,0,2022-09-22,0.0
"[70,80)",0,398,0,2022-09-22,0.0
"[70,80)",1,500,0,2022-09-22,0.0
,0,10393,7,2022-09-22,0.0006735302607524295
,1,9903,2,2022-09-22,0.00020195900232252852
"[60,70)",0,722,0,2022-09-23,0.0
"[60,70)",1,645,1,2022-09-23,0.0015503875968992248
"[70,80)",0,398,0,2022-09-23,0.0
"[70,80)",1,500,0,2022-09-23,0.0
,0,10386,10,2022-09-23,0.0009628345850182939
,1,9901,7,2022-09-23,0.000706999293000707
"[60,70)",0,722,0,2022-09-24,0.0
"[60,70)",1,644,0,2022-09-24,0.0
"[70,80)",0,397,0,2022-09-24,0.0
"[70,80)",1,500,0,2022-09-24,0.0
,0,10376,2,2022-09-24,0.00019275250578257516
,1,9894,0,2022-09-24,0.0
"[60,70)",0,722,3,2022-09-25,0.004155124653739612
"[60,70)",1,644,0,2022-09-25,0.0
"[70,80)",0,397,1,2022-09-25,0.0025188916876574307
"[70,80)",1,500,2,2022-09-25,0.004
,0,10374,6,2022-09-25,0.000578368999421631
,1,9894,7,2022-09-25,0.0007074994946432181
"[60,70)",0,719,0,2022-09-26,0.0
"[60,70)",1,644,1,2022-09-26,0.0015527950310559005
"[70,80)",0,396,0,2022-09-26,0.0
"[70,80)",1,498,0,2022-09-26,0.0
,0,10368,13,2022-09-26,0.001253858024691358
,1,9887,10,2022-09-26,0.0010114291493880853
"[60,70)",0,719,0,2022-09-27,0.0
"[60,70)",1,643,2,2022-09-27,0.003110419906687403
"[70,80)",0,396,0,2022-09-27,0.0
"[70,80)",1,498,1,2022-09-27,0.002008032128514056
,0,10355,13,2022-09-27,0.0012554321583775954
,1,9877,7,2022-09-27,0.0007087172218284905
"[60,70)",0,718,0,2022-09-28,0.0
"[60,70)",1,641,0,2022-09-28,0.0
"[70,80)",0,396,0,2022-09-28,0.0
"[70,80)",1,497,0,2022-09-28,0.0
,0,10342,1,2022-09-28,9.669309611293753e-05
,1,9870,4,2022-09-28,0.0004052684903748733
"[60,70)",0,718,0,2022-09-29,0.0
"[60,70)",1,641,0,2022-09-29,0.0
"[70,80)",0,396,0,2022-09-29,0.0
"[70,80)",1,497,0,2022-09-29,0.0
,0,10340,1,2022-09-29,9.671179883945841e-05
,1,9866,0,2022-09-29,0.0
"[60,70)",0,718,0,2022-09-30,0.0
"[60,70)",1,641,1,2022-09-30,0.0015600624024961
"[70,80)",0,396,0,2022-09-30,0.0
"[70,80)",1,497,0,2022-09-30,0.0
,0,10339,7,2022-09-30,0.0006770480704129993
,1,9866,7,2022-09-30,0.0007095073991485911
"[60,70)",0,718,0,2022-10-01,0.0
"[60,70)",1,639,1,2022-10-01,0.001564945226917058
"[70,80)",0,396,0,2022-10-01,0.0
"[70,80)",1,496,0,2022-10-01,0.0
,0,10331,6,2022-10-01,0.0005807763043267835
,1,9859,7,2022-10-01,0.0007100111573181864
"[60,70)",0,718,1,2022-10-02,0.001392757660167131
"[60,70)",1,637,1,2022-10-02,0.0015698587127158557
"[70,80)",0,396,1,2022-10-02,0.0025252525252525255
"[70,80)",1,496,0,2022-10-02,0.0
,0,10324,5,2022-10-02,0.00048430840759395585
,1,9852,8,2022-10-02,0.0008120178643930166
"[60,70)",0,717,0,2022-10-03,0.0
"[60,70)",1,635,3,2022-10-03,0.004724409448818898
"[70,80)",0,395,1,2022-10-03,0.002531645569620253
"[70,80)",1,496,0,2022-10-03,0.0
,0,10319,7,2022-10-03,0.000678360306231224
,1,9844,8,2022-10-03,0.0008126777732629012
"[60,70)",0,717,0,2022-10-04,0.0
"[60,70)",1,632,0,2022-10-04,0.0
"[70,80)",0,394,0,2022-10-04,0.0
"[70,80)",1,496,0,2022-10-04,0.0
,0,10312,11,2022-10-04,0.0010667183863460046
,1,9836,17,2022-10-04,0.0017283448556323709
"[60,70)",0,717,0,2022-10-05,0.0
"[60,70)",1,632,0,2022-10-05,0.0
"[70,80)",0,394,0,2022-10-05,0.0
"[70,80)",1,496,0,2022-10-05,0.0
,0,10301,1,2022-10-05,9.707795359673819e-05
,1,9819,1,2022-10-05,0.00010184336490477646
"[60,70)",0,717,0,2022-10-06,0.0
"[60,70)",1,632,0,2022-10-06,0.0
"[70,80)",0,393,0,2022-10-06,0.0
"[70,80)",1,496,0,2022-10-06,0.0
,0,10300,2,2022-10-06,0.0001941747572815534
,1,9818,2,2022-10-06,0.00020370747606437156
"[60,70)",0,717,0,2022-10-07,0.0
"[60,70)",1,632,0,2022-10-07,0.0
"[70,80)",0,393,1,2022-10-07,0.002544529262086514
"[70,80)",1,496,0,2022-10-07,0.0
,0,10298,9,2022-10-07,0.0008739561079821324
,1,9816,2,2022-10-07,0.00020374898125509371
"[60,70)",0,717,0,2022-10-08,0.0
"[60,70)",1,632,0,2022-10-08,0.0
"[70,80)",0,392,0,2022-10-08,0.0
"[70,80)",1,496,0,2022-10-08,0.0
,0,10289,5,2022-10-08,0.00048595587520653126
,1,9814,13,2022-10-08,0.0013246382718565316
"[60,70)",0,717,0,2022-10-09,0.0
"[60,70)",1,632,0,2022-10-09,0.0
"[70,80)",0,392,0,2022-10-09,0.0
"[70,80)",1,496,0,2022-10-09,0.0
,0,10283,9,2022-10-09,0.000875230963726539
,1,9801,7,2022-10-09,0.0007142128354249566
"[60,70)",0,717,2,2022-10-10,0.002789400278940028
"[60,70)",1,632,2,2022-10-10,0.0031645569620253164
"[70,80)",0,392,0,2022-10-10,0.0
"[70,80)",1,496,0,2022-10-10,0.0
,0,10274,5,2022-10-10,0.0004866653688923496
,1,9794,5,2022-10-10,0.0005105166428425567
"[60,70)",0,715,1,2022-10-11,0.0013986013986013986
"[60,70)",1,630,0,2022-10-11,0.0
"[70,80)",0,392,0,2022-10-11,0.0
"[70,80)",1,496,0,2022-10-11,0.0
,0,10269,10,2022-10-11,0.0009738046547862498
,1,9789,13,2022-10-11,0.0013280212483399733
"[60,70)",0,714,0,2022-10-12,0.0
"[60,70)",1,630,0,2022-10-12,0.0
"[70,80)",0,392,1,2022-10-12,0.002551020408163265
"[70,80)",1,496,0,2022-10-12,0.0
,0,10259,3,2022-10-12,0.00029242616239399553
,1,9776,5,2022-10-12,0.0005114566284779051
"[60,70)",0,714,0,2022-10-13,0.0
"[60,70)",1,630,0,2022-10-13,0.0
"[70,80)",0,391,0,2022-10-13,0.0
"[70,80)",1,495,0,2022-10-13,0.0
,0,10256,4,2022-10-13,0.000390015600624025
,1,9771,5,2022-10-13,0.0005117183502200389
"[60,70)",0,714,0,2022-10-14,0.0
"[60,70)",1,629,0,2022-10-14,0.0
"[70,80)",0,391,0,2022-10-14,0.0
"[70,80)",1,495,0,2022-10-14,0.0
,0,10252,8,2022-10-14,0.0007803355442840422
,1,9764,2,2022-10-14,0.00020483408439164277
"[60,70)",0,714,1,2022-10-15,0.0014005602240896359
"[60,70)",1,629,1,2022-10-15,0.001589825119236884
"[70,80)",0,391,0,2022-10-15,0.0
"[70,80)",1,495,3,2022-10-15,0.006060606060606061
,0,10243,8,2022-10-15,0.0007810211851996485
,1,9762,11,2022-10-15,0.0011268182749436591
"[60,70)",0,713,0,2022-10-16,0.0
"[60,70)",1,628,0,2022-10-16,0.0
"[70,80)",0,391,1,2022-10-16,0.0025575447570332483
"[70,80)",1,492,1,2022-10-16,0.0020325203252032522
,0,10235,11,2022-10-16,0.0010747435271128481
,1,9751,14,2022-10-16,0.0014357501794687725
"[60,70)",0,713,1,2022-10-17,0.001402524544179523
"[60,70)",1,628,1,2022-10-17,0.0015923566878980893
"[70,80)",0,390,1,2022-10-17,0.002564102564102564
"[70,80)",1,491,1,2022-10-17,0.002036659877800407
,0,10224,12,2022-10-17,0.0011737089201877935
,1,9737,19,2022-10-17,0.001951319708329054
"[60,70)",0,712,1,2022-10-18,0.0014044943820224719
"[60,70)",1,627,1,2022-10-18,0.001594896331738437
"[70,80)",0,389,1,2022-10-18,0.002570694087403599
"[70,80)",1,490,1,2022-10-18,0.0020408163265306124
,0,10211,33,2022-10-18,0.003231808833610812
,1,9718,14,2022-10-18,0.0014406256431364478
"[60,70)",0,711,1,2022-10-19,0.0014064697609001407
"[60,70)",1,626,1,2022-10-19,0.001597444089456869
"[70,80)",0,387,0,2022-10-19,0.0
"[70,80)",1,489,0,2022-10-19,0.0
,0,10178,4,2022-10-19,0.00039300451955197487
,1,9704,8,2022-10-19,0.0008244023083264633
"[60,70)",0,710,0,2022-10-20,0.0
"[60,70)",1,625,0,2022-10-20,0.0
"[70,80)",0,387,0,2022-10-20,0.0
"[70,80)",1,489,0,2022-10-20,0.0
,0,10174,9,2022-10-20,0.0008846078238647533
,1,9695,2,2022-10-20,0.00020629190304280557
"[60,70)",0,709,3,2022-10-21,0.004231311706629055
"[60,70)",1,625,3,2022-10-21,0.0048
"[70,80)",0,387,0,2022-10-21,0.0
"[70,80)",1,489,1,2022-10-21,0.002044989775051125
,0,10164,29,2022-10-21,0.002853207398661944
,1,9693,17,2022-10-21,0.0017538429794697204
"[60,70)",0,706,2,2022-10-22,0.0028328611898017
"[60,70)",1,622,0,2022-10-22,0.0
"[70,80)",0,387,1,2022-10-22,0.002583979328165375
"[70,80)",1,488,0,2022-10-22,0.0
,0,10135,31,2022-10-22,0.003058707449432659
,1,9675,26,2022-10-22,0.0026873385012919897
"[60,70)",0,704,2,2022-10-23,0.002840909090909091
"[60,70)",1,622,1,2022-10-23,0.001607717041800643
"[70,80)",0,386,0,2022-10-23,0.0
"[70,80)",1,488,2,2022-10-23,0.004098360655737705
,0,10104,42,2022-10-23,0.004156769596199525
,1,9649,39,2022-10-23,0.004041869623795212
"[60,70)",0,702,1,2022-10-24,0.0014245014245014246
"[60,70)",1,621,1,2022-10-24,0.001610305958132045
"[70,80)",0,385,0,2022-10-24,0.0
"[70,80)",1,486,0,2022-10-24,0.0
,0,10062,7,2022-10-24,0.0006956867421983701
,1,9609,5,2022-10-24,0.0005203455094182537
"[60,70)",0,701,4,2022-10-25,0.005706134094151213
"[60,70)",1,620,4,2022-10-25,0.0064516129032258064
"[70,80)",0,385,2,2022-10-25,0.005194805194805195
"[70,80)",1,486,0,2022-10-25,0.0
,0,10055,31,2022-10-25,0.0030830432620586774
,1,9601,33,2022-10-25,0.0034371419643787105
"[60,70)",0,697,0,2022-10-26,0.0
"[60,70)",1,616,2,2022-10-26,0.003246753246753247
"[70,80)",0,383,0,2022-10-26,0.0
"[70,80)",1,486,0,2022-10-26,0.0
,0,10023,8,2022-10-26,0.0007981642222887359
,1,9568,10,2022-10-26,0.0010451505016722408
"[60,70)",0,697,0,2022-10-27,0.0
"[60,70)",1,614,0,2022-10-27,0.0
"[70,80)",0,383,0,2022-10-27,0.0
"[70,80)",1,486,0,2022-10-27,0.0
,0,10015,12,2022-10-27,0.001198202695956066
,1,9558,8,2022-10-27,0.0008369951872776732
"[60,70)",0,697,4,2022-10-28,0.005738880918220947
"[60,70)",1,614,0,2022-10-28,0.0
"[70,80)",0,383,4,2022-10-28,0.010443864229765013
"[70,80)",1,486,0,2022-10-28,0.0
,0,10003,39,2022-10-28,0.0038988303508947315
,1,9550,26,2022-10-28,0.0027225130890052357
"[60,70)",0,693,4,2022-10-29,0.005772005772005772
"[60,70)",1,614,4,2022-10-29,0.006514657980456026
"[70,80)",0,379,2,2022-10-29,0.005277044854881266
"[70,80)",1,486,0,2022-10-29,0.0
,0,9964,43,2022-10-29,0.004315535929345644
,1,9524,31,2022-10-29,0.003254934901301974
"[60,70)",0,689,6,2022-10-30,0.008708272859216255
"[60,70)",1,610,2,2022-10-30,0.003278688524590164
"[70,80)",0,377,1,2022-10-30,0.002652519893899204
"[70,80)",1,486,1,2022-10-30,0.00205761316872428
,0,9921,41,2022-10-30,0.004132647918556597
,1,9493,39,2022-10-30,0.004108290319182556
"[60,70)",0,683,1,2022-10-31,0.0014641288433382138
"[60,70)",1,608,1,2022-10-31,0.001644736842105263
"[70,80)",0,376,5,2022-10-31,0.013297872340425532
"[70,80)",1,485,5,2022-10-31,0.010309278350515464
,0,9880,45,2022-10-31,0.004554655870445344
,1,9454,56,2022-10-31,0.005923418658768775
"[60,70)",0,682,2,2022-11-01,0.002932551319648094
"[60,70)",1,607,3,2022-11-01,0.004942339373970346
"[70,80)",0,371,3,2022-11-01,0.008086253369272238
"[70,80)",1,480,5,2022-11-01,0.010416666666666666
,0,9835,46,2022-11-01,0.004677173360447382
,1,9398,36,2022-11-01,0.003830602255799106
"[60,70)",0,680,0,2022-11-02,0.0
"[60,70)",1,604,0,2022-11-02,0.0
"[70,80)",0,368,0,2022-11-02,0.0
"[70,80)",1,475,0,2022-11-02,0.0
,0,9789,9,2022-11-02,0.0009193993257738277
,1,9362,15,2022-11-02,0.0016022217474898526
"[60,70)",0,680,1,2022-11-03,0.0014705882352941176
"[60,70)",1,604,0,2022-11-03,0.0
"[70,80)",0,368,0,2022-11-03,0.0
"[70,80)",1,475,0,2022-11-03,0.0
,0,9780,10,2022-11-03,0.0010224948875255625
,1,9346,8,2022-11-03,0.0008559811684142949
"[60,70)",0,679,4,2022-11-04,0.005891016200294551
"[60,70)",1,604,3,2022-11-04,0.004966887417218543
"[70,80)",0,368,3,2022-11-04,0.008152173913043478
"[70,80)",1,474,0,2022-11-04,0.0
,0,9770,35,2022-11-04,0.0035823950870010235
,1,9337,30,2022-11-04,0.003213023455071222
"[60,70)",0,675,5,2022-11-05,0.007407407407407408
"[60,70)",1,601,2,2022-11-05,0.0033277870216306157
"[70,80)",0,365,3,2022-11-05,0.00821917808219178
"[70,80)",1,474,1,2022-11-05,0.002109704641350211
,0,9734,28,2022-11-05,0.0028765153071707416
,1,9307,38,2022-11-05,0.004082948318469969
"[60,70)",0,670,2,2022-11-06,0.0029850746268656717
"[60,70)",1,599,0,2022-11-06,0.0
"[70,80)",0,362,4,2022-11-06,0.011049723756906077
"[70,80)",1,473,0,2022-11-06,0.0
,0,9706,35,2022-11-06,0.0036060168967648877
,1,9269,39,2022-11-06,0.004207573632538569
"[60,70)",0,668,0,2022-11-07,0.0
"[60,70)",1,599,0,2022-11-07,0.0
"[70,80)",0,358,1,2022-11-07,0.002793296089385475
"[70,80)",1,473,7,2022-11-07,0.014799154334038054
,0,9671,27,2022-11-07,0.002791851928445869
,1,9230,33,2022-11-07,0.0035752979414951248
"[60,70)",0,668,3,2022-11-08,0.004491017964071856
"[60,70)",1,598,3,2022-11-08,0.005016722408026756
"[70,80)",0,357,1,2022-11-08,0.0028011204481792717
"[70,80)",1,466,1,2022-11-08,0.002145922746781116
,0,9644,42,2022-11-08,0.004355039402737453
,1,9197,50,2022-11-08,0.00543655539849951
"[60,70)",0,665,0,2022-11-09,0.0
"[60,70)",1,595,0,2022-11-09,0.0
"[70,80)",0,356,0,2022-11-09,0.0
"[70,80)",1,465,1,2022-11-09,0.002150537634408602
,0,9602,13,2022-11-09,0.0013538846073734639
,1,9146,7,2022-11-09,0.0007653619068445222
"[60,70)",0,665,1,2022-11-10,0.0015037593984962407
"[60,70)",1,595,1,2022-11-10,0.0016806722689075631
"[70,80)",0,356,0,2022-11-10,0.0
"[70,80)",1,464,1,2022-11-10,0.0021551724137931034
,0,9589,9,2022-11-10,0.0009385754510376473
,1,9139,11,2022-11-10,0.001203632782580151
"[60,70)",0,664,0,2022-11-11,0.0
"[60,70)",1,594,2,2022-11-11,0.003367003367003367
"[70,80)",0,356,1,2022-11-11,0.0028089887640449437
"[70,80)",1,463,5,2022-11-11,0.01079913606911447
,0,9580,37,2022-11-11,0.0038622129436325678
,1,9127,40,2022-11-11,0.004382601073737263
"[60,70)",0,664,3,2022-11-12,0.004518072289156626
"[60,70)",1,592,2,2022-11-12,0.0033783783783783786
"[70,80)",0,355,2,2022-11-12,0.005633802816901409
"[70,80)",1,458,2,2022-11-12,0.004366812227074236
,0,9541,39,2022-11-12,0.004087621842574153
,1,9087,43,2022-11-12,0.00473203477495323
"[60,70)",0,661,0,2022-11-13,0.0
"[60,70)",1,590,0,2022-11-13,0.0
"[70,80)",0,353,0,2022-11-13,0.0
"[70,80)",1,456,0,2022-11-13,0.0
,0,9502,12,2022-11-13,0.0012628920227320563
,1,9044,7,2022-11-13,0.0007739938080495357
"[60,70)",0,660,3,2022-11-14,0.004545454545454545
"[60,70)",1,590,2,2022-11-14,0.003389830508474576
"[70,80)",0,352,1,2022-11-14,0.002840909090909091
"[70,80)",1,455,2,2022-11-14,0.004395604395604396
,0,9490,43,2022-11-14,0.004531085353003161
,1,9037,35,2022-11-14,0.0038729666924864447
"[60,70)",0,657,4,2022-11-15,0.0060882800608828
"[60,70)",1,587,5,2022-11-15,0.008517887563884156
"[70,80)",0,350,2,2022-11-15,0.005714285714285714
"[70,80)",1,453,1,2022-11-15,0.002207505518763797
,0,9447,55,2022-11-15,0.005821954059489785
,1,9001,57,2022-11-15,0.006332629707810243
"[60,70)",0,653,3,2022-11-16,0.004594180704441042
"[60,70)",1,582,0,2022-11-16,0.0
"[70,80)",0,348,0,2022-11-16,0.0
"[70,80)",1,452,0,2022-11-16,0.0
,0,9392,26,2022-11-16,0.002768313458262351
,1,8944,15,2022-11-16,0.0016771019677996421
"[60,70)",0,650,0,2022-11-17,0.0
"[60,70)",1,582,1,2022-11-17,0.001718213058419244
"[70,80)",0,348,1,2022-11-17,0.0028735632183908046
"[70,80)",1,452,1,2022-11-17,0.0022123893805309734
,0,9366,20,2022-11-17,0.002135383301302584
,1,8928,10,2022-11-17,0.0011200716845878136
"[60,70)",0,650,4,2022-11-18,0.006153846153846154
"[60,70)",1,581,2,2022-11-18,0.0034423407917383822
"[70,80)",0,347,2,2022-11-18,0.005763688760806916
"[70,80)",1,451,3,2022-11-18,0.0066518847006651885
,0,9346,49,2022-11-18,0.005242884656537556
,1,8918,40,2022-11-18,0.004485310607759588
"[60,70)",0,646,6,2022-11-19,0.009287925696594427
"[60,70)",1,579,4,2022-11-19,0.0069084628670120895
"[70,80)",0,345,0,2022-11-19,0.0
"[70,80)",1,448,4,2022-11-19,0.008928571428571428
,0,9297,37,2022-11-19,0.003979778423147251
,1,8878,38,2022-11-19,0.004280243298040099
"[60,70)",0,640,6,2022-11-20,0.009375
"[60,70)",1,575,2,2022-11-20,0.0034782608695652175
"[70,80)",0,344,2,2022-11-20,0.005813953488372093
"[70,80)",1,444,5,2022-11-20,0.01126126126126126
,0,9260,50,2022-11-20,0.005399568034557235
,1,8840,44,2022-11-20,0.004977375565610859
"[60,70)",0,634,3,2022-11-21,0.00473186119873817
"[60,70)",1,573,4,2022-11-21,0.006980802792321117
"[70,80)",0,342,1,2022-11-21,0.0029239766081871343
"[70,80)",1,439,3,2022-11-21,0.00683371298405467
,0,9210,49,2022-11-21,0.005320304017372421
,1,8795,40,2022-11-21,0.0045480386583285955
"[60,70)",0,631,1,2022-11-22,0.001584786053882726
"[60,70)",1,569,2,2022-11-22,0.0035149384885764497
"[70,80)",0,341,0,2022-11-22,0.0
"[70,80)",1,436,4,2022-11-22,0.009174311926605505
,0,9161,55,2022-11-22,0.006003711385219954
,1,8755,42,2022-11-22,0.004797258709308966
"[60,70)",0,630,0,2022-11-23,0.0
"[60,70)",1,567,2,2022-11-23,0.003527336860670194
"[70,80)",0,341,0,2022-11-23,0.0
"[70,80)",1,432,0,2022-11-23,0.0
,0,9106,22,2022-11-23,0.002415989457500549
,1,8711,20,2022-11-23,0.0022959476523935255
"[60,70)",0,630,0,2022-11-24,0.0
"[60,70)",1,565,0,2022-11-24,0.0
"[70,80)",0,341,0,2022-11-24,0.0
"[70,80)",1,432,0,2022-11-24,0.0
,0,9084,9,2022-11-24,0.0009907529722589167
,1,8691,8,2022-11-24,0.0009204924634679554
"[60,70)",0,629,1,2022-11-25,0.001589825119236884
"[60,70)",1,565,2,2022-11-25,0.0035398230088495575
"[70,80)",0,341,2,2022-11-25,0.005865102639296188
"[70,80)",1,431,3,2022-11-25,0.0069605568445475635
,0,9075,35,2022-11-25,0.003856749311294766
,1,8683,28,2022-11-25,0.003224691926753426
"[60,70)",0,627,3,2022-11-26,0.004784688995215311
"[60,70)",1,563,1,2022-11-26,0.0017761989342806395
"[70,80)",0,339,1,2022-11-26,0.0029498525073746312
"[70,80)",1,428,4,2022-11-26,0.009345794392523364
,0,9040,23,2022-11-26,0.0025442477876106194
,1,8653,38,2022-11-26,0.004391540506182827
"[60,70)",0,624,2,2022-11-27,0.003205128205128205
"[60,70)",1,562,3,2022-11-27,0.005338078291814947
"[70,80)",0,338,0,2022-11-27,0.0
"[70,80)",1,424,5,2022-11-27,0.01179245283018868
,0,9017,35,2022-11-27,0.0038815570588887657
,1,8615,30,2022-11-27,0.003482298316889147
"[60,70)",0,622,5,2022-11-28,0.008038585209003215
"[60,70)",1,559,0,2022-11-28,0.0
"[70,80)",0,338,0,2022-11-28,0.0
"[70,80)",1,419,3,2022-11-28,0.007159904534606206
,0,8982,26,2022-11-28,0.0028946782453796484
,1,8584,25,2022-11-28,0.002912395153774464
"[60,70)",0,617,3,2022-11-29,0.004862236628849271
"[60,70)",1,559,3,2022-11-29,0.005366726296958855
"[70,80)",0,338,1,2022-11-29,0.0029585798816568047
"[70,80)",1,416,3,2022-11-29,0.007211538461538462
,0,8956,19,2022-11-29,0.002121482804823582
,1,8559,25,2022-11-29,0.0029209019745297347
"[60,70)",0,614,1,2022-11-30,0.0016286644951140066
"[60,70)",1,556,0,2022-11-30,0.0
"[70,80)",0,336,0,2022-11-30,0.0
"[70,80)",1,413,0,2022-11-30,0.0
,0,8937,6,2022-11-30,0.000671366230278617
,1,8534,3,2022-11-30,0.0003515350363252871
"[60,70)",0,613,1,2022-12-01,0.0016313213703099511
"[60,70)",1,556,0,2022-12-01,0.0
"[70,80)",0,336,0,2022-12-01,0.0
"[70,80)",1,413,0,2022-12-01,0.0
,0,8931,3,2022-12-01,0.0003359086328518643
,1,8530,4,2022-12-01,0.0004689331770222743
"[60,70)",0,612,2,2022-12-02,0.0032679738562091504
"[60,70)",1,555,0,2022-12-02,0.0
"[70,80)",0,336,0,2022-12-02,0.0
"[70,80)",1,413,2,2022-12-02,0.004842615012106538
,0,8928,23,2022-12-02,0.0025761648745519714
,1,8526,17,2022-12-02,0.001993901008679334
"[60,70)",0,610,5,2022-12-03,0.00819672131147541
"[60,70)",1,555,1,2022-12-03,0.0018018018018018018
"[70,80)",0,336,0,2022-12-03,0.0
"[70,80)",1,411,2,2022-12-03,0.004866180048661801
,0,8905,15,2022-12-03,0.0016844469399213925
,1,8508,6,2022-12-03,0.0007052186177715092
"[60,70)",0,604,2,2022-12-04,0.0033112582781456954
"[60,70)",1,554,2,2022-12-04,0.0036101083032490976
"[70,80)",0,335,1,2022-12-04,0.0029850746268656717
"[70,80)",1,409,3,2022-12-04,0.007334963325183374
,0,8889,16,2022-12-04,0.0017999775002812465
,1,8502,18,2022-12-04,0.002117148906139732
"[60,70)",0,602,2,2022-12-05,0.0033222591362126247
"[60,70)",1,552,0,2022-12-05,0.0
"[70,80)",0,333,0,2022-12-05,0.0
"[70,80)",1,406,1,2022-12-05,0.0024630541871921183
,0,8873,13,2022-12-05,0.0014651189000338103
,1,8483,13,2022-12-05,0.0015324767181421667
"[60,70)",0,600,2,2022-12-06,0.0033333333333333335
"[60,70)",1,552,2,2022-12-06,0.0036231884057971015
"[70,80)",0,333,2,2022-12-06,0.006006006006006006
"[70,80)",1,405,0,2022-12-06,0.0
,0,8860,20,2022-12-06,0.002257336343115124
,1,8470,12,2022-12-06,0.0014167650531286896
"[60,70)",0,598,0,2022-12-07,0.0
"[60,70)",1,550,0,2022-12-07,0.0
"[70,80)",0,331,0,2022-12-07,0.0
"[70,80)",1,405,0,2022-12-07,0.0
,0,8839,7,2022-12-07,0.0007919447901346306
,1,8457,4,2022-12-07,0.0004729809625162587
"[60,70)",0,598,0,2022-12-08,0.0
"[60,70)",1,550,0,2022-12-08,0.0
"[70,80)",0,331,2,2022-12-08,0.006042296072507553
"[70,80)",1,405,0,2022-12-08,0.0
,0,8832,0,2022-12-08,0.0
,1,8453,4,2022-12-08,0.0004732047793682716
"[60,70)",0,598,2,2022-12-09,0.0033444816053511705
"[60,70)",1,550,2,2022-12-09,0.0036363636363636364
"[70,80)",0,328,0,2022-12-09,0.0
"[70,80)",1,405,1,2022-12-09,0.0024691358024691358
,0,8832,9,2022-12-09,0.0010190217391304348
,1,8449,11,2022-12-09,0.0013019292223931827
"[60,70)",0,596,2,2022-12-10,0.003355704697986577
"[60,70)",1,548,0,2022-12-10,0.0
"[70,80)",0,328,1,2022-12-10,0.003048780487804878
"[70,80)",1,403,1,2022-12-10,0.0024813895781637717
,0,8823,13,2022-12-10,0.0014734217386376516
,1,8438,16,2022-12-10,0.0018961839298411946
"[60,70)",0,594,1,2022-12-11,0.0016835016835016834
"[60,70)",1,548,0,2022-12-11,0.0
"[70,80)",0,327,1,2022-12-11,0.0030581039755351682
"[70,80)",1,402,2,2022-12-11,0.004975124378109453
,0,8809,13,2022-12-11,0.0014757634237711431
,1,8422,11,2022-12-11,0.001306103063405367
"[60,70)",0,593,2,2022-12-12,0.003372681281618887
"[60,70)",1,548,2,2022-12-12,0.0036496350364963502
"[70,80)",0,326,0,2022-12-12,0.0
"[70,80)",1,400,2,2022-12-12,0.005
,0,8796,13,2022-12-12,0.0014779445202364712
,1,8411,12,2022-12-12,0.0014267031268576863
"[60,70)",0,591,1,2022-12-13,0.001692047377326565
"[60,70)",1,546,2,2022-12-13,0.003663003663003663
"[70,80)",0,326,3,2022-12-13,0.009202453987730062
"[70,80)",1,398,1,2022-12-13,0.002512562814070352
,0,8783,18,2022-12-13,0.0020494136399863373
,1,8399,11,2022-12-13,0.00130967972377664
"[60,70)",0,590,0,2022-12-14,0.0
"[60,70)",1,544,0,2022-12-14,0.0
"[70,80)",0,323,0,2022-12-14,0.0
"[70,80)",1,397,0,2022-12-14,0.0
,0,8765,2,2022-12-14,0.00022818026240730178
,1,8387,7,2022-12-14,0.0008346250149040181
"[60,70)",0,590,1,2022-12-15,0.001694915254237288
"[60,70)",1,543,0,2022-12-15,0.0
"[70,80)",0,323,0,2022-12-15,0.0
"[70,80)",1,397,0,2022-12-15,0.0
,0,8763,10,2022-12-15,0.0011411617026132602
,1,8380,2,2022-12-15,0.00023866348448687351
"[60,70)",0,589,0,2022-12-16,0.0
"[60,70)",1,543,1,2022-12-16,0.001841620626151013
"[70,80)",0,323,2,2022-12-16,0.006191950464396285
"[70,80)",1,397,0,2022-12-16,0.0
,0,8752,18,2022-12-16,0.002056672760511883
,1,8378,12,2022-12-16,0.0014323227500596801
"[60,70)",0,589,0,2022-12-17,0.0
"[60,70)",1,542,0,2022-12-17,0.0
"[70,80)",0,321,0,2022-12-17,0.0
"[70,80)",1,397,0,2022-12-17,0.0
,0,8734,11,2022-12-17,0.0012594458438287153
,1,8366,12,2022-12-17,0.0014343772412144394
"[60,70)",0,589,0,2022-12-18,0.0
"[60,70)",1,542,0,2022-12-18,0.0
"[70,80)",0,321,0,2022-12-18,0.0
"[70,80)",1,397,1,2022-12-18,0.0025188916876574307
,0,8722,10,2022-12-18,0.0011465260261407934
,1,8353,6,2022-12-18,0.0007183048006704178
"[60,70)",0,589,0,2022-12-19,0.0
"[60,70)",1,542,0,2022-12-19,0.0
"[70,80)",0,321,0,2022-12-19,0.0
"[70,80)",1,395,0,2022-12-19,0.0
,0,8712,11,2022-12-19,0.0012626262626262627
,1,8347,3,2022-12-19,0.0003594105666706601
"[60,70)",0,589,0,2022-12-20,0.0
"[60,70)",1,541,0,2022-12-20,0.0
"[70,80)",0,321,0,2022-12-20,0.0
"[70,80)",1,395,0,2022-12-20,0.0
,0,8701,1,2022-12-20,0.00011492931846914148
,1,8344,0,2022-12-20,0.0
"[60,70)",0,589,0,2022-12-21,0.0
"[60,70)",1,541,0,2022-12-21,0.0
"[70,80)",0,321,0,2022-12-21,0.0
"[70,80)",1,395,0,2022-12-21,0.0
,0,8698,0,2022-12-21,0.0
,1,8344,0,2022-12-21,0.0
"[60,70)",0,589,0,2022-12-22,0.0
"[60,70)",1,541,0,2022-12-22,0.0
"[70,80)",0,321,0,2022-12-22,0.0
"[70,80)",1,394,0,2022-12-22,0.0
,0,8697,0,2022-12-22,0.0
,1,8344,0,2022-12-22,0.0
"[60,70)",0,589,0,2022-12-23,0.0
"[60,70)",1,541,0,2022-12-23,0.0
"[70,80)",0,321,0,2022-12-23,0.0
"[70,80)",1,394,0,2022-12-23,0.0
,0,8697,4,2022-12-23,0.00045992871104978727
,1,8344,6,2022-12-23,0.0007190795781399808
"[60,70)",0,589,0,2022-12-24,0.0
"[60,70)",1,541,0,2022-12-24,0.0
"[70,80)",0,320,0,2022-12-24,0.0
"[70,80)",1,393,0,2022-12-24,0.0
,0,8693,8,2022-12-24,0.0009202806856091108
,1,8337,9,2022-12-24,0.0010795250089960418
"[60,70)",0,589,1,2022-12-25,0.001697792869269949
"[60,70)",1,541,0,2022-12-25,0.0
"[70,80)",0,320,0,2022-12-25,0.0
"[70,80)",1,393,1,2022-12-25,0.002544529262086514
,0,8685,9,2022-12-25,0.0010362694300518134
,1,8327,14,2022-12-25,0.0016812777711060407
"[60,70)",0,588,0,2022-12-26,0.0
"[60,70)",1,541,1,2022-12-26,0.0018484288354898336
"[70,80)",0,320,1,2022-12-26,0.003125
"[70,80)",1,392,1,2022-12-26,0.002551020408163265
,0,8676,18,2022-12-26,0.002074688796680498
,1,8313,9,2022-12-26,0.0010826416456153013
"[60,70)",0,588,0,2022-12-27,0.0
"[60,70)",1,540,0,2022-12-27,0.0
"[70,80)",0,319,0,2022-12-27,0.0
"[70,80)",1,391,0,2022-12-27,0.0
,0,8658,0,2022-12-27,0.0
,1,8304,0,2022-12-27,0.0
"[60,70)",0,588,0,2022-12-28,0.0
"[60,70)",1,540,0,2022-12-28,0.0
"[70,80)",0,319,0,2022-12-28,0.0
"[70,80)",1,391,0,2022-12-28,0.0
,0,8658,0,2022-12-28,0.0
,1,8304,0,2022-12-28,0.0
"[60,70)",0,586,0,2022-12-29,0.0
"[60,70)",1,540,0,2022-12-29,0.0
"[70,80)",0,319,0,2022-12-29,0.0
"[70,80)",1,391,0,2022-12-29,0.0
,0,8658,5,2022-12-29,0.0005775005775005775
,1,8304,8,2022-12-29,0.0009633911368015414
"[60,70)",0,586,0,2022-12-30,0.0
"[60,70)",1,540,0,2022-12-30,0.0
"[70,80)",0,318,0,2022-12-30,0.0
"[70,80)",1,391,0,2022-12-30,0.0
,0,8652,10,2022-12-30,0.001155802126675913
,1,8295,7,2022-12-30,0.0008438818565400844
"[60,70)",0,586,0,2022-12-31,0.0
"[60,70)",1,540,0,2022-12-31,0.0
"[70,80)",0,318,0,2022-12-31,0.0
"[70,80)",1,391,0,2022-12-31,0.0
,0,8642,16,2022-12-31,0.0018514232816477668
,1,8287,10,2022-12-31,0.0012067093037287317
"[60,70)",0,615,1,2023-01-01,0.0016260162601626016
"[60,70)",1,579,0,2023-01-01,0.0
"[70,80)",0,331,0,2023-01-01,0.0
"[70,80)",1,400,1,2023-01-01,0.0025
,0,8584,9,2023-01-01,0.001048462255358807
,1,8229,14,2023-01-01,0.0017013002794993317
"[60,70)",0,614,2,2023-01-02,0.003257328990228013
"[60,70)",1,578,0,2023-01-02,0.0
"[70,80)",0,331,0,2023-01-02,0.0
"[70,80)",1,399,0,2023-01-02,0.0
,0,8575,13,2023-01-02,0.0015160349854227405
,1,8215,16,2023-01-02,0.0019476567255021302
"[60,70)",0,612,0,2023-01-03,0.0
"[60,70)",1,578,0,2023-01-03,0.0
"[70,80)",0,331,0,2023-01-03,0.0
"[70,80)",1,399,0,2023-01-03,0.0
,0,8562,18,2023-01-03,0.002102312543798178
,1,8199,12,2023-01-03,0.0014635931211123307
"[60,70)",0,612,0,2023-01-04,0.0
"[60,70)",1,578,0,2023-01-04,0.0
"[70,80)",0,331,0,2023-01-04,0.0
"[70,80)",1,399,1,2023-01-04,0.002506265664160401
,0,8544,4,2023-01-04,0.00046816479400749064
,1,8187,10,2023-01-04,0.0012214486380847686
"[60,70)",0,612,0,2023-01-05,0.0
"[60,70)",1,578,0,2023-01-05,0.0
"[70,80)",0,330,0,2023-01-05,0.0
"[70,80)",1,398,0,2023-01-05,0.0
,0,8540,0,2023-01-05,0.0
,1,8176,3,2023-01-05,0.0003669275929549902
"[60,70)",0,612,1,2023-01-06,0.0016339869281045752
"[60,70)",1,578,0,2023-01-06,0.0
"[70,80)",0,330,0,2023-01-06,0.0
"[70,80)",1,398,2,2023-01-06,0.005025125628140704
,0,8539,12,2023-01-06,0.0014053167818245697
,1,8173,7,2023-01-06,0.0008564786492108161
"[60,70)",0,610,0,2023-01-07,0.0
"[60,70)",1,578,0,2023-01-07,0.0
"[70,80)",0,330,1,2023-01-07,0.0030303030303030303
"[70,80)",1,396,0,2023-01-07,0.0
,0,8527,16,2023-01-07,0.001876392635158907
,1,8166,14,2023-01-07,0.0017144256674014205
"[60,70)",0,609,0,2023-01-08,0.0
"[60,70)",1,578,0,2023-01-08,0.0
"[70,80)",0,329,0,2023-01-08,0.0
"[70,80)",1,396,1,2023-01-08,0.0025252525252525255
,0,8511,20,2023-01-08,0.0023499001292445073
,1,8151,10,2023-01-08,0.00122684333210649
"[60,70)",0,609,0,2023-01-09,0.0
"[60,70)",1,578,0,2023-01-09,0.0
"[70,80)",0,329,0,2023-01-09,0.0
"[70,80)",1,395,0,2023-01-09,0.0
,0,8491,11,2023-01-09,0.0012954893416558708
,1,8141,13,2023-01-09,0.0015968554231666871
"[60,70)",0,609,0,2023-01-10,0.0
"[60,70)",1,578,2,2023-01-10,0.0034602076124567475
"[70,80)",0,329,0,2023-01-10,0.0
"[70,80)",1,395,1,2023-01-10,0.002531645569620253
,0,8480,15,2023-01-10,0.001768867924528302
,1,8128,12,2023-01-10,0.0014763779527559055
"[60,70)",0,609,0,2023-01-11,0.0
"[60,70)",1,575,0,2023-01-11,0.0
"[70,80)",0,329,0,2023-01-11,0.0
"[70,80)",1,394,0,2023-01-11,0.0
,0,8465,2,2023-01-11,0.00023626698168930892
,1,8116,1,2023-01-11,0.0001232134056185313
"[60,70)",0,609,0,2023-01-12,0.0
"[60,70)",1,575,0,2023-01-12,0.0
"[70,80)",0,329,0,2023-01-12,0.0
"[70,80)",1,394,1,2023-01-12,0.0025380710659898475
,0,8463,2,2023-01-12,0.00023632281696797826
,1,8115,1,2023-01-12,0.00012322858903265557
"[60,70)",0,609,0,2023-01-13,0.0
"[60,70)",1,575,1,2023-01-13,0.0017391304347826088
"[70,80)",0,329,0,2023-01-13,0.0
"[70,80)",1,393,0,2023-01-13,0.0
,0,8461,4,2023-01-13,0.00047275735728637277
,1,8114,11,2023-01-13,0.0013556815380823268
"[60,70)",0,609,1,2023-01-14,0.0016420361247947454
"[60,70)",1,574,2,2023-01-14,0.003484320557491289
"[70,80)",0,329,0,2023-01-14,0.0
"[70,80)",1,393,0,2023-01-14,0.0
,0,8457,5,2023-01-14,0.0005912262031453234
,1,8103,11,2023-01-14,0.001357521905467111
"[60,70)",0,608,1,2023-01-15,0.001644736842105263
"[60,70)",1,572,0,2023-01-15,0.0
"[70,80)",0,329,0,2023-01-15,0.0
"[70,80)",1,393,0,2023-01-15,0.0
,0,8452,9,2023-01-15,0.0010648367250354945
,1,8091,10,2023-01-15,0.001235941169200346
"[60,70)",0,607,0,2023-01-16,0.0
"[60,70)",1,572,1,2023-01-16,0.0017482517482517483
"[70,80)",0,329,0,2023-01-16,0.0
"[70,80)",1,393,1,2023-01-16,0.002544529262086514
,0,8443,10,2023-01-16,0.0011844131232974062
,1,8081,8,2023-01-16,0.0009899764880584086
"[60,70)",0,607,0,2023-01-17,0.0
"[60,70)",1,571,0,2023-01-17,0.0
"[70,80)",0,329,0,2023-01-17,0.0
"[70,80)",1,392,0,2023-01-17,0.0
,0,8433,10,2023-01-17,0.0011858176212498517
,1,8073,18,2023-01-17,0.002229654403567447
"[60,70)",0,607,0,2023-01-18,0.0
"[60,70)",1,571,0,2023-01-18,0.0
"[70,80)",0,329,0,2023-01-18,0.0
"[70,80)",1,392,0,2023-01-18,0.0
,0,8423,0,2023-01-18,0.0
,1,8055,0,2023-01-18,0.0
"[60,70)",0,607,0,2023-01-19,0.0
"[60,70)",1,570,0,2023-01-19,0.0
"[70,80)",0,329,0,2023-01-19,0.0
"[70,80)",1,392,0,2023-01-19,0.0
,0,8423,2,2023-01-19,0.00023744509082274725
,1,8055,1,2023-01-19,0.00012414649286157667
"[60,70)",0,607,0,2023-01-20,0.0
"[60,70)",1,570,0,2023-01-20,0.0
"[70,80)",0,329,0,2023-01-20,0.0
"[70,80)",1,392,0,2023-01-20,0.0
,0,8421,2,2023-01-20,0.00023750148438427741
,1,8054,5,2023-01-20,0.0006208095356344674
"[60,70)",0,607,0,2023-01-21,0.0
"[60,70)",1,570,0,2023-01-21,0.0
"[70,80)",0,328,0,2023-01-21,0.0
"[70,80)",1,392,0,2023-01-21,0.0
,0,8419,5,2023-01-21,0.0005938947618482005
,1,8049,4,2023-01-21,0.0004969561436203255
"[60,70)",0,607,0,2023-01-22,0.0
"[60,70)",1,570,1,2023-01-22,0.0017543859649122807
"[70,80)",0,327,0,2023-01-22,0.0
"[70,80)",1,392,2,2023-01-22,0.00510204081632653
,0,8414,3,2023-01-22,0.0003565486094604231
,1,8044,6,2023-01-22,0.0007458975634012929
"[60,70)",0,607,2,2023-01-23,0.0032948929159802307
"[60,70)",1,569,0,2023-01-23,0.0
"[70,80)",0,327,0,2023-01-23,0.0
"[70,80)",1,390,0,2023-01-23,0.0
,0,8411,7,2023-01-23,0.0008322434906669837
,1,8038,5,2023-01-23,0.0006220452848967405
"[60,70)",0,605,0,2023-01-24,0.0
"[60,70)",1,569,0,2023-01-24,0.0
"[70,80)",0,327,0,2023-01-24,0.0
"[70,80)",1,390,0,2023-01-24,0.0
,0,8404,7,2023-01-24,0.0008329366968110424
,1,8033,10,2023-01-24,0.0012448649321548612
"[60,70)",0,605,0,2023-01-25,0.0
"[60,70)",1,569,0,2023-01-25,0.0
"[70,80)",0,327,0,2023-01-25,0.0
"[70,80)",1,390,0,2023-01-25,0.0
,0,8397,0,2023-01-25,0.0
,1,8021,1,2023-01-25,0.00012467273407305821
"[60,70)",0,605,0,2023-01-26,0.0
"[60,70)",1,569,0,2023-01-26,0.0
"[70,80)",0,327,0,2023-01-26,0.0
"[70,80)",1,390,0,2023-01-26,0.0
,0,8397,1,2023-01-26,0.00011909015124449208
,1,8020,0,2023-01-26,0.0
"[60,70)",0,605,0,2023-01-27,0.0
"[60,70)",1,569,1,2023-01-27,0.0017574692442882249
"[70,80)",0,327,0,2023-01-27,0.0
"[70,80)",1,390,2,2023-01-27,0.005128205128205128
,0,8395,4,2023-01-27,0.00047647409172126264
,1,8020,1,2023-01-27,0.00012468827930174563
"[60,70)",0,605,0,2023-01-28,0.0
"[60,70)",1,568,0,2023-01-28,0.0
"[70,80)",0,327,0,2023-01-28,0.0
"[70,80)",1,388,0,2023-01-28,0.0
,0,8391,5,2023-01-28,0.000595876534382076
,1,8019,2,2023-01-28,0.00024940765681506424
"[60,70)",0,605,0,2023-01-29,0.0
"[60,70)",1,568,0,2023-01-29,0.0
"[70,80)",0,327,0,2023-01-29,0.0
"[70,80)",1,388,0,2023-01-29,0.0
,0,8386,5,2023-01-29,0.0005962318149296446
,1,8017,5,2023-01-29,0.0006236746912810278
"[60,70)",0,605,0,2023-01-30,0.0
"[60,70)",1,568,1,2023-01-30,0.0017605633802816902
"[70,80)",0,327,0,2023-01-30,0.0
"[70,80)",1,388,0,2023-01-30,0.0
,0,8381,2,2023-01-30,0.00023863500775563775
,1,8012,2,2023-01-30,0.00024962556165751375
"[60,70)",0,605,1,2023-01-31,0.001652892561983471
"[60,70)",1,567,0,2023-01-31,0.0
"[70,80)",0,327,0,2023-01-31,0.0
"[70,80)",1,388,0,2023-01-31,0.0
,0,8379,2,2023-01-31,0.00023869196801527628
,1,8010,3,2023-01-31,0.0003745318352059925
"[60,70)",0,604,0,2023-02-01,0.0
"[60,70)",1,567,0,2023-02-01,0.0
"[70,80)",0,327,0,2023-02-01,0.0
"[70,80)",1,388,0,2023-02-01,0.0
,0,8377,1,2023-02-01,0.0001193744777366599
,1,8007,0,2023-02-01,0.0
"[60,70)",0,604,0,2023-02-02,0.0
"[60,70)",1,567,0,2023-02-02,0.0
"[70,80)",0,327,0,2023-02-02,0.0
"[70,80)",1,388,0,2023-02-02,0.0
,0,8376,1,2023-02-02,0.00011938872970391595
,1,8007,0,2023-02-02,0.0
"[60,70)",0,604,0,2023-02-03,0.0
"[60,70)",1,567,0,2023-02-03,0.0
"[70,80)",0,327,0,2023-02-03,0.0
"[70,80)",1,388,0,2023-02-03,0.0
,0,8375,2,2023-02-03,0.00023880597014925374
,1,8007,2,2023-02-03,0.00024978144123891593
"[60,70)",0,604,0,2023-02-04,0.0
"[60,70)",1,567,0,2023-02-04,0.0
"[70,80)",0,327,0,2023-02-04,0.0
"[70,80)",1,388,0,2023-02-04,0.0
,0,8373,2,2023-02-04,0.0002388630120625821
,1,8005,2,2023-02-04,0.00024984384759525296
"[60,70)",0,604,0,2023-02-05,0.0
"[60,70)",1,567,0,2023-02-05,0.0
"[70,80)",0,327,0,2023-02-05,0.0
"[70,80)",1,388,0,2023-02-05,0.0
,0,8370,1,2023-02-05,0.00011947431302270011
,1,8002,3,2023-02-05,0.00037490627343164207
"[60,70)",0,604,0,2023-02-06,0.0
"[60,70)",1,567,0,2023-02-06,0.0
"[70,80)",0,327,0,2023-02-06,0.0
"[70,80)",1,388,0,2023-02-06,0.0
,0,8369,5,2023-02-06,0.000597442944198829
,1,7999,0,2023-02-06,0.0
"[60,70)",0,604,0,2023-02-07,0.0
"[60,70)",1,567,0,2023-02-07,0.0
"[70,80)",0,327,0,2023-02-07,0.0
"[70,80)",1,388,0,2023-02-07,0.0
,0,8364,3,2023-02-07,0.0003586800573888092
,1,7999,5,2023-02-07,0.0006250781347668458
"[60,70)",0,604,0,2023-02-08,0.0
"[60,70)",1,567,0,2023-02-08,0.0
"[70,80)",0,327,0,2023-02-08,0.0
"[70,80)",1,388,0,2023-02-08,0.0
,0,8361,0,2023-02-08,0.0
,1,7993,0,2023-02-08,0.0
"[60,70)",0,604,0,2023-02-09,0.0
"[60,70)",1,567,0,2023-02-09,0.0
"[70,80)",0,327,0,2023-02-09,0.0
"[70,80)",1,388,0,2023-02-09,0.0
,0,8361,0,2023-02-09,0.0
,1,7993,0,2023-02-09,0.0
"[60,70)",0,604,0,2023-02-10,0.0
"[60,70)",1,567,0,2023-02-10,0.0
"[70,80)",0,327,0,2023-02-10,0.0
"[70,80)",1,388,0,2023-02-10,0.0
,0,8361,0,2023-02-10,0.0
,1,7993,0,2023-02-10,0.0
"[60,70)",0,604,0,2023-02-11,0.0
"[60,70)",1,567,0,2023-02-11,0.0
"[70,80)",0,327,0,2023-02-11,0.0
"[70,80)",1,388,0,2023-02-11,0.0
,0,8361,0,2023-02-11,0.0
,1,7993,1,2023-02-11,0.00012510947078693858
"[60,70)",0,604,1,2023-02-12,0.0016556291390728477
"[60,70)",1,567,0,2023-02-12,0.0
"[70,80)",0,327,0,2023-02-12,0.0
"[70,80)",1,388,0,2023-02-12,0.0
,0,8361,3,2023-02-12,0.0003588087549336204
,1,7992,2,2023-02-12,0.00025025025025025025
"[60,70)",0,603,0,2023-02-13,0.0
"[60,70)",1,567,0,2023-02-13,0.0
"[70,80)",0,327,0,2023-02-13,0.0
"[70,80)",1,388,0,2023-02-13,0.0
,0,8358,2,2023-02-13,0.00023929169657812874
,1,7990,2,2023-02-13,0.00025031289111389235
"[60,70)",0,603,0,2023-02-14,0.0
"[60,70)",1,567,1,2023-02-14,0.001763668430335097
"[70,80)",0,326,0,2023-02-14,0.0
"[70,80)",1,388,0,2023-02-14,0.0
,0,8355,0,2023-02-14,0.0
,1,7988,2,2023-02-14,0.0002503755633450175
"[60,70)",0,603,0,2023-02-15,0.0
"[60,70)",1,566,0,2023-02-15,0.0
"[70,80)",0,326,0,2023-02-15,0.0
"[70,80)",1,388,0,2023-02-15,0.0
,0,8355,1,2023-02-15,0.00011968880909634949
,1,7986,0,2023-02-15,0.0
"[60,70)",0,603,0,2023-02-16,0.0
"[60,70)",1,566,0,2023-02-16,0.0
"[70,80)",0,326,0,2023-02-16,0.0
"[70,80)",1,388,0,2023-02-16,0.0
,0,8354,0,2023-02-16,0.0
,1,7986,0,2023-02-16,0.0
"[60,70)",0,603,0,2023-02-17,0.0
"[60,70)",1,566,0,2023-02-17,0.0
"[70,80)",0,325,0,2023-02-17,0.0
"[70,80)",1,388,0,2023-02-17,0.0
,0,8354,1,2023-02-17,0.00011970313622216902
,1,7986,0,2023-02-17,0.0
"[60,70)",0,603,0,2023-02-18,0.0
"[60,70)",1,566,0,2023-02-18,0.0
"[70,80)",0,325,0,2023-02-18,0.0
"[70,80)",1,388,0,2023-02-18,0.0
,0,8353,1,2023-02-18,0.00011971746677840296
,1,7986,2,2023-02-18,0.00025043826696719256
"[60,70)",0,603,0,2023-02-19,0.0
"[60,70)",1,566,0,2023-02-19,0.0
"[70,80)",0,325,0,2023-02-19,0.0
"[70,80)",1,388,0,2023-02-19,0.0
,0,8352,1,2023-02-19,0.00011973180076628352
,1,7984,3,2023-02-19,0.000375751503006012
"[60,70)",0,602,0,2023-02-20,0.0
"[60,70)",1,566,0,2023-02-20,0.0
"[70,80)",0,325,0,2023-02-20,0.0
"[70,80)",1,388,0,2023-02-20,0.0
,0,8351,0,2023-02-20,0.0
,1,7981,2,2023-02-20,0.0002505951635133442
"[60,70)",0,602,0,2023-02-21,0.0
"[60,70)",1,566,0,2023-02-21,0.0
"[70,80)",0,325,0,2023-02-21,0.0
"[70,80)",1,388,0,2023-02-21,0.0
,0,8351,3,2023-02-21,0.0003592384145611304
,1,7978,2,2023-02-21,0.000250689395838556
"[60,70)",0,602,0,2023-02-22,0.0
"[60,70)",1,566,0,2023-02-22,0.0
"[70,80)",0,325,0,2023-02-22,0.0
"[70,80)",1,388,0,2023-02-22,0.0
,0,8347,0,2023-02-22,0.0
,1,7976,0,2023-02-22,0.0
"[60,70)",0,602,0,2023-02-23,0.0
"[60,70)",1,566,0,2023-02-23,0.0
"[70,80)",0,325,0,2023-02-23,0.0
"[70,80)",1,388,0,2023-02-23,0.0
,0,8347,0,2023-02-23,0.0
,1,7976,0,2023-02-23,0.0
"[60,70)",0,602,0,2023-02-24,0.0
"[60,70)",1,566,0,2023-02-24,0.0
"[70,80)",0,325,0,2023-02-24,0.0
"[70,80)",1,388,0,2023-02-24,0.0
,0,8347,0,2023-02-24,0.0
,1,7976,1,2023-02-24,0.00012537612838515547
"[60,70)",0,602,0,2023-02-25,0.0
"[60,70)",1,566,0,2023-02-25,0.0
"[70,80)",0,325,0,2023-02-25,0.0
"[70,80)",1,388,0,2023-02-25,0.0
,0,8346,0,2023-02-25,0.0
,1,7974,0,2023-02-25,0.0
"[60,70)",0,602,0,2023-02-26,0.0
"[60,70)",1,566,0,2023-02-26,0.0
"[70,80)",0,325,0,2023-02-26,0.0
"[70,80)",1,388,0,2023-02-26,0.0
,0,8346,1,2023-02-26,0.00011981787682722263
,1,7973,0,2023-02-26,0.0
"[60,70)",0,602,0,2023-02-27,0.0
"[60,70)",1,566,0,2023-02-27,0.0
"[70,80)",0,325,0,2023-02-27,0.0
"[70,80)",1,387,0,2023-02-27,0.0
,0,8345,2,2023-02-27,0.0002396644697423607
,1,7973,0,2023-02-27,0.0
"[60,70)",0,602,0,2023-02-28,0.0
"[60,70)",1,566,0,2023-02-28,0.0
"[70,80)",0,325,0,2023-02-28,0.0
"[70,80)",1,387,0,2023-02-28,0.0
,0,8343,1,2023-02-28,0.00011986096128490951
,1,7972,0,2023-02-28,0.0
"[60,70)",0,602,0,2023-03-01,0.0
"[60,70)",1,565,0,2023-03-01,0.0
"[70,80)",0,325,0,2023-03-01,0.0
"[70,80)",1,387,0,2023-03-01,0.0
,0,8341,0,2023-03-01,0.0
,1,7972,0,2023-03-01,0.0
"[60,70)",0,602,0,2023-03-02,0.0
"[60,70)",1,565,0,2023-03-02,0.0
"[70,80)",0,325,0,2023-03-02,0.0
"[70,80)",1,387,0,2023-03-02,0.0
,0,8341,0,2023-03-02,0.0
,1,7971,0,2023-03-02,0.0
"[60,70)",0,602,0,2023-03-03,0.0
"[60,70)",1,565,0,2023-03-03,0.0
"[70,80)",0,325,0,2023-03-03,0.0
"[70,80)",1,386,0,2023-03-03,0.0
,0,8340,0,2023-03-03,0.0
,1,7971,1,2023-03-03,0.00012545477355413375
"[60,70)",0,602,0,2023-03-04,0.0
"[60,70)",1,565,1,2023-03-04,0.0017699115044247787
"[70,80)",0,325,0,2023-03-04,0.0
"[70,80)",1,386,0,2023-03-04,0.0
,0,8340,1,2023-03-04,0.00011990407673860912
,1,7970,0,2023-03-04,0.0
"[60,70)",0,602,0,2023-03-05,0.0
"[60,70)",1,564,0,2023-03-05,0.0
"[70,80)",0,325,0,2023-03-05,0.0
"[70,80)",1,386,0,2023-03-05,0.0
,0,8339,1,2023-03-05,0.0001199184554502938
,1,7970,2,2023-03-05,0.0002509410288582183
"[60,70)",0,602,1,2023-03-06,0.0016611295681063123
"[60,70)",1,564,0,2023-03-06,0.0
"[70,80)",0,325,0,2023-03-06,0.0
"[70,80)",1,386,0,2023-03-06,0.0
,0,8337,2,2023-03-06,0.00023989444644356483
,1,7968,1,2023-03-06,0.0001255020080321285
"[60,70)",0,601,0,2023-03-07,0.0
"[60,70)",1,564,0,2023-03-07,0.0
"[70,80)",0,325,1,2023-03-07,0.003076923076923077
"[70,80)",1,386,0,2023-03-07,0.0
,0,8335,1,2023-03-07,0.0001199760047990402
,1,7966,0,2023-03-07,0.0
"[60,70)",0,601,0,2023-03-08,0.0
"[60,70)",1,564,0,2023-03-08,0.0
"[70,80)",0,324,0,2023-03-08,0.0
"[70,80)",1,386,0,2023-03-08,0.0
,0,8334,0,2023-03-08,0.0
,1,7965,0,2023-03-08,0.0
"[60,70)",0,601,0,2023-03-09,0.0
"[60,70)",1,564,0,2023-03-09,0.0
"[70,80)",0,324,0,2023-03-09,0.0
"[70,80)",1,386,0,2023-03-09,0.0
,0,8334,0,2023-03-09,0.0
,1,7965,0,2023-03-09,0.0
"[60,70)",0,601,0,2023-03-10,0.0
"[60,70)",1,564,1,2023-03-10,0.0017730496453900709
"[70,80)",0,324,0,2023-03-10,0.0
"[70,80)",1,386,0,2023-03-10,0.0
,0,8333,0,2023-03-10,0.0
,1,7965,1,2023-03-10,0.00012554927809165097
"[60,70)",0,601,0,2023-03-11,0.0
"[60,70)",1,563,0,2023-03-11,0.0
"[70,80)",0,324,0,2023-03-11,0.0
"[70,80)",1,386,0,2023-03-11,0.0
,0,8333,0,2023-03-11,0.0
,1,7964,1,2023-03-11,0.00012556504269211453
"[60,70)",0,601,0,2023-03-12,0.0
"[60,70)",1,563,0,2023-03-12,0.0
"[70,80)",0,324,0,2023-03-12,0.0
"[70,80)",1,386,0,2023-03-12,0.0
,0,8333,1,2023-03-12,0.00012000480019200768
,1,7963,1,2023-03-12,0.0001255808112520407
"[60,70)",0,601,0,2023-03-13,0.0
"[60,70)",1,563,0,2023-03-13,0.0
"[70,80)",0,324,0,2023-03-13,0.0
"[70,80)",1,386,0,2023-03-13,0.0
,0,8332,1,2023-03-13,0.00012001920307249159
,1,7962,0,2023-03-13,0.0
"[60,70)",0,601,0,2023-03-14,0.0
"[60,70)",1,563,0,2023-03-14,0.0
"[70,80)",0,324,0,2023-03-14,0.0
"[70,80)",1,386,0,2023-03-14,0.0
,0,8331,1,2023-03-14,0.00012003360941063497
,1,7962,1,2023-03-14,0.00012559658377292137
"[60,70)",0,601,0,2023-03-15,0.0
"[60,70)",1,563,0,2023-03-15,0.0
"[70,80)",0,324,0,2023-03-15,0.0
"[70,80)",1,386,0,2023-03-15,0.0
,0,8330,0,2023-03-15,0.0
,1,7961,0,2023-03-15,0.0
"[60,70)",0,601,0,2023-03-16,0.0
"[60,70)",1,563,0,2023-03-16,0.0
"[70,80)",0,324,0,2023-03-16,0.0
"[70,80)",1,386,0,2023-03-16,0.0
,0,8330,0,2023-03-16,0.0
,1,7961,0,2023-03-16,0.0
"[60,70)",0,601,0,2023-03-17,0.0
"[60,70)",1,563,0,2023-03-17,0.0
"[70,80)",0,324,0,2023-03-17,0.0
"[70,80)",1,386,0,2023-03-17,0.0
,0,8330,0,2023-03-17,0.0
,1,7961,1,2023-03-17,0.00012561236025624922
"[60,70)",0,601,0,2023-03-18,0.0
"[60,70)",1,563,0,2023-03-18,0.0
"[70,80)",0,324,0,2023-03-18,0.0
"[70,80)",1,386,0,2023-03-18,0.0
,0,8329,0,2023-03-18,0.0
,1,7960,0,2023-03-18,0.0
"[60,70)",0,601,0,2023-03-19,0.0
"[60,70)",1,562,0,2023-03-19,0.0
"[70,80)",0,324,0,2023-03-19,0.0
"[70,80)",1,386,0,2023-03-19,0.0
,0,8329,1,2023-03-19,0.00012006243246488174
,1,7959,1,2023-03-19,0.00012564392511622062
"[60,70)",0,601,0,2023-03-20,0.0
"[60,70)",1,562,0,2023-03-20,0.0
"[70,80)",0,324,0,2023-03-20,0.0
"[70,80)",1,386,0,2023-03-20,0.0
,0,8328,1,2023-03-20,0.00012007684918347742
,1,7958,0,2023-03-20,0.0
"[60,70)",0,601,0,2023-03-21,0.0
"[60,70)",1,562,0,2023-03-21,0.0
"[70,80)",0,324,0,2023-03-21,0.0
"[70,80)",1,385,0,2023-03-21,0.0
,0,8327,0,2023-03-21,0.0
,1,7958,2,2023-03-21,0.00025131942699170643
"[60,70)",0,601,0,2023-03-22,0.0
"[60,70)",1,562,0,2023-03-22,0.0
"[70,80)",0,324,0,2023-03-22,0.0
"[70,80)",1,385,0,2023-03-22,0.0
,0,8327,0,2023-03-22,0.0
,1,7956,0,2023-03-22,0.0
"[60,70)",0,601,0,2023-03-23,0.0
"[60,70)",1,562,0,2023-03-23,0.0
"[70,80)",0,324,0,2023-03-23,0.0
"[70,80)",1,385,0,2023-03-23,0.0
,0,8327,1,2023-03-23,0.00012009126936471719
,1,7956,0,2023-03-23,0.0
"[60,70)",0,601,0,2023-03-24,0.0
"[60,70)",1,562,0,2023-03-24,0.0
"[70,80)",0,324,0,2023-03-24,0.0
"[70,80)",1,385,0,2023-03-24,0.0
,0,8326,0,2023-03-24,0.0
,1,7955,0,2023-03-24,0.0
"[60,70)",0,601,0,2023-03-25,0.0
"[60,70)",1,562,0,2023-03-25,0.0
"[70,80)",0,323,0,2023-03-25,0.0
"[70,80)",1,385,0,2023-03-25,0.0
,0,8325,0,2023-03-25,0.0
,1,7954,0,2023-03-25,0.0
"[60,70)",0,601,0,2023-03-26,0.0
"[60,70)",1,562,0,2023-03-26,0.0
"[70,80)",0,323,0,2023-03-26,0.0
"[70,80)",1,385,0,2023-03-26,0.0
,0,8325,1,2023-03-26,0.00012012012012012012
,1,7954,2,2023-03-26,0.00025144581342720644
"[60,70)",0,601,0,2023-03-27,0.0
"[60,70)",1,562,0,2023-03-27,0.0
"[70,80)",0,322,0,2023-03-27,0.0
"[70,80)",1,385,0,2023-03-27,0.0
,0,8324,3,2023-03-27,0.00036040365209034117
,1,7952,0,2023-03-27,0.0
"[60,70)",0,601,0,2023-03-28,0.0
"[60,70)",1,562,0,2023-03-28,0.0
"[70,80)",0,322,0,2023-03-28,0.0
"[70,80)",1,385,0,2023-03-28,0.0
,0,8320,1,2023-03-28,0.0001201923076923077
,1,7952,3,2023-03-28,0.0003772635814889336
"[60,70)",0,601,0,2023-03-29,0.0
"[60,70)",1,562,0,2023-03-29,0.0
"[70,80)",0,322,0,2023-03-29,0.0
"[70,80)",1,385,0,2023-03-29,0.0
,0,8319,1,2023-03-29,0.00012020675561966583
,1,7949,1,2023-03-29,0.0001258019876714052
"[60,70)",0,601,0,2023-03-30,0.0
"[60,70)",1,562,0,2023-03-30,0.0
"[70,80)",0,322,0,2023-03-30,0.0
"[70,80)",1,385,0,2023-03-30,0.0
,0,8318,0,2023-03-30,0.0
,1,7948,0,2023-03-30,0.0
"[60,70)",0,601,0,2023-03-31,0.0
"[60,70)",1,562,0,2023-03-31,0.0
"[70,80)",0,322,0,2023-03-31,0.0
"[70,80)",1,385,0,2023-03-31,0.0
,0,8318,1,2023-03-31,0.00012022120702091849
,1,7948,0,2023-03-31,0.0
