age_group,sex,n_at_risk,n_vacc,calendar_day,hazard
"[0,40)",0,49075,3,2020-12-27,6.113092205807438e-05
"[0,40)",1,46386,5,2020-12-27,0.00010779114387961886
"[40,60)",0,32028,3,2020-12-27,9.366804046459348e-05
"[40,60)",1,30802,14,2020-12-27,0.00045451594052334265
"[60,80)",0,21148,2,2020-12-27,9.457159069415548e-05
"[60,80)",1,25503,2,2020-12-27,7.842214641414736e-05
"[80,200)",0,2992,0,2020-12-27,0.0
"[80,200)",1,5877,0,2020-12-27,0.0
,0,2240,0,2020-12-27,0.0
,1,1983,0,2020-12-27,0.0
"[0,40)",0,49072,12,2020-12-28,0.0002445386371046625
"[0,40)",1,46381,5,2020-12-28,0.00010780276406287057
"[40,60)",0,32025,10,2020-12-28,0.000312256049960968
"[40,60)",1,30788,14,2020-12-28,0.00045472261920228663
"[60,80)",0,21143,0,2020-12-28,0.0
"[60,80)",1,25500,4,2020-12-28,0.00015686274509803922
"[80,200)",0,2989,1,2020-12-28,0.00033456005352960856
"[80,200)",1,5877,0,2020-12-28,0.0
,0,2240,0,2020-12-28,0.0
,1,1983,0,2020-12-28,0.0
"[0,40)",0,49060,9,2020-12-29,0.00018344883815735833
"[0,40)",1,46376,15,2020-12-29,0.00032344316025530444
"[40,60)",0,32015,7,2020-12-29,0.00021864750898016556
"[40,60)",1,30774,26,2020-12-29,0.0008448690452979788
"[60,80)",0,21142,5,2020-12-29,0.00023649607416516885
"[60,80)",1,25495,8,2020-12-29,0.00031378701706216906
"[80,200)",0,2986,1,2020-12-29,0.0003348961821835231
"[80,200)",1,5875,4,2020-12-29,0.0006808510638297873
,0,2240,0,2020-12-29,0.0
,1,1983,0,2020-12-29,0.0
"[0,40)",0,49051,4,2020-12-30,8.154777680373489e-05
"[0,40)",1,46360,12,2020-12-30,0.0002588438308886972
"[40,60)",0,32008,7,2020-12-30,0.0002186953261684579
"[40,60)",1,30747,29,2020-12-30,0.0009431814485966111
"[60,80)",0,21134,3,2020-12-30,0.00014195135800132487
"[60,80)",1,25485,6,2020-12-30,0.00023543260741612713
"[80,200)",0,2984,0,2020-12-30,0.0
"[80,200)",1,5868,6,2020-12-30,0.0010224948875255625
,0,2240,0,2020-12-30,0.0
,1,1983,0,2020-12-30,0.0
"[0,40)",0,49047,4,2020-12-31,8.155442738597672e-05
"[0,40)",1,46348,1,2020-12-31,2.1575904030378873e-05
"[40,60)",0,32001,2,2020-12-31,6.249804693603325e-05
"[40,60)",1,30718,9,2020-12-31,0.0002929878247281724
"[60,80)",0,21130,8,2020-12-31,0.0003786086133459536
"[60,80)",1,25474,4,2020-12-31,0.00015702284682421293
"[80,200)",0,2983,0,2020-12-31,0.0
"[80,200)",1,5859,3,2020-12-31,0.0005120327700972862
,0,2240,0,2020-12-31,0.0
,1,1983,0,2020-12-31,0.0
"[0,40)",0,48657,1,2021-01-01,2.0552027457508685e-05
"[0,40)",1,45896,0,2021-01-01,0.0
"[40,60)",0,32315,1,2021-01-01,3.094538140182578e-05
"[40,60)",1,30954,2,2021-01-01,6.461200491051237e-05
"[60,80)",0,21840,0,2021-01-01,0.0
"[60,80)",1,25964,1,2021-01-01,3.851486673856109e-05
"[80,200)",0,3497,0,2021-01-01,0.0
"[80,200)",1,6637,0,2021-01-01,0.0
,0,1074,0,2021-01-01,0.0
,1,909,0,2021-01-01,0.0
"[0,40)",0,48656,4,2021-01-02,8.220979940808945e-05
"[0,40)",1,45896,2,2021-01-02,4.3576782290395675e-05
"[40,60)",0,32313,4,2021-01-02,0.00012378918701451427
"[40,60)",1,30952,8,2021-01-02,0.0002584647195657793
"[60,80)",0,21838,2,2021-01-02,9.158347834050737e-05
"[60,80)",1,25962,4,2021-01-02,0.00015407133502811802
"[80,200)",0,3493,0,2021-01-02,0.0
"[80,200)",1,6633,0,2021-01-02,0.0
,0,1074,0,2021-01-02,0.0
,1,909,0,2021-01-02,0.0
"[0,40)",0,48652,1,2021-01-03,2.0554139603716188e-05
"[0,40)",1,45894,2,2021-01-03,4.3578681309103584e-05
"[40,60)",0,32307,5,2021-01-03,0.00015476522115950104
"[40,60)",1,30944,3,2021-01-03,9.694932781799379e-05
"[60,80)",0,21832,1,2021-01-03,4.580432392817882e-05
"[60,80)",1,25957,0,2021-01-03,0.0
"[80,200)",0,3490,0,2021-01-03,0.0
"[80,200)",1,6631,0,2021-01-03,0.0
,0,1074,0,2021-01-03,0.0
,1,909,0,2021-01-03,0.0
"[0,40)",0,48651,6,2021-01-04,0.00012332737251032866
"[0,40)",1,45892,11,2021-01-04,0.00023969319271332693
"[40,60)",0,32300,9,2021-01-04,0.0002786377708978328
"[40,60)",1,30941,23,2021-01-04,0.0007433502472447562
"[60,80)",0,21828,6,2021-01-04,0.0002748763056624519
"[60,80)",1,25956,10,2021-01-04,0.0003852673755586377
"[80,200)",0,3489,0,2021-01-04,0.0
"[80,200)",1,6629,1,2021-01-04,0.0001508523155830442
,0,1074,0,2021-01-04,0.0
,1,909,0,2021-01-04,0.0
"[0,40)",0,48645,9,2021-01-05,0.00018501387604070305
"[0,40)",1,45881,12,2021-01-05,0.0002615461737974325
"[40,60)",0,32291,13,2021-01-05,0.0004025889566752346
"[40,60)",1,30918,35,2021-01-05,0.0011320266511417297
"[60,80)",0,21820,2,2021-01-05,9.165902841429881e-05
"[60,80)",1,25943,10,2021-01-05,0.00038546043248660524
"[80,200)",0,3486,0,2021-01-05,0.0
"[80,200)",1,6624,0,2021-01-05,0.0
,0,1074,0,2021-01-05,0.0
,1,909,0,2021-01-05,0.0
"[0,40)",0,48636,10,2021-01-06,0.00020560901389916935
"[0,40)",1,45869,20,2021-01-06,0.0004360243301576228
"[40,60)",0,32278,13,2021-01-06,0.00040275109982031105
"[40,60)",1,30882,59,2021-01-06,0.0019104980247393304
"[60,80)",0,21815,8,2021-01-06,0.0003667201466880587
"[60,80)",1,25928,12,2021-01-06,0.00046282011724776306
"[80,200)",0,3483,0,2021-01-06,0.0
"[80,200)",1,6621,0,2021-01-06,0.0
,0,1074,0,2021-01-06,0.0
,1,909,0,2021-01-06,0.0
"[0,40)",0,48626,7,2021-01-07,0.00014395590836178176
"[0,40)",1,45848,38,2021-01-07,0.0008288256848717502
"[40,60)",0,32265,15,2021-01-07,0.00046490004649000463
"[40,60)",1,30822,57,2021-01-07,0.0018493284017909286
"[60,80)",0,21804,10,2021-01-07,0.000458631443771785
"[60,80)",1,25916,20,2021-01-07,0.0007717240314863404
"[80,200)",0,3482,3,2021-01-07,0.0008615738081562321
"[80,200)",1,6618,2,2021-01-07,0.0003022061045633122
,0,1074,0,2021-01-07,0.0
,1,909,0,2021-01-07,0.0
"[0,40)",0,48619,17,2021-01-08,0.000349657541290442
"[0,40)",1,45810,32,2021-01-08,0.0006985374372407772
"[40,60)",0,32250,21,2021-01-08,0.0006511627906976744
"[40,60)",1,30765,93,2021-01-08,0.003022915650901999
"[60,80)",0,21789,12,2021-01-08,0.0005507366102161641
"[60,80)",1,25896,29,2021-01-08,0.0011198640716713006
"[80,200)",0,3477,3,2021-01-08,0.0008628127696289905
"[80,200)",1,6615,14,2021-01-08,0.0021164021164021165
,0,1074,0,2021-01-08,0.0
,1,909,0,2021-01-08,0.0
"[0,40)",0,48602,6,2021-01-09,0.00012345170980618083
"[0,40)",1,45778,3,2021-01-09,6.553366245794924e-05
"[40,60)",0,32229,6,2021-01-09,0.00018616773713115518
"[40,60)",1,30672,14,2021-01-09,0.00045644235785080855
"[60,80)",0,21774,3,2021-01-09,0.00013777900248002206
"[60,80)",1,25866,10,2021-01-09,0.0003866079022655223
"[80,200)",0,3471,2,2021-01-09,0.0005762028233938346
"[80,200)",1,6599,7,2021-01-09,0.0010607667828458857
,0,1074,0,2021-01-09,0.0
,1,909,0,2021-01-09,0.0
"[0,40)",0,48596,4,2021-01-10,8.231130134167421e-05
"[0,40)",1,45775,7,2021-01-10,0.0001529219006007646
"[40,60)",0,32223,4,2021-01-10,0.00012413493467399063
"[40,60)",1,30658,4,2021-01-10,0.0001304716550329441
"[60,80)",0,21768,0,2021-01-10,0.0
"[60,80)",1,25854,6,2021-01-10,0.00023207240659085636
"[80,200)",0,3469,1,2021-01-10,0.0002882675122513693
"[80,200)",1,6588,0,2021-01-10,0.0
,0,1074,0,2021-01-10,0.0
,1,909,0,2021-01-10,0.0
"[0,40)",0,48592,14,2021-01-11,0.0002881132696740204
"[0,40)",1,45768,29,2021-01-11,0.0006336304841810872
"[40,60)",0,32218,32,2021-01-11,0.000993233596126389
"[40,60)",1,30654,60,2021-01-11,0.0019573302016050106
"[60,80)",0,21764,16,2021-01-11,0.0007351589781290203
"[60,80)",1,25844,21,2021-01-11,0.0008125677139761647
"[80,200)",0,3465,0,2021-01-11,0.0
"[80,200)",1,6585,6,2021-01-11,0.0009111617312072893
,0,1074,0,2021-01-11,0.0
,1,909,0,2021-01-11,0.0
"[0,40)",0,48577,24,2021-01-12,0.0004940609753587089
"[0,40)",1,45739,41,2021-01-12,0.0008963903889459761
"[40,60)",0,32186,25,2021-01-12,0.0007767352264959921
"[40,60)",1,30594,92,2021-01-12,0.0030071255801791203
"[60,80)",0,21746,18,2021-01-12,0.0008277384346546491
"[60,80)",1,25819,33,2021-01-12,0.0012781285100120067
"[80,200)",0,3462,8,2021-01-12,0.002310803004043905
"[80,200)",1,6576,33,2021-01-12,0.005018248175182482
,0,1074,0,2021-01-12,0.0
,1,909,0,2021-01-12,0.0
"[0,40)",0,48553,22,2021-01-13,0.0004531130929087801
"[0,40)",1,45698,39,2021-01-13,0.0008534290340933958
"[40,60)",0,32160,33,2021-01-13,0.0010261194029850746
"[40,60)",1,30502,84,2021-01-13,0.0027539177758835486
"[60,80)",0,21726,25,2021-01-13,0.0011506950197919543
"[60,80)",1,25784,36,2021-01-13,0.0013962147067949117
"[80,200)",0,3452,9,2021-01-13,0.002607184241019699
"[80,200)",1,6540,26,2021-01-13,0.003975535168195718
,0,1074,0,2021-01-13,0.0
,1,909,0,2021-01-13,0.0
"[0,40)",0,48531,20,2021-01-14,0.0004121077249593044
"[0,40)",1,45659,32,2021-01-14,0.0007008475875511948
"[40,60)",0,32127,26,2021-01-14,0.0008092881377034893
"[40,60)",1,30418,96,2021-01-14,0.003156026037214807
"[60,80)",0,21699,25,2021-01-14,0.0011521268261210193
"[60,80)",1,25746,49,2021-01-14,0.0019032082653616096
"[80,200)",0,3441,18,2021-01-14,0.0052310374891020054
"[80,200)",1,6511,32,2021-01-14,0.004914759637536477
,0,1074,0,2021-01-14,0.0
,1,909,0,2021-01-14,0.0
"[0,40)",0,48511,16,2021-01-15,0.00032982210220362394
"[0,40)",1,45627,39,2021-01-15,0.0008547570517456769
"[40,60)",0,32100,33,2021-01-15,0.00102803738317757
"[40,60)",1,30321,98,2021-01-15,0.0032320833745588867
"[60,80)",0,21669,24,2021-01-15,0.001107573030596705
"[60,80)",1,25694,51,2021-01-15,0.0019848991982564022
"[80,200)",0,3419,9,2021-01-15,0.0026323486399532025
"[80,200)",1,6476,36,2021-01-15,0.005558987029030266
,0,1074,0,2021-01-15,0.0
,1,909,0,2021-01-15,0.0
"[0,40)",0,48495,3,2021-01-16,6.186204763377668e-05
"[0,40)",1,45588,4,2021-01-16,8.774238834781083e-05
"[40,60)",0,32067,6,2021-01-16,0.0001871082421180653
"[40,60)",1,30223,15,2021-01-16,0.0004963107567084671
"[60,80)",0,21641,5,2021-01-16,0.00023104292777598078
"[60,80)",1,25642,8,2021-01-16,0.0003119881444505109
"[80,200)",0,3405,9,2021-01-16,0.0026431718061674008
"[80,200)",1,6435,23,2021-01-16,0.003574203574203574
,0,1074,0,2021-01-16,0.0
,1,909,0,2021-01-16,0.0
"[0,40)",0,48492,0,2021-01-17,0.0
"[0,40)",1,45584,2,2021-01-17,4.387504387504387e-05
"[40,60)",0,32061,2,2021-01-17,6.238108605470821e-05
"[40,60)",1,30208,6,2021-01-17,0.00019862288135593222
"[60,80)",0,21633,1,2021-01-17,4.622567373919475e-05
"[60,80)",1,25634,4,2021-01-17,0.00015604275571506592
"[80,200)",0,3395,11,2021-01-17,0.003240058910162003
"[80,200)",1,6410,23,2021-01-17,0.0035881435257410295
,0,1074,0,2021-01-17,0.0
,1,909,0,2021-01-17,0.0
"[0,40)",0,48492,8,2021-01-18,0.00016497566608925183
"[0,40)",1,45582,25,2021-01-18,0.0005484621122372866
"[40,60)",0,32059,19,2021-01-18,0.0005926572881250195
"[40,60)",1,30201,75,2021-01-18,0.0024833614780967518
"[60,80)",0,21628,10,2021-01-18,0.00046236360273719255
"[60,80)",1,25626,26,2021-01-18,0.001014594552407711
"[80,200)",0,3382,34,2021-01-18,0.010053222945002957
"[80,200)",1,6382,70,2021-01-18,0.010968348480100282
,0,1074,0,2021-01-18,0.0
,1,909,0,2021-01-18,0.0
"[0,40)",0,48484,9,2021-01-19,0.00018562824849434865
"[0,40)",1,45557,17,2021-01-19,0.0003731588998397612
"[40,60)",0,32040,19,2021-01-19,0.0005930087390761548
"[40,60)",1,30126,58,2021-01-19,0.0019252472946956118
"[60,80)",0,21614,16,2021-01-19,0.0007402609419820486
"[60,80)",1,25598,28,2021-01-19,0.0010938354558949917
"[80,200)",0,3348,39,2021-01-19,0.011648745519713262
"[80,200)",1,6309,71,2021-01-19,0.011253764463464891
,0,1074,0,2021-01-19,0.0
,1,909,0,2021-01-19,0.0
"[0,40)",0,48475,6,2021-01-20,0.00012377514182568335
"[0,40)",1,45539,15,2021-01-20,0.0003293879971013856
"[40,60)",0,32021,14,2021-01-20,0.00043721307891696074
"[40,60)",1,30068,68,2021-01-20,0.0022615405081814555
"[60,80)",0,21596,14,2021-01-20,0.0006482681978144101
"[60,80)",1,25570,37,2021-01-20,0.0014470082127493156
"[80,200)",0,3306,49,2021-01-20,0.014821536600120993
"[80,200)",1,6233,78,2021-01-20,0.012514038183860099
,0,1074,0,2021-01-20,0.0
,1,909,0,2021-01-20,0.0
"[0,40)",0,48469,7,2021-01-21,0.00014442220800924303
"[0,40)",1,45524,32,2021-01-21,0.0007029259291802127
"[40,60)",0,32006,13,2021-01-21,0.00040617384240454913
"[40,60)",1,30000,53,2021-01-21,0.0017666666666666666
"[60,80)",0,21579,17,2021-01-21,0.0007878029565781547
"[60,80)",1,25530,25,2021-01-21,0.0009792401096748924
"[80,200)",0,3255,54,2021-01-21,0.016589861751152075
"[80,200)",1,6153,116,2021-01-21,0.018852592231431823
,0,1074,0,2021-01-21,0.0
,1,909,0,2021-01-21,0.0
"[0,40)",0,48462,5,2021-01-22,0.000103173620568693
"[0,40)",1,45492,12,2021-01-22,0.0002637826431020839
"[40,60)",0,31992,12,2021-01-22,0.00037509377344336085
"[40,60)",1,29946,46,2021-01-22,0.0015360983102918587
"[60,80)",0,21560,8,2021-01-22,0.00037105751391465676
"[60,80)",1,25502,27,2021-01-22,0.0010587404909418868
"[80,200)",0,3200,64,2021-01-22,0.02
"[80,200)",1,6030,105,2021-01-22,0.017412935323383085
,0,1074,0,2021-01-22,0.0
,1,909,0,2021-01-22,0.0
"[0,40)",0,48457,0,2021-01-23,0.0
"[0,40)",1,45480,2,2021-01-23,4.397537379067722e-05
"[40,60)",0,31980,3,2021-01-23,9.380863039399625e-05
"[40,60)",1,29899,3,2021-01-23,0.0001003378039399311
"[60,80)",0,21546,0,2021-01-23,0.0
"[60,80)",1,25473,3,2021-01-23,0.0001177717583323519
"[80,200)",0,3135,26,2021-01-23,0.008293460925039872
"[80,200)",1,5925,35,2021-01-23,0.00590717299578059
,0,1074,0,2021-01-23,0.0
,1,909,0,2021-01-23,0.0
"[0,40)",0,48457,0,2021-01-24,0.0
"[0,40)",1,45478,1,2021-01-24,2.1988653854611022e-05
"[40,60)",0,31977,1,2021-01-24,3.127247709291053e-05
"[40,60)",1,29896,2,2021-01-24,6.68985817500669e-05
"[60,80)",0,21546,2,2021-01-24,9.2824654228163e-05
"[60,80)",1,25467,3,2021-01-24,0.00011779950524207798
"[80,200)",0,3108,19,2021-01-24,0.006113256113256113
"[80,200)",1,5887,23,2021-01-24,0.003906913538304739
,0,1074,0,2021-01-24,0.0
,1,909,0,2021-01-24,0.0
"[0,40)",0,48457,2,2021-01-25,4.127370658521989e-05
"[0,40)",1,45477,8,2021-01-25,0.000175913098929129
"[40,60)",0,31974,4,2021-01-25,0.0001251016450866329
"[40,60)",1,29894,24,2021-01-25,0.0008028366896367164
"[60,80)",0,21540,8,2021-01-25,0.0003714020427112349
"[60,80)",1,25462,11,2021-01-25,0.00043201633807242164
"[80,200)",0,3088,39,2021-01-25,0.012629533678756476
"[80,200)",1,5859,81,2021-01-25,0.013824884792626729
,0,1074,0,2021-01-25,0.0
,1,909,0,2021-01-25,0.0
"[0,40)",0,48455,5,2021-01-26,0.00010318852543597152
"[0,40)",1,45469,8,2021-01-26,0.00017594404979216609
"[40,60)",0,31970,6,2021-01-26,0.00018767594619956208
"[40,60)",1,29870,32,2021-01-26,0.001071309005691329
"[60,80)",0,21530,9,2021-01-26,0.0004180213655364608
"[60,80)",1,25450,22,2021-01-26,0.0008644400785854617
"[80,200)",0,3047,57,2021-01-26,0.01870692484410896
"[80,200)",1,5774,75,2021-01-26,0.012989262209906477
,0,1074,0,2021-01-26,0.0
,1,909,0,2021-01-26,0.0
"[0,40)",0,48450,6,2021-01-27,0.0001238390092879257
"[0,40)",1,45461,10,2021-01-27,0.00021996876443545015
"[40,60)",0,31963,6,2021-01-27,0.00018771704783656103
"[40,60)",1,29838,21,2021-01-27,0.0007038005228232455
"[60,80)",0,21519,3,2021-01-27,0.00013941168269901018
"[60,80)",1,25426,27,2021-01-27,0.0010619051364744749
"[80,200)",0,2986,31,2021-01-27,0.010381781647689216
"[80,200)",1,5697,58,2021-01-27,0.010180796910654731
,0,1074,0,2021-01-27,0.0
,1,909,0,2021-01-27,0.0
"[0,40)",0,48444,3,2021-01-28,6.192717364379489e-05
"[0,40)",1,45451,5,2021-01-28,0.0001100085806692922
"[40,60)",0,31956,3,2021-01-28,9.38790837401427e-05
"[40,60)",1,29817,20,2021-01-28,0.0006707582922493879
"[60,80)",0,21514,2,2021-01-28,9.296272194849865e-05
"[60,80)",1,25399,11,2021-01-28,0.00043308791684711995
"[80,200)",0,2952,31,2021-01-28,0.010501355013550135
"[80,200)",1,5636,51,2021-01-28,0.009048970901348475
,0,1074,0,2021-01-28,0.0
,1,909,0,2021-01-28,0.0
"[0,40)",0,48441,3,2021-01-29,6.193100885613426e-05
"[0,40)",1,45446,2,2021-01-29,4.400827355542842e-05
"[40,60)",0,31952,6,2021-01-29,0.00018778167250876315
"[40,60)",1,29796,19,2021-01-29,0.0006376694858370251
"[60,80)",0,21511,1,2021-01-29,4.648784342894333e-05
"[60,80)",1,25386,7,2021-01-29,0.0002757425352556527
"[80,200)",0,2921,33,2021-01-29,0.011297500855871277
"[80,200)",1,5584,49,2021-01-29,0.008775071633237822
,0,1074,0,2021-01-29,0.0
,1,909,0,2021-01-29,0.0
"[0,40)",0,48438,0,2021-01-30,0.0
"[0,40)",1,45444,0,2021-01-30,0.0
"[40,60)",0,31946,0,2021-01-30,0.0
"[40,60)",1,29777,2,2021-01-30,6.716593343855997e-05
"[60,80)",0,21508,0,2021-01-30,0.0
"[60,80)",1,25376,0,2021-01-30,0.0
"[80,200)",0,2887,1,2021-01-30,0.00034638032559750607
"[80,200)",1,5529,8,2021-01-30,0.0014469162597214686
,0,1074,0,2021-01-30,0.0
,1,909,0,2021-01-30,0.0
"[0,40)",0,48438,0,2021-01-31,0.0
"[0,40)",1,45444,0,2021-01-31,0.0
"[40,60)",0,31945,2,2021-01-31,6.260760682422915e-05
"[40,60)",1,29775,0,2021-01-31,0.0
"[60,80)",0,21505,1,2021-01-31,4.650081376424087e-05
"[60,80)",1,25373,2,2021-01-31,7.882394671501202e-05
"[80,200)",0,2884,2,2021-01-31,0.0006934812760055479
"[80,200)",1,5518,5,2021-01-31,0.0009061254077564335
,0,1074,0,2021-01-31,0.0
,1,909,0,2021-01-31,0.0
"[0,40)",0,48438,1,2021-02-01,2.0644948181180064e-05
"[0,40)",1,45444,9,2021-02-01,0.00019804594665962503
"[40,60)",0,31943,1,2021-02-01,3.130576339104029e-05
"[40,60)",1,29774,13,2021-02-01,0.0004366225565930006
"[60,80)",0,21501,4,2021-02-01,0.0001860378587042463
"[60,80)",1,25370,3,2021-02-01,0.00011824990145841545
"[80,200)",0,2878,23,2021-02-01,0.007991660875608061
"[80,200)",1,5509,29,2021-02-01,0.005264113269195862
,0,1074,0,2021-02-01,0.0
,1,909,0,2021-02-01,0.0
"[0,40)",0,48437,0,2021-02-02,0.0
"[0,40)",1,45435,5,2021-02-02,0.00011004732034774953
"[40,60)",0,31942,0,2021-02-02,0.0
"[40,60)",1,29761,11,2021-02-02,0.00036961123618157993
"[60,80)",0,21495,3,2021-02-02,0.00013956734124214934
"[60,80)",1,25365,6,2021-02-02,0.0002365464222353637
"[80,200)",0,2853,14,2021-02-02,0.004907115317209955
"[80,200)",1,5479,38,2021-02-02,0.006935572184705238
,0,1074,0,2021-02-02,0.0
,1,909,0,2021-02-02,0.0
"[0,40)",0,48437,2,2021-02-03,4.129074880772963e-05
"[0,40)",1,45430,3,2021-02-03,6.603565925599824e-05
"[40,60)",0,31941,6,2021-02-03,0.00018784634169249554
"[40,60)",1,29750,6,2021-02-03,0.00020168067226890757
"[60,80)",0,21492,5,2021-02-03,0.00023264470500651406
"[60,80)",1,25358,12,2021-02-03,0.00047322344033441123
"[80,200)",0,2839,30,2021-02-03,0.010567101091933779
"[80,200)",1,5439,45,2021-02-03,0.00827357970215113
,0,1074,0,2021-02-03,0.0
,1,909,0,2021-02-03,0.0
"[0,40)",0,48435,3,2021-02-04,6.193868070610096e-05
"[0,40)",1,45427,4,2021-02-04,8.805336033636383e-05
"[40,60)",0,31934,3,2021-02-04,9.394375900294358e-05
"[40,60)",1,29744,11,2021-02-04,0.0003698224852071006
"[60,80)",0,21485,4,2021-02-04,0.00018617640214102862
"[60,80)",1,25344,7,2021-02-04,0.00027619949494949494
"[80,200)",0,2806,26,2021-02-04,0.009265858873841768
"[80,200)",1,5390,38,2021-02-04,0.007050092764378479
,0,1074,0,2021-02-04,0.0
,1,909,0,2021-02-04,0.0
"[0,40)",0,48432,3,2021-02-05,6.194251734390486e-05
"[0,40)",1,45423,5,2021-02-05,0.00011007639301675363
"[40,60)",0,31931,3,2021-02-05,9.395258526197113e-05
"[40,60)",1,29733,14,2021-02-05,0.0004708572966064642
"[60,80)",0,21480,8,2021-02-05,0.00037243947858472997
"[60,80)",1,25336,8,2021-02-05,0.00031575623618566466
"[80,200)",0,2779,21,2021-02-05,0.007556675062972292
"[80,200)",1,5352,46,2021-02-05,0.0085949177877429
,0,1074,0,2021-02-05,0.0
,1,909,0,2021-02-05,0.0
"[0,40)",0,48429,0,2021-02-06,0.0
"[0,40)",1,45418,0,2021-02-06,0.0
"[40,60)",0,31928,0,2021-02-06,0.0
"[40,60)",1,29718,0,2021-02-06,0.0
"[60,80)",0,21471,0,2021-02-06,0.0
"[60,80)",1,25327,0,2021-02-06,0.0
"[80,200)",0,2754,2,2021-02-06,0.0007262164124909223
"[80,200)",1,5305,5,2021-02-06,0.000942507068803016
,0,1074,0,2021-02-06,0.0
,1,909,0,2021-02-06,0.0
"[0,40)",0,48429,0,2021-02-07,0.0
"[0,40)",1,45418,0,2021-02-07,0.0
"[40,60)",0,31927,0,2021-02-07,0.0
"[40,60)",1,29717,1,2021-02-07,3.365077228522395e-05
"[60,80)",0,21469,0,2021-02-07,0.0
"[60,80)",1,25326,0,2021-02-07,0.0
"[80,200)",0,2750,5,2021-02-07,0.0018181818181818182
"[80,200)",1,5299,8,2021-02-07,0.0015097188148707303
,0,1074,0,2021-02-07,0.0
,1,909,0,2021-02-07,0.0
"[0,40)",0,48429,3,2021-02-08,6.194635445704021e-05
"[0,40)",1,45418,3,2021-02-08,6.605310669778502e-05
"[40,60)",0,31927,6,2021-02-08,0.0001879287123751057
"[40,60)",1,29716,12,2021-02-08,0.00040382285637367073
"[60,80)",0,21465,5,2021-02-08,0.00023293733985557886
"[60,80)",1,25324,7,2021-02-08,0.000276417627546991
"[80,200)",0,2743,13,2021-02-08,0.004739336492890996
"[80,200)",1,5289,35,2021-02-08,0.006617508035545471
,0,1074,0,2021-02-08,0.0
,1,909,0,2021-02-08,0.0
"[0,40)",0,48426,6,2021-02-09,0.00012390038409119069
"[0,40)",1,45415,6,2021-02-09,0.0001321149399977981
"[40,60)",0,31921,9,2021-02-09,0.00028194605432160644
"[40,60)",1,29704,18,2021-02-09,0.0006059789927282521
"[60,80)",0,21456,9,2021-02-09,0.00041946308724832214
"[60,80)",1,25315,8,2021-02-09,0.0003160181710448351
"[80,200)",0,2727,21,2021-02-09,0.007700770077007701
"[80,200)",1,5253,52,2021-02-09,0.009899105273177233
,0,1074,0,2021-02-09,0.0
,1,909,0,2021-02-09,0.0
"[0,40)",0,48420,4,2021-02-10,8.261049153242462e-05
"[0,40)",1,45409,5,2021-02-10,0.00011011033055121231
"[40,60)",0,31912,15,2021-02-10,0.00047004261719729257
"[40,60)",1,29686,17,2021-02-10,0.0005726605133733073
"[60,80)",0,21442,8,2021-02-10,0.0003730995242981065
"[60,80)",1,25307,9,2021-02-10,0.0003556328288615798
"[80,200)",0,2705,20,2021-02-10,0.0073937153419593345
"[80,200)",1,5201,46,2021-02-10,0.008844452989809652
,0,1074,0,2021-02-10,0.0
,1,909,0,2021-02-10,0.0
"[0,40)",0,48416,5,2021-02-11,0.00010327164573694647
"[0,40)",1,45404,7,2021-02-11,0.00015417143863976742
"[40,60)",0,31896,4,2021-02-11,0.00012540757461750688
"[40,60)",1,29669,15,2021-02-11,0.0005055782129495433
"[60,80)",0,21428,3,2021-02-11,0.00014000373343289155
"[60,80)",1,25297,15,2021-02-11,0.000592955686445033
"[80,200)",0,2682,31,2021-02-11,0.011558538404175988
"[80,200)",1,5153,39,2021-02-11,0.007568406753347565
,0,1074,0,2021-02-11,0.0
,1,909,0,2021-02-11,0.0
"[0,40)",0,48411,4,2021-02-12,8.262584949701515e-05
"[0,40)",1,45397,6,2021-02-12,0.00013216732383197129
"[40,60)",0,31892,8,2021-02-12,0.0002508466072996363
"[40,60)",1,29654,17,2021-02-12,0.0005732784784514736
"[60,80)",0,21421,1,2021-02-12,4.6683161383688904e-05
"[60,80)",1,25282,10,2021-02-12,0.0003955383276639506
"[80,200)",0,2649,29,2021-02-12,0.010947527368818422
"[80,200)",1,5112,44,2021-02-12,0.008607198748043818
,0,1074,0,2021-02-12,0.0
,1,909,0,2021-02-12,0.0
"[0,40)",0,48407,1,2021-02-13,2.0658169273039024e-05
"[0,40)",1,45391,5,2021-02-13,0.00011015399528540901
"[40,60)",0,31884,2,2021-02-13,6.272738677706687e-05
"[40,60)",1,29637,4,2021-02-13,0.00013496642710125856
"[60,80)",0,21418,2,2021-02-13,9.337940050424876e-05
"[60,80)",1,25266,2,2021-02-13,7.915776141850709e-05
"[80,200)",0,2620,11,2021-02-13,0.004198473282442748
"[80,200)",1,5067,14,2021-02-13,0.002762976119992106
,0,1074,0,2021-02-13,0.0
,1,909,0,2021-02-13,0.0
"[0,40)",0,48406,1,2021-02-14,2.0658596041812997e-05
"[0,40)",1,45386,0,2021-02-14,0.0
"[40,60)",0,31881,0,2021-02-14,0.0
"[40,60)",1,29632,3,2021-02-14,0.00010124190064794816
"[60,80)",0,21414,1,2021-02-14,4.669842159335015e-05
"[60,80)",1,25260,1,2021-02-14,3.9588281868566906e-05
"[80,200)",0,2607,6,2021-02-14,0.0023014959723820483
"[80,200)",1,5052,7,2021-02-14,0.0013855898653998416
,0,1074,0,2021-02-14,0.0
,1,909,0,2021-02-14,0.0
"[0,40)",0,48405,4,2021-02-15,8.26360913128809e-05
"[0,40)",1,45386,12,2021-02-15,0.0002643987132595955
"[40,60)",0,31881,8,2021-02-15,0.000250933157680123
"[40,60)",1,29629,23,2021-02-15,0.0007762664956630328
"[60,80)",0,21411,5,2021-02-15,0.0002335248236887581
"[60,80)",1,25258,9,2021-02-15,0.0003563227492279674
"[80,200)",0,2600,26,2021-02-15,0.01
"[80,200)",1,5043,41,2021-02-15,0.008130081300813009
,0,1074,0,2021-02-15,0.0
,1,909,0,2021-02-15,0.0
"[0,40)",0,48401,3,2021-02-16,6.198219045061053e-05
"[0,40)",1,45374,10,2021-02-16,0.0002203905320227443
"[40,60)",0,31872,12,2021-02-16,0.00037650602409638556
"[40,60)",1,29606,25,2021-02-16,0.0008444234276835776
"[60,80)",0,21405,5,2021-02-16,0.000233590282644242
"[60,80)",1,25246,14,2021-02-16,0.0005545432939871663
"[80,200)",0,2572,40,2021-02-16,0.015552099533437015
"[80,200)",1,5001,77,2021-02-16,0.015396920615876825
,0,1074,0,2021-02-16,0.0
,1,909,0,2021-02-16,0.0
"[0,40)",0,48398,4,2021-02-17,8.264804330757469e-05
"[0,40)",1,45364,14,2021-02-17,0.0003086147606031214
"[40,60)",0,31860,14,2021-02-17,0.0004394224733207784
"[40,60)",1,29580,21,2021-02-17,0.0007099391480730223
"[60,80)",0,21396,8,2021-02-17,0.0003739016638624042
"[60,80)",1,25230,21,2021-02-17,0.0008323424494649227
"[80,200)",0,2531,38,2021-02-17,0.0150138285262742
"[80,200)",1,4923,67,2021-02-17,0.013609587649807029
,0,1074,0,2021-02-17,0.0
,1,909,0,2021-02-17,0.0
"[0,40)",0,48394,8,2021-02-18,0.00016530974914245568
"[0,40)",1,45350,9,2021-02-18,0.00019845644983461963
"[40,60)",0,31845,11,2021-02-18,0.0003454231433506045
"[40,60)",1,29559,30,2021-02-18,0.0010149193139145439
"[60,80)",0,21383,11,2021-02-18,0.0005144273488285086
"[60,80)",1,25207,16,2021-02-18,0.0006347443170547864
"[80,200)",0,2491,62,2021-02-18,0.024889602569249297
"[80,200)",1,4855,87,2021-02-18,0.01791967044284243
,0,1074,0,2021-02-18,0.0
,1,909,0,2021-02-18,0.0
"[0,40)",0,48386,3,2021-02-19,6.200140536518828e-05
"[0,40)",1,45341,14,2021-02-19,0.0003087713107342141
"[40,60)",0,31834,12,2021-02-19,0.0003769554564302318
"[40,60)",1,29529,26,2021-02-19,0.0008804903654035017
"[60,80)",0,21369,16,2021-02-19,0.0007487481866254855
"[60,80)",1,25189,15,2021-02-19,0.000595498034856485
"[80,200)",0,2426,50,2021-02-19,0.020610057708161583
"[80,200)",1,4768,98,2021-02-19,0.020553691275167787
,0,1074,0,2021-02-19,0.0
,1,909,0,2021-02-19,0.0
"[0,40)",0,48383,0,2021-02-20,0.0
"[0,40)",1,45327,4,2021-02-20,8.824762282966002e-05
"[40,60)",0,31820,2,2021-02-20,6.285355122564425e-05
"[40,60)",1,29502,4,2021-02-20,0.00013558402820147786
"[60,80)",0,21350,0,2021-02-20,0.0
"[60,80)",1,25172,1,2021-02-20,3.972668043858255e-05
"[80,200)",0,2375,6,2021-02-20,0.0025263157894736842
"[80,200)",1,4670,13,2021-02-20,0.00278372591006424
,0,1074,0,2021-02-20,0.0
,1,909,0,2021-02-20,0.0
"[0,40)",0,48383,1,2021-02-21,2.066841659260484e-05
"[0,40)",1,45323,1,2021-02-21,2.2063852789974185e-05
"[40,60)",0,31818,2,2021-02-21,6.285750204286881e-05
"[40,60)",1,29498,1,2021-02-21,3.390060343074107e-05
"[60,80)",0,21347,1,2021-02-21,4.6844989928327164e-05
"[60,80)",1,25171,3,2021-02-21,0.00011918477613126217
"[80,200)",0,2368,1,2021-02-21,0.0004222972972972973
"[80,200)",1,4655,11,2021-02-21,0.002363050483351235
,0,1074,0,2021-02-21,0.0
,1,909,0,2021-02-21,0.0
"[0,40)",0,48382,6,2021-02-22,0.00012401306270927204
"[0,40)",1,45322,12,2021-02-22,0.0002647720753717841
"[40,60)",0,31816,9,2021-02-22,0.00028287654010560726
"[40,60)",1,29497,21,2021-02-22,0.0007119368071329288
"[60,80)",0,21342,7,2021-02-22,0.0003279917533502015
"[60,80)",1,25167,14,2021-02-22,0.0005562840227281758
"[80,200)",0,2366,41,2021-02-22,0.017328825021132713
"[80,200)",1,4644,82,2021-02-22,0.01765719207579673
,0,1074,0,2021-02-22,0.0
,1,909,0,2021-02-22,0.0
"[0,40)",0,48376,8,2021-02-23,0.000165371258475277
"[0,40)",1,45310,22,2021-02-23,0.00048554403001544914
"[40,60)",0,31806,9,2021-02-23,0.0002829654782116582
"[40,60)",1,29475,39,2021-02-23,0.0013231552162849872
"[60,80)",0,21332,14,2021-02-23,0.0006562910181886368
"[60,80)",1,25151,15,2021-02-23,0.0005963977575444316
"[80,200)",0,2324,62,2021-02-23,0.02667814113597246
"[80,200)",1,4560,100,2021-02-23,0.021929824561403508
,0,1074,0,2021-02-23,0.0
,1,909,0,2021-02-23,0.0
"[0,40)",0,48368,9,2021-02-24,0.00018607343698312935
"[0,40)",1,45288,19,2021-02-24,0.0004195371842430666
"[40,60)",0,31796,15,2021-02-24,0.0004717574537677695
"[40,60)",1,29435,40,2021-02-24,0.0013589264481059962
"[60,80)",0,21315,17,2021-02-24,0.0007975604034717336
"[60,80)",1,25136,22,2021-02-24,0.0008752387014640357
"[80,200)",0,2262,55,2021-02-24,0.02431476569407604
"[80,200)",1,4457,88,2021-02-24,0.01974422257123626
,0,1074,0,2021-02-24,0.0
,1,909,0,2021-02-24,0.0
"[0,40)",0,48359,9,2021-02-25,0.00018610806675075994
"[0,40)",1,45269,18,2021-02-25,0.0003976230974839294
"[40,60)",0,31780,30,2021-02-25,0.0009439899307740718
"[40,60)",1,29395,55,2021-02-25,0.0018710665079095085
"[60,80)",0,21297,24,2021-02-25,0.0011269192844062545
"[60,80)",1,25113,47,2021-02-25,0.0018715406363238164
"[80,200)",0,2204,73,2021-02-25,0.03312159709618875
"[80,200)",1,4369,129,2021-02-25,0.029526207370107575
,0,1074,0,2021-02-25,0.0
,1,909,0,2021-02-25,0.0
"[0,40)",0,48350,15,2021-02-26,0.00031023784901758014
"[0,40)",1,45251,15,2021-02-26,0.00033148438708536826
"[40,60)",0,31749,14,2021-02-26,0.0004409587703549718
"[40,60)",1,29340,37,2021-02-26,0.0012610770279481937
"[60,80)",0,21269,24,2021-02-26,0.0011284028398138135
"[60,80)",1,25064,39,2021-02-26,0.0015560165975103733
"[80,200)",0,2130,52,2021-02-26,0.024413145539906103
"[80,200)",1,4238,96,2021-02-26,0.022652194431335537
,0,1074,0,2021-02-26,0.0
,1,909,0,2021-02-26,0.0
"[0,40)",0,48335,1,2021-02-27,2.0688941760628942e-05
"[0,40)",1,45236,4,2021-02-27,8.842514811212309e-05
"[40,60)",0,31734,1,2021-02-27,3.151194302640701e-05
"[40,60)",1,29303,12,2021-02-27,0.00040951438419274477
"[60,80)",0,21244,4,2021-02-27,0.00018828845791752966
"[60,80)",1,25024,4,2021-02-27,0.00015984654731457802
"[80,200)",0,2076,12,2021-02-27,0.005780346820809248
"[80,200)",1,4141,22,2021-02-27,0.005312726394590679
,0,1074,0,2021-02-27,0.0
,1,909,0,2021-02-27,0.0
"[0,40)",0,48334,1,2021-02-28,2.068936980179584e-05
"[0,40)",1,45232,2,2021-02-28,4.421648390519986e-05
"[40,60)",0,31732,6,2021-02-28,0.00018908357494012352
"[40,60)",1,29291,14,2021-02-28,0.00047796251408282407
"[60,80)",0,21238,1,2021-02-28,4.7085412939071474e-05
"[60,80)",1,25020,5,2021-02-28,0.00019984012789768185
"[80,200)",0,2064,11,2021-02-28,0.005329457364341085
"[80,200)",1,4116,16,2021-02-28,0.003887269193391642
,0,1074,0,2021-02-28,0.0
,1,909,0,2021-02-28,0.0
"[0,40)",0,48333,12,2021-03-01,0.00024827757432809884
"[0,40)",1,45230,23,2021-03-01,0.0005085120495246518
"[40,60)",0,31726,28,2021-03-01,0.0008825568933997352
"[40,60)",1,29277,79,2021-03-01,0.0026983639034054035
"[60,80)",0,21237,35,2021-03-01,0.0016480670527852332
"[60,80)",1,25015,60,2021-03-01,0.0023985608634819106
"[80,200)",0,2052,65,2021-03-01,0.03167641325536062
"[80,200)",1,4098,114,2021-03-01,0.027818448023426062
,0,1074,0,2021-03-01,0.0
,1,909,0,2021-03-01,0.0
"[0,40)",0,48321,11,2021-03-02,0.00022764429544090562
"[0,40)",1,45207,25,2021-03-02,0.0005530117017276086
"[40,60)",0,31697,45,2021-03-02,0.0014196927153989336
"[40,60)",1,29198,117,2021-03-02,0.004007123775601068
"[60,80)",0,21202,63,2021-03-02,0.002971417790774455
"[60,80)",1,24952,129,2021-03-02,0.005169926258416159
"[80,200)",0,1984,58,2021-03-02,0.029233870967741934
"[80,200)",1,3983,92,2021-03-02,0.023098167210645244
,0,1074,0,2021-03-02,0.0
,1,909,0,2021-03-02,0.0
"[0,40)",0,48309,17,2021-03-03,0.0003519013020348175
"[0,40)",1,45182,35,2021-03-03,0.0007746447700411668
"[40,60)",0,31651,36,2021-03-03,0.0011374048213326593
"[40,60)",1,29081,107,2021-03-03,0.0036793782882294282
"[60,80)",0,21137,78,2021-03-03,0.0036902114775039033
"[60,80)",1,24821,150,2021-03-03,0.006043269811852867
"[80,200)",0,1925,63,2021-03-03,0.03272727272727273
"[80,200)",1,3890,112,2021-03-03,0.02879177377892031
,0,1074,0,2021-03-03,0.0
,1,909,0,2021-03-03,0.0
"[0,40)",0,48292,9,2021-03-04,0.00018636627184626854
"[0,40)",1,45147,29,2021-03-04,0.0006423461138060115
"[40,60)",0,31615,25,2021-03-04,0.0007907638779060573
"[40,60)",1,28974,111,2021-03-04,0.0038310209153033753
"[60,80)",0,21056,108,2021-03-04,0.005129179331306991
"[60,80)",1,24669,182,2021-03-04,0.007377680489683409
"[80,200)",0,1858,69,2021-03-04,0.03713670613562971
"[80,200)",1,3776,127,2021-03-04,0.03363347457627119
,0,1074,0,2021-03-04,0.0
,1,909,0,2021-03-04,0.0
"[0,40)",0,48283,15,2021-03-05,0.00031066835117950415
"[0,40)",1,45118,26,2021-03-05,0.0005762666784875216
"[40,60)",0,31590,23,2021-03-05,0.0007280785058562837
"[40,60)",1,28863,105,2021-03-05,0.00363787548071926
"[60,80)",0,20945,108,2021-03-05,0.005156361900214849
"[60,80)",1,24486,162,2021-03-05,0.006616025483950012
"[80,200)",0,1786,46,2021-03-05,0.025755879059350503
"[80,200)",1,3648,87,2021-03-05,0.023848684210526317
,0,1074,0,2021-03-05,0.0
,1,909,0,2021-03-05,0.0
"[0,40)",0,48268,4,2021-03-06,8.287063893262616e-05
"[0,40)",1,45092,14,2021-03-06,0.0003104763594429167
"[40,60)",0,31566,19,2021-03-06,0.0006019134511816511
"[40,60)",1,28756,38,2021-03-06,0.0013214633467798025
"[60,80)",0,20835,41,2021-03-06,0.0019678425725941926
"[60,80)",1,24323,67,2021-03-06,0.0027545944168071374
"[80,200)",0,1739,18,2021-03-06,0.010350776308223116
"[80,200)",1,3559,26,2021-03-06,0.007305422871593144
,0,1074,0,2021-03-06,0.0
,1,909,0,2021-03-06,0.0
"[0,40)",0,48263,5,2021-03-07,0.00010359903031307626
"[0,40)",1,45078,17,2021-03-07,0.0003771240960113581
"[40,60)",0,31547,18,2021-03-07,0.0005705772339683647
"[40,60)",1,28717,37,2021-03-07,0.0012884354215273184
"[60,80)",0,20788,49,2021-03-07,0.0023571291129497788
"[60,80)",1,24256,72,2021-03-07,0.002968337730870712
"[80,200)",0,1720,8,2021-03-07,0.004651162790697674
"[80,200)",1,3531,22,2021-03-07,0.006230529595015576
,0,1074,0,2021-03-07,0.0
,1,909,0,2021-03-07,0.0
"[0,40)",0,48257,11,2021-03-08,0.00022794620469569182
"[0,40)",1,45061,28,2021-03-08,0.0006213799072368567
"[40,60)",0,31527,39,2021-03-08,0.001237034922447426
"[40,60)",1,28680,78,2021-03-08,0.002719665271966527
"[60,80)",0,20736,109,2021-03-08,0.005256558641975309
"[60,80)",1,24182,171,2021-03-08,0.007071375403192457
"[80,200)",0,1712,51,2021-03-08,0.029789719626168224
"[80,200)",1,3506,66,2021-03-08,0.018824871648602397
,0,1074,0,2021-03-08,0.0
,1,909,0,2021-03-08,0.0
"[0,40)",0,48246,14,2021-03-09,0.0002901794967458442
"[0,40)",1,45033,23,2021-03-09,0.0005107365709590744
"[40,60)",0,31487,49,2021-03-09,0.0015561977959157747
"[40,60)",1,28602,118,2021-03-09,0.00412558562338298
"[60,80)",0,20623,154,2021-03-09,0.007467390777287495
"[60,80)",1,24010,253,2021-03-09,0.010537276134943773
"[80,200)",0,1660,59,2021-03-09,0.035542168674698796
"[80,200)",1,3439,75,2021-03-09,0.021808665309683048
,0,1074,0,2021-03-09,0.0
,1,909,0,2021-03-09,0.0
"[0,40)",0,48232,19,2021-03-10,0.00039392934151600596
"[0,40)",1,45010,44,2021-03-10,0.0009775605421017551
"[40,60)",0,31438,28,2021-03-10,0.000890641898339589
"[40,60)",1,28484,97,2021-03-10,0.0034054205869962083
"[60,80)",0,20464,168,2021-03-10,0.008209538702111024
"[60,80)",1,23755,276,2021-03-10,0.01161860660913492
"[80,200)",0,1599,70,2021-03-10,0.043777360850531584
"[80,200)",1,3362,99,2021-03-10,0.02944675788221297
,0,1074,0,2021-03-10,0.0
,1,909,0,2021-03-10,0.0
"[0,40)",0,48213,15,2021-03-11,0.00031111940762864785
"[0,40)",1,44966,51,2021-03-11,0.001134190277098252
"[40,60)",0,31410,46,2021-03-11,0.0014645017510347023
"[40,60)",1,28387,113,2021-03-11,0.003980695388734279
"[60,80)",0,20295,226,2021-03-11,0.011135747721113575
"[60,80)",1,23479,309,2021-03-11,0.013160696792878743
"[80,200)",0,1527,50,2021-03-11,0.03274394237066143
"[80,200)",1,3262,99,2021-03-11,0.030349478847332925
,0,1074,0,2021-03-11,0.0
,1,909,0,2021-03-11,0.0
"[0,40)",0,48198,20,2021-03-12,0.0004149549773849537
"[0,40)",1,44915,23,2021-03-12,0.000512078370254926
"[40,60)",0,31364,34,2021-03-12,0.0010840454023721465
"[40,60)",1,28274,98,2021-03-12,0.0034660819127113247
"[60,80)",0,20066,193,2021-03-12,0.0096182597428486
"[60,80)",1,23166,253,2021-03-12,0.010921177587844255
"[80,200)",0,1476,49,2021-03-12,0.03319783197831978
"[80,200)",1,3162,69,2021-03-12,0.021821631878557873
,0,1074,0,2021-03-12,0.0
,1,909,0,2021-03-12,0.0
"[0,40)",0,48178,3,2021-03-13,6.2269085474698e-05
"[0,40)",1,44892,15,2021-03-13,0.00033413525795241913
"[40,60)",0,31330,17,2021-03-13,0.0005426109160548995
"[40,60)",1,28176,55,2021-03-13,0.001952015900056786
"[60,80)",0,19871,102,2021-03-13,0.005133108550148458
"[60,80)",1,22909,127,2021-03-13,0.005543672792352351
"[80,200)",0,1426,13,2021-03-13,0.0091164095371669
"[80,200)",1,3091,31,2021-03-13,0.010029116790682626
,0,1074,0,2021-03-13,0.0
,1,909,0,2021-03-13,0.0
"[0,40)",0,48175,3,2021-03-14,6.227296315516347e-05
"[0,40)",1,44877,9,2021-03-14,0.00020054816498429038
"[40,60)",0,31313,11,2021-03-14,0.00035129179573978856
"[40,60)",1,28117,28,2021-03-14,0.0009958388163744355
"[60,80)",0,19763,60,2021-03-14,0.003035976319384709
"[60,80)",1,22780,105,2021-03-14,0.0046093064091308165
"[80,200)",0,1409,14,2021-03-14,0.0099361249112846
"[80,200)",1,3059,19,2021-03-14,0.006211180124223602
,0,1074,0,2021-03-14,0.0
,1,909,0,2021-03-14,0.0
"[0,40)",0,48172,12,2021-03-15,0.0002491073652744333
"[0,40)",1,44868,30,2021-03-15,0.0006686279753944905
"[40,60)",0,31302,28,2021-03-15,0.0008945115328094052
"[40,60)",1,28089,61,2021-03-15,0.0021716686247285413
"[60,80)",0,19696,153,2021-03-15,0.007768074735987002
"[60,80)",1,22674,242,2021-03-15,0.010673017553144572
"[80,200)",0,1393,26,2021-03-15,0.01866475233309404
"[80,200)",1,3036,30,2021-03-15,0.009881422924901186
,0,1074,0,2021-03-15,0.0
,1,909,0,2021-03-15,0.0
"[0,40)",0,48160,19,2021-03-16,0.0003945182724252492
"[0,40)",1,44838,26,2021-03-16,0.0005798652928319729
"[40,60)",0,31272,29,2021-03-16,0.0009273471476080839
"[40,60)",1,28028,112,2021-03-16,0.003996003996003996
"[60,80)",0,19541,194,2021-03-16,0.009927844020265083
"[60,80)",1,22431,285,2021-03-16,0.012705630600508225
"[80,200)",0,1364,24,2021-03-16,0.017595307917888565
"[80,200)",1,3005,50,2021-03-16,0.016638935108153077
,0,1074,0,2021-03-16,0.0
,1,909,0,2021-03-16,0.0
"[0,40)",0,48141,9,2021-03-17,0.0001869508319312021
"[0,40)",1,44812,31,2021-03-17,0.0006917789877711328
"[40,60)",0,31243,37,2021-03-17,0.0011842652754216944
"[40,60)",1,27916,88,2021-03-17,0.0031523140851124802
"[60,80)",0,19342,179,2021-03-17,0.009254472133181677
"[60,80)",1,22146,279,2021-03-17,0.012598211866702791
"[80,200)",0,1340,31,2021-03-17,0.023134328358208955
"[80,200)",1,2951,62,2021-03-17,0.021009827177228057
,0,1074,0,2021-03-17,0.0
,1,909,0,2021-03-17,0.0
"[0,40)",0,48131,14,2021-03-18,0.0002908728262450396
"[0,40)",1,44781,38,2021-03-18,0.0008485741720819098
"[40,60)",0,31205,38,2021-03-18,0.0012177535651337926
"[40,60)",1,27828,83,2021-03-18,0.0029826074457381057
"[60,80)",0,19158,203,2021-03-18,0.01059609562584821
"[60,80)",1,21862,275,2021-03-18,0.012578904034397586
"[80,200)",0,1307,26,2021-03-18,0.019892884468247895
"[80,200)",1,2887,51,2021-03-18,0.01766539660547281
,0,1074,0,2021-03-18,0.0
,1,909,0,2021-03-18,0.0
"[0,40)",0,48117,13,2021-03-19,0.00027017478230147347
"[0,40)",1,44743,26,2021-03-19,0.0005810964843662696
"[40,60)",0,31166,35,2021-03-19,0.0011230186741962396
"[40,60)",1,27744,127,2021-03-19,0.004577566320645906
"[60,80)",0,18954,168,2021-03-19,0.008863564419119974
"[60,80)",1,21585,244,2021-03-19,0.011304146397961547
"[80,200)",0,1280,25,2021-03-19,0.01953125
"[80,200)",1,2833,53,2021-03-19,0.018708083303918106
,0,1074,0,2021-03-19,0.0
,1,909,0,2021-03-19,0.0
"[0,40)",0,48104,10,2021-03-20,0.00020788292033926492
"[0,40)",1,44717,14,2021-03-20,0.00031308003667509
"[40,60)",0,31130,21,2021-03-20,0.0006745904272406039
"[40,60)",1,27617,49,2021-03-20,0.0017742694717022124
"[60,80)",0,18783,86,2021-03-20,0.004578608316030453
"[60,80)",1,21341,108,2021-03-20,0.005060681317651469
"[80,200)",0,1254,11,2021-03-20,0.008771929824561403
"[80,200)",1,2780,19,2021-03-20,0.006834532374100719
,0,1074,0,2021-03-20,0.0
,1,909,0,2021-03-20,0.0
"[0,40)",0,48094,1,2021-03-21,2.079261446334262e-05
"[0,40)",1,44703,10,2021-03-21,0.00022369863320135115
"[40,60)",0,31108,7,2021-03-21,0.000225022502250225
"[40,60)",1,27567,18,2021-03-21,0.000652954619653934
"[60,80)",0,18695,36,2021-03-21,0.0019256485691361326
"[60,80)",1,21233,43,2021-03-21,0.0020251495313898175
"[80,200)",0,1243,5,2021-03-21,0.004022526146419952
"[80,200)",1,2761,9,2021-03-21,0.0032596885186526622
,0,1074,0,2021-03-21,0.0
,1,909,0,2021-03-21,0.0
"[0,40)",0,48093,7,2021-03-22,0.0001455513276360385
"[0,40)",1,44693,23,2021-03-22,0.0005146219765958875
"[40,60)",0,31101,25,2021-03-22,0.0008038326741905405
"[40,60)",1,27549,68,2021-03-22,0.002468329158953138
"[60,80)",0,18655,130,2021-03-22,0.006968641114982578
"[60,80)",1,21189,168,2021-03-22,0.007928642220019821
"[80,200)",0,1238,26,2021-03-22,0.0210016155088853
"[80,200)",1,2750,26,2021-03-22,0.009454545454545455
,0,1074,0,2021-03-22,0.0
,1,909,0,2021-03-22,0.0
"[0,40)",0,48086,23,2021-03-23,0.00047830969512955955
"[0,40)",1,44670,25,2021-03-23,0.0005596597268860533
"[40,60)",0,31076,21,2021-03-23,0.00067576264641524
"[40,60)",1,27481,59,2021-03-23,0.0021469378843564646
"[60,80)",0,18520,156,2021-03-23,0.008423326133909287
"[60,80)",1,21021,180,2021-03-23,0.00856286570572285
"[80,200)",0,1211,20,2021-03-23,0.016515276630883566
"[80,200)",1,2721,40,2021-03-23,0.01470047776552738
,0,1074,0,2021-03-23,0.0
,1,909,0,2021-03-23,0.0
"[0,40)",0,48063,22,2021-03-24,0.00045773255934918755
"[0,40)",1,44644,20,2021-03-24,0.0004479885314935938
"[40,60)",0,31054,31,2021-03-24,0.000998261093578927
"[40,60)",1,27422,72,2021-03-24,0.002625629056961564
"[60,80)",0,18361,154,2021-03-24,0.008387342737323675
"[60,80)",1,20838,183,2021-03-24,0.00878203282464728
"[80,200)",0,1190,20,2021-03-24,0.01680672268907563
"[80,200)",1,2680,30,2021-03-24,0.011194029850746268
,0,1074,0,2021-03-24,0.0
,1,909,0,2021-03-24,0.0
"[0,40)",0,48041,21,2021-03-25,0.0004371266210112196
"[0,40)",1,44624,24,2021-03-25,0.0005378271782000717
"[40,60)",0,31023,27,2021-03-25,0.0008703220191470844
"[40,60)",1,27350,46,2021-03-25,0.0016819012797074954
"[60,80)",0,18205,135,2021-03-25,0.007415545179895633
"[60,80)",1,20651,181,2021-03-25,0.008764708730812067
"[80,200)",0,1170,25,2021-03-25,0.021367521367521368
"[80,200)",1,2649,45,2021-03-25,0.01698754246885617
,0,1074,0,2021-03-25,0.0
,1,909,0,2021-03-25,0.0
"[0,40)",0,48020,15,2021-03-26,0.0003123698458975427
"[0,40)",1,44600,25,2021-03-26,0.0005605381165919282
"[40,60)",0,30996,38,2021-03-26,0.0012259646405987869
"[40,60)",1,27304,80,2021-03-26,0.002929973630237328
"[60,80)",0,18068,139,2021-03-26,0.007693159176444543
"[60,80)",1,20466,139,2021-03-26,0.006791752174337926
"[80,200)",0,1144,21,2021-03-26,0.018356643356643356
"[80,200)",1,2604,30,2021-03-26,0.01152073732718894
,0,1074,0,2021-03-26,0.0
,1,909,0,2021-03-26,0.0
"[0,40)",0,48005,7,2021-03-27,0.00014581814394333924
"[0,40)",1,44575,9,2021-03-27,0.00020190689848569826
"[40,60)",0,30958,10,2021-03-27,0.0003230182828348085
"[40,60)",1,27224,14,2021-03-27,0.000514252130473112
"[60,80)",0,17929,56,2021-03-27,0.003123431312398907
"[60,80)",1,20327,58,2021-03-27,0.0028533477640576574
"[80,200)",0,1123,3,2021-03-27,0.0026714158504007124
"[80,200)",1,2572,8,2021-03-27,0.003110419906687403
,0,1074,0,2021-03-27,0.0
,1,909,0,2021-03-27,0.0
"[0,40)",0,47998,2,2021-03-28,4.166840285011876e-05
"[0,40)",1,44566,2,2021-03-28,4.487726069200736e-05
"[40,60)",0,30947,7,2021-03-28,0.00022619316896629722
"[40,60)",1,27210,14,2021-03-28,0.0005145167217934582
"[60,80)",0,17869,34,2021-03-28,0.0019027365829089485
"[60,80)",1,20267,44,2021-03-28,0.002171016924063749
"[80,200)",0,1120,1,2021-03-28,0.0008928571428571428
"[80,200)",1,2563,0,2021-03-28,0.0
,0,1074,0,2021-03-28,0.0
,1,909,0,2021-03-28,0.0
"[0,40)",0,47996,13,2021-03-29,0.00027085590465872155
"[0,40)",1,44564,18,2021-03-29,0.0004039134727582802
"[40,60)",0,30938,28,2021-03-29,0.000905035878208029
"[40,60)",1,27196,38,2021-03-29,0.001397264303574055
"[60,80)",0,17833,100,2021-03-29,0.005607581450120563
"[60,80)",1,20219,152,2021-03-29,0.007517681388792719
"[80,200)",0,1117,11,2021-03-29,0.009847806624888093
"[80,200)",1,2562,29,2021-03-29,0.01131928181108509
,0,1074,0,2021-03-29,0.0
,1,909,0,2021-03-29,0.0
"[0,40)",0,47983,16,2021-03-30,0.0003334514307150449
"[0,40)",1,44546,18,2021-03-30,0.00040407668477528846
"[40,60)",0,30910,40,2021-03-30,0.0012940795858945326
"[40,60)",1,27157,66,2021-03-30,0.002430312626578783
"[60,80)",0,17730,141,2021-03-30,0.007952622673434856
"[60,80)",1,20065,180,2021-03-30,0.00897084475454772
"[80,200)",0,1106,16,2021-03-30,0.014466546112115732
"[80,200)",1,2529,45,2021-03-30,0.017793594306049824
,0,1074,0,2021-03-30,0.0
,1,909,0,2021-03-30,0.0
"[0,40)",0,47967,10,2021-03-31,0.00020847666103779682
"[0,40)",1,44528,21,2021-03-31,0.00047161336687028384
"[40,60)",0,30869,49,2021-03-31,0.001587353007871975
"[40,60)",1,27091,52,2021-03-31,0.0019194566461186373
"[60,80)",0,17585,113,2021-03-31,0.0064259311913562695
"[60,80)",1,19885,137,2021-03-31,0.006889615287905456
"[80,200)",0,1090,13,2021-03-31,0.011926605504587157
"[80,200)",1,2483,31,2021-03-31,0.012484897301651228
,0,1074,0,2021-03-31,0.0
,1,909,0,2021-03-31,0.0
"[0,40)",0,47957,19,2021-04-01,0.00039618825197572827
"[0,40)",1,44507,24,2021-04-01,0.0005392410182667895
"[40,60)",0,30819,44,2021-04-01,0.0014276907102761284
"[40,60)",1,27039,52,2021-04-01,0.0019231480454158809
"[60,80)",0,17471,157,2021-04-01,0.008986320187739682
"[60,80)",1,19747,161,2021-04-01,0.00815313718539525
"[80,200)",0,1076,18,2021-04-01,0.016728624535315983
"[80,200)",1,2451,22,2021-04-01,0.00897592819257446
,0,1074,0,2021-04-01,0.0
,1,909,0,2021-04-01,0.0
"[0,40)",0,47938,7,2021-04-02,0.00014602194501230756
"[0,40)",1,44483,7,2021-04-02,0.0001573634871748758
"[40,60)",0,30775,18,2021-04-02,0.0005848903330625508
"[40,60)",1,26987,13,2021-04-02,0.0004817134175714233
"[60,80)",0,17311,39,2021-04-02,0.0022529027785800934
"[60,80)",1,19585,41,2021-04-02,0.0020934388562675516
"[80,200)",0,1057,4,2021-04-02,0.003784295175023652
"[80,200)",1,2429,9,2021-04-02,0.0037052284890901604
,0,1074,0,2021-04-02,0.0
,1,909,0,2021-04-02,0.0
"[0,40)",0,47931,1,2021-04-03,2.0863324362103857e-05
"[0,40)",1,44476,4,2021-04-03,8.993614533681087e-05
"[40,60)",0,30756,8,2021-04-03,0.00026011184809468074
"[40,60)",1,26974,11,2021-04-03,0.00040780010380366276
"[60,80)",0,17271,23,2021-04-03,0.0013317121185802791
"[60,80)",1,19544,29,2021-04-03,0.0014838313548915269
"[80,200)",0,1053,0,2021-04-03,0.0
"[80,200)",1,2419,4,2021-04-03,0.0016535758577924762
,0,1074,0,2021-04-03,0.0
,1,909,0,2021-04-03,0.0
"[0,40)",0,47930,3,2021-04-04,6.259127894846651e-05
"[0,40)",1,44472,6,2021-04-04,0.00013491635186184566
"[40,60)",0,30748,5,2021-04-04,0.00016261220241966956
"[40,60)",1,26961,4,2021-04-04,0.00014836244946404064
"[60,80)",0,17246,11,2021-04-04,0.0006378290618114346
"[60,80)",1,19511,19,2021-04-04,0.0009738096458408078
"[80,200)",0,1051,2,2021-04-04,0.0019029495718363464
"[80,200)",1,2415,5,2021-04-04,0.002070393374741201
,0,1074,0,2021-04-04,0.0
,1,909,0,2021-04-04,0.0
"[0,40)",0,47927,4,2021-04-05,8.34602624825255e-05
"[0,40)",1,44466,5,2021-04-05,0.00011244546394998426
"[40,60)",0,30743,1,2021-04-05,3.2527729889730993e-05
"[40,60)",1,26957,2,2021-04-05,7.419223207330192e-05
"[60,80)",0,17233,9,2021-04-05,0.0005222538153542622
"[60,80)",1,19488,19,2021-04-05,0.0009749589490968801
"[80,200)",0,1048,1,2021-04-05,0.0009541984732824427
"[80,200)",1,2407,6,2021-04-05,0.0024927295388450354
,0,1074,0,2021-04-05,0.0
,1,909,0,2021-04-05,0.0
"[0,40)",0,47923,6,2021-04-06,0.00012520084301900967
"[0,40)",1,44461,9,2021-04-06,0.00020242459683767795
"[40,60)",0,30741,23,2021-04-06,0.0007481864610780391
"[40,60)",1,26955,34,2021-04-06,0.0012613615284733815
"[60,80)",0,17222,101,2021-04-06,0.005864591801184532
"[60,80)",1,19469,121,2021-04-06,0.006215008475011557
"[80,200)",0,1046,15,2021-04-06,0.014340344168260038
"[80,200)",1,2401,19,2021-04-06,0.007913369429404415
,0,1074,0,2021-04-06,0.0
,1,909,0,2021-04-06,0.0
"[0,40)",0,47917,14,2021-04-07,0.0002921718805434397
"[0,40)",1,44452,16,2021-04-07,0.0003599388104022316
"[40,60)",0,30718,33,2021-04-07,0.0010742886906699655
"[40,60)",1,26921,66,2021-04-07,0.00245161769622228
"[60,80)",0,17118,153,2021-04-07,0.008937960042060988
"[60,80)",1,19346,171,2021-04-07,0.008839036493331955
"[80,200)",0,1031,11,2021-04-07,0.01066925315227934
"[80,200)",1,2380,38,2021-04-07,0.015966386554621848
,0,1074,0,2021-04-07,0.0
,1,909,0,2021-04-07,0.0
"[0,40)",0,47903,18,2021-04-08,0.00037575934701375695
"[0,40)",1,44436,30,2021-04-08,0.0006751282743721307
"[40,60)",0,30683,54,2021-04-08,0.001759932210018577
"[40,60)",1,26855,56,2021-04-08,0.002085272761124558
"[60,80)",0,16963,268,2021-04-08,0.015799092141720216
"[60,80)",1,19175,290,2021-04-08,0.015123859191655802
"[80,200)",0,1019,23,2021-04-08,0.022571148184494603
"[80,200)",1,2341,46,2021-04-08,0.019649722340879965
,0,1074,0,2021-04-08,0.0
,1,909,0,2021-04-08,0.0
"[0,40)",0,47885,29,2021-04-09,0.0006056176255612404
"[0,40)",1,44406,38,2021-04-09,0.0008557402152862226
"[40,60)",0,30629,63,2021-04-09,0.0020568742041855758
"[40,60)",1,26799,74,2021-04-09,0.0027612970633232583
"[60,80)",0,16695,218,2021-04-09,0.01305780173704702
"[60,80)",1,18883,306,2021-04-09,0.016205052163321507
"[80,200)",0,996,17,2021-04-09,0.01706827309236948
"[80,200)",1,2293,42,2021-04-09,0.01831661578717837
,0,1074,0,2021-04-09,0.0
,1,909,0,2021-04-09,0.0
"[0,40)",0,47856,11,2021-04-10,0.00022985623537278503
"[0,40)",1,44368,17,2021-04-10,0.00038315903353768483
"[40,60)",0,30566,26,2021-04-10,0.0008506183340967088
"[40,60)",1,26725,49,2021-04-10,0.001833489242282507
"[60,80)",0,16476,92,2021-04-10,0.005583879582422918
"[60,80)",1,18574,107,2021-04-10,0.005760740820501777
"[80,200)",0,979,5,2021-04-10,0.005107252298263534
"[80,200)",1,2250,10,2021-04-10,0.0044444444444444444
,0,1074,0,2021-04-10,0.0
,1,909,0,2021-04-10,0.0
"[0,40)",0,47845,6,2021-04-11,0.0001254049534956631
"[0,40)",1,44351,5,2021-04-11,0.00011273702960474398
"[40,60)",0,30539,14,2021-04-11,0.00045843020400144075
"[40,60)",1,26676,17,2021-04-11,0.0006372769530664268
"[60,80)",0,16382,53,2021-04-11,0.003235258210230741
"[60,80)",1,18464,65,2021-04-11,0.0035203639514731367
"[80,200)",0,974,7,2021-04-11,0.007186858316221766
"[80,200)",1,2239,11,2021-04-11,0.004912907548012505
,0,1074,0,2021-04-11,0.0
,1,909,0,2021-04-11,0.0
"[0,40)",0,47839,20,2021-04-12,0.0004180689395681348
"[0,40)",1,44346,26,2021-04-12,0.0005862986515131016
"[40,60)",0,30524,41,2021-04-12,0.0013432053466125016
"[40,60)",1,26659,59,2021-04-12,0.0022131362766795453
"[60,80)",0,16325,242,2021-04-12,0.014823889739663093
"[60,80)",1,18399,311,2021-04-12,0.016903092559378226
"[80,200)",0,967,15,2021-04-12,0.015511892450879007
"[80,200)",1,2227,27,2021-04-12,0.012123933542882801
,0,1074,0,2021-04-12,0.0
,1,909,0,2021-04-12,0.0
"[0,40)",0,47819,19,2021-04-13,0.00039733160459231687
"[0,40)",1,44320,35,2021-04-13,0.00078971119133574
"[40,60)",0,30482,57,2021-04-13,0.0018699560396299455
"[40,60)",1,26600,82,2021-04-13,0.0030827067669172933
"[60,80)",0,16082,245,2021-04-13,0.015234423579156822
"[60,80)",1,18086,299,2021-04-13,0.016532124295034832
"[80,200)",0,951,17,2021-04-13,0.017875920084121977
"[80,200)",1,2200,34,2021-04-13,0.015454545454545455
,0,1074,0,2021-04-13,0.0
,1,909,0,2021-04-13,0.0
"[0,40)",0,47800,21,2021-04-14,0.0004393305439330544
"[0,40)",1,44285,24,2021-04-14,0.0005419442249068534
"[40,60)",0,30423,59,2021-04-14,0.0019393222233178844
"[40,60)",1,26518,72,2021-04-14,0.0027151368881514443
"[60,80)",0,15834,266,2021-04-14,0.016799292661361626
"[60,80)",1,17785,325,2021-04-14,0.018273826258082652
"[80,200)",0,933,17,2021-04-14,0.01822079314040729
"[80,200)",1,2166,26,2021-04-14,0.012003693444136657
,0,1074,0,2021-04-14,0.0
,1,909,0,2021-04-14,0.0
"[0,40)",0,47779,36,2021-04-15,0.0007534690973021621
"[0,40)",1,44261,29,2021-04-15,0.0006552043559793046
"[40,60)",0,30364,87,2021-04-15,0.0028652351468844684
"[40,60)",1,26446,96,2021-04-15,0.0036300385691597973
"[60,80)",0,15565,318,2021-04-15,0.020430452939286862
"[60,80)",1,17458,371,2021-04-15,0.021251002405773857
"[80,200)",0,916,17,2021-04-15,0.018558951965065504
"[80,200)",1,2138,31,2021-04-15,0.014499532273152479
,0,1074,0,2021-04-15,0.0
,1,909,0,2021-04-15,0.0
"[0,40)",0,47743,22,2021-04-16,0.00046080053620426033
"[0,40)",1,44232,44,2021-04-16,0.0009947549285585096
"[40,60)",0,30277,85,2021-04-16,0.002807411566535654
"[40,60)",1,26350,138,2021-04-16,0.00523719165085389
"[60,80)",0,15246,236,2021-04-16,0.01547947002492457
"[60,80)",1,17087,275,2021-04-16,0.01609410663077193
"[80,200)",0,898,12,2021-04-16,0.013363028953229399
"[80,200)",1,2106,28,2021-04-16,0.013295346628679962
,0,1074,0,2021-04-16,0.0
,1,909,0,2021-04-16,0.0
"[0,40)",0,47721,13,2021-04-17,0.00027241675572599067
"[0,40)",1,44188,18,2021-04-17,0.0004073504118765276
"[40,60)",0,30192,39,2021-04-17,0.0012917329093799681
"[40,60)",1,26211,54,2021-04-17,0.002060203731257869
"[60,80)",0,15010,81,2021-04-17,0.005396402398401066
"[60,80)",1,16810,122,2021-04-17,0.007257584770969661
"[80,200)",0,885,1,2021-04-17,0.0011299435028248588
"[80,200)",1,2077,9,2021-04-17,0.004333172845450169
,0,1074,0,2021-04-17,0.0
,1,909,0,2021-04-17,0.0
"[0,40)",0,47708,13,2021-04-18,0.00027249098683658924
"[0,40)",1,44170,23,2021-04-18,0.0005207154177043242
"[40,60)",0,30152,25,2021-04-18,0.0008291323958609711
"[40,60)",1,26157,42,2021-04-18,0.001605688725771304
"[60,80)",0,14928,71,2021-04-18,0.004756162915326902
"[60,80)",1,16688,87,2021-04-18,0.005213326941514861
"[80,200)",0,884,4,2021-04-18,0.004524886877828055
"[80,200)",1,2068,3,2021-04-18,0.0014506769825918763
,0,1074,0,2021-04-18,0.0
,1,909,0,2021-04-18,0.0
"[0,40)",0,47695,25,2021-04-19,0.0005241639584862145
"[0,40)",1,44147,39,2021-04-19,0.0008834122363920538
"[40,60)",0,30126,86,2021-04-19,0.0028546770231693552
"[40,60)",1,26115,92,2021-04-19,0.003522879571127704
"[60,80)",0,14852,281,2021-04-19,0.01892001077295987
"[60,80)",1,16601,326,2021-04-19,0.01963737124269622
"[80,200)",0,880,10,2021-04-19,0.011363636363636364
"[80,200)",1,2065,9,2021-04-19,0.0043583535108958835
,0,1074,0,2021-04-19,0.0
,1,909,0,2021-04-19,0.0
"[0,40)",0,47670,30,2021-04-20,0.0006293266205160479
"[0,40)",1,44108,42,2021-04-20,0.0009522082161966083
"[40,60)",0,30040,88,2021-04-20,0.002929427430093209
"[40,60)",1,26023,103,2021-04-20,0.003958037121008339
"[60,80)",0,14568,256,2021-04-20,0.01757276221856123
"[60,80)",1,16275,307,2021-04-20,0.018863287250384025
"[80,200)",0,870,2,2021-04-20,0.0022988505747126436
"[80,200)",1,2056,16,2021-04-20,0.007782101167315175
,0,1074,0,2021-04-20,0.0
,1,909,0,2021-04-20,0.0
"[0,40)",0,47639,23,2021-04-21,0.00048279770776044837
"[0,40)",1,44066,37,2021-04-21,0.0008396496164843644
"[40,60)",0,29952,93,2021-04-21,0.0031049679487179485
"[40,60)",1,25920,63,2021-04-21,0.0024305555555555556
"[60,80)",0,14312,318,2021-04-21,0.022219116825041924
"[60,80)",1,15968,378,2021-04-21,0.023672344689378757
"[80,200)",0,868,7,2021-04-21,0.008064516129032258
"[80,200)",1,2040,14,2021-04-21,0.006862745098039216
,0,1074,0,2021-04-21,0.0
,1,909,0,2021-04-21,0.0
"[0,40)",0,47616,39,2021-04-22,0.0008190524193548387
"[0,40)",1,44029,35,2021-04-22,0.0007949306139135569
"[40,60)",0,29857,80,2021-04-22,0.0026794386576012327
"[40,60)",1,25857,82,2021-04-22,0.0031712882391615425
"[60,80)",0,13992,351,2021-04-22,0.025085763293310463
"[60,80)",1,15590,453,2021-04-22,0.02905708787684413
"[80,200)",0,861,10,2021-04-22,0.011614401858304297
"[80,200)",1,2025,29,2021-04-22,0.014320987654320988
,0,1074,0,2021-04-22,0.0
,1,909,0,2021-04-22,0.0
"[0,40)",0,47577,34,2021-04-23,0.0007146310191899447
"[0,40)",1,43994,69,2021-04-23,0.0015683956903214074
"[40,60)",0,29777,101,2021-04-23,0.0033918796386472783
"[40,60)",1,25775,130,2021-04-23,0.00504364694471387
"[60,80)",0,13639,307,2021-04-23,0.022508981596891266
"[60,80)",1,15137,357,2021-04-23,0.023584594041091367
"[80,200)",0,850,10,2021-04-23,0.011764705882352941
"[80,200)",1,1994,12,2021-04-23,0.006018054162487462
,0,1074,0,2021-04-23,0.0
,1,909,0,2021-04-23,0.0
"[0,40)",0,47543,14,2021-04-24,0.00029447026901962436
"[0,40)",1,43925,7,2021-04-24,0.00015936254980079682
"[40,60)",0,29676,44,2021-04-24,0.001482679606415959
"[40,60)",1,25645,27,2021-04-24,0.0010528368102944044
"[60,80)",0,13332,111,2021-04-24,0.008325832583258325
"[60,80)",1,14780,142,2021-04-24,0.009607577807848443
"[80,200)",0,840,1,2021-04-24,0.0011904761904761906
"[80,200)",1,1982,4,2021-04-24,0.0020181634712411706
,0,1074,0,2021-04-24,0.0
,1,909,0,2021-04-24,0.0
"[0,40)",0,47529,8,2021-04-25,0.00016831828988617475
"[0,40)",1,43918,20,2021-04-25,0.0004553941436313129
"[40,60)",0,29632,32,2021-04-25,0.0010799136069114472
"[40,60)",1,25618,21,2021-04-25,0.0008197361230384885
"[60,80)",0,13219,95,2021-04-25,0.007186625312050836
"[60,80)",1,14636,135,2021-04-25,0.009223831647991254
"[80,200)",0,839,3,2021-04-25,0.003575685339690107
"[80,200)",1,1977,3,2021-04-25,0.0015174506828528073
,0,1074,0,2021-04-25,0.0
,1,909,0,2021-04-25,0.0
"[0,40)",0,47521,27,2021-04-26,0.0005681698617453336
"[0,40)",1,43898,29,2021-04-26,0.0006606223518155725
"[40,60)",0,29600,77,2021-04-26,0.0026013513513513512
"[40,60)",1,25597,70,2021-04-26,0.00273469547212564
"[60,80)",0,13123,374,2021-04-26,0.028499580888516344
"[60,80)",1,14501,431,2021-04-26,0.029722088131852977
"[80,200)",0,836,2,2021-04-26,0.0023923444976076554
"[80,200)",1,1973,10,2021-04-26,0.00506842372022301
,0,1074,0,2021-04-26,0.0
,1,909,0,2021-04-26,0.0
"[0,40)",0,47494,17,2021-04-27,0.00035793995030951277
"[0,40)",1,43869,19,2021-04-27,0.0004331076614465796
"[40,60)",0,29522,63,2021-04-27,0.0021340017613982794
"[40,60)",1,25526,41,2021-04-27,0.0016062054375930424
"[60,80)",0,12747,351,2021-04-27,0.027535890797834785
"[60,80)",1,14068,475,2021-04-27,0.033764572078475975
"[80,200)",0,833,3,2021-04-27,0.003601440576230492
"[80,200)",1,1962,13,2021-04-27,0.006625891946992864
,0,1074,0,2021-04-27,0.0
,1,909,0,2021-04-27,0.0
"[0,40)",0,47477,31,2021-04-28,0.0006529477431177202
"[0,40)",1,43850,37,2021-04-28,0.0008437856328392246
"[40,60)",0,29459,88,2021-04-28,0.0029872025527003633
"[40,60)",1,25484,70,2021-04-28,0.002746821535080835
"[60,80)",0,12392,445,2021-04-28,0.03591026468689477
"[60,80)",1,13591,492,2021-04-28,0.03620042675299831
"[80,200)",0,829,10,2021-04-28,0.012062726176115802
"[80,200)",1,1948,15,2021-04-28,0.0077002053388090345
,0,1074,0,2021-04-28,0.0
,1,909,0,2021-04-28,0.0
"[0,40)",0,47446,28,2021-04-29,0.0005901445854234287
"[0,40)",1,43813,20,2021-04-29,0.00045648551799694153
"[40,60)",0,29370,118,2021-04-29,0.004017705141300647
"[40,60)",1,25414,105,2021-04-29,0.00413158101833635
"[60,80)",0,11943,455,2021-04-29,0.038097630411119486
"[60,80)",1,13098,558,2021-04-29,0.04260192395785616
"[80,200)",0,819,6,2021-04-29,0.007326007326007326
"[80,200)",1,1932,17,2021-04-29,0.008799171842650104
,0,1074,0,2021-04-29,0.0
,1,909,0,2021-04-29,0.0
"[0,40)",0,47418,42,2021-04-30,0.0008857395925597874
"[0,40)",1,43793,48,2021-04-30,0.0010960655812572787
"[40,60)",0,29252,130,2021-04-30,0.004444140571584849
"[40,60)",1,25309,154,2021-04-30,0.006084791971235529
"[60,80)",0,11487,442,2021-04-30,0.03847827979455036
"[60,80)",1,12537,470,2021-04-30,0.037489032463906835
"[80,200)",0,813,8,2021-04-30,0.00984009840098401
"[80,200)",1,1915,10,2021-04-30,0.005221932114882507
,0,1074,0,2021-04-30,0.0
,1,909,0,2021-04-30,0.0
"[0,40)",0,47376,12,2021-05-01,0.00025329280648429586
"[0,40)",1,43745,20,2021-05-01,0.00045719510801234427
"[40,60)",0,29122,64,2021-05-01,0.0021976512602156447
"[40,60)",1,25154,50,2021-05-01,0.0019877554265723147
"[60,80)",0,11043,110,2021-05-01,0.009961061305804582
"[60,80)",1,12066,129,2021-05-01,0.010691198408751865
"[80,200)",0,805,0,2021-05-01,0.0
"[80,200)",1,1904,2,2021-05-01,0.0010504201680672268
,0,1074,0,2021-05-01,0.0
,1,909,0,2021-05-01,0.0
"[0,40)",0,47364,18,2021-05-02,0.00038003546997719787
"[0,40)",1,43725,5,2021-05-02,0.00011435105774728416
"[40,60)",0,29055,53,2021-05-02,0.0018241266563414214
"[40,60)",1,25104,46,2021-05-02,0.0018323773103887827
"[60,80)",0,10932,123,2021-05-02,0.011251372118551043
"[60,80)",1,11935,149,2021-05-02,0.012484289903644743
"[80,200)",0,803,0,2021-05-02,0.0
"[80,200)",1,1899,3,2021-05-02,0.001579778830963665
,0,1074,0,2021-05-02,0.0
,1,909,0,2021-05-02,0.0
"[0,40)",0,47346,43,2021-05-03,0.0009082076627381405
"[0,40)",1,43720,27,2021-05-03,0.0006175663311985361
"[40,60)",0,29002,218,2021-05-03,0.0075167229846217504
"[40,60)",1,25058,170,2021-05-03,0.0067842605156037995
"[60,80)",0,10809,427,2021-05-03,0.03950411693958738
"[60,80)",1,11785,428,2021-05-03,0.03631735256682223
"[80,200)",0,802,11,2021-05-03,0.01371571072319202
"[80,200)",1,1896,12,2021-05-03,0.006329113924050633
,0,1074,0,2021-05-03,0.0
,1,909,0,2021-05-03,0.0
"[0,40)",0,47303,38,2021-05-04,0.0008033317125763693
"[0,40)",1,43693,33,2021-05-04,0.0007552697228388987
"[40,60)",0,28784,245,2021-05-04,0.008511673151750972
"[40,60)",1,24888,217,2021-05-04,0.008719061395049823
"[60,80)",0,10381,365,2021-05-04,0.03516038917252673
"[60,80)",1,11357,384,2021-05-04,0.03381174605969887
"[80,200)",0,791,8,2021-05-04,0.010113780025284451
"[80,200)",1,1883,21,2021-05-04,0.011152416356877323
,0,1074,0,2021-05-04,0.0
,1,909,0,2021-05-04,0.0
"[0,40)",0,47265,39,2021-05-05,0.0008251348778165661
"[0,40)",1,43660,44,2021-05-05,0.0010077874484654145
"[40,60)",0,28539,290,2021-05-05,0.010161533340341287
"[40,60)",1,24671,230,2021-05-05,0.00932268655506465
"[60,80)",0,10014,416,2021-05-05,0.04154184142200919
"[60,80)",1,10973,421,2021-05-05,0.03836690057413652
"[80,200)",0,782,15,2021-05-05,0.01918158567774936
"[80,200)",1,1860,20,2021-05-05,0.010752688172043012
,0,1074,0,2021-05-05,0.0
,1,909,0,2021-05-05,0.0
"[0,40)",0,47226,57,2021-05-06,0.0012069622665480879
"[0,40)",1,43616,34,2021-05-06,0.0007795304475421863
"[40,60)",0,28248,380,2021-05-06,0.013452279807419995
"[40,60)",1,24441,325,2021-05-06,0.013297328259891166
"[60,80)",0,9597,343,2021-05-06,0.03574033552151714
"[60,80)",1,10552,414,2021-05-06,0.039234268385140256
"[80,200)",0,767,8,2021-05-06,0.010430247718383311
"[80,200)",1,1837,31,2021-05-06,0.016875340228633642
,0,1074,0,2021-05-06,0.0
,1,909,0,2021-05-06,0.0
"[0,40)",0,47169,71,2021-05-07,0.001505225889885306
"[0,40)",1,43582,50,2021-05-07,0.0011472626313615713
"[40,60)",0,27868,409,2021-05-07,0.014676331276015501
"[40,60)",1,24116,403,2021-05-07,0.01671089732957373
"[60,80)",0,9254,299,2021-05-07,0.03231035228009509
"[60,80)",1,10136,359,2021-05-07,0.03541831097079716
"[80,200)",0,759,6,2021-05-07,0.007905138339920948
"[80,200)",1,1804,16,2021-05-07,0.008869179600886918
,0,1074,0,2021-05-07,0.0
,1,909,0,2021-05-07,0.0
"[0,40)",0,47098,24,2021-05-08,0.0005095757781646779
"[0,40)",1,43532,23,2021-05-08,0.0005283469631535422
"[40,60)",0,27458,185,2021-05-08,0.006737562823220919
"[40,60)",1,23713,144,2021-05-08,0.006072618394973222
"[60,80)",0,8954,106,2021-05-08,0.011838284565557293
"[60,80)",1,9775,101,2021-05-08,0.010332480818414322
"[80,200)",0,753,3,2021-05-08,0.00398406374501992
"[80,200)",1,1788,4,2021-05-08,0.0022371364653243847
,0,1074,0,2021-05-08,0.0
,1,909,0,2021-05-08,0.0
"[0,40)",0,47074,14,2021-05-09,0.00029740408718188386
"[0,40)",1,43509,13,2021-05-09,0.0002987887563492611
"[40,60)",0,27273,164,2021-05-09,0.006013273200601328
"[40,60)",1,23569,133,2021-05-09,0.005643005643005643
"[60,80)",0,8846,72,2021-05-09,0.00813927198733891
"[60,80)",1,9672,88,2021-05-09,0.009098428453267164
"[80,200)",0,750,5,2021-05-09,0.006666666666666667
"[80,200)",1,1782,5,2021-05-09,0.0028058361391694723
,0,1074,0,2021-05-09,0.0
,1,909,0,2021-05-09,0.0
"[0,40)",0,47060,40,2021-05-10,0.0008499787505312367
"[0,40)",1,43496,35,2021-05-10,0.0008046716939488688
"[40,60)",0,27108,488,2021-05-10,0.01800206581083075
"[40,60)",1,23436,371,2021-05-10,0.015830346475507767
"[60,80)",0,8774,249,2021-05-10,0.028379302484613633
"[60,80)",1,9583,235,2021-05-10,0.024522592090159657
"[80,200)",0,745,6,2021-05-10,0.008053691275167786
"[80,200)",1,1777,14,2021-05-10,0.007878446820483961
,0,1074,0,2021-05-10,0.0
,1,909,0,2021-05-10,0.0
"[0,40)",0,47020,53,2021-05-11,0.0011271799234368353
"[0,40)",1,43461,38,2021-05-11,0.0008743471158049746
"[40,60)",0,26618,528,2021-05-11,0.019836201066947178
"[40,60)",1,23065,397,2021-05-11,0.017212226316930413
"[60,80)",0,8524,271,2021-05-11,0.031792585640544345
"[60,80)",1,9348,300,2021-05-11,0.03209242618741977
"[80,200)",0,739,14,2021-05-11,0.018944519621109608
"[80,200)",1,1763,15,2021-05-11,0.008508224617129892
,0,1074,0,2021-05-11,0.0
,1,909,0,2021-05-11,0.0
"[0,40)",0,46967,47,2021-05-12,0.0010007026209892052
"[0,40)",1,43423,29,2021-05-12,0.0006678488358703913
"[40,60)",0,26090,541,2021-05-12,0.020735914143349944
"[40,60)",1,22668,449,2021-05-12,0.01980765837303688
"[60,80)",0,8252,252,2021-05-12,0.030538051381483276
"[60,80)",1,9047,244,2021-05-12,0.02697026638664751
"[80,200)",0,725,8,2021-05-12,0.011034482758620689
"[80,200)",1,1747,21,2021-05-12,0.012020606754436176
,0,1074,0,2021-05-12,0.0
,1,909,0,2021-05-12,0.0
"[0,40)",0,46920,46,2021-05-13,0.000980392156862745
"[0,40)",1,43394,40,2021-05-13,0.0009217864220860027
"[40,60)",0,25549,618,2021-05-13,0.024188813652197737
"[40,60)",1,22218,475,2021-05-13,0.021379062021784138
"[60,80)",0,8000,224,2021-05-13,0.028
"[60,80)",1,8802,231,2021-05-13,0.026244035446489435
"[80,200)",0,717,5,2021-05-13,0.00697350069735007
"[80,200)",1,1726,17,2021-05-13,0.009849362688296639
,0,1074,0,2021-05-13,0.0
,1,909,0,2021-05-13,0.0
"[0,40)",0,46874,45,2021-05-14,0.000960020480436916
"[0,40)",1,43354,39,2021-05-14,0.000899570973843244
"[40,60)",0,24931,632,2021-05-14,0.025349965905900284
"[40,60)",1,21743,514,2021-05-14,0.023639792117003174
"[60,80)",0,7776,164,2021-05-14,0.02109053497942387
"[60,80)",1,8569,177,2021-05-14,0.02065585249153927
"[80,200)",0,712,5,2021-05-14,0.007022471910112359
"[80,200)",1,1706,10,2021-05-14,0.005861664712778429
,0,1074,0,2021-05-14,0.0
,1,909,0,2021-05-14,0.0
"[0,40)",0,46829,11,2021-05-15,0.0002348971790984219
"[0,40)",1,43315,25,2021-05-15,0.0005771672630728385
"[40,60)",0,24297,250,2021-05-15,0.010289336132032761
"[40,60)",1,21228,220,2021-05-15,0.010363670623704541
"[60,80)",0,7609,63,2021-05-15,0.00827966881324747
"[60,80)",1,8392,78,2021-05-15,0.009294566253574834
"[80,200)",0,707,3,2021-05-15,0.004243281471004243
"[80,200)",1,1696,4,2021-05-15,0.0023584905660377358
,0,1074,0,2021-05-15,0.0
,1,909,0,2021-05-15,0.0
"[0,40)",0,46818,14,2021-05-16,0.00029903028749626214
"[0,40)",1,43290,12,2021-05-16,0.0002772002772002772
"[40,60)",0,24047,221,2021-05-16,0.009190335592797439
"[40,60)",1,21008,168,2021-05-16,0.007996953541507998
"[60,80)",0,7545,51,2021-05-16,0.006759443339960238
"[60,80)",1,8312,55,2021-05-16,0.006616939364773821
"[80,200)",0,704,0,2021-05-16,0.0
"[80,200)",1,1691,3,2021-05-16,0.0017740981667652277
,0,1074,0,2021-05-16,0.0
,1,909,0,2021-05-16,0.0
"[0,40)",0,46804,31,2021-05-17,0.0006623365524314161
"[0,40)",1,43278,30,2021-05-17,0.0006931928462498268
"[40,60)",0,23826,621,2021-05-17,0.02606396373709393
"[40,60)",1,20839,472,2021-05-17,0.022649839243725708
"[60,80)",0,7493,138,2021-05-17,0.018417189376751634
"[60,80)",1,8257,126,2021-05-17,0.015259779580961608
"[80,200)",0,704,3,2021-05-17,0.004261363636363636
"[80,200)",1,1687,8,2021-05-17,0.004742145820983995
,0,1074,0,2021-05-17,0.0
,1,909,0,2021-05-17,0.0
"[0,40)",0,46773,45,2021-05-18,0.0009620935154897056
"[0,40)",1,43248,29,2021-05-18,0.00067055123936367
"[40,60)",0,23205,568,2021-05-18,0.024477483301012713
"[40,60)",1,20367,526,2021-05-18,0.025826091226002847
"[60,80)",0,7355,138,2021-05-18,0.01876274643099932
"[60,80)",1,8130,161,2021-05-18,0.01980319803198032
"[80,200)",0,701,3,2021-05-18,0.0042796005706134095
"[80,200)",1,1679,6,2021-05-18,0.00357355568790947
,0,1074,0,2021-05-18,0.0
,1,909,0,2021-05-18,0.0
"[0,40)",0,46727,49,2021-05-19,0.0010486442527874677
"[0,40)",1,43219,31,2021-05-19,0.0007172771234873551
"[40,60)",0,22637,660,2021-05-19,0.029155806864867254
"[40,60)",1,19841,518,2021-05-19,0.026107555062748852
"[60,80)",0,7216,153,2021-05-19,0.021202882483370288
"[60,80)",1,7967,156,2021-05-19,0.019580770679051087
"[80,200)",0,698,8,2021-05-19,0.011461318051575931
"[80,200)",1,1673,12,2021-05-19,0.007172743574417215
,0,1074,0,2021-05-19,0.0
,1,909,0,2021-05-19,0.0
"[0,40)",0,46678,48,2021-05-20,0.001028321693303055
"[0,40)",1,43188,30,2021-05-20,0.0006946373992775772
"[40,60)",0,21977,639,2021-05-20,0.02907585202711926
"[40,60)",1,19323,531,2021-05-20,0.027480204937121566
"[60,80)",0,7062,121,2021-05-20,0.017133956386292833
"[60,80)",1,7811,134,2021-05-20,0.017155293816412752
"[80,200)",0,690,9,2021-05-20,0.013043478260869565
"[80,200)",1,1661,11,2021-05-20,0.006622516556291391
,0,1074,0,2021-05-20,0.0
,1,909,0,2021-05-20,0.0
"[0,40)",0,46630,57,2021-05-21,0.001222389019944242
"[0,40)",1,43158,31,2021-05-21,0.0007182909309977292
"[40,60)",0,21338,531,2021-05-21,0.02488518136657606
"[40,60)",1,18792,504,2021-05-21,0.02681992337164751
"[60,80)",0,6939,102,2021-05-21,0.014699524427150886
"[60,80)",1,7677,109,2021-05-21,0.014198254526507751
"[80,200)",0,681,3,2021-05-21,0.004405286343612335
"[80,200)",1,1646,12,2021-05-21,0.007290400972053463
,0,1074,0,2021-05-21,0.0
,1,909,0,2021-05-21,0.0
"[0,40)",0,46572,20,2021-05-22,0.0004294425835265825
"[0,40)",1,43127,11,2021-05-22,0.0002550606348691075
"[40,60)",0,20807,242,2021-05-22,0.011630701206324794
"[40,60)",1,18288,225,2021-05-22,0.012303149606299213
"[60,80)",0,6837,62,2021-05-22,0.009068304812052069
"[60,80)",1,7568,60,2021-05-22,0.007928118393234672
"[80,200)",0,678,2,2021-05-22,0.0029498525073746312
"[80,200)",1,1634,3,2021-05-22,0.0018359853121175031
,0,1074,0,2021-05-22,0.0
,1,909,0,2021-05-22,0.0
"[0,40)",0,46552,17,2021-05-23,0.0003651830211376525
"[0,40)",1,43116,13,2021-05-23,0.00030151219964746266
"[40,60)",0,20565,214,2021-05-23,0.010406029662047168
"[40,60)",1,18063,170,2021-05-23,0.009411504179815091
"[60,80)",0,6774,28,2021-05-23,0.004133451431945674
"[60,80)",1,7507,27,2021-05-23,0.003596643133075796
"[80,200)",0,676,1,2021-05-23,0.0014792899408284023
"[80,200)",1,1631,2,2021-05-23,0.001226241569589209
,0,1074,0,2021-05-23,0.0
,1,909,0,2021-05-23,0.0
"[0,40)",0,46535,30,2021-05-24,0.000644676050284732
"[0,40)",1,43103,37,2021-05-24,0.0008584089274528455
"[40,60)",0,20351,402,2021-05-24,0.01975332907473834
"[40,60)",1,17893,305,2021-05-24,0.017045772089643994
"[60,80)",0,6745,68,2021-05-24,0.010081541882876204
"[60,80)",1,7480,70,2021-05-24,0.009358288770053475
"[80,200)",0,673,2,2021-05-24,0.0029717682020802376
"[80,200)",1,1628,8,2021-05-24,0.004914004914004914
,0,1074,0,2021-05-24,0.0
,1,909,0,2021-05-24,0.0
"[0,40)",0,46505,92,2021-05-25,0.001978281905171487
"[0,40)",1,43066,78,2021-05-25,0.001811173547578136
"[40,60)",0,19949,421,2021-05-25,0.021103814727555265
"[40,60)",1,17588,296,2021-05-25,0.01682965658403457
"[60,80)",0,6674,71,2021-05-25,0.010638297872340425
"[60,80)",1,7410,84,2021-05-25,0.011336032388663968
"[80,200)",0,671,5,2021-05-25,0.007451564828614009
"[80,200)",1,1620,9,2021-05-25,0.005555555555555556
,0,1074,0,2021-05-25,0.0
,1,909,0,2021-05-25,0.0
"[0,40)",0,46413,127,2021-05-26,0.002736302329088833
"[0,40)",1,42988,88,2021-05-26,0.0020470829068577278
"[40,60)",0,19528,524,2021-05-26,0.026833265055305203
"[40,60)",1,17292,398,2021-05-26,0.02301642377978256
"[60,80)",0,6601,112,2021-05-26,0.016967126193001062
"[60,80)",1,7325,117,2021-05-26,0.01597269624573379
"[80,200)",0,666,6,2021-05-26,0.009009009009009009
"[80,200)",1,1611,9,2021-05-26,0.00558659217877095
,0,1074,0,2021-05-26,0.0
,1,909,0,2021-05-26,0.0
"[0,40)",0,46286,144,2021-05-27,0.003111091906840081
"[0,40)",1,42900,106,2021-05-27,0.002470862470862471
"[40,60)",0,19004,390,2021-05-27,0.020521995369395918
"[40,60)",1,16893,339,2021-05-27,0.020067483573077607
"[60,80)",0,6489,95,2021-05-27,0.014640160271228232
"[60,80)",1,7207,101,2021-05-27,0.014014152906896074
"[80,200)",0,660,3,2021-05-27,0.004545454545454545
"[80,200)",1,1601,12,2021-05-27,0.007495315427857589
,0,1074,0,2021-05-27,0.0
,1,909,0,2021-05-27,0.0
"[0,40)",0,46142,133,2021-05-28,0.0028824064843309782
"[0,40)",1,42794,126,2021-05-28,0.0029443379913071926
"[40,60)",0,18613,425,2021-05-28,0.022833503465319937
"[40,60)",1,16554,381,2021-05-28,0.02301558535701341
"[60,80)",0,6393,68,2021-05-28,0.010636633818238699
"[60,80)",1,7104,74,2021-05-28,0.010416666666666666
"[80,200)",0,656,5,2021-05-28,0.007621951219512195
"[80,200)",1,1588,6,2021-05-28,0.003778337531486146
,0,1074,0,2021-05-28,0.0
,1,909,0,2021-05-28,0.0
"[0,40)",0,46009,56,2021-05-29,0.0012171531656849748
"[0,40)",1,42668,49,2021-05-29,0.001148401612449611
"[40,60)",0,18188,210,2021-05-29,0.011546074334726193
"[40,60)",1,16173,200,2021-05-29,0.012366289494837075
"[60,80)",0,6325,21,2021-05-29,0.0033201581027667982
"[60,80)",1,7029,31,2021-05-29,0.004410300184948072
"[80,200)",0,649,1,2021-05-29,0.0015408320493066256
"[80,200)",1,1582,3,2021-05-29,0.0018963337547408343
,0,1074,0,2021-05-29,0.0
,1,909,0,2021-05-29,0.0
"[0,40)",0,45953,54,2021-05-30,0.0011751137031314604
"[0,40)",1,42619,48,2021-05-30,0.0011262582416293203
"[40,60)",0,17977,179,2021-05-30,0.009957167491795071
"[40,60)",1,15972,155,2021-05-30,0.009704482844978712
"[60,80)",0,6302,14,2021-05-30,0.002221516978736909
"[60,80)",1,6998,18,2021-05-30,0.002572163475278651
"[80,200)",0,648,2,2021-05-30,0.0030864197530864196
"[80,200)",1,1578,1,2021-05-30,0.0006337135614702154
,0,1074,0,2021-05-30,0.0
,1,909,0,2021-05-30,0.0
"[0,40)",0,45899,173,2021-05-31,0.0037691452972831653
"[0,40)",1,42571,139,2021-05-31,0.0032651335416128352
"[40,60)",0,17798,355,2021-05-31,0.01994606135520845
"[40,60)",1,15817,298,2021-05-31,0.01884048808244294
"[60,80)",0,6288,50,2021-05-31,0.007951653944020356
"[60,80)",1,6980,58,2021-05-31,0.00830945558739255
"[80,200)",0,646,2,2021-05-31,0.0030959752321981426
"[80,200)",1,1577,2,2021-05-31,0.0012682308180088776
,0,1074,0,2021-05-31,0.0
,1,909,0,2021-05-31,0.0
"[0,40)",0,45726,213,2021-06-01,0.004658181341031361
"[0,40)",1,42432,156,2021-06-01,0.003676470588235294
"[40,60)",0,17443,370,2021-06-01,0.021211947486097574
"[40,60)",1,15519,273,2021-06-01,0.017591339648173207
"[60,80)",0,6237,95,2021-06-01,0.015231681898348564
"[60,80)",1,6922,91,2021-06-01,0.013146489453915054
"[80,200)",0,644,4,2021-06-01,0.006211180124223602
"[80,200)",1,1574,6,2021-06-01,0.0038119440914866584
,0,1074,0,2021-06-01,0.0
,1,909,0,2021-06-01,0.0
"[0,40)",0,45513,288,2021-06-02,0.006327862368993475
"[0,40)",1,42276,223,2021-06-02,0.005274860440912101
"[40,60)",0,17073,365,2021-06-02,0.02137878521642359
"[40,60)",1,15246,290,2021-06-02,0.019021382657746295
"[60,80)",0,6140,77,2021-06-02,0.01254071661237785
"[60,80)",1,6831,88,2021-06-02,0.01288244766505636
"[80,200)",0,640,4,2021-06-02,0.00625
"[80,200)",1,1566,8,2021-06-02,0.005108556832694764
,0,1074,0,2021-06-02,0.0
,1,909,0,2021-06-02,0.0
"[0,40)",0,45225,303,2021-06-03,0.0066998341625207295
"[0,40)",1,42053,242,2021-06-03,0.005754642950562386
"[40,60)",0,16708,255,2021-06-03,0.01526214986832655
"[40,60)",1,14956,231,2021-06-03,0.015445306231612731
"[60,80)",0,6063,76,2021-06-03,0.012535048655780966
"[60,80)",1,6743,66,2021-06-03,0.009787928221859706
"[80,200)",0,636,4,2021-06-03,0.006289308176100629
"[80,200)",1,1558,13,2021-06-03,0.00834403080872914
,0,1074,0,2021-06-03,0.0
,1,909,0,2021-06-03,0.0
"[0,40)",0,44922,274,2021-06-04,0.0060994612884555455
"[0,40)",1,41811,259,2021-06-04,0.006194542106144316
"[40,60)",0,16453,338,2021-06-04,0.020543365951498208
"[40,60)",1,14725,277,2021-06-04,0.018811544991511036
"[60,80)",0,5986,61,2021-06-04,0.010190444370197126
"[60,80)",1,6675,60,2021-06-04,0.008988764044943821
"[80,200)",0,632,5,2021-06-04,0.007911392405063292
"[80,200)",1,1545,7,2021-06-04,0.004530744336569579
,0,1074,0,2021-06-04,0.0
,1,909,0,2021-06-04,0.0
"[0,40)",0,44648,208,2021-06-05,0.004658663321985307
"[0,40)",1,41552,183,2021-06-05,0.004404120138621486
"[40,60)",0,16114,138,2021-06-05,0.00856398163087998
"[40,60)",1,14448,141,2021-06-05,0.009759136212624584
"[60,80)",0,5924,24,2021-06-05,0.004051316677920324
"[60,80)",1,6615,25,2021-06-05,0.003779289493575208
"[80,200)",0,626,0,2021-06-05,0.0
"[80,200)",1,1538,0,2021-06-05,0.0
,0,1074,0,2021-06-05,0.0
,1,909,0,2021-06-05,0.0
"[0,40)",0,44440,172,2021-06-06,0.0038703870387038703
"[0,40)",1,41369,158,2021-06-06,0.0038192849718388165
"[40,60)",0,15976,87,2021-06-06,0.005445668502754132
"[40,60)",1,14306,81,2021-06-06,0.005661960016776177
"[60,80)",0,5899,20,2021-06-06,0.0033904051534158334
"[60,80)",1,6589,17,2021-06-06,0.002580057671877371
"[80,200)",0,626,1,2021-06-06,0.001597444089456869
"[80,200)",1,1538,1,2021-06-06,0.0006501950585175553
,0,1074,0,2021-06-06,0.0
,1,909,0,2021-06-06,0.0
"[0,40)",0,44268,378,2021-06-07,0.008538899430740038
"[0,40)",1,41211,329,2021-06-07,0.007983305428162384
"[40,60)",0,15889,224,2021-06-07,0.014097803511863554
"[40,60)",1,14225,234,2021-06-07,0.016449912126537784
"[60,80)",0,5879,52,2021-06-07,0.00884504167375404
"[60,80)",1,6571,70,2021-06-07,0.01065286866534774
"[80,200)",0,625,3,2021-06-07,0.0048
"[80,200)",1,1536,3,2021-06-07,0.001953125
,0,1074,0,2021-06-07,0.0
,1,909,0,2021-06-07,0.0
"[0,40)",0,43889,403,2021-06-08,0.009182255234796873
"[0,40)",1,40882,324,2021-06-08,0.00792524827552468
"[40,60)",0,15665,246,2021-06-08,0.015703798276412384
"[40,60)",1,13991,192,2021-06-08,0.013723107712100635
"[60,80)",0,5827,77,2021-06-08,0.013214347005320062
"[60,80)",1,6500,69,2021-06-08,0.010615384615384615
"[80,200)",0,621,3,2021-06-08,0.004830917874396135
"[80,200)",1,1531,14,2021-06-08,0.009144350097975179
,0,1074,0,2021-06-08,0.0
,1,909,0,2021-06-08,0.0
"[0,40)",0,43485,364,2021-06-09,0.00837070254110613
"[0,40)",1,40558,325,2021-06-09,0.008013215641796932
"[40,60)",0,15418,199,2021-06-09,0.012906991827733817
"[40,60)",1,13799,177,2021-06-09,0.012827016450467426
"[60,80)",0,5746,62,2021-06-09,0.010790114862513052
"[60,80)",1,6431,56,2021-06-09,0.008707821489659462
"[80,200)",0,617,3,2021-06-09,0.004862236628849271
"[80,200)",1,1516,7,2021-06-09,0.004617414248021108
,0,1074,0,2021-06-09,0.0
,1,909,0,2021-06-09,0.0
"[0,40)",0,43121,340,2021-06-10,0.007884789313791425
"[0,40)",1,40233,280,2021-06-10,0.006959461138866105
"[40,60)",0,15219,154,2021-06-10,0.01011893028451278
"[40,60)",1,13622,154,2021-06-10,0.011305241521068859
"[60,80)",0,5684,60,2021-06-10,0.01055594651653765
"[60,80)",1,6375,66,2021-06-10,0.010352941176470589
"[80,200)",0,613,2,2021-06-10,0.0032626427406199023
"[80,200)",1,1509,5,2021-06-10,0.0033134526176275677
,0,1074,0,2021-06-10,0.0
,1,909,0,2021-06-10,0.0
"[0,40)",0,42781,323,2021-06-11,0.007550080643276221
"[0,40)",1,39953,313,2021-06-11,0.007834205191099543
"[40,60)",0,15065,174,2021-06-11,0.011549950215731828
"[40,60)",1,13468,141,2021-06-11,0.01046926046926047
"[60,80)",0,5624,35,2021-06-11,0.006223328591749644
"[60,80)",1,6307,42,2021-06-11,0.006659267480577136
"[80,200)",0,610,1,2021-06-11,0.001639344262295082
"[80,200)",1,1504,1,2021-06-11,0.0006648936170212766
,0,1074,0,2021-06-11,0.0
,1,909,0,2021-06-11,0.0
"[0,40)",0,42458,187,2021-06-12,0.004404352536624429
"[0,40)",1,39640,190,2021-06-12,0.00479313824419778
"[40,60)",0,14891,85,2021-06-12,0.005708145859915385
"[40,60)",1,13327,77,2021-06-12,0.005777744428603587
"[60,80)",0,5588,19,2021-06-12,0.0034001431639226914
"[60,80)",1,6265,27,2021-06-12,0.004309656823623304
"[80,200)",0,607,1,2021-06-12,0.0016474464579901153
"[80,200)",1,1500,3,2021-06-12,0.002
,0,1074,0,2021-06-12,0.0
,1,909,0,2021-06-12,0.0
"[0,40)",0,42271,204,2021-06-13,0.004826003643159613
"[0,40)",1,39450,183,2021-06-13,0.004638783269961977
"[40,60)",0,14804,62,2021-06-13,0.0041880572818157255
"[40,60)",1,13250,56,2021-06-13,0.004226415094339623
"[60,80)",0,5569,7,2021-06-13,0.0012569581612497755
"[60,80)",1,6236,13,2021-06-13,0.002084669660038486
"[80,200)",0,606,0,2021-06-13,0.0
"[80,200)",1,1497,0,2021-06-13,0.0
,0,1074,0,2021-06-13,0.0
,1,909,0,2021-06-13,0.0
"[0,40)",0,42067,298,2021-06-14,0.007083937528228778
"[0,40)",1,39267,244,2021-06-14,0.006213869152214327
"[40,60)",0,14741,104,2021-06-14,0.007055152296316396
"[40,60)",1,13194,97,2021-06-14,0.007351826587842959
"[60,80)",0,5560,34,2021-06-14,0.006115107913669065
"[60,80)",1,6223,44,2021-06-14,0.007070544753334405
"[80,200)",0,606,2,2021-06-14,0.0033003300330033004
"[80,200)",1,1497,3,2021-06-14,0.002004008016032064
,0,1074,0,2021-06-14,0.0
,1,909,0,2021-06-14,0.0
"[0,40)",0,41769,349,2021-06-15,0.008355478943714238
"[0,40)",1,39023,252,2021-06-15,0.006457730056633268
"[40,60)",0,14637,115,2021-06-15,0.007856801257088201
"[40,60)",1,13096,104,2021-06-15,0.00794135613927917
"[60,80)",0,5526,34,2021-06-15,0.006152732537097358
"[60,80)",1,6179,46,2021-06-15,0.0074445703188218155
"[80,200)",0,604,0,2021-06-15,0.0
"[80,200)",1,1494,6,2021-06-15,0.004016064257028112
,0,1074,0,2021-06-15,0.0
,1,909,0,2021-06-15,0.0
"[0,40)",0,41420,289,2021-06-16,0.006977305649444713
"[0,40)",1,38771,261,2021-06-16,0.006731835650357226
"[40,60)",0,14521,108,2021-06-16,0.0074375043041112875
"[40,60)",1,12992,80,2021-06-16,0.006157635467980296
"[60,80)",0,5492,42,2021-06-16,0.00764748725418791
"[60,80)",1,6132,39,2021-06-16,0.006360078277886497
"[80,200)",0,604,3,2021-06-16,0.004966887417218543
"[80,200)",1,1487,4,2021-06-16,0.0026899798251513113
,0,1074,0,2021-06-16,0.0
,1,909,0,2021-06-16,0.0
"[0,40)",0,41131,264,2021-06-17,0.006418516447448397
"[0,40)",1,38510,267,2021-06-17,0.0069332640872500646
"[40,60)",0,14413,80,2021-06-17,0.0055505446471935055
"[40,60)",1,12912,98,2021-06-17,0.007589838909541511
"[60,80)",0,5448,33,2021-06-17,0.006057268722466961
"[60,80)",1,6093,32,2021-06-17,0.005251928442474971
"[80,200)",0,601,4,2021-06-17,0.0066555740432612314
"[80,200)",1,1483,6,2021-06-17,0.004045853000674309
,0,1074,0,2021-06-17,0.0
,1,909,0,2021-06-17,0.0
"[0,40)",0,40867,311,2021-06-18,0.007610052120292657
"[0,40)",1,38243,310,2021-06-18,0.008106058625107862
"[40,60)",0,14333,114,2021-06-18,0.007953673341240494
"[40,60)",1,12814,88,2021-06-18,0.0068674886842515995
"[60,80)",0,5415,25,2021-06-18,0.0046168051708217915
"[60,80)",1,6061,33,2021-06-18,0.0054446460980036296
"[80,200)",0,596,3,2021-06-18,0.0050335570469798654
"[80,200)",1,1477,4,2021-06-18,0.002708192281651997
,0,1074,0,2021-06-18,0.0
,1,909,0,2021-06-18,0.0
"[0,40)",0,40556,168,2021-06-19,0.004142420357037183
"[0,40)",1,37933,162,2021-06-19,0.004270687791632616
"[40,60)",0,14219,46,2021-06-19,0.0032351079541458614
"[40,60)",1,12726,44,2021-06-19,0.0034574886060034574
"[60,80)",0,5389,12,2021-06-19,0.002226758211170904
"[60,80)",1,6027,12,2021-06-19,0.001991040318566451
"[80,200)",0,593,0,2021-06-19,0.0
"[80,200)",1,1473,1,2021-06-19,0.0006788866259334691
,0,1074,0,2021-06-19,0.0
,1,909,0,2021-06-19,0.0
"[0,40)",0,40388,131,2021-06-20,0.003243537684460731
"[0,40)",1,37771,123,2021-06-20,0.003256466601360832
"[40,60)",0,14173,28,2021-06-20,0.0019755873844634164
"[40,60)",1,12682,24,2021-06-20,0.0018924459864374705
"[60,80)",0,5377,7,2021-06-20,0.001301841175376604
"[60,80)",1,6015,4,2021-06-20,0.0006650041562759767
"[80,200)",0,592,0,2021-06-20,0.0
"[80,200)",1,1472,1,2021-06-20,0.0006793478260869565
,0,1074,0,2021-06-20,0.0
,1,909,0,2021-06-20,0.0
"[0,40)",0,40257,237,2021-06-21,0.0058871749012594085
"[0,40)",1,37648,214,2021-06-21,0.005684232894177646
"[40,60)",0,14145,66,2021-06-21,0.0046659597030752915
"[40,60)",1,12657,53,2021-06-21,0.004187406178399305
"[60,80)",0,5369,32,2021-06-21,0.005960141553361892
"[60,80)",1,6011,28,2021-06-21,0.004658126767592747
"[80,200)",0,591,1,2021-06-21,0.001692047377326565
"[80,200)",1,1471,4,2021-06-21,0.002719238613188307
,0,1074,0,2021-06-21,0.0
,1,909,0,2021-06-21,0.0
"[0,40)",0,40020,226,2021-06-22,0.005647176411794103
"[0,40)",1,37433,240,2021-06-22,0.006411455133171266
"[40,60)",0,14079,66,2021-06-22,0.004687832942680588
"[40,60)",1,12604,69,2021-06-22,0.005474452554744526
"[60,80)",0,5337,33,2021-06-22,0.006183249016301293
"[60,80)",1,5982,32,2021-06-22,0.005349381477766633
"[80,200)",0,589,3,2021-06-22,0.0050933786078098476
"[80,200)",1,1466,1,2021-06-22,0.0006821282401091405
,0,1074,0,2021-06-22,0.0
,1,909,0,2021-06-22,0.0
"[0,40)",0,39794,222,2021-06-23,0.0055787304618786756
"[0,40)",1,37193,178,2021-06-23,0.004785846799128868
"[40,60)",0,14012,82,2021-06-23,0.005852126748501284
"[40,60)",1,12535,59,2021-06-23,0.0047068209014758675
"[60,80)",0,5304,28,2021-06-23,0.005279034690799397
"[60,80)",1,5950,42,2021-06-23,0.007058823529411765
"[80,200)",0,586,2,2021-06-23,0.0034129692832764505
"[80,200)",1,1464,5,2021-06-23,0.0034153005464480873
,0,1074,0,2021-06-23,0.0
,1,909,0,2021-06-23,0.0
"[0,40)",0,39572,218,2021-06-24,0.005508945719195391
"[0,40)",1,37015,201,2021-06-24,0.005430230987437525
"[40,60)",0,13929,75,2021-06-24,0.005384449709239716
"[40,60)",1,12476,66,2021-06-24,0.00529015710163514
"[60,80)",0,5275,31,2021-06-24,0.005876777251184834
"[60,80)",1,5907,25,2021-06-24,0.004232266802099204
"[80,200)",0,584,0,2021-06-24,0.0
"[80,200)",1,1455,3,2021-06-24,0.002061855670103093
,0,1074,0,2021-06-24,0.0
,1,909,0,2021-06-24,0.0
"[0,40)",0,39354,223,2021-06-25,0.005666514204401078
"[0,40)",1,36814,216,2021-06-25,0.005867333079806595
"[40,60)",0,13854,70,2021-06-25,0.0050526923632164
"[40,60)",1,12410,72,2021-06-25,0.0058017727639000805
"[60,80)",0,5242,26,2021-06-25,0.0049599389545974815
"[60,80)",1,5881,23,2021-06-25,0.003910899506886584
"[80,200)",0,584,0,2021-06-25,0.0
"[80,200)",1,1452,2,2021-06-25,0.0013774104683195593
,0,1074,0,2021-06-25,0.0
,1,909,0,2021-06-25,0.0
"[0,40)",0,39131,112,2021-06-26,0.002862180879609517
"[0,40)",1,36598,113,2021-06-26,0.0030876004153232418
"[40,60)",0,13784,24,2021-06-26,0.0017411491584445734
"[40,60)",1,12338,33,2021-06-26,0.002674663640784568
"[60,80)",0,5215,11,2021-06-26,0.002109300095877277
"[60,80)",1,5856,10,2021-06-26,0.0017076502732240437
"[80,200)",0,584,0,2021-06-26,0.0
"[80,200)",1,1449,2,2021-06-26,0.0013802622498274672
,0,1074,0,2021-06-26,0.0
,1,909,0,2021-06-26,0.0
"[0,40)",0,39019,114,2021-06-27,0.002921653553397063
"[0,40)",1,36485,140,2021-06-27,0.0038371933671371796
"[40,60)",0,13760,25,2021-06-27,0.001816860465116279
"[40,60)",1,12305,23,2021-06-27,0.001869158878504673
"[60,80)",0,5204,2,2021-06-27,0.0003843197540353574
"[60,80)",1,5846,9,2021-06-27,0.001539514197742046
"[80,200)",0,584,0,2021-06-27,0.0
"[80,200)",1,1447,1,2021-06-27,0.000691085003455425
,0,1074,0,2021-06-27,0.0
,1,909,0,2021-06-27,0.0
"[0,40)",0,38905,201,2021-06-28,0.005166431049993574
"[0,40)",1,36345,170,2021-06-28,0.004677397166047599
"[40,60)",0,13735,55,2021-06-28,0.004004368401892974
"[40,60)",1,12282,54,2021-06-28,0.004396678065461651
"[60,80)",0,5202,20,2021-06-28,0.0038446751249519417
"[60,80)",1,5837,23,2021-06-28,0.003940380332362515
"[80,200)",0,584,2,2021-06-28,0.003424657534246575
"[80,200)",1,1446,2,2021-06-28,0.0013831258644536654
,0,1074,0,2021-06-28,0.0
,1,909,0,2021-06-28,0.0
"[0,40)",0,38704,232,2021-06-29,0.005994212484497726
"[0,40)",1,36175,181,2021-06-29,0.005003455425017277
"[40,60)",0,13679,55,2021-06-29,0.004020761751590028
"[40,60)",1,12228,54,2021-06-29,0.004416094210009814
"[60,80)",0,5181,23,2021-06-29,0.004439297432928006
"[60,80)",1,5813,25,2021-06-29,0.00430070531567177
"[80,200)",0,582,1,2021-06-29,0.001718213058419244
"[80,200)",1,1444,2,2021-06-29,0.0013850415512465374
,0,1074,0,2021-06-29,0.0
,1,909,0,2021-06-29,0.0
"[0,40)",0,38472,176,2021-06-30,0.004574755666458723
"[0,40)",1,35994,181,2021-06-30,0.005028615880424516
"[40,60)",0,13624,60,2021-06-30,0.004403992953611274
"[40,60)",1,12174,57,2021-06-30,0.0046821094135041895
"[60,80)",0,5157,31,2021-06-30,0.0060112468489431845
"[60,80)",1,5788,32,2021-06-30,0.0055286800276434
"[80,200)",0,581,3,2021-06-30,0.0051635111876075735
"[80,200)",1,1442,4,2021-06-30,0.0027739251040221915
,0,1074,0,2021-06-30,0.0
,1,909,0,2021-06-30,0.0
"[0,40)",0,38296,167,2021-07-01,0.004360768748694381
"[0,40)",1,35813,165,2021-07-01,0.00460726551810795
"[40,60)",0,13564,65,2021-07-01,0.004792096726629313
"[40,60)",1,12117,56,2021-07-01,0.00462160600808781
"[60,80)",0,5126,22,2021-07-01,0.004291845493562232
"[60,80)",1,5756,30,2021-07-01,0.005211952744961779
"[80,200)",0,578,2,2021-07-01,0.0034602076124567475
"[80,200)",1,1438,1,2021-07-01,0.0006954102920723226
,0,1074,0,2021-07-01,0.0
,1,909,0,2021-07-01,0.0
"[0,40)",0,38129,184,2021-07-02,0.0048257232028115086
"[0,40)",1,35648,169,2021-07-02,0.004740798922800718
"[40,60)",0,13499,55,2021-07-02,0.004074375879694793
"[40,60)",1,12061,58,2021-07-02,0.004808888151894536
"[60,80)",0,5104,27,2021-07-02,0.005289968652037617
"[60,80)",1,5726,34,2021-07-02,0.005937827453719874
"[80,200)",0,576,1,2021-07-02,0.001736111111111111
"[80,200)",1,1435,4,2021-07-02,0.0027874564459930314
,0,1074,0,2021-07-02,0.0
,1,909,0,2021-07-02,0.0
"[0,40)",0,37945,49,2021-07-03,0.0012913427329028857
"[0,40)",1,35478,44,2021-07-03,0.0012402051975872372
"[40,60)",0,13444,16,2021-07-03,0.0011901219875037191
"[40,60)",1,12003,19,2021-07-03,0.0015829375989336
"[60,80)",0,5077,5,2021-07-03,0.0009848335631278313
"[60,80)",1,5692,4,2021-07-03,0.0007027406886858749
"[80,200)",0,574,0,2021-07-03,0.0
"[80,200)",1,1430,1,2021-07-03,0.0006993006993006993
,0,1074,0,2021-07-03,0.0
,1,909,0,2021-07-03,0.0
"[0,40)",0,37896,68,2021-07-04,0.0017943846316233903
"[0,40)",1,35434,57,2021-07-04,0.00160862448495795
"[40,60)",0,13428,13,2021-07-04,0.0009681263032469467
"[40,60)",1,11984,14,2021-07-04,0.0011682242990654205
"[60,80)",0,5072,5,2021-07-04,0.0009858044164037854
"[60,80)",1,5688,9,2021-07-04,0.0015822784810126582
"[80,200)",0,574,0,2021-07-04,0.0
"[80,200)",1,1428,0,2021-07-04,0.0
,0,1074,0,2021-07-04,0.0
,1,909,0,2021-07-04,0.0
"[0,40)",0,37828,54,2021-07-05,0.0014275140107856614
"[0,40)",1,35376,55,2021-07-05,0.001554726368159204
"[40,60)",0,13415,11,2021-07-05,0.0008199776369735371
"[40,60)",1,11970,15,2021-07-05,0.0012531328320802004
"[60,80)",0,5067,5,2021-07-05,0.0009867771857114663
"[60,80)",1,5679,4,2021-07-05,0.0007043493572812115
"[80,200)",0,574,0,2021-07-05,0.0
"[80,200)",1,1427,1,2021-07-05,0.000700770847932726
,0,1074,0,2021-07-05,0.0
,1,909,0,2021-07-05,0.0
"[0,40)",0,37774,41,2021-07-06,0.0010854026579128501
"[0,40)",1,35321,44,2021-07-06,0.0012457178449081284
"[40,60)",0,13404,17,2021-07-06,0.0012682781259325574
"[40,60)",1,11955,11,2021-07-06,0.0009201171058134672
"[60,80)",0,5062,3,2021-07-06,0.0005926511260371395
"[60,80)",1,5675,2,2021-07-06,0.0003524229074889868
"[80,200)",0,574,2,2021-07-06,0.003484320557491289
"[80,200)",1,1426,0,2021-07-06,0.0
,0,1074,0,2021-07-06,0.0
,1,909,0,2021-07-06,0.0
"[0,40)",0,37733,170,2021-07-07,0.0045053401531815656
"[0,40)",1,35277,154,2021-07-07,0.004365450576863112
"[40,60)",0,13387,78,2021-07-07,0.005826548143721521
"[40,60)",1,11944,53,2021-07-07,0.0044373744139316815
"[60,80)",0,5058,26,2021-07-07,0.005140371688414393
"[60,80)",1,5673,29,2021-07-07,0.005111933721135202
"[80,200)",0,571,0,2021-07-07,0.0
"[80,200)",1,1426,4,2021-07-07,0.002805049088359046
,0,1074,0,2021-07-07,0.0
,1,909,0,2021-07-07,0.0
"[0,40)",0,37563,171,2021-07-08,0.004552352048558422
"[0,40)",1,35123,155,2021-07-08,0.00441306266548985
"[40,60)",0,13309,64,2021-07-08,0.004808776016229619
"[40,60)",1,11891,65,2021-07-08,0.0054663190648389535
"[60,80)",0,5032,19,2021-07-08,0.0037758346581875995
"[60,80)",1,5644,32,2021-07-08,0.005669737774627924
"[80,200)",0,571,5,2021-07-08,0.008756567425569177
"[80,200)",1,1421,1,2021-07-08,0.0007037297677691766
,0,1074,0,2021-07-08,0.0
,1,909,0,2021-07-08,0.0
"[0,40)",0,37392,212,2021-07-09,0.005669661959777492
"[0,40)",1,34968,187,2021-07-09,0.005347746511095859
"[40,60)",0,13245,48,2021-07-09,0.00362400906002265
"[40,60)",1,11826,68,2021-07-09,0.005750042279722645
"[60,80)",0,5013,28,2021-07-09,0.005585477757829643
"[60,80)",1,5611,32,2021-07-09,0.0057030832293708785
"[80,200)",0,566,2,2021-07-09,0.0035335689045936395
"[80,200)",1,1420,2,2021-07-09,0.0014084507042253522
,0,1074,0,2021-07-09,0.0
,1,909,0,2021-07-09,0.0
"[0,40)",0,37180,69,2021-07-10,0.0018558364712210867
"[0,40)",1,34781,54,2021-07-10,0.0015525718064460482
"[40,60)",0,13197,22,2021-07-10,0.0016670455406531787
"[40,60)",1,11758,34,2021-07-10,0.002891648239496513
"[60,80)",0,4985,2,2021-07-10,0.00040120361083249747
"[60,80)",1,5579,6,2021-07-10,0.0010754615522495072
"[80,200)",0,562,0,2021-07-10,0.0
"[80,200)",1,1416,1,2021-07-10,0.0007062146892655367
,0,1074,0,2021-07-10,0.0
,1,909,0,2021-07-10,0.0
"[0,40)",0,37111,59,2021-07-11,0.001589825119236884
"[0,40)",1,34727,56,2021-07-11,0.001612578109252167
"[40,60)",0,13175,12,2021-07-11,0.0009108159392789373
"[40,60)",1,11724,15,2021-07-11,0.00127942681678608
"[60,80)",0,4983,5,2021-07-11,0.0010034115994380895
"[60,80)",1,5573,8,2021-07-11,0.0014354925533823794
"[80,200)",0,562,1,2021-07-11,0.0017793594306049821
"[80,200)",1,1415,1,2021-07-11,0.0007067137809187279
,0,1074,0,2021-07-11,0.0
,1,909,0,2021-07-11,0.0
"[0,40)",0,37052,201,2021-07-12,0.005424808377415524
"[0,40)",1,34671,171,2021-07-12,0.0049320757982175304
"[40,60)",0,13162,65,2021-07-12,0.0049384592007293724
"[40,60)",1,11709,47,2021-07-12,0.004014006319924844
"[60,80)",0,4978,34,2021-07-12,0.006830052229811169
"[60,80)",1,5565,23,2021-07-12,0.004132973944294699
"[80,200)",0,561,1,2021-07-12,0.0017825311942959
"[80,200)",1,1414,3,2021-07-12,0.0021216407355021216
,0,1074,0,2021-07-12,0.0
,1,909,0,2021-07-12,0.0
"[0,40)",0,36851,179,2021-07-13,0.004857398713739112
"[0,40)",1,34500,156,2021-07-13,0.004521739130434782
"[40,60)",0,13096,56,2021-07-13,0.004276114844227245
"[40,60)",1,11661,50,2021-07-13,0.004287796929937398
"[60,80)",0,4943,23,2021-07-13,0.004653044709690472
"[60,80)",1,5542,36,2021-07-13,0.006495849873691808
"[80,200)",0,559,1,2021-07-13,0.0017889087656529517
"[80,200)",1,1410,3,2021-07-13,0.002127659574468085
,0,1074,0,2021-07-13,0.0
,1,909,0,2021-07-13,0.0
"[0,40)",0,36672,157,2021-07-14,0.004281195462478185
"[0,40)",1,34344,162,2021-07-14,0.0047169811320754715
"[40,60)",0,13040,69,2021-07-14,0.005291411042944785
"[40,60)",1,11611,56,2021-07-14,0.004823012660408234
"[60,80)",0,4920,33,2021-07-14,0.006707317073170732
"[60,80)",1,5506,34,2021-07-14,0.006175081729022884
"[80,200)",0,558,0,2021-07-14,0.0
"[80,200)",1,1407,5,2021-07-14,0.0035536602700781805
,0,1074,0,2021-07-14,0.0
,1,909,0,2021-07-14,0.0
"[0,40)",0,36515,189,2021-07-15,0.005175955086950569
"[0,40)",1,34182,165,2021-07-15,0.004827101983500088
"[40,60)",0,12971,80,2021-07-15,0.006167604656541516
"[40,60)",1,11555,79,2021-07-15,0.006836867157074859
"[60,80)",0,4886,41,2021-07-15,0.008391322144903807
"[60,80)",1,5472,30,2021-07-15,0.005482456140350877
"[80,200)",0,558,0,2021-07-15,0.0
"[80,200)",1,1402,3,2021-07-15,0.0021398002853067048
,0,1074,0,2021-07-15,0.0
,1,909,0,2021-07-15,0.0
"[0,40)",0,36326,171,2021-07-16,0.00470737213015471
"[0,40)",1,34017,188,2021-07-16,0.00552664844048564
"[40,60)",0,12891,73,2021-07-16,0.005662865565122954
"[40,60)",1,11476,76,2021-07-16,0.006622516556291391
"[60,80)",0,4843,33,2021-07-16,0.00681395829031592
"[60,80)",1,5441,29,2021-07-16,0.005329902591435398
"[80,200)",0,558,2,2021-07-16,0.0035842293906810036
"[80,200)",1,1398,4,2021-07-16,0.002861230329041488
,0,1074,0,2021-07-16,0.0
,1,909,0,2021-07-16,0.0
"[0,40)",0,36155,54,2021-07-17,0.0014935693541695478
"[0,40)",1,33829,59,2021-07-17,0.001744065742410358
"[40,60)",0,12818,17,2021-07-17,0.001326259946949602
"[40,60)",1,11400,23,2021-07-17,0.002017543859649123
"[60,80)",0,4810,9,2021-07-17,0.0018711018711018712
"[60,80)",1,5412,8,2021-07-17,0.0014781966001478197
"[80,200)",0,555,0,2021-07-17,0.0
"[80,200)",1,1394,0,2021-07-17,0.0
,0,1074,0,2021-07-17,0.0
,1,909,0,2021-07-17,0.0
"[0,40)",0,36100,60,2021-07-18,0.0016620498614958448
"[0,40)",1,33770,63,2021-07-18,0.001865561148948771
"[40,60)",0,12801,27,2021-07-18,0.0021092102179517225
"[40,60)",1,11377,15,2021-07-18,0.0013184495033840204
"[60,80)",0,4800,7,2021-07-18,0.0014583333333333334
"[60,80)",1,5404,9,2021-07-18,0.0016654330125832717
"[80,200)",0,554,0,2021-07-18,0.0
"[80,200)",1,1394,1,2021-07-18,0.0007173601147776184
,0,1074,0,2021-07-18,0.0
,1,909,0,2021-07-18,0.0
"[0,40)",0,36040,151,2021-07-19,0.004189789123196448
"[0,40)",1,33707,174,2021-07-19,0.005162132494734031
"[40,60)",0,12774,66,2021-07-19,0.005166744950681071
"[40,60)",1,11361,52,2021-07-19,0.004577061878355778
"[60,80)",0,4793,15,2021-07-19,0.0031295639474233257
"[60,80)",1,5394,24,2021-07-19,0.004449388209121246
"[80,200)",0,554,2,2021-07-19,0.0036101083032490976
"[80,200)",1,1392,2,2021-07-19,0.0014367816091954023
,0,1074,0,2021-07-19,0.0
,1,909,0,2021-07-19,0.0
"[0,40)",0,35889,145,2021-07-20,0.004040235169550559
"[0,40)",1,33533,126,2021-07-20,0.0037574926192109268
"[40,60)",0,12708,66,2021-07-20,0.005193578847969783
"[40,60)",1,11309,46,2021-07-20,0.004067556813157662
"[60,80)",0,4776,28,2021-07-20,0.005862646566164154
"[60,80)",1,5370,23,2021-07-20,0.004283054003724395
"[80,200)",0,552,2,2021-07-20,0.0036231884057971015
"[80,200)",1,1390,4,2021-07-20,0.0028776978417266188
,0,1074,0,2021-07-20,0.0
,1,909,0,2021-07-20,0.0
"[0,40)",0,35744,136,2021-07-21,0.0038048343777976725
"[0,40)",1,33407,136,2021-07-21,0.004071003083186159
"[40,60)",0,12642,55,2021-07-21,0.0043505774402784365
"[40,60)",1,11262,57,2021-07-21,0.005061267980820458
"[60,80)",0,4748,30,2021-07-21,0.006318449873631003
"[60,80)",1,5345,25,2021-07-21,0.004677268475210477
"[80,200)",0,550,2,2021-07-21,0.0036363636363636364
"[80,200)",1,1386,3,2021-07-21,0.0021645021645021645
,0,1074,0,2021-07-21,0.0
,1,909,0,2021-07-21,0.0
"[0,40)",0,35608,151,2021-07-22,0.004240620085374073
"[0,40)",1,33271,140,2021-07-22,0.004207868714496108
"[40,60)",0,12587,44,2021-07-22,0.003495670135854453
"[40,60)",1,11205,52,2021-07-22,0.00464078536367693
"[60,80)",0,4716,19,2021-07-22,0.004028837998303647
"[60,80)",1,5320,22,2021-07-22,0.004135338345864661
"[80,200)",0,547,1,2021-07-22,0.0018281535648994515
"[80,200)",1,1382,4,2021-07-22,0.002894356005788712
,0,1074,0,2021-07-22,0.0
,1,909,0,2021-07-22,0.0
"[0,40)",0,35457,138,2021-07-23,0.0038920382435062187
"[0,40)",1,33131,126,2021-07-23,0.0038030847242763576
"[40,60)",0,12543,72,2021-07-23,0.005740253527864147
"[40,60)",1,11153,67,2021-07-23,0.006007352281897247
"[60,80)",0,4697,29,2021-07-23,0.006174153715137322
"[60,80)",1,5298,23,2021-07-23,0.004341260853152133
"[80,200)",0,546,4,2021-07-23,0.007326007326007326
"[80,200)",1,1377,3,2021-07-23,0.002178649237472767
,0,1074,0,2021-07-23,0.0
,1,909,0,2021-07-23,0.0
"[0,40)",0,35319,53,2021-07-24,0.0015006087375067244
"[0,40)",1,33005,40,2021-07-24,0.0012119375852143615
"[40,60)",0,12471,27,2021-07-24,0.002165022853019004
"[40,60)",1,11086,14,2021-07-24,0.0012628540501533466
"[60,80)",0,4667,6,2021-07-24,0.0012856224555388902
"[60,80)",1,5272,8,2021-07-24,0.0015174506828528073
"[80,200)",0,541,0,2021-07-24,0.0
"[80,200)",1,1374,2,2021-07-24,0.001455604075691412
,0,1074,0,2021-07-24,0.0
,1,909,0,2021-07-24,0.0
"[0,40)",0,35266,37,2021-07-25,0.0010491691714399139
"[0,40)",1,32965,43,2021-07-25,0.001304413772182618
"[40,60)",0,12444,25,2021-07-25,0.0020090003214400516
"[40,60)",1,11072,13,2021-07-25,0.0011741329479768787
"[60,80)",0,4661,5,2021-07-25,0.001072731173567904
"[60,80)",1,5263,6,2021-07-25,0.0011400342010260307
"[80,200)",0,541,0,2021-07-25,0.0
"[80,200)",1,1372,0,2021-07-25,0.0
,0,1074,0,2021-07-25,0.0
,1,909,0,2021-07-25,0.0
"[0,40)",0,35229,158,2021-07-26,0.00448494138351926
"[0,40)",1,32922,156,2021-07-26,0.004738472753781666
"[40,60)",0,12419,61,2021-07-26,0.00491182864964973
"[40,60)",1,11059,41,2021-07-26,0.0037073876480694457
"[60,80)",0,4655,22,2021-07-26,0.00472610096670247
"[60,80)",1,5257,24,2021-07-26,0.00456534144949591
"[80,200)",0,541,1,2021-07-26,0.0018484288354898336
"[80,200)",1,1372,2,2021-07-26,0.0014577259475218659
,0,1074,0,2021-07-26,0.0
,1,909,0,2021-07-26,0.0
"[0,40)",0,35071,151,2021-07-27,0.004305551595335177
"[0,40)",1,32766,154,2021-07-27,0.004699993896111823
"[40,60)",0,12357,60,2021-07-27,0.004855547462976451
"[40,60)",1,11018,61,2021-07-27,0.005536394990016337
"[60,80)",0,4632,22,2021-07-27,0.004749568221070812
"[60,80)",1,5232,23,2021-07-27,0.004396024464831804
"[80,200)",0,540,3,2021-07-27,0.005555555555555556
"[80,200)",1,1370,2,2021-07-27,0.00145985401459854
,0,1074,0,2021-07-27,0.0
,1,909,0,2021-07-27,0.0
"[0,40)",0,34920,143,2021-07-28,0.004095074455899198
"[0,40)",1,32612,134,2021-07-28,0.004108916963081075
"[40,60)",0,12297,45,2021-07-28,0.003659429129055867
"[40,60)",1,10956,45,2021-07-28,0.004107338444687842
"[60,80)",0,4610,12,2021-07-28,0.0026030368763557484
"[60,80)",1,5209,18,2021-07-28,0.003455557688615857
"[80,200)",0,537,2,2021-07-28,0.0037243947858473
"[80,200)",1,1368,2,2021-07-28,0.0014619883040935672
,0,1074,0,2021-07-28,0.0
,1,909,0,2021-07-28,0.0
"[0,40)",0,34777,143,2021-07-29,0.0041119130459786645
"[0,40)",1,32478,127,2021-07-29,0.00391033930660755
"[40,60)",0,12252,41,2021-07-29,0.003346392425726412
"[40,60)",1,10911,59,2021-07-29,0.005407387040601228
"[60,80)",0,4598,22,2021-07-29,0.004784688995215311
"[60,80)",1,5191,24,2021-07-29,0.004623386630706993
"[80,200)",0,534,1,2021-07-29,0.0018726591760299626
"[80,200)",1,1366,4,2021-07-29,0.0029282576866764276
,0,1074,0,2021-07-29,0.0
,1,909,0,2021-07-29,0.0
"[0,40)",0,34634,153,2021-07-30,0.004417624299820985
"[0,40)",1,32351,140,2021-07-30,0.0043275323792154805
"[40,60)",0,12211,61,2021-07-30,0.004995495864384572
"[40,60)",1,10852,52,2021-07-30,0.004791743457427202
"[60,80)",0,4574,18,2021-07-30,0.003935286401399213
"[60,80)",1,5166,22,2021-07-30,0.004258614014711576
"[80,200)",0,533,2,2021-07-30,0.00375234521575985
"[80,200)",1,1362,2,2021-07-30,0.0014684287812041115
,0,1074,0,2021-07-30,0.0
,1,909,0,2021-07-30,0.0
"[0,40)",0,34481,70,2021-07-31,0.0020301035352802994
"[0,40)",1,32211,51,2021-07-31,0.0015833100493620191
"[40,60)",0,12150,20,2021-07-31,0.0016460905349794238
"[40,60)",1,10800,19,2021-07-31,0.0017592592592592592
"[60,80)",0,4556,4,2021-07-31,0.000877963125548727
"[60,80)",1,5144,3,2021-07-31,0.0005832037325038881
"[80,200)",0,531,1,2021-07-31,0.0018832391713747645
"[80,200)",1,1360,0,2021-07-31,0.0
,0,1074,0,2021-07-31,0.0
,1,909,0,2021-07-31,0.0
"[0,40)",0,34411,47,2021-08-01,0.001365842317863474
"[0,40)",1,32160,50,2021-08-01,0.001554726368159204
"[40,60)",0,12130,11,2021-08-01,0.0009068425391591097
"[40,60)",1,10781,16,2021-08-01,0.0014840923847509507
"[60,80)",0,4552,5,2021-08-01,0.0010984182776801407
"[60,80)",1,5141,5,2021-08-01,0.0009725734292939117
"[80,200)",0,529,0,2021-08-01,0.0
"[80,200)",1,1360,0,2021-08-01,0.0
,0,1074,0,2021-08-01,0.0
,1,909,0,2021-08-01,0.0
"[0,40)",0,34364,138,2021-08-02,0.004015830520311955
"[0,40)",1,32110,104,2021-08-02,0.0032388663967611335
"[40,60)",0,12119,47,2021-08-02,0.0038782077729185576
"[40,60)",1,10765,41,2021-08-02,0.003808639108221087
"[60,80)",0,4547,22,2021-08-02,0.004838354959313834
"[60,80)",1,5135,16,2021-08-02,0.00311587147030185
"[80,200)",0,528,0,2021-08-02,0.0
"[80,200)",1,1360,2,2021-08-02,0.0014705882352941176
,0,1074,0,2021-08-02,0.0
,1,909,0,2021-08-02,0.0
"[0,40)",0,34226,118,2021-08-03,0.003447671360953661
"[0,40)",1,32006,110,2021-08-03,0.0034368555895769545
"[40,60)",0,12072,51,2021-08-03,0.004224652087475149
"[40,60)",1,10724,33,2021-08-03,0.0030772099962700487
"[60,80)",0,4525,20,2021-08-03,0.004419889502762431
"[60,80)",1,5119,21,2021-08-03,0.004102363742918539
"[80,200)",0,528,1,2021-08-03,0.001893939393939394
"[80,200)",1,1358,3,2021-08-03,0.0022091310751104565
,0,1074,0,2021-08-03,0.0
,1,909,0,2021-08-03,0.0
"[0,40)",0,34108,95,2021-08-04,0.0027852703178140024
"[0,40)",1,31896,88,2021-08-04,0.0027589666415851516
"[40,60)",0,12021,40,2021-08-04,0.0033275101904999584
"[40,60)",1,10691,43,2021-08-04,0.00402207464222243
"[60,80)",0,4504,21,2021-08-04,0.004662522202486678
"[60,80)",1,5097,23,2021-08-04,0.004512458308809104
"[80,200)",0,527,1,2021-08-04,0.0018975332068311196
"[80,200)",1,1355,3,2021-08-04,0.002214022140221402
,0,1074,0,2021-08-04,0.0
,1,909,0,2021-08-04,0.0
"[0,40)",0,34013,108,2021-08-05,0.003175256519566048
"[0,40)",1,31808,110,2021-08-05,0.0034582494969818914
"[40,60)",0,11980,36,2021-08-05,0.003005008347245409
"[40,60)",1,10648,32,2021-08-05,0.003005259203606311
"[60,80)",0,4483,15,2021-08-05,0.0033459736783403972
"[60,80)",1,5074,17,2021-08-05,0.0033504138746551044
"[80,200)",0,525,1,2021-08-05,0.0019047619047619048
"[80,200)",1,1351,3,2021-08-05,0.0022205773501110288
,0,1074,0,2021-08-05,0.0
,1,909,0,2021-08-05,0.0
"[0,40)",0,33905,96,2021-08-06,0.002831440790443887
"[0,40)",1,31698,99,2021-08-06,0.0031232254400908573
"[40,60)",0,11944,33,2021-08-06,0.0027628935030140655
"[40,60)",1,10616,40,2021-08-06,0.0037678975131876413
"[60,80)",0,4468,24,2021-08-06,0.005371530886302597
"[60,80)",1,5057,16,2021-08-06,0.0031639311844967374
"[80,200)",0,524,0,2021-08-06,0.0
"[80,200)",1,1348,0,2021-08-06,0.0
,0,1074,0,2021-08-06,0.0
,1,909,0,2021-08-06,0.0
"[0,40)",0,33808,34,2021-08-07,0.0010056791292001894
"[0,40)",1,31599,25,2021-08-07,0.0007911642773505491
"[40,60)",0,11911,14,2021-08-07,0.0011753840987322644
"[40,60)",1,10576,17,2021-08-07,0.0016074130105900152
"[60,80)",0,4444,4,2021-08-07,0.0009000900090009
"[60,80)",1,5041,4,2021-08-07,0.0007934933544931561
"[80,200)",0,524,0,2021-08-07,0.0
"[80,200)",1,1348,1,2021-08-07,0.000741839762611276
,0,1074,0,2021-08-07,0.0
,1,909,0,2021-08-07,0.0
"[0,40)",0,33774,36,2021-08-08,0.0010659086871558003
"[0,40)",1,31574,28,2021-08-08,0.0008868055995439286
"[40,60)",0,11897,7,2021-08-08,0.000588383626124233
"[40,60)",1,10558,7,2021-08-08,0.0006630043568857738
"[60,80)",0,4439,3,2021-08-08,0.0006758278891642261
"[60,80)",1,5037,3,2021-08-08,0.0005955926146515784
"[80,200)",0,523,0,2021-08-08,0.0
"[80,200)",1,1346,0,2021-08-08,0.0
,0,1074,0,2021-08-08,0.0
,1,909,0,2021-08-08,0.0
"[0,40)",0,33738,72,2021-08-09,0.002134092121643251
"[0,40)",1,31546,89,2021-08-09,0.0028212768655297028
"[40,60)",0,11890,19,2021-08-09,0.00159798149705635
"[40,60)",1,10551,32,2021-08-09,0.003032887877926263
"[60,80)",0,4436,8,2021-08-09,0.0018034265103697023
"[60,80)",1,5033,15,2021-08-09,0.0029803298231670973
"[80,200)",0,523,0,2021-08-09,0.0
"[80,200)",1,1346,1,2021-08-09,0.0007429420505200594
,0,1074,0,2021-08-09,0.0
,1,909,0,2021-08-09,0.0
"[0,40)",0,33666,88,2021-08-10,0.002613913146794986
"[0,40)",1,31457,79,2021-08-10,0.0025113647200940966
"[40,60)",0,11871,32,2021-08-10,0.002695644848791172
"[40,60)",1,10519,31,2021-08-10,0.002947048198497956
"[60,80)",0,4427,12,2021-08-10,0.0027106392590919358
"[60,80)",1,5017,14,2021-08-10,0.0027905122583217062
"[80,200)",0,523,0,2021-08-10,0.0
"[80,200)",1,1345,2,2021-08-10,0.001486988847583643
,0,1074,0,2021-08-10,0.0
,1,909,0,2021-08-10,0.0
"[0,40)",0,33578,86,2021-08-11,0.0025612007862290784
"[0,40)",1,31378,73,2021-08-11,0.002326470775702722
"[40,60)",0,11839,25,2021-08-11,0.0021116648365571418
"[40,60)",1,10488,26,2021-08-11,0.002479023646071701
"[60,80)",0,4415,14,2021-08-11,0.0031710079275198188
"[60,80)",1,5002,19,2021-08-11,0.0037984806077568972
"[80,200)",0,523,1,2021-08-11,0.0019120458891013384
"[80,200)",1,1343,1,2021-08-11,0.0007446016381236039
,0,1074,0,2021-08-11,0.0
,1,909,0,2021-08-11,0.0
"[0,40)",0,33492,74,2021-08-12,0.0022094828615788847
"[0,40)",1,31305,69,2021-08-12,0.0022041207474844276
"[40,60)",0,11814,36,2021-08-12,0.0030472320975114273
"[40,60)",1,10462,30,2021-08-12,0.0028675205505639457
"[60,80)",0,4401,10,2021-08-12,0.0022722108611679163
"[60,80)",1,4982,14,2021-08-12,0.0028101164191087916
"[80,200)",0,522,0,2021-08-12,0.0
"[80,200)",1,1340,1,2021-08-12,0.0007462686567164179
,0,1074,0,2021-08-12,0.0
,1,909,0,2021-08-12,0.0
"[0,40)",0,33418,63,2021-08-13,0.0018852115626309175
"[0,40)",1,31236,61,2021-08-13,0.0019528748879498014
"[40,60)",0,11778,29,2021-08-13,0.0024622176940057735
"[40,60)",1,10432,26,2021-08-13,0.002492331288343558
"[60,80)",0,4388,7,2021-08-13,0.0015952597994530538
"[60,80)",1,4968,4,2021-08-13,0.0008051529790660225
"[80,200)",0,521,0,2021-08-13,0.0
"[80,200)",1,1339,1,2021-08-13,0.0007468259895444362
,0,1074,0,2021-08-13,0.0
,1,909,0,2021-08-13,0.0
"[0,40)",0,33355,25,2021-08-14,0.000749512816669165
"[0,40)",1,31175,17,2021-08-14,0.000545308740978348
"[40,60)",0,11749,12,2021-08-14,0.0010213635202996
"[40,60)",1,10406,9,2021-08-14,0.0008648856428983279
"[60,80)",0,4381,1,2021-08-14,0.00022825838849577722
"[60,80)",1,4964,7,2021-08-14,0.0014101531023368251
"[80,200)",0,520,0,2021-08-14,0.0
"[80,200)",1,1335,1,2021-08-14,0.000749063670411985
,0,1074,0,2021-08-14,0.0
,1,909,0,2021-08-14,0.0
"[0,40)",0,33330,19,2021-08-15,0.00057005700570057
"[0,40)",1,31158,23,2021-08-15,0.0007381731818473586
"[40,60)",0,11737,10,2021-08-15,0.0008520064752492119
"[40,60)",1,10397,5,2021-08-15,0.00048090795421756275
"[60,80)",0,4380,1,2021-08-15,0.00022831050228310502
"[60,80)",1,4957,0,2021-08-15,0.0
"[80,200)",0,520,0,2021-08-15,0.0
"[80,200)",1,1334,0,2021-08-15,0.0
,0,1074,0,2021-08-15,0.0
,1,909,0,2021-08-15,0.0
"[0,40)",0,33311,65,2021-08-16,0.0019513073759418811
"[0,40)",1,31135,50,2021-08-16,0.0016059097478721696
"[40,60)",0,11727,21,2021-08-16,0.0017907393195190585
"[40,60)",1,10392,25,2021-08-16,0.002405696689761355
"[60,80)",0,4379,12,2021-08-16,0.002740351678465403
"[60,80)",1,4957,11,2021-08-16,0.0022190841234617713
"[80,200)",0,520,0,2021-08-16,0.0
"[80,200)",1,1333,0,2021-08-16,0.0
,0,1074,0,2021-08-16,0.0
,1,909,0,2021-08-16,0.0
"[0,40)",0,33246,58,2021-08-17,0.0017445707754316308
"[0,40)",1,31085,68,2021-08-17,0.002187550265401319
"[40,60)",0,11706,26,2021-08-17,0.002221083205193918
"[40,60)",1,10367,29,2021-08-17,0.0027973377061830808
"[60,80)",0,4366,7,2021-08-17,0.001603298213467705
"[60,80)",1,4946,7,2021-08-17,0.0014152850788515972
"[80,200)",0,520,1,2021-08-17,0.0019230769230769232
"[80,200)",1,1333,2,2021-08-17,0.0015003750937734434
,0,1074,0,2021-08-17,0.0
,1,909,0,2021-08-17,0.0
"[0,40)",0,33188,68,2021-08-18,0.0020489333494033988
"[0,40)",1,31017,49,2021-08-18,0.001579778830963665
"[40,60)",0,11680,34,2021-08-18,0.0029109589041095892
"[40,60)",1,10338,24,2021-08-18,0.0023215322112594312
"[60,80)",0,4358,12,2021-08-18,0.0027535566773749425
"[60,80)",1,4939,12,2021-08-18,0.0024296416278598906
"[80,200)",0,518,2,2021-08-18,0.003861003861003861
"[80,200)",1,1331,1,2021-08-18,0.0007513148009015778
,0,1074,0,2021-08-18,0.0
,1,909,0,2021-08-18,0.0
"[0,40)",0,33120,68,2021-08-19,0.0020531400966183576
"[0,40)",1,30967,61,2021-08-19,0.0019698388607227047
"[40,60)",0,11646,26,2021-08-19,0.002232526189249528
"[40,60)",1,10314,36,2021-08-19,0.0034904013961605585
"[60,80)",0,4345,18,2021-08-19,0.004142692750287687
"[60,80)",1,4927,13,2021-08-19,0.002638522427440633
"[80,200)",0,516,0,2021-08-19,0.0
"[80,200)",1,1329,1,2021-08-19,0.0007524454477050414
,0,1074,0,2021-08-19,0.0
,1,909,0,2021-08-19,0.0
"[0,40)",0,33052,66,2021-08-20,0.0019968534430594214
"[0,40)",1,30906,69,2021-08-20,0.00223257619879635
"[40,60)",0,11620,32,2021-08-20,0.002753872633390706
"[40,60)",1,10278,38,2021-08-20,0.0036972173574625414
"[60,80)",0,4326,10,2021-08-20,0.002311604253351826
"[60,80)",1,4913,12,2021-08-20,0.0024424994911459393
"[80,200)",0,516,0,2021-08-20,0.0
"[80,200)",1,1328,1,2021-08-20,0.0007530120481927711
,0,1074,0,2021-08-20,0.0
,1,909,0,2021-08-20,0.0
"[0,40)",0,32986,22,2021-08-21,0.0006669496149881768
"[0,40)",1,30837,17,2021-08-21,0.0005512857930408276
"[40,60)",0,11588,10,2021-08-21,0.0008629616845012082
"[40,60)",1,10240,9,2021-08-21,0.00087890625
"[60,80)",0,4316,5,2021-08-21,0.0011584800741427247
"[60,80)",1,4901,1,2021-08-21,0.00020403999183840033
"[80,200)",0,516,0,2021-08-21,0.0
"[80,200)",1,1327,0,2021-08-21,0.0
,0,1074,0,2021-08-21,0.0
,1,909,0,2021-08-21,0.0
"[0,40)",0,32964,13,2021-08-22,0.00039436961533794444
"[0,40)",1,30820,9,2021-08-22,0.00029201817001946786
"[40,60)",0,11578,9,2021-08-22,0.000777336327517706
"[40,60)",1,10231,10,2021-08-22,0.000977421561919656
"[60,80)",0,4311,0,2021-08-22,0.0
"[60,80)",1,4900,1,2021-08-22,0.00020408163265306123
"[80,200)",0,516,0,2021-08-22,0.0
"[80,200)",1,1326,0,2021-08-22,0.0
,0,1074,0,2021-08-22,0.0
,1,909,0,2021-08-22,0.0
"[0,40)",0,32951,82,2021-08-23,0.0024885435950350522
"[0,40)",1,30811,60,2021-08-23,0.0019473564636006621
"[40,60)",0,11568,21,2021-08-23,0.0018153526970954357
"[40,60)",1,10221,23,2021-08-23,0.0022502690539086194
"[60,80)",0,4309,8,2021-08-23,0.0018565792527268509
"[60,80)",1,4899,9,2021-08-23,0.001837109614206981
"[80,200)",0,515,2,2021-08-23,0.003883495145631068
"[80,200)",1,1326,1,2021-08-23,0.0007541478129713424
,0,1074,0,2021-08-23,0.0
,1,909,0,2021-08-23,0.0
"[0,40)",0,32869,61,2021-08-24,0.0018558520186193678
"[0,40)",1,30751,56,2021-08-24,0.001821078989301161
"[40,60)",0,11547,23,2021-08-24,0.0019918593574088507
"[40,60)",1,10198,29,2021-08-24,0.002843694842125907
"[60,80)",0,4301,19,2021-08-24,0.004417577307602883
"[60,80)",1,4890,7,2021-08-24,0.0014314928425357874
"[80,200)",0,513,1,2021-08-24,0.001949317738791423
"[80,200)",1,1325,2,2021-08-24,0.0015094339622641509
,0,1074,0,2021-08-24,0.0
,1,909,0,2021-08-24,0.0
"[0,40)",0,32808,44,2021-08-25,0.0013411363082175079
"[0,40)",1,30695,60,2021-08-25,0.0019547157517510994
"[40,60)",0,11524,25,2021-08-25,0.0021693856299895868
"[40,60)",1,10169,25,2021-08-25,0.0024584521585209952
"[60,80)",0,4282,11,2021-08-25,0.002568893040635217
"[60,80)",1,4883,9,2021-08-25,0.0018431292238378046
"[80,200)",0,512,2,2021-08-25,0.00390625
"[80,200)",1,1321,1,2021-08-25,0.000757002271006813
,0,1074,0,2021-08-25,0.0
,1,909,0,2021-08-25,0.0
"[0,40)",0,32764,58,2021-08-26,0.0017702356244658772
"[0,40)",1,30635,49,2021-08-26,0.001599477721560307
"[40,60)",0,11499,32,2021-08-26,0.0027828506826680583
"[40,60)",1,10144,23,2021-08-26,0.002267350157728707
"[60,80)",0,4271,7,2021-08-26,0.001638960430812456
"[60,80)",1,4874,8,2021-08-26,0.0016413623307345096
"[80,200)",0,510,0,2021-08-26,0.0
"[80,200)",1,1320,0,2021-08-26,0.0
,0,1074,0,2021-08-26,0.0
,1,909,0,2021-08-26,0.0
"[0,40)",0,32706,66,2021-08-27,0.002017978352595854
"[0,40)",1,30586,43,2021-08-27,0.0014058719675668606
"[40,60)",0,11467,32,2021-08-27,0.002790616551844423
"[40,60)",1,10121,29,2021-08-27,0.0028653295128939827
"[60,80)",0,4264,11,2021-08-27,0.0025797373358348967
"[60,80)",1,4866,11,2021-08-27,0.002260583641594739
"[80,200)",0,509,0,2021-08-27,0.0
"[80,200)",1,1320,2,2021-08-27,0.0015151515151515152
,0,1074,0,2021-08-27,0.0
,1,909,0,2021-08-27,0.0
"[0,40)",0,32640,11,2021-08-28,0.0003370098039215686
"[0,40)",1,30543,15,2021-08-28,0.0004911108928396031
"[40,60)",0,11435,6,2021-08-28,0.000524704853519895
"[40,60)",1,10092,7,2021-08-28,0.0006936187078874356
"[60,80)",0,4253,4,2021-08-28,0.0009405125793557489
"[60,80)",1,4855,4,2021-08-28,0.0008238928939237899
"[80,200)",0,509,0,2021-08-28,0.0
"[80,200)",1,1318,0,2021-08-28,0.0
,0,1074,0,2021-08-28,0.0
,1,909,0,2021-08-28,0.0
"[0,40)",0,32629,20,2021-08-29,0.0006129516687609182
"[0,40)",1,30528,20,2021-08-29,0.0006551362683438155
"[40,60)",0,11429,7,2021-08-29,0.0006124770321112959
"[40,60)",1,10085,5,2021-08-29,0.0004957858205255329
"[60,80)",0,4249,1,2021-08-29,0.0002353494939985879
"[60,80)",1,4850,2,2021-08-29,0.0004123711340206186
"[80,200)",0,509,0,2021-08-29,0.0
"[80,200)",1,1318,1,2021-08-29,0.0007587253414264037
,0,1074,0,2021-08-29,0.0
,1,909,0,2021-08-29,0.0
"[0,40)",0,32609,71,2021-08-30,0.002177313011745224
"[0,40)",1,30508,55,2021-08-30,0.0018028058214238887
"[40,60)",0,11422,21,2021-08-30,0.0018385571703729644
"[40,60)",1,10080,20,2021-08-30,0.001984126984126984
"[60,80)",0,4248,10,2021-08-30,0.0023540489642184556
"[60,80)",1,4848,6,2021-08-30,0.0012376237623762376
"[80,200)",0,509,0,2021-08-30,0.0
"[80,200)",1,1316,2,2021-08-30,0.001519756838905775
,0,1074,0,2021-08-30,0.0
,1,909,0,2021-08-30,0.0
"[0,40)",0,32538,60,2021-08-31,0.0018439977872026553
"[0,40)",1,30453,50,2021-08-31,0.0016418743637736841
"[40,60)",0,11401,17,2021-08-31,0.001491097272169108
"[40,60)",1,10060,23,2021-08-31,0.0022862823061630217
"[60,80)",0,4238,13,2021-08-31,0.003067484662576687
"[60,80)",1,4842,11,2021-08-31,0.002271788517141677
"[80,200)",0,509,0,2021-08-31,0.0
"[80,200)",1,1312,0,2021-08-31,0.0
,0,1074,0,2021-08-31,0.0
,1,909,0,2021-08-31,0.0
"[0,40)",0,32478,34,2021-09-01,0.0010468624915327298
"[0,40)",1,30403,32,2021-09-01,0.0010525277110811433
"[40,60)",0,11384,20,2021-09-01,0.0017568517217146872
"[40,60)",1,10036,10,2021-09-01,0.0009964129135113591
"[60,80)",0,4223,5,2021-09-01,0.0011839924224484964
"[60,80)",1,4830,8,2021-09-01,0.0016563146997929607
"[80,200)",0,509,0,2021-09-01,0.0
"[80,200)",1,1312,1,2021-09-01,0.0007621951219512195
,0,1074,0,2021-09-01,0.0
,1,909,0,2021-09-01,0.0
"[0,40)",0,32443,36,2021-09-02,0.0011096384428073852
"[0,40)",1,30371,20,2021-09-02,0.0006585229330611439
"[40,60)",0,11364,24,2021-09-02,0.0021119324181626186
"[40,60)",1,10026,16,2021-09-02,0.0015958507879513266
"[60,80)",0,4218,6,2021-09-02,0.001422475106685633
"[60,80)",1,4822,6,2021-09-02,0.001244296972210701
"[80,200)",0,508,1,2021-09-02,0.001968503937007874
"[80,200)",1,1311,0,2021-09-02,0.0
,0,1074,0,2021-09-02,0.0
,1,909,0,2021-09-02,0.0
"[0,40)",0,32406,58,2021-09-03,0.0017897920138246004
"[0,40)",1,30351,51,2021-09-03,0.0016803400217455767
"[40,60)",0,11340,24,2021-09-03,0.0021164021164021165
"[40,60)",1,10010,26,2021-09-03,0.0025974025974025974
"[60,80)",0,4211,7,2021-09-03,0.0016623129897886488
"[60,80)",1,4815,8,2021-09-03,0.0016614745586708203
"[80,200)",0,506,0,2021-09-03,0.0
"[80,200)",1,1311,3,2021-09-03,0.002288329519450801
,0,1074,0,2021-09-03,0.0
,1,909,0,2021-09-03,0.0
"[0,40)",0,32348,20,2021-09-04,0.0006182762458266354
"[0,40)",1,30300,10,2021-09-04,0.00033003300330033004
"[40,60)",0,11316,8,2021-09-04,0.0007069635913750442
"[40,60)",1,9984,4,2021-09-04,0.00040064102564102563
"[60,80)",0,4203,0,2021-09-04,0.0
"[60,80)",1,4807,2,2021-09-04,0.00041605991262741833
"[80,200)",0,505,0,2021-09-04,0.0
"[80,200)",1,1308,0,2021-09-04,0.0
,0,1074,0,2021-09-04,0.0
,1,909,0,2021-09-04,0.0
"[0,40)",0,32328,11,2021-09-05,0.0003402623113090819
"[0,40)",1,30290,15,2021-09-05,0.0004952129415648729
"[40,60)",0,11307,4,2021-09-05,0.0003537631555673477
"[40,60)",1,9980,3,2021-09-05,0.0003006012024048096
"[60,80)",0,4203,2,2021-09-05,0.0004758505829169641
"[60,80)",1,4804,0,2021-09-05,0.0
"[80,200)",0,505,0,2021-09-05,0.0
"[80,200)",1,1306,0,2021-09-05,0.0
,0,1074,0,2021-09-05,0.0
,1,909,0,2021-09-05,0.0
"[0,40)",0,32317,44,2021-09-06,0.0013615125166321132
"[0,40)",1,30275,37,2021-09-06,0.001222130470685384
"[40,60)",0,11302,14,2021-09-06,0.0012387188108299416
"[40,60)",1,9977,11,2021-09-06,0.0011025358324145535
"[60,80)",0,4201,6,2021-09-06,0.0014282313734825041
"[60,80)",1,4803,7,2021-09-06,0.0014574224443056423
"[80,200)",0,505,0,2021-09-06,0.0
"[80,200)",1,1306,1,2021-09-06,0.0007656967840735069
,0,1074,0,2021-09-06,0.0
,1,909,0,2021-09-06,0.0
"[0,40)",0,32273,31,2021-09-07,0.0009605552629132711
"[0,40)",1,30238,18,2021-09-07,0.000595277465440836
"[40,60)",0,11288,11,2021-09-07,0.0009744861800141744
"[40,60)",1,9966,12,2021-09-07,0.0012040939193257074
"[60,80)",0,4195,7,2021-09-07,0.00166865315852205
"[60,80)",1,4795,6,2021-09-07,0.001251303441084463
"[80,200)",0,505,2,2021-09-07,0.0039603960396039604
"[80,200)",1,1305,3,2021-09-07,0.0022988505747126436
,0,1074,0,2021-09-07,0.0
,1,909,0,2021-09-07,0.0
"[0,40)",0,32242,39,2021-09-08,0.001209602381986229
"[0,40)",1,30220,23,2021-09-08,0.0007610853739245533
"[40,60)",0,11277,21,2021-09-08,0.00186219739292365
"[40,60)",1,9954,10,2021-09-08,0.0010046212577858146
"[60,80)",0,4188,6,2021-09-08,0.0014326647564469914
"[60,80)",1,4789,12,2021-09-08,0.002505742326164126
"[80,200)",0,502,0,2021-09-08,0.0
"[80,200)",1,1301,1,2021-09-08,0.0007686395080707148
,0,1074,0,2021-09-08,0.0
,1,909,0,2021-09-08,0.0
"[0,40)",0,32203,39,2021-09-09,0.0012110672918672174
"[0,40)",1,30197,39,2021-09-09,0.0012915190250687154
"[40,60)",0,11256,7,2021-09-09,0.0006218905472636816
"[40,60)",1,9944,18,2021-09-09,0.0018101367658889783
"[60,80)",0,4182,11,2021-09-09,0.0026303204208512673
"[60,80)",1,4776,14,2021-09-09,0.002931323283082077
"[80,200)",0,501,0,2021-09-09,0.0
"[80,200)",1,1300,4,2021-09-09,0.003076923076923077
,0,1074,0,2021-09-09,0.0
,1,909,0,2021-09-09,0.0
"[0,40)",0,32164,43,2021-09-10,0.001336898395721925
"[0,40)",1,30157,50,2021-09-10,0.001657989853102099
"[40,60)",0,11248,20,2021-09-10,0.0017780938833570413
"[40,60)",1,9926,28,2021-09-10,0.0028208744710860366
"[60,80)",0,4171,8,2021-09-10,0.0019180052745145048
"[60,80)",1,4762,6,2021-09-10,0.00125997480050399
"[80,200)",0,501,1,2021-09-10,0.001996007984031936
"[80,200)",1,1296,0,2021-09-10,0.0
,0,1074,0,2021-09-10,0.0
,1,909,0,2021-09-10,0.0
"[0,40)",0,32121,11,2021-09-11,0.00034245509168456773
"[0,40)",1,30107,6,2021-09-11,0.0001992892018467466
"[40,60)",0,11228,3,2021-09-11,0.00026718916993231207
"[40,60)",1,9898,4,2021-09-11,0.00040412204485754696
"[60,80)",0,4162,5,2021-09-11,0.001201345506967804
"[60,80)",1,4756,0,2021-09-11,0.0
"[80,200)",0,498,0,2021-09-11,0.0
"[80,200)",1,1296,0,2021-09-11,0.0
,0,1074,0,2021-09-11,0.0
,1,909,0,2021-09-11,0.0
"[0,40)",0,32110,5,2021-09-12,0.00015571473061351605
"[0,40)",1,30101,2,2021-09-12,6.644297531643467e-05
"[40,60)",0,11225,3,2021-09-12,0.00026726057906458796
"[40,60)",1,9894,3,2021-09-12,0.00030321406913280777
"[60,80)",0,4157,2,2021-09-12,0.0004811161895597787
"[60,80)",1,4755,1,2021-09-12,0.0002103049421661409
"[80,200)",0,498,0,2021-09-12,0.0
"[80,200)",1,1296,0,2021-09-12,0.0
,0,1074,0,2021-09-12,0.0
,1,909,0,2021-09-12,0.0
"[0,40)",0,32105,36,2021-09-13,0.0011213206665628406
"[0,40)",1,30099,30,2021-09-13,0.000996710854181202
"[40,60)",0,11221,17,2021-09-13,0.0015150164869441227
"[40,60)",1,9891,13,2021-09-13,0.0013143261550904862
"[60,80)",0,4154,8,2021-09-13,0.0019258545979778526
"[60,80)",1,4754,8,2021-09-13,0.0016827934371055953
"[80,200)",0,498,0,2021-09-13,0.0
"[80,200)",1,1296,0,2021-09-13,0.0
,0,1074,0,2021-09-13,0.0
,1,909,0,2021-09-13,0.0
"[0,40)",0,32068,25,2021-09-14,0.0007795933641012848
"[0,40)",1,30069,29,2021-09-14,0.0009644484352655559
"[40,60)",0,11203,7,2021-09-14,0.0006248326341158618
"[40,60)",1,9878,15,2021-09-14,0.0015185260174124316
"[60,80)",0,4146,5,2021-09-14,0.00120598166907863
"[60,80)",1,4746,11,2021-09-14,0.002317741255794353
"[80,200)",0,498,0,2021-09-14,0.0
"[80,200)",1,1295,4,2021-09-14,0.003088803088803089
,0,1074,0,2021-09-14,0.0
,1,909,0,2021-09-14,0.0
"[0,40)",0,32043,28,2021-09-15,0.0008738257965858378
"[0,40)",1,30039,24,2021-09-15,0.0007989613502446819
"[40,60)",0,11196,13,2021-09-15,0.0011611289746337977
"[40,60)",1,9863,16,2021-09-15,0.0016222244753117713
"[60,80)",0,4141,4,2021-09-15,0.0009659502535619416
"[60,80)",1,4735,9,2021-09-15,0.0019007391763463568
"[80,200)",0,498,0,2021-09-15,0.0
"[80,200)",1,1290,1,2021-09-15,0.0007751937984496124
,0,1074,0,2021-09-15,0.0
,1,909,0,2021-09-15,0.0
"[0,40)",0,32015,28,2021-09-16,0.0008745900359206622
"[0,40)",1,30015,29,2021-09-16,0.000966183574879227
"[40,60)",0,11183,12,2021-09-16,0.001073057319145131
"[40,60)",1,9847,16,2021-09-16,0.0016248603635625064
"[60,80)",0,4137,12,2021-09-16,0.0029006526468455403
"[60,80)",1,4726,10,2021-09-16,0.0021159542953872196
"[80,200)",0,498,1,2021-09-16,0.002008032128514056
"[80,200)",1,1288,2,2021-09-16,0.0015527950310559005
,0,1074,0,2021-09-16,0.0
,1,909,0,2021-09-16,0.0
"[0,40)",0,31987,46,2021-09-17,0.0014380842217150717
"[0,40)",1,29986,42,2021-09-17,0.0014006536383645702
"[40,60)",0,11171,23,2021-09-17,0.0020589025154417687
"[40,60)",1,9831,18,2021-09-17,0.00183094293561184
"[60,80)",0,4124,6,2021-09-17,0.001454898157129001
"[60,80)",1,4715,9,2021-09-17,0.0019088016967126194
"[80,200)",0,497,0,2021-09-17,0.0
"[80,200)",1,1285,2,2021-09-17,0.0015564202334630351
,0,1074,0,2021-09-17,0.0
,1,909,0,2021-09-17,0.0
"[0,40)",0,31941,10,2021-09-18,0.00031307723615415925
"[0,40)",1,29944,11,2021-09-18,0.0003673523911301095
"[40,60)",0,11148,5,2021-09-18,0.0004485109436670255
"[40,60)",1,9813,7,2021-09-18,0.0007133394476714562
"[60,80)",0,4118,1,2021-09-18,0.00024283632831471587
"[60,80)",1,4706,1,2021-09-18,0.00021249468763280918
"[80,200)",0,497,0,2021-09-18,0.0
"[80,200)",1,1282,0,2021-09-18,0.0
,0,1074,0,2021-09-18,0.0
,1,909,0,2021-09-18,0.0
"[0,40)",0,31931,7,2021-09-19,0.00021922269894459928
"[0,40)",1,29933,4,2021-09-19,0.00013363177763672202
"[40,60)",0,11143,3,2021-09-19,0.00026922731759849235
"[40,60)",1,9806,2,2021-09-19,0.00020395676116663266
"[60,80)",0,4117,0,2021-09-19,0.0
"[60,80)",1,4705,0,2021-09-19,0.0
"[80,200)",0,497,0,2021-09-19,0.0
"[80,200)",1,1282,0,2021-09-19,0.0
,0,1074,0,2021-09-19,0.0
,1,909,0,2021-09-19,0.0
"[0,40)",0,31924,27,2021-09-20,0.0008457586768575367
"[0,40)",1,29929,26,2021-09-20,0.0008687226435898293
"[40,60)",0,11140,15,2021-09-20,0.0013464991023339318
"[40,60)",1,9804,8,2021-09-20,0.0008159934720522236
"[60,80)",0,4117,2,2021-09-20,0.00048579062424095217
"[60,80)",1,4705,2,2021-09-20,0.0004250797024442083
"[80,200)",0,497,0,2021-09-20,0.0
"[80,200)",1,1280,0,2021-09-20,0.0
,0,1074,0,2021-09-20,0.0
,1,909,0,2021-09-20,0.0
"[0,40)",0,31897,27,2021-09-21,0.0008464745900868421
"[0,40)",1,29903,14,2021-09-21,0.0004681804501220613
"[40,60)",0,11125,15,2021-09-21,0.001348314606741573
"[40,60)",1,9796,6,2021-09-21,0.0006124948958758677
"[60,80)",0,4115,7,2021-09-21,0.001701093560145808
"[60,80)",1,4702,3,2021-09-21,0.0006380263717566993
"[80,200)",0,497,0,2021-09-21,0.0
"[80,200)",1,1279,2,2021-09-21,0.001563721657544957
,0,1074,0,2021-09-21,0.0
,1,909,0,2021-09-21,0.0
"[0,40)",0,31870,29,2021-09-22,0.0009099466582993411
"[0,40)",1,29889,21,2021-09-22,0.0007025996185887784
"[40,60)",0,11110,14,2021-09-22,0.0012601260126012602
"[40,60)",1,9790,12,2021-09-22,0.0012257405515832482
"[60,80)",0,4107,3,2021-09-22,0.0007304601899196494
"[60,80)",1,4699,7,2021-09-22,0.0014896786550329857
"[80,200)",0,497,0,2021-09-22,0.0
"[80,200)",1,1275,0,2021-09-22,0.0
,0,1074,0,2021-09-22,0.0
,1,909,0,2021-09-22,0.0
"[0,40)",0,31841,25,2021-09-23,0.000785151220124996
"[0,40)",1,29868,25,2021-09-23,0.0008370162046337217
"[40,60)",0,11096,15,2021-09-23,0.0013518385003604902
"[40,60)",1,9778,14,2021-09-23,0.0014317856412354264
"[60,80)",0,4103,9,2021-09-23,0.0021935169388252497
"[60,80)",1,4691,10,2021-09-23,0.002131741632914091
"[80,200)",0,497,2,2021-09-23,0.004024144869215292
"[80,200)",1,1275,2,2021-09-23,0.001568627450980392
,0,1074,0,2021-09-23,0.0
,1,909,0,2021-09-23,0.0
"[0,40)",0,31816,34,2021-09-24,0.0010686447070656273
"[0,40)",1,29843,43,2021-09-24,0.001440873906778809
"[40,60)",0,11081,20,2021-09-24,0.001804891255301868
"[40,60)",1,9764,18,2021-09-24,0.0018435067595247848
"[60,80)",0,4094,7,2021-09-24,0.001709819247679531
"[60,80)",1,4679,10,2021-09-24,0.0021372088053002777
"[80,200)",0,495,0,2021-09-24,0.0
"[80,200)",1,1272,2,2021-09-24,0.0015723270440251573
,0,1074,0,2021-09-24,0.0
,1,909,0,2021-09-24,0.0
"[0,40)",0,31782,7,2021-09-25,0.00022025045623308792
"[0,40)",1,29800,16,2021-09-25,0.0005369127516778523
"[40,60)",0,11061,8,2021-09-25,0.0007232619112196004
"[40,60)",1,9746,2,2021-09-25,0.00020521239482864764
"[60,80)",0,4084,0,2021-09-25,0.0
"[60,80)",1,4668,4,2021-09-25,0.000856898029134533
"[80,200)",0,495,0,2021-09-25,0.0
"[80,200)",1,1269,0,2021-09-25,0.0
,0,1074,0,2021-09-25,0.0
,1,909,0,2021-09-25,0.0
"[0,40)",0,31775,5,2021-09-26,0.00015735641227380016
"[0,40)",1,29784,6,2021-09-26,0.000201450443190975
"[40,60)",0,11053,6,2021-09-26,0.0005428390482222021
"[40,60)",1,9744,1,2021-09-26,0.00010262725779967159
"[60,80)",0,4084,2,2021-09-26,0.0004897159647404506
"[60,80)",1,4663,0,2021-09-26,0.0
"[80,200)",0,495,0,2021-09-26,0.0
"[80,200)",1,1269,1,2021-09-26,0.0007880220646178094
,0,1074,0,2021-09-26,0.0
,1,909,0,2021-09-26,0.0
"[0,40)",0,31770,27,2021-09-27,0.0008498583569405099
"[0,40)",1,29778,24,2021-09-27,0.0008059641345960105
"[40,60)",0,11047,6,2021-09-27,0.0005431338825020367
"[40,60)",1,9742,7,2021-09-27,0.0007185382878259084
"[60,80)",0,4080,1,2021-09-27,0.00024509803921568627
"[60,80)",1,4663,3,2021-09-27,0.0006433626420759168
"[80,200)",0,495,1,2021-09-27,0.00202020202020202
"[80,200)",1,1268,0,2021-09-27,0.0
,0,1074,0,2021-09-27,0.0
,1,909,0,2021-09-27,0.0
"[0,40)",0,31743,5,2021-09-28,0.00015751504268657658
"[0,40)",1,29754,1,2021-09-28,3.36089265308866e-05
"[40,60)",0,11041,1,2021-09-28,9.057150620414818e-05
"[40,60)",1,9735,0,2021-09-28,0.0
"[60,80)",0,4078,0,2021-09-28,0.0
"[60,80)",1,4660,0,2021-09-28,0.0
"[80,200)",0,494,0,2021-09-28,0.0
"[80,200)",1,1268,0,2021-09-28,0.0
,0,1074,0,2021-09-28,0.0
,1,909,0,2021-09-28,0.0
"[0,40)",0,31738,29,2021-09-29,0.0009137311739870187
"[0,40)",1,29753,24,2021-09-29,0.0008066413470910497
"[40,60)",0,11040,12,2021-09-29,0.0010869565217391304
"[40,60)",1,9735,9,2021-09-29,0.0009244992295839754
"[60,80)",0,4078,8,2021-09-29,0.00196174595389897
"[60,80)",1,4660,5,2021-09-29,0.001072961373390558
"[80,200)",0,494,0,2021-09-29,0.0
"[80,200)",1,1268,3,2021-09-29,0.002365930599369085
,0,1074,0,2021-09-29,0.0
,1,909,0,2021-09-29,0.0
"[0,40)",0,31709,21,2021-09-30,0.000662272540918982
"[0,40)",1,29729,17,2021-09-30,0.000571832217699889
"[40,60)",0,11027,18,2021-09-30,0.0016323569420513286
"[40,60)",1,9726,10,2021-09-30,0.0010281719103434094
"[60,80)",0,4070,3,2021-09-30,0.0007371007371007371
"[60,80)",1,4655,2,2021-09-30,0.0004296455424274973
"[80,200)",0,493,0,2021-09-30,0.0
"[80,200)",1,1264,4,2021-09-30,0.0031645569620253164
,0,1074,0,2021-09-30,0.0
,1,909,0,2021-09-30,0.0
"[0,40)",0,31688,27,2021-10-01,0.0008520575612219137
"[0,40)",1,29712,34,2021-10-01,0.0011443187937533656
"[40,60)",0,11009,14,2021-10-01,0.0012716868017076937
"[40,60)",1,9716,13,2021-10-01,0.0013379991766158913
"[60,80)",0,4067,2,2021-10-01,0.0004917629702483403
"[60,80)",1,4653,6,2021-10-01,0.0012894906511927789
"[80,200)",0,493,0,2021-10-01,0.0
"[80,200)",1,1260,0,2021-10-01,0.0
,0,1074,0,2021-10-01,0.0
,1,909,0,2021-10-01,0.0
"[0,40)",0,31661,9,2021-10-02,0.00028426139414421527
"[0,40)",1,29678,8,2021-10-02,0.0002695599433924119
"[40,60)",0,10995,1,2021-10-02,9.095043201455206e-05
"[40,60)",1,9703,5,2021-10-02,0.0005153045449860868
"[60,80)",0,4063,0,2021-10-02,0.0
"[60,80)",1,4646,1,2021-10-02,0.00021523891519586742
"[80,200)",0,492,0,2021-10-02,0.0
"[80,200)",1,1259,0,2021-10-02,0.0
,0,1074,0,2021-10-02,0.0
,1,909,0,2021-10-02,0.0
"[0,40)",0,31652,3,2021-10-03,9.478074055351952e-05
"[0,40)",1,29670,4,2021-10-03,0.00013481631277384565
"[40,60)",0,10993,3,2021-10-03,0.00027290093695988356
"[40,60)",1,9698,1,2021-10-03,0.00010311404413281089
"[60,80)",0,4063,1,2021-10-03,0.0002461235540241201
"[60,80)",1,4644,0,2021-10-03,0.0
"[80,200)",0,492,0,2021-10-03,0.0
"[80,200)",1,1258,0,2021-10-03,0.0
,0,1074,0,2021-10-03,0.0
,1,909,0,2021-10-03,0.0
"[0,40)",0,31649,24,2021-10-04,0.0007583177983506588
"[0,40)",1,29666,20,2021-10-04,0.0006741724533135576
"[40,60)",0,10990,9,2021-10-04,0.000818926296633303
"[40,60)",1,9697,7,2021-10-04,0.0007218727441476745
"[60,80)",0,4062,0,2021-10-04,0.0
"[60,80)",1,4643,5,2021-10-04,0.001076889941847943
"[80,200)",0,492,1,2021-10-04,0.0020325203252032522
"[80,200)",1,1258,3,2021-10-04,0.0023847376788553257
,0,1074,0,2021-10-04,0.0
,1,909,0,2021-10-04,0.0
"[0,40)",0,31624,16,2021-10-05,0.0005059448520111307
"[0,40)",1,29646,20,2021-10-05,0.0006746272684341901
"[40,60)",0,10981,8,2021-10-05,0.0007285310991712959
"[40,60)",1,9690,6,2021-10-05,0.0006191950464396285
"[60,80)",0,4062,4,2021-10-05,0.0009847365829640572
"[60,80)",1,4635,8,2021-10-05,0.001725997842502697
"[80,200)",0,490,0,2021-10-05,0.0
"[80,200)",1,1255,0,2021-10-05,0.0
,0,1074,0,2021-10-05,0.0
,1,909,0,2021-10-05,0.0
"[0,40)",0,31608,17,2021-10-06,0.0005378385218931916
"[0,40)",1,29626,29,2021-10-06,0.0009788699115641666
"[40,60)",0,10973,7,2021-10-06,0.0006379294632279231
"[40,60)",1,9684,4,2021-10-06,0.0004130524576621231
"[60,80)",0,4058,5,2021-10-06,0.0012321340561853129
"[60,80)",1,4626,4,2021-10-06,0.0008646779074794639
"[80,200)",0,489,1,2021-10-06,0.002044989775051125
"[80,200)",1,1255,3,2021-10-06,0.002390438247011952
,0,1074,0,2021-10-06,0.0
,1,909,0,2021-10-06,0.0
"[0,40)",0,31591,22,2021-10-07,0.0006964008736665506
"[0,40)",1,29597,22,2021-10-07,0.0007433185795857688
"[40,60)",0,10966,13,2021-10-07,0.0011854824001459056
"[40,60)",1,9680,9,2021-10-07,0.0009297520661157025
"[60,80)",0,4053,5,2021-10-07,0.001233654083395016
"[60,80)",1,4621,6,2021-10-07,0.0012984202553559835
"[80,200)",0,488,0,2021-10-07,0.0
"[80,200)",1,1252,1,2021-10-07,0.0007987220447284345
,0,1074,0,2021-10-07,0.0
,1,909,0,2021-10-07,0.0
"[0,40)",0,31569,28,2021-10-08,0.0008869460546738889
"[0,40)",1,29575,37,2021-10-08,0.0012510566356720202
"[40,60)",0,10953,14,2021-10-08,0.0012781886241212453
"[40,60)",1,9671,13,2021-10-08,0.0013442250025850482
"[60,80)",0,4048,4,2021-10-08,0.0009881422924901185
"[60,80)",1,4615,5,2021-10-08,0.0010834236186348862
"[80,200)",0,488,0,2021-10-08,0.0
"[80,200)",1,1251,3,2021-10-08,0.002398081534772182
,0,1074,0,2021-10-08,0.0
,1,909,0,2021-10-08,0.0
"[0,40)",0,31541,10,2021-10-09,0.000317047652262135
"[0,40)",1,29538,7,2021-10-09,0.000236982869524003
"[40,60)",0,10939,6,2021-10-09,0.0005484962062345736
"[40,60)",1,9658,5,2021-10-09,0.0005177055290950507
"[60,80)",0,4043,0,2021-10-09,0.0
"[60,80)",1,4610,1,2021-10-09,0.00021691973969631235
"[80,200)",0,487,0,2021-10-09,0.0
"[80,200)",1,1248,0,2021-10-09,0.0
,0,1074,0,2021-10-09,0.0
,1,909,0,2021-10-09,0.0
"[0,40)",0,31531,11,2021-10-10,0.00034886302369097077
"[0,40)",1,29531,7,2021-10-10,0.0002370390437167722
"[40,60)",0,10932,4,2021-10-10,0.00036589828027808267
"[40,60)",1,9653,5,2021-10-10,0.0005179736869367036
"[60,80)",0,4042,1,2021-10-10,0.00024740227610094015
"[60,80)",1,4609,0,2021-10-10,0.0
"[80,200)",0,487,0,2021-10-10,0.0
"[80,200)",1,1247,0,2021-10-10,0.0
,0,1074,0,2021-10-10,0.0
,1,909,0,2021-10-10,0.0
"[0,40)",0,31520,19,2021-10-11,0.0006027918781725889
"[0,40)",1,29524,16,2021-10-11,0.0005419319875355643
"[40,60)",0,10928,10,2021-10-11,0.0009150805270863836
"[40,60)",1,9648,6,2021-10-11,0.0006218905472636816
"[60,80)",0,4040,8,2021-10-11,0.0019801980198019802
"[60,80)",1,4609,3,2021-10-11,0.0006509004122369278
"[80,200)",0,487,0,2021-10-11,0.0
"[80,200)",1,1247,0,2021-10-11,0.0
,0,1074,0,2021-10-11,0.0
,1,909,0,2021-10-11,0.0
"[0,40)",0,31501,15,2021-10-12,0.00047617535951239643
"[0,40)",1,29508,21,2021-10-12,0.0007116714111427409
"[40,60)",0,10918,12,2021-10-12,0.001099102399706906
"[40,60)",1,9642,8,2021-10-12,0.0008297033810412777
"[60,80)",0,4031,0,2021-10-12,0.0
"[60,80)",1,4606,6,2021-10-12,0.0013026487190620929
"[80,200)",0,487,0,2021-10-12,0.0
"[80,200)",1,1247,0,2021-10-12,0.0
,0,1074,0,2021-10-12,0.0
,1,909,0,2021-10-12,0.0
"[0,40)",0,31486,23,2021-10-13,0.000730483389442927
"[0,40)",1,29487,14,2021-10-13,0.00047478549869433987
"[40,60)",0,10905,13,2021-10-13,0.001192113709307657
"[40,60)",1,9634,10,2021-10-13,0.0010379904504878555
"[60,80)",0,4031,5,2021-10-13,0.0012403870007442323
"[60,80)",1,4600,2,2021-10-13,0.0004347826086956522
"[80,200)",0,486,0,2021-10-13,0.0
"[80,200)",1,1247,0,2021-10-13,0.0
,0,1074,0,2021-10-13,0.0
,1,909,0,2021-10-13,0.0
"[0,40)",0,31463,13,2021-10-14,0.0004131837396306773
"[0,40)",1,29473,16,2021-10-14,0.0005428697451905133
"[40,60)",0,10892,14,2021-10-14,0.0012853470437017994
"[40,60)",1,9624,12,2021-10-14,0.0012468827930174563
"[60,80)",0,4026,5,2021-10-14,0.0012419274714356682
"[60,80)",1,4598,5,2021-10-14,0.001087429317094389
"[80,200)",0,486,0,2021-10-14,0.0
"[80,200)",1,1246,0,2021-10-14,0.0
,0,1074,0,2021-10-14,0.0
,1,909,0,2021-10-14,0.0
"[0,40)",0,31450,23,2021-10-15,0.0007313195548489666
"[0,40)",1,29457,32,2021-10-15,0.001086329225650949
"[40,60)",0,10878,16,2021-10-15,0.0014708586137157566
"[40,60)",1,9611,14,2021-10-15,0.0014566642388929353
"[60,80)",0,4020,4,2021-10-15,0.0009950248756218905
"[60,80)",1,4593,6,2021-10-15,0.0013063357282821686
"[80,200)",0,486,1,2021-10-15,0.00205761316872428
"[80,200)",1,1246,1,2021-10-15,0.0008025682182985554
,0,1074,0,2021-10-15,0.0
,1,909,0,2021-10-15,0.0
"[0,40)",0,31427,8,2021-10-16,0.00025455818245457727
"[0,40)",1,29425,7,2021-10-16,0.000237892948173322
"[40,60)",0,10862,3,2021-10-16,0.0002761922297919352
"[40,60)",1,9596,5,2021-10-16,0.0005210504376823677
"[60,80)",0,4016,1,2021-10-16,0.000249003984063745
"[60,80)",1,4587,1,2021-10-16,0.00021800741225201656
"[80,200)",0,485,0,2021-10-16,0.0
"[80,200)",1,1243,0,2021-10-16,0.0
,0,1074,0,2021-10-16,0.0
,1,909,0,2021-10-16,0.0
"[0,40)",0,31419,6,2021-10-17,0.00019096724911677647
"[0,40)",1,29418,9,2021-10-17,0.00030593514174994904
"[40,60)",0,10859,2,2021-10-17,0.00018417902200939314
"[40,60)",1,9591,2,2021-10-17,0.00020852882911062454
"[60,80)",0,4015,0,2021-10-17,0.0
"[60,80)",1,4585,1,2021-10-17,0.00021810250817884405
"[80,200)",0,485,0,2021-10-17,0.0
"[80,200)",1,1243,1,2021-10-17,0.0008045052292839903
,0,1074,0,2021-10-17,0.0
,1,909,0,2021-10-17,0.0
"[0,40)",0,31413,22,2021-10-18,0.0007003469900996403
"[0,40)",1,29409,14,2021-10-18,0.0004760447482063314
"[40,60)",0,10857,13,2021-10-18,0.0011973841761075805
"[40,60)",1,9587,12,2021-10-18,0.001251695003650777
"[60,80)",0,4013,3,2021-10-18,0.00074757039621231
"[60,80)",1,4584,3,2021-10-18,0.0006544502617801048
"[80,200)",0,485,0,2021-10-18,0.0
"[80,200)",1,1241,2,2021-10-18,0.0016116035455278
,0,1074,0,2021-10-18,0.0
,1,909,0,2021-10-18,0.0
"[0,40)",0,31390,23,2021-10-19,0.0007327174259318254
"[0,40)",1,29395,17,2021-10-19,0.0005783296478993026
"[40,60)",0,10844,13,2021-10-19,0.001198819623755072
"[40,60)",1,9575,11,2021-10-19,0.0011488250652741513
"[60,80)",0,4010,4,2021-10-19,0.000997506234413965
"[60,80)",1,4580,8,2021-10-19,0.0017467248908296944
"[80,200)",0,484,0,2021-10-19,0.0
"[80,200)",1,1239,0,2021-10-19,0.0
,0,1074,0,2021-10-19,0.0
,1,909,0,2021-10-19,0.0
"[0,40)",0,31367,28,2021-10-20,0.0008926578888640928
"[0,40)",1,29378,29,2021-10-20,0.000987133228946831
"[40,60)",0,10831,11,2021-10-20,0.0010156033607238483
"[40,60)",1,9564,11,2021-10-20,0.001150146382266834
"[60,80)",0,4005,2,2021-10-20,0.0004993757802746567
"[60,80)",1,4572,8,2021-10-20,0.0017497812773403325
"[80,200)",0,483,1,2021-10-20,0.002070393374741201
"[80,200)",1,1239,1,2021-10-20,0.0008071025020177562
,0,1074,0,2021-10-20,0.0
,1,909,0,2021-10-20,0.0
"[0,40)",0,31339,45,2021-10-21,0.0014359105268196178
"[0,40)",1,29349,36,2021-10-21,0.0012266176019625882
"[40,60)",0,10820,27,2021-10-21,0.0024953789279112755
"[40,60)",1,9553,35,2021-10-21,0.003663770543284832
"[60,80)",0,4003,12,2021-10-21,0.0029977516862353237
"[60,80)",1,4564,12,2021-10-21,0.0026292725679228747
"[80,200)",0,482,2,2021-10-21,0.004149377593360996
"[80,200)",1,1237,0,2021-10-21,0.0
,0,1074,0,2021-10-21,0.0
,1,909,0,2021-10-21,0.0
"[0,40)",0,31294,53,2021-10-22,0.0016936153895315395
"[0,40)",1,29313,58,2021-10-22,0.0019786442875174837
"[40,60)",0,10793,34,2021-10-22,0.0031501899379227276
"[40,60)",1,9518,30,2021-10-22,0.0031519226728304265
"[60,80)",0,3991,16,2021-10-22,0.004009020295665247
"[60,80)",1,4552,4,2021-10-22,0.0008787346221441124
"[80,200)",0,479,0,2021-10-22,0.0
"[80,200)",1,1236,2,2021-10-22,0.0016181229773462784
,0,1074,0,2021-10-22,0.0
,1,909,0,2021-10-22,0.0
"[0,40)",0,31241,16,2021-10-23,0.0005121474984795621
"[0,40)",1,29255,26,2021-10-23,0.0008887369680396514
"[40,60)",0,10759,11,2021-10-23,0.0010223998512872944
"[40,60)",1,9488,11,2021-10-23,0.0011593591905564925
"[60,80)",0,3973,2,2021-10-23,0.0005033979360684622
"[60,80)",1,4548,2,2021-10-23,0.00043975373790677223
"[80,200)",0,479,0,2021-10-23,0.0
"[80,200)",1,1234,0,2021-10-23,0.0
,0,1074,0,2021-10-23,0.0
,1,909,0,2021-10-23,0.0
"[0,40)",0,31225,15,2021-10-24,0.00048038430744595676
"[0,40)",1,29229,13,2021-10-24,0.0004447637620171747
"[40,60)",0,10747,11,2021-10-24,0.0010235414534288639
"[40,60)",1,9477,7,2021-10-24,0.0007386303682599979
"[60,80)",0,3971,2,2021-10-24,0.000503651473180559
"[60,80)",1,4546,1,2021-10-24,0.0002199736031676199
"[80,200)",0,479,0,2021-10-24,0.0
"[80,200)",1,1233,0,2021-10-24,0.0
,0,1074,0,2021-10-24,0.0
,1,909,0,2021-10-24,0.0
"[0,40)",0,31210,70,2021-10-25,0.002242870874719641
"[0,40)",1,29215,44,2021-10-25,0.0015060756460722232
"[40,60)",0,10735,38,2021-10-25,0.0035398230088495575
"[40,60)",1,9470,37,2021-10-25,0.003907074973600845
"[60,80)",0,3968,6,2021-10-25,0.0015120967741935483
"[60,80)",1,4545,11,2021-10-25,0.0024202420242024204
"[80,200)",0,479,2,2021-10-25,0.0041753653444676405
"[80,200)",1,1233,1,2021-10-25,0.0008110300081103001
,0,1074,0,2021-10-25,0.0
,1,909,0,2021-10-25,0.0
"[0,40)",0,31140,65,2021-10-26,0.0020873474630700066
"[0,40)",1,29171,77,2021-10-26,0.002639607829693874
"[40,60)",0,10697,35,2021-10-26,0.0032719454052538093
"[40,60)",1,9432,39,2021-10-26,0.004134860050890585
"[60,80)",0,3962,14,2021-10-26,0.0035335689045936395
"[60,80)",1,4533,18,2021-10-26,0.003970880211780278
"[80,200)",0,477,2,2021-10-26,0.0041928721174004195
"[80,200)",1,1231,2,2021-10-26,0.0016246953696181965
,0,1074,0,2021-10-26,0.0
,1,909,0,2021-10-26,0.0
"[0,40)",0,31075,97,2021-10-27,0.0031214802896218827
"[0,40)",1,29094,70,2021-10-27,0.0024059943630989206
"[40,60)",0,10662,54,2021-10-27,0.005064715813168261
"[40,60)",1,9393,83,2021-10-27,0.008836367507718514
"[60,80)",0,3947,11,2021-10-27,0.002786926779832784
"[60,80)",1,4515,14,2021-10-27,0.0031007751937984496
"[80,200)",0,475,0,2021-10-27,0.0
"[80,200)",1,1229,1,2021-10-27,0.0008136696501220504
,0,1074,0,2021-10-27,0.0
,1,909,0,2021-10-27,0.0
"[0,40)",0,30978,16,2021-10-28,0.0005164955775066176
"[0,40)",1,29024,16,2021-10-28,0.0005512679162072767
"[40,60)",0,10608,11,2021-10-28,0.0010369532428355958
"[40,60)",1,9310,13,2021-10-28,0.0013963480128893662
"[60,80)",0,3935,2,2021-10-28,0.0005082592121982211
"[60,80)",1,4500,1,2021-10-28,0.00022222222222222223
"[80,200)",0,475,1,2021-10-28,0.002105263157894737
"[80,200)",1,1225,0,2021-10-28,0.0
,0,1074,0,2021-10-28,0.0
,1,909,0,2021-10-28,0.0
"[0,40)",0,30962,76,2021-10-29,0.0024546217944577224
"[0,40)",1,29007,92,2021-10-29,0.003171648222842762
"[40,60)",0,10597,55,2021-10-29,0.005190148155138246
"[40,60)",1,9297,56,2021-10-29,0.006023448424222868
"[60,80)",0,3933,12,2021-10-29,0.0030511060259344014
"[60,80)",1,4499,12,2021-10-29,0.0026672593909757725
"[80,200)",0,473,1,2021-10-29,0.0021141649048625794
"[80,200)",1,1223,0,2021-10-29,0.0
,0,1074,0,2021-10-29,0.0
,1,909,0,2021-10-29,0.0
"[0,40)",0,30886,23,2021-10-30,0.0007446739623130221
"[0,40)",1,28915,28,2021-10-30,0.0009683555248141103
"[40,60)",0,10542,14,2021-10-30,0.0013280212483399733
"[40,60)",1,9241,11,2021-10-30,0.0011903473650037874
"[60,80)",0,3919,1,2021-10-30,0.00025516713447307985
"[60,80)",1,4486,3,2021-10-30,0.0006687472135532769
"[80,200)",0,471,0,2021-10-30,0.0
"[80,200)",1,1223,0,2021-10-30,0.0
,0,1074,0,2021-10-30,0.0
,1,909,0,2021-10-30,0.0
"[0,40)",0,30863,26,2021-10-31,0.0008424326863882319
"[0,40)",1,28887,15,2021-10-31,0.0005192647211548448
"[40,60)",0,10525,17,2021-10-31,0.0016152019002375296
"[40,60)",1,9230,11,2021-10-31,0.0011917659804983748
"[60,80)",0,3917,2,2021-10-31,0.0005105948429920858
"[60,80)",1,4483,2,2021-10-31,0.00044612982377871963
"[80,200)",0,471,0,2021-10-31,0.0
"[80,200)",1,1222,0,2021-10-31,0.0
,0,1074,0,2021-10-31,0.0
,1,909,0,2021-10-31,0.0
"[0,40)",0,30837,96,2021-11-01,0.0031131433018776146
"[0,40)",1,28872,72,2021-11-01,0.0024937655860349127
"[40,60)",0,10508,44,2021-11-01,0.004187285877426722
"[40,60)",1,9219,37,2021-11-01,0.004013450482698774
"[60,80)",0,3914,23,2021-11-01,0.005876341338783853
"[60,80)",1,4481,10,2021-11-01,0.0022316447221602323
"[80,200)",0,471,2,2021-11-01,0.004246284501061571
"[80,200)",1,1222,1,2021-11-01,0.0008183306055646482
,0,1074,0,2021-11-01,0.0
,1,909,0,2021-11-01,0.0
"[0,40)",0,30741,104,2021-11-02,0.00338310399791809
"[0,40)",1,28800,79,2021-11-02,0.0027430555555555554
"[40,60)",0,10464,52,2021-11-02,0.004969418960244648
"[40,60)",1,9182,47,2021-11-02,0.005118710520583751
"[60,80)",0,3890,17,2021-11-02,0.004370179948586119
"[60,80)",1,4471,18,2021-11-02,0.004025944978751957
"[80,200)",0,469,2,2021-11-02,0.0042643923240938165
"[80,200)",1,1219,4,2021-11-02,0.003281378178835111
,0,1074,0,2021-11-02,0.0
,1,909,0,2021-11-02,0.0
"[0,40)",0,30637,99,2021-11-03,0.0032313868851388842
"[0,40)",1,28721,86,2021-11-03,0.0029943247101424045
"[40,60)",0,10412,53,2021-11-03,0.005090280445639647
"[40,60)",1,9134,50,2021-11-03,0.005474052988832932
"[60,80)",0,3873,30,2021-11-03,0.0077459333849728895
"[60,80)",1,4452,13,2021-11-03,0.0029200359389038636
"[80,200)",0,466,0,2021-11-03,0.0
"[80,200)",1,1215,1,2021-11-03,0.0008230452674897119
,0,1074,0,2021-11-03,0.0
,1,909,0,2021-11-03,0.0
"[0,40)",0,30538,113,2021-11-04,0.0037003078132163206
"[0,40)",1,28635,100,2021-11-04,0.003492229788720098
"[40,60)",0,10359,76,2021-11-04,0.0073366155034269714
"[40,60)",1,9084,69,2021-11-04,0.007595772787318362
"[60,80)",0,3843,21,2021-11-04,0.00546448087431694
"[60,80)",1,4438,23,2021-11-04,0.005182514646237044
"[80,200)",0,466,3,2021-11-04,0.006437768240343348
"[80,200)",1,1214,2,2021-11-04,0.0016474464579901153
,0,1074,0,2021-11-04,0.0
,1,909,0,2021-11-04,0.0
"[0,40)",0,30425,132,2021-11-05,0.004338537387017256
"[0,40)",1,28535,123,2021-11-05,0.004310495882249869
"[40,60)",0,10283,70,2021-11-05,0.0068073519400953025
"[40,60)",1,9015,65,2021-11-05,0.007210205213533
"[60,80)",0,3821,14,2021-11-05,0.0036639623135304895
"[60,80)",1,4413,19,2021-11-05,0.004305461137548153
"[80,200)",0,463,2,2021-11-05,0.004319654427645789
"[80,200)",1,1212,2,2021-11-05,0.0016501650165016502
,0,1074,0,2021-11-05,0.0
,1,909,0,2021-11-05,0.0
"[0,40)",0,30293,39,2021-11-06,0.001287426138051695
"[0,40)",1,28412,34,2021-11-06,0.0011966774602280726
"[40,60)",0,10213,22,2021-11-06,0.0021541173014785076
"[40,60)",1,8950,18,2021-11-06,0.002011173184357542
"[60,80)",0,3807,4,2021-11-06,0.0010506960861570791
"[60,80)",1,4393,5,2021-11-06,0.0011381743683132257
"[80,200)",0,461,0,2021-11-06,0.0
"[80,200)",1,1210,1,2021-11-06,0.0008264462809917355
,0,1074,0,2021-11-06,0.0
,1,909,0,2021-11-06,0.0
"[0,40)",0,30254,34,2021-11-07,0.0011238183380709989
"[0,40)",1,28378,29,2021-11-07,0.0010219183874832618
"[40,60)",0,10190,19,2021-11-07,0.0018645731108930324
"[40,60)",1,8932,15,2021-11-07,0.0016793551276309898
"[60,80)",0,3801,2,2021-11-07,0.0005261773217574323
"[60,80)",1,4388,0,2021-11-07,0.0
"[80,200)",0,461,0,2021-11-07,0.0
"[80,200)",1,1207,0,2021-11-07,0.0
,0,1074,0,2021-11-07,0.0
,1,909,0,2021-11-07,0.0
"[0,40)",0,30220,101,2021-11-08,0.003342157511581734
"[0,40)",1,28349,84,2021-11-08,0.0029630674803344035
"[40,60)",0,10171,55,2021-11-08,0.00540753121620293
"[40,60)",1,8917,43,2021-11-08,0.004822249635527644
"[60,80)",0,3799,14,2021-11-08,0.0036851803106080546
"[60,80)",1,4385,15,2021-11-08,0.0034207525655644243
"[80,200)",0,461,0,2021-11-08,0.0
"[80,200)",1,1205,2,2021-11-08,0.0016597510373443983
,0,1074,0,2021-11-08,0.0
,1,909,0,2021-11-08,0.0
"[0,40)",0,30118,82,2021-11-09,0.002722624344245966
"[0,40)",1,28265,81,2021-11-09,0.002865735007960375
"[40,60)",0,10115,42,2021-11-09,0.004152249134948097
"[40,60)",1,8874,44,2021-11-09,0.004958305161144917
"[60,80)",0,3785,25,2021-11-09,0.0066050198150594455
"[60,80)",1,4370,13,2021-11-09,0.002974828375286041
"[80,200)",0,461,2,2021-11-09,0.004338394793926247
"[80,200)",1,1203,6,2021-11-09,0.004987531172069825
,0,1074,0,2021-11-09,0.0
,1,909,0,2021-11-09,0.0
"[0,40)",0,30036,73,2021-11-10,0.002430416833133573
"[0,40)",1,28183,104,2021-11-10,0.003690167831671575
"[40,60)",0,10073,59,2021-11-10,0.0058572421324332375
"[40,60)",1,8830,41,2021-11-10,0.00464326160815402
"[60,80)",0,3760,23,2021-11-10,0.006117021276595745
"[60,80)",1,4357,9,2021-11-10,0.0020656414964425065
"[80,200)",0,458,1,2021-11-10,0.002183406113537118
"[80,200)",1,1197,2,2021-11-10,0.001670843776106934
,0,1074,0,2021-11-10,0.0
,1,909,0,2021-11-10,0.0
"[0,40)",0,29963,90,2021-11-11,0.0030037045689683944
"[0,40)",1,28079,75,2021-11-11,0.0026710352932796753
"[40,60)",0,10014,46,2021-11-11,0.004593569003395246
"[40,60)",1,8789,52,2021-11-11,0.005916486517237456
"[60,80)",0,3737,18,2021-11-11,0.004816697886004816
"[60,80)",1,4348,20,2021-11-11,0.004599816007359705
"[80,200)",0,457,1,2021-11-11,0.002188183807439825
"[80,200)",1,1195,2,2021-11-11,0.0016736401673640166
,0,1074,0,2021-11-11,0.0
,1,909,0,2021-11-11,0.0
"[0,40)",0,29873,131,2021-11-12,0.0043852308104308235
"[0,40)",1,28004,114,2021-11-12,0.004070847021854021
"[40,60)",0,9968,58,2021-11-12,0.005818619582664527
"[40,60)",1,8737,58,2021-11-12,0.006638434245164244
"[60,80)",0,3718,14,2021-11-12,0.0037654653039268424
"[60,80)",1,4325,11,2021-11-12,0.0025433526011560694
"[80,200)",0,456,1,2021-11-12,0.0021929824561403508
"[80,200)",1,1193,5,2021-11-12,0.004191114836546521
,0,1074,0,2021-11-12,0.0
,1,909,0,2021-11-12,0.0
"[0,40)",0,29742,25,2021-11-13,0.0008405621679779436
"[0,40)",1,27890,28,2021-11-13,0.0010039440659734672
"[40,60)",0,9909,21,2021-11-13,0.002119285498032092
"[40,60)",1,8679,17,2021-11-13,0.001958751008180666
"[60,80)",0,3704,1,2021-11-13,0.0002699784017278618
"[60,80)",1,4314,4,2021-11-13,0.0009272137227630969
"[80,200)",0,455,0,2021-11-13,0.0
"[80,200)",1,1187,0,2021-11-13,0.0
,0,1074,0,2021-11-13,0.0
,1,909,0,2021-11-13,0.0
"[0,40)",0,29717,16,2021-11-14,0.0005384123565635832
"[0,40)",1,27862,25,2021-11-14,0.0008972794487115067
"[40,60)",0,9887,13,2021-11-14,0.001314857894204511
"[40,60)",1,8662,7,2021-11-14,0.0008081274532440544
"[60,80)",0,3703,3,2021-11-14,0.0008101539292465569
"[60,80)",1,4310,3,2021-11-14,0.0006960556844547563
"[80,200)",0,455,0,2021-11-14,0.0
"[80,200)",1,1186,0,2021-11-14,0.0
,0,1074,0,2021-11-14,0.0
,1,909,0,2021-11-14,0.0
"[0,40)",0,29701,111,2021-11-15,0.0037372479041109727
"[0,40)",1,27837,96,2021-11-15,0.003448647483565039
"[40,60)",0,9874,40,2021-11-15,0.004051043143609479
"[40,60)",1,8654,37,2021-11-15,0.004275479547030275
"[60,80)",0,3700,20,2021-11-15,0.005405405405405406
"[60,80)",1,4307,23,2021-11-15,0.005340143951706525
"[80,200)",0,454,3,2021-11-15,0.006607929515418502
"[80,200)",1,1183,2,2021-11-15,0.0016906170752324597
,0,1074,0,2021-11-15,0.0
,1,909,0,2021-11-15,0.0
"[0,40)",0,29590,106,2021-11-16,0.003582291314633322
"[0,40)",1,27741,110,2021-11-16,0.003965249990988068
"[40,60)",0,9832,53,2021-11-16,0.0053905614320585845
"[40,60)",1,8617,47,2021-11-16,0.005454334455146803
"[60,80)",0,3680,22,2021-11-16,0.005978260869565218
"[60,80)",1,4284,19,2021-11-16,0.004435107376283847
"[80,200)",0,449,3,2021-11-16,0.0066815144766146995
"[80,200)",1,1181,4,2021-11-16,0.003386960203217612
,0,1074,0,2021-11-16,0.0
,1,909,0,2021-11-16,0.0
"[0,40)",0,29484,41,2021-11-17,0.0013905847239180573
"[0,40)",1,27631,25,2021-11-17,0.0009047808620752054
"[40,60)",0,9779,10,2021-11-17,0.0010225994477962982
"[40,60)",1,8570,5,2021-11-17,0.0005834305717619603
"[60,80)",0,3657,2,2021-11-17,0.0005468963631391851
"[60,80)",1,4264,4,2021-11-17,0.0009380863039399625
"[80,200)",0,446,1,2021-11-17,0.002242152466367713
"[80,200)",1,1177,0,2021-11-17,0.0
,0,1074,0,2021-11-17,0.0
,1,909,0,2021-11-17,0.0
"[0,40)",0,29442,126,2021-11-18,0.0042796005706134095
"[0,40)",1,27606,114,2021-11-18,0.0041295370571614864
"[40,60)",0,9769,61,2021-11-18,0.006244241989968267
"[40,60)",1,8565,50,2021-11-18,0.005837711617046118
"[60,80)",0,3650,16,2021-11-18,0.004383561643835616
"[60,80)",1,4258,23,2021-11-18,0.005401596993893847
"[80,200)",0,445,5,2021-11-18,0.011235955056179775
"[80,200)",1,1176,5,2021-11-18,0.004251700680272109
,0,1074,0,2021-11-18,0.0
,1,909,0,2021-11-18,0.0
"[0,40)",0,29315,153,2021-11-19,0.005219171072829609
"[0,40)",1,27492,140,2021-11-19,0.0050923905136039576
"[40,60)",0,9708,69,2021-11-19,0.007107540173053152
"[40,60)",1,8514,68,2021-11-19,0.007986845196147521
"[60,80)",0,3633,19,2021-11-19,0.005229837599779796
"[60,80)",1,4233,26,2021-11-19,0.006142215922513584
"[80,200)",0,440,1,2021-11-19,0.0022727272727272726
"[80,200)",1,1171,5,2021-11-19,0.004269854824935952
,0,1074,0,2021-11-19,0.0
,1,909,0,2021-11-19,0.0
"[0,40)",0,29162,58,2021-11-20,0.001988889650915575
"[0,40)",1,27352,51,2021-11-20,0.0018645802866335186
"[40,60)",0,9639,25,2021-11-20,0.002593630044610437
"[40,60)",1,8446,17,2021-11-20,0.0020127871181624436
"[60,80)",0,3614,5,2021-11-20,0.001383508577753182
"[60,80)",1,4207,6,2021-11-20,0.0014261944378416924
"[80,200)",0,439,0,2021-11-20,0.0
"[80,200)",1,1164,0,2021-11-20,0.0
,0,1074,0,2021-11-20,0.0
,1,909,0,2021-11-20,0.0
"[0,40)",0,29104,57,2021-11-21,0.0019584936778449698
"[0,40)",1,27301,36,2021-11-21,0.0013186330171056006
"[40,60)",0,9614,23,2021-11-21,0.0023923444976076554
"[40,60)",1,8429,11,2021-11-21,0.0013050183888954799
"[60,80)",0,3607,4,2021-11-21,0.0011089548100914888
"[60,80)",1,4201,3,2021-11-21,0.0007141156867412521
"[80,200)",0,439,0,2021-11-21,0.0
"[80,200)",1,1163,1,2021-11-21,0.0008598452278589854
,0,1074,0,2021-11-21,0.0
,1,909,0,2021-11-21,0.0
"[0,40)",0,29047,141,2021-11-22,0.004854201810858264
"[0,40)",1,27265,98,2021-11-22,0.003594351732991014
"[40,60)",0,9591,59,2021-11-22,0.006151600458763424
"[40,60)",1,8418,45,2021-11-22,0.005345687811831789
"[60,80)",0,3602,19,2021-11-22,0.005274847307051638
"[60,80)",1,4198,14,2021-11-22,0.0033349213911386373
"[80,200)",0,439,0,2021-11-22,0.0
"[80,200)",1,1162,4,2021-11-22,0.0034423407917383822
,0,1074,0,2021-11-22,0.0
,1,909,0,2021-11-22,0.0
"[0,40)",0,28906,129,2021-11-23,0.004462741299384211
"[0,40)",1,27167,110,2021-11-23,0.004049030073250635
"[40,60)",0,9532,41,2021-11-23,0.0043013008812421314
"[40,60)",1,8373,38,2021-11-23,0.00453839722918906
"[60,80)",0,3583,16,2021-11-23,0.004465531677365337
"[60,80)",1,4183,35,2021-11-23,0.008367200573750896
"[80,200)",0,439,1,2021-11-23,0.002277904328018223
"[80,200)",1,1157,3,2021-11-23,0.0025929127052722557
,0,1074,0,2021-11-23,0.0
,1,909,0,2021-11-23,0.0
"[0,40)",0,28777,129,2021-11-24,0.004482746637940021
"[0,40)",1,27057,102,2021-11-24,0.0037698192704290943
"[40,60)",0,9490,70,2021-11-24,0.007376185458377239
"[40,60)",1,8335,50,2021-11-24,0.00599880023995201
"[60,80)",0,3565,15,2021-11-24,0.004207573632538569
"[60,80)",1,4146,19,2021-11-24,0.004582730342498794
"[80,200)",0,438,0,2021-11-24,0.0
"[80,200)",1,1154,3,2021-11-24,0.0025996533795493936
,0,1074,0,2021-11-24,0.0
,1,909,0,2021-11-24,0.0
"[0,40)",0,28647,120,2021-11-25,0.004188920305791182
"[0,40)",1,26955,125,2021-11-25,0.004637358560563903
"[40,60)",0,9420,67,2021-11-25,0.007112526539278132
"[40,60)",1,8285,42,2021-11-25,0.005069402534701267
"[60,80)",0,3550,12,2021-11-25,0.0033802816901408453
"[60,80)",1,4127,24,2021-11-25,0.005815362248606736
"[80,200)",0,438,2,2021-11-25,0.0045662100456621
"[80,200)",1,1150,4,2021-11-25,0.0034782608695652175
,0,1074,0,2021-11-25,0.0
,1,909,0,2021-11-25,0.0
"[0,40)",0,28527,147,2021-11-26,0.005153012935114103
"[0,40)",1,26830,110,2021-11-26,0.004099888184867686
"[40,60)",0,9353,77,2021-11-26,0.008232652624826258
"[40,60)",1,8243,48,2021-11-26,0.005823122649520805
"[60,80)",0,3537,18,2021-11-26,0.005089058524173028
"[60,80)",1,4101,25,2021-11-26,0.0060960741282614
"[80,200)",0,436,3,2021-11-26,0.006880733944954129
"[80,200)",1,1142,6,2021-11-26,0.005253940455341506
,0,1074,0,2021-11-26,0.0
,1,909,0,2021-11-26,0.0
"[0,40)",0,28380,61,2021-11-27,0.002149400986610289
"[0,40)",1,26720,48,2021-11-27,0.0017964071856287425
"[40,60)",0,9275,23,2021-11-27,0.0024797843665768193
"[40,60)",1,8195,19,2021-11-27,0.0023184868822452714
"[60,80)",0,3519,6,2021-11-27,0.0017050298380221654
"[60,80)",1,4076,6,2021-11-27,0.0014720314033366045
"[80,200)",0,433,1,2021-11-27,0.0023094688221709007
"[80,200)",1,1133,0,2021-11-27,0.0
,0,1074,0,2021-11-27,0.0
,1,909,0,2021-11-27,0.0
"[0,40)",0,28319,25,2021-11-28,0.0008827995338818462
"[0,40)",1,26672,25,2021-11-28,0.0009373125374925015
"[40,60)",0,9251,10,2021-11-28,0.0010809642200843152
"[40,60)",1,8176,9,2021-11-28,0.0011007827788649706
"[60,80)",0,3513,1,2021-11-28,0.0002846569883290635
"[60,80)",1,4070,1,2021-11-28,0.0002457002457002457
"[80,200)",0,430,1,2021-11-28,0.002325581395348837
"[80,200)",1,1131,0,2021-11-28,0.0
,0,1074,0,2021-11-28,0.0
,1,909,0,2021-11-28,0.0
"[0,40)",0,28294,92,2021-11-29,0.003251572771612356
"[0,40)",1,26647,69,2021-11-29,0.002589409689646114
"[40,60)",0,9241,39,2021-11-29,0.00422032247592252
"[40,60)",1,8167,27,2021-11-29,0.0033059875107138486
"[60,80)",0,3510,19,2021-11-29,0.005413105413105413
"[60,80)",1,4068,17,2021-11-29,0.004178957718780727
"[80,200)",0,429,1,2021-11-29,0.002331002331002331
"[80,200)",1,1130,2,2021-11-29,0.0017699115044247787
,0,1074,0,2021-11-29,0.0
,1,909,0,2021-11-29,0.0
"[0,40)",0,28202,77,2021-11-30,0.002730302815403163
"[0,40)",1,26578,95,2021-11-30,0.0035743848295582813
"[40,60)",0,9202,26,2021-11-30,0.002825472723321017
"[40,60)",1,8140,35,2021-11-30,0.0042997542997543
"[60,80)",0,3490,8,2021-11-30,0.002292263610315186
"[60,80)",1,4051,9,2021-11-30,0.002221673660824488
"[80,200)",0,428,1,2021-11-30,0.002336448598130841
"[80,200)",1,1125,1,2021-11-30,0.0008888888888888889
,0,1074,0,2021-11-30,0.0
,1,909,0,2021-11-30,0.0
"[0,40)",0,28125,78,2021-12-01,0.0027733333333333334
"[0,40)",1,26483,84,2021-12-01,0.0031718460899444927
"[40,60)",0,9176,47,2021-12-01,0.00512205754141238
"[40,60)",1,8105,33,2021-12-01,0.004071560764959901
"[60,80)",0,3482,18,2021-12-01,0.005169442848937392
"[60,80)",1,4042,22,2021-12-01,0.0054428500742206825
"[80,200)",0,425,1,2021-12-01,0.002352941176470588
"[80,200)",1,1124,0,2021-12-01,0.0
,0,1074,0,2021-12-01,0.0
,1,909,0,2021-12-01,0.0
"[0,40)",0,28047,78,2021-12-02,0.0027810461011872926
"[0,40)",1,26399,58,2021-12-02,0.002197052918671162
"[40,60)",0,9129,31,2021-12-02,0.0033957717165078324
"[40,60)",1,8072,34,2021-12-02,0.00421209117938553
"[60,80)",0,3463,18,2021-12-02,0.0051978053710655505
"[60,80)",1,4017,15,2021-12-02,0.0037341299477221808
"[80,200)",0,423,1,2021-12-02,0.002364066193853428
"[80,200)",1,1122,3,2021-12-02,0.00267379679144385
,0,1074,0,2021-12-02,0.0
,1,909,0,2021-12-02,0.0
"[0,40)",0,27969,55,2021-12-03,0.001966462869605635
"[0,40)",1,26341,47,2021-12-03,0.0017842906495577238
"[40,60)",0,9098,34,2021-12-03,0.003737085073642559
"[40,60)",1,8038,17,2021-12-03,0.0021149539686489177
"[60,80)",0,3445,7,2021-12-03,0.0020319303338171262
"[60,80)",1,4002,15,2021-12-03,0.0037481259370314842
"[80,200)",0,422,0,2021-12-03,0.0
"[80,200)",1,1117,3,2021-12-03,0.0026857654431512983
,0,1074,0,2021-12-03,0.0
,1,909,0,2021-12-03,0.0
"[0,40)",0,27914,18,2021-12-04,0.0006448377158415132
"[0,40)",1,26294,14,2021-12-04,0.0005324408610329353
"[40,60)",0,9063,4,2021-12-04,0.00044135495972635994
"[40,60)",1,8021,7,2021-12-04,0.0008727091385114076
"[60,80)",0,3436,4,2021-12-04,0.0011641443538998836
"[60,80)",1,3987,1,2021-12-04,0.00025081514923501377
"[80,200)",0,421,0,2021-12-04,0.0
"[80,200)",1,1113,0,2021-12-04,0.0
,0,1074,0,2021-12-04,0.0
,1,909,0,2021-12-04,0.0
"[0,40)",0,27896,9,2021-12-05,0.00032262689991396616
"[0,40)",1,26280,11,2021-12-05,0.00041856925418569255
"[40,60)",0,9059,9,2021-12-05,0.0009934871398609118
"[40,60)",1,8014,4,2021-12-05,0.0004991265285749938
"[60,80)",0,3431,2,2021-12-05,0.0005829204313611193
"[60,80)",1,3986,0,2021-12-05,0.0
"[80,200)",0,421,0,2021-12-05,0.0
"[80,200)",1,1112,0,2021-12-05,0.0
,0,1074,0,2021-12-05,0.0
,1,909,0,2021-12-05,0.0
"[0,40)",0,27887,53,2021-12-06,0.0019005271273353176
"[0,40)",1,26269,50,2021-12-06,0.0019033842171380716
"[40,60)",0,9050,27,2021-12-06,0.0029834254143646407
"[40,60)",1,8010,26,2021-12-06,0.0032459425717852684
"[60,80)",0,3429,9,2021-12-06,0.0026246719160104987
"[60,80)",1,3985,14,2021-12-06,0.0035131744040150566
"[80,200)",0,420,0,2021-12-06,0.0
"[80,200)",1,1112,3,2021-12-06,0.002697841726618705
,0,1074,0,2021-12-06,0.0
,1,909,0,2021-12-06,0.0
"[0,40)",0,27834,38,2021-12-07,0.0013652367607961487
"[0,40)",1,26218,37,2021-12-07,0.0014112441833854603
"[40,60)",0,9023,18,2021-12-07,0.0019949019173223985
"[40,60)",1,7983,13,2021-12-07,0.0016284604785168483
"[60,80)",0,3419,14,2021-12-07,0.0040947645510383155
"[60,80)",1,3971,14,2021-12-07,0.0035255603122639136
"[80,200)",0,419,1,2021-12-07,0.002386634844868735
"[80,200)",1,1107,4,2021-12-07,0.0036133694670280035
,0,1074,0,2021-12-07,0.0
,1,909,0,2021-12-07,0.0
"[0,40)",0,27796,42,2021-12-08,0.0015110087782414735
"[0,40)",1,26181,48,2021-12-08,0.0018333906267904206
"[40,60)",0,9005,26,2021-12-08,0.002887284841754581
"[40,60)",1,7970,25,2021-12-08,0.003136762860727729
"[60,80)",0,3401,20,2021-12-08,0.005880623346074684
"[60,80)",1,3957,17,2021-12-08,0.00429618397776093
"[80,200)",0,417,0,2021-12-08,0.0
"[80,200)",1,1101,3,2021-12-08,0.0027247956403269754
,0,1074,0,2021-12-08,0.0
,1,909,0,2021-12-08,0.0
"[0,40)",0,27753,40,2021-12-09,0.001441285626779087
"[0,40)",1,26132,29,2021-12-09,0.001109750497474361
"[40,60)",0,8978,21,2021-12-09,0.0023390510135887724
"[40,60)",1,7945,16,2021-12-09,0.002013845185651353
"[60,80)",0,3380,9,2021-12-09,0.0026627218934911242
"[60,80)",1,3940,15,2021-12-09,0.0038071065989847717
"[80,200)",0,417,3,2021-12-09,0.007194244604316547
"[80,200)",1,1096,6,2021-12-09,0.005474452554744526
,0,1074,0,2021-12-09,0.0
,1,909,0,2021-12-09,0.0
"[0,40)",0,27713,43,2021-12-10,0.0015516183740482807
"[0,40)",1,26103,54,2021-12-10,0.0020687277324445467
"[40,60)",0,8957,17,2021-12-10,0.0018979569052137992
"[40,60)",1,7929,16,2021-12-10,0.0020179089418589985
"[60,80)",0,3369,7,2021-12-10,0.0020777678836449986
"[60,80)",1,3923,7,2021-12-10,0.0017843487127198571
"[80,200)",0,414,1,2021-12-10,0.0024154589371980675
"[80,200)",1,1089,2,2021-12-10,0.0018365472910927456
,0,1074,0,2021-12-10,0.0
,1,909,0,2021-12-10,0.0
"[0,40)",0,27670,13,2021-12-11,0.00046982291290206
"[0,40)",1,26049,10,2021-12-11,0.00038389189604207455
"[40,60)",0,8938,6,2021-12-11,0.0006712911165808906
"[40,60)",1,7913,4,2021-12-11,0.0005054972829521042
"[60,80)",0,3362,0,2021-12-11,0.0
"[60,80)",1,3916,1,2021-12-11,0.0002553626149131767
"[80,200)",0,413,1,2021-12-11,0.002421307506053269
"[80,200)",1,1086,0,2021-12-11,0.0
,0,1074,0,2021-12-11,0.0
,1,909,0,2021-12-11,0.0
"[0,40)",0,27657,4,2021-12-12,0.00014462884622337926
"[0,40)",1,26039,8,2021-12-12,0.0003072314605015554
"[40,60)",0,8931,1,2021-12-12,0.00011196954428395476
"[40,60)",1,7908,4,2021-12-12,0.0005058168942842691
"[60,80)",0,3362,3,2021-12-12,0.000892325996430696
"[60,80)",1,3913,1,2021-12-12,0.0002555583950932788
"[80,200)",0,411,0,2021-12-12,0.0
"[80,200)",1,1086,1,2021-12-12,0.0009208103130755065
,0,1074,0,2021-12-12,0.0
,1,909,0,2021-12-12,0.0
"[0,40)",0,27653,37,2021-12-13,0.0013380103424583227
"[0,40)",1,26031,38,2021-12-13,0.0014597979332334524
"[40,60)",0,8930,15,2021-12-13,0.0016797312430011197
"[40,60)",1,7904,11,2021-12-13,0.0013917004048582995
"[60,80)",0,3357,8,2021-12-13,0.002383080131069407
"[60,80)",1,3912,7,2021-12-13,0.0017893660531697342
"[80,200)",0,411,7,2021-12-13,0.0170316301703163
"[80,200)",1,1085,4,2021-12-13,0.003686635944700461
,0,1074,0,2021-12-13,0.0
,1,909,0,2021-12-13,0.0
"[0,40)",0,27616,30,2021-12-14,0.0010863267670915412
"[0,40)",1,25993,39,2021-12-14,0.0015004039549109376
"[40,60)",0,8915,21,2021-12-14,0.0023555804823331464
"[40,60)",1,7893,18,2021-12-14,0.002280501710376283
"[60,80)",0,3349,11,2021-12-14,0.0032845625559868616
"[60,80)",1,3904,10,2021-12-14,0.0025614754098360654
"[80,200)",0,404,2,2021-12-14,0.0049504950495049506
"[80,200)",1,1081,3,2021-12-14,0.0027752081406105457
,0,1074,0,2021-12-14,0.0
,1,909,0,2021-12-14,0.0
"[0,40)",0,27586,37,2021-12-15,0.0013412600594504458
"[0,40)",1,25954,30,2021-12-15,0.0011558911921091162
"[40,60)",0,8893,16,2021-12-15,0.0017991678848532553
"[40,60)",1,7875,17,2021-12-15,0.0021587301587301586
"[60,80)",0,3338,8,2021-12-15,0.002396644697423607
"[60,80)",1,3892,8,2021-12-15,0.0020554984583761563
"[80,200)",0,401,1,2021-12-15,0.0024937655860349127
"[80,200)",1,1077,3,2021-12-15,0.002785515320334262
,0,1074,0,2021-12-15,0.0
,1,909,0,2021-12-15,0.0
"[0,40)",0,27549,35,2021-12-16,0.0012704635376964682
"[0,40)",1,25924,43,2021-12-16,0.0016586946458879803
"[40,60)",0,8877,25,2021-12-16,0.0028162667567872028
"[40,60)",1,7857,9,2021-12-16,0.001145475372279496
"[60,80)",0,3330,6,2021-12-16,0.0018018018018018018
"[60,80)",1,3882,8,2021-12-16,0.0020607934054611026
"[80,200)",0,399,0,2021-12-16,0.0
"[80,200)",1,1073,3,2021-12-16,0.0027958993476234857
,0,1074,0,2021-12-16,0.0
,1,909,0,2021-12-16,0.0
"[0,40)",0,27514,49,2021-12-17,0.001780911535945337
"[0,40)",1,25881,53,2021-12-17,0.0020478343186121095
"[40,60)",0,8852,21,2021-12-17,0.0023723452327157704
"[40,60)",1,7848,15,2021-12-17,0.00191131498470948
"[60,80)",0,3323,11,2021-12-17,0.0033102618116160097
"[60,80)",1,3874,13,2021-12-17,0.003355704697986577
"[80,200)",0,399,2,2021-12-17,0.005012531328320802
"[80,200)",1,1069,1,2021-12-17,0.0009354536950420954
,0,1074,0,2021-12-17,0.0
,1,909,0,2021-12-17,0.0
"[0,40)",0,27465,22,2021-12-18,0.0008010194793373384
"[0,40)",1,25828,22,2021-12-18,0.0008517887563884157
"[40,60)",0,8831,4,2021-12-18,0.0004529498358056845
"[40,60)",1,7833,4,2021-12-18,0.0005106600280863015
"[60,80)",0,3312,2,2021-12-18,0.0006038647342995169
"[60,80)",1,3861,0,2021-12-18,0.0
"[80,200)",0,397,0,2021-12-18,0.0
"[80,200)",1,1064,0,2021-12-18,0.0
,0,1074,0,2021-12-18,0.0
,1,909,0,2021-12-18,0.0
"[0,40)",0,27442,23,2021-12-19,0.0008381313315356023
"[0,40)",1,25806,7,2021-12-19,0.00027125474695807175
"[40,60)",0,8827,5,2021-12-19,0.0005664438654129376
"[40,60)",1,7829,0,2021-12-19,0.0
"[60,80)",0,3309,1,2021-12-19,0.0003022061045633122
"[60,80)",1,3860,0,2021-12-19,0.0
"[80,200)",0,397,0,2021-12-19,0.0
"[80,200)",1,1063,1,2021-12-19,0.0009407337723424271
,0,1074,0,2021-12-19,0.0
,1,909,0,2021-12-19,0.0
"[0,40)",0,27419,50,2021-12-20,0.0018235530106860205
"[0,40)",1,25799,43,2021-12-20,0.0016667312686538239
"[40,60)",0,8822,20,2021-12-20,0.0022670596236681025
"[40,60)",1,7828,10,2021-12-20,0.0012774655084312723
"[60,80)",0,3307,3,2021-12-20,0.0009071666162685213
"[60,80)",1,3860,8,2021-12-20,0.002072538860103627
"[80,200)",0,395,0,2021-12-20,0.0
"[80,200)",1,1062,6,2021-12-20,0.005649717514124294
,0,1074,0,2021-12-20,0.0
,1,909,0,2021-12-20,0.0
"[0,40)",0,27369,48,2021-12-21,0.0017538090540392415
"[0,40)",1,25756,39,2021-12-21,0.0015142102810995497
"[40,60)",0,8802,8,2021-12-21,0.0009088843444671666
"[40,60)",1,7818,8,2021-12-21,0.0010232796111537478
"[60,80)",0,3302,2,2021-12-21,0.0006056935190793458
"[60,80)",1,3852,6,2021-12-21,0.001557632398753894
"[80,200)",0,394,1,2021-12-21,0.0025380710659898475
"[80,200)",1,1056,0,2021-12-21,0.0
,0,1074,0,2021-12-21,0.0
,1,909,0,2021-12-21,0.0
"[0,40)",0,27321,29,2021-12-22,0.0010614545587643205
"[0,40)",1,25717,32,2021-12-22,0.0012443131002838588
"[40,60)",0,8793,6,2021-12-22,0.000682360968952576
"[40,60)",1,7810,2,2021-12-22,0.00025608194622279127
"[60,80)",0,3299,2,2021-12-22,0.0006062443164595332
"[60,80)",1,3846,3,2021-12-22,0.00078003120124805
"[80,200)",0,393,0,2021-12-22,0.0
"[80,200)",1,1053,3,2021-12-22,0.002849002849002849
,0,1074,0,2021-12-22,0.0
,1,909,0,2021-12-22,0.0
"[0,40)",0,27292,30,2021-12-23,0.0010992232155943133
"[0,40)",1,25685,24,2021-12-23,0.0009343975082733112
"[40,60)",0,8787,9,2021-12-23,0.0010242403550699897
"[40,60)",1,7808,3,2021-12-23,0.00038422131147540983
"[60,80)",0,3297,1,2021-12-23,0.00030330603579011223
"[60,80)",1,3841,1,2021-12-23,0.0002603488674824265
"[80,200)",0,392,0,2021-12-23,0.0
"[80,200)",1,1049,0,2021-12-23,0.0
,0,1074,0,2021-12-23,0.0
,1,909,0,2021-12-23,0.0
"[0,40)",0,27262,0,2021-12-24,0.0
"[0,40)",1,25661,0,2021-12-24,0.0
"[40,60)",0,8778,1,2021-12-24,0.0001139211665527455
"[40,60)",1,7805,0,2021-12-24,0.0
"[60,80)",0,3294,0,2021-12-24,0.0
"[60,80)",1,3838,0,2021-12-24,0.0
"[80,200)",0,391,0,2021-12-24,0.0
"[80,200)",1,1047,0,2021-12-24,0.0
,0,1074,0,2021-12-24,0.0
,1,909,0,2021-12-24,0.0
"[0,40)",0,27262,0,2021-12-25,0.0
"[0,40)",1,25661,0,2021-12-25,0.0
"[40,60)",0,8776,0,2021-12-25,0.0
"[40,60)",1,7805,0,2021-12-25,0.0
"[60,80)",0,3293,0,2021-12-25,0.0
"[60,80)",1,3838,0,2021-12-25,0.0
"[80,200)",0,390,0,2021-12-25,0.0
"[80,200)",1,1046,0,2021-12-25,0.0
,0,1074,0,2021-12-25,0.0
,1,909,0,2021-12-25,0.0
"[0,40)",0,27262,1,2021-12-26,3.668109456386178e-05
"[0,40)",1,25661,0,2021-12-26,0.0
"[40,60)",0,8775,0,2021-12-26,0.0
"[40,60)",1,7805,0,2021-12-26,0.0
"[60,80)",0,3292,0,2021-12-26,0.0
"[60,80)",1,3837,0,2021-12-26,0.0
"[80,200)",0,389,0,2021-12-26,0.0
"[80,200)",1,1046,0,2021-12-26,0.0
,0,1074,0,2021-12-26,0.0
,1,909,0,2021-12-26,0.0
"[0,40)",0,27261,22,2021-12-27,0.0008070136825501633
"[0,40)",1,25661,23,2021-12-27,0.000896301780912669
"[40,60)",0,8775,5,2021-12-27,0.0005698005698005698
"[40,60)",1,7805,5,2021-12-27,0.0006406149903907751
"[60,80)",0,3292,2,2021-12-27,0.0006075334143377885
"[60,80)",1,3837,1,2021-12-27,0.00026062027625749283
"[80,200)",0,389,0,2021-12-27,0.0
"[80,200)",1,1046,0,2021-12-27,0.0
,0,1074,0,2021-12-27,0.0
,1,909,0,2021-12-27,0.0
"[0,40)",0,27239,35,2021-12-28,0.0012849223539777525
"[0,40)",1,25638,34,2021-12-28,0.001326156486465403
"[40,60)",0,8770,10,2021-12-28,0.0011402508551881414
"[40,60)",1,7800,10,2021-12-28,0.001282051282051282
"[60,80)",0,3288,2,2021-12-28,0.0006082725060827251
"[60,80)",1,3835,1,2021-12-28,0.0002607561929595828
"[80,200)",0,388,0,2021-12-28,0.0
"[80,200)",1,1045,0,2021-12-28,0.0
,0,1074,0,2021-12-28,0.0
,1,909,0,2021-12-28,0.0
"[0,40)",0,27204,38,2021-12-29,0.0013968534039111896
"[0,40)",1,25604,33,2021-12-29,0.001288861115450711
"[40,60)",0,8760,5,2021-12-29,0.0005707762557077625
"[40,60)",1,7788,4,2021-12-29,0.0005136106831022085
"[60,80)",0,3285,1,2021-12-29,0.00030441400304414006
"[60,80)",1,3833,3,2021-12-29,0.0007826767545003914
"[80,200)",0,388,1,2021-12-29,0.002577319587628866
"[80,200)",1,1043,3,2021-12-29,0.0028763183125599234
,0,1074,0,2021-12-29,0.0
,1,909,0,2021-12-29,0.0
"[0,40)",0,27166,44,2021-12-30,0.0016196716483840095
"[0,40)",1,25571,36,2021-12-30,0.001407844824214931
"[40,60)",0,8755,6,2021-12-30,0.0006853226727584238
"[40,60)",1,7784,6,2021-12-30,0.0007708119218910585
"[60,80)",0,3284,5,2021-12-30,0.0015225334957369061
"[60,80)",1,3830,3,2021-12-30,0.000783289817232376
"[80,200)",0,387,0,2021-12-30,0.0
"[80,200)",1,1040,0,2021-12-30,0.0
,0,1074,0,2021-12-30,0.0
,1,909,0,2021-12-30,0.0
"[0,40)",0,27122,3,2021-12-31,0.00011061131185015855
"[0,40)",1,25535,4,2021-12-31,0.00015664773839827687
"[40,60)",0,8749,1,2021-12-31,0.00011429877700308607
"[40,60)",1,7778,0,2021-12-31,0.0
"[60,80)",0,3279,0,2021-12-31,0.0
"[60,80)",1,3825,0,2021-12-31,0.0
"[80,200)",0,387,0,2021-12-31,0.0
"[80,200)",1,1039,0,2021-12-31,0.0
,0,1074,0,2021-12-31,0.0
,1,909,0,2021-12-31,0.0
"[0,40)",0,27629,0,2022-01-01,0.0
"[0,40)",1,25950,0,2022-01-01,0.0
"[40,60)",0,9005,0,2022-01-01,0.0
"[40,60)",1,8013,0,2022-01-01,0.0
"[60,80)",0,3537,0,2022-01-01,0.0
"[60,80)",1,3944,0,2022-01-01,0.0
"[80,200)",0,433,0,2022-01-01,0.0
"[80,200)",1,1175,0,2022-01-01,0.0
"[0,40)",0,27629,10,2022-01-02,0.00036193854283542653
"[0,40)",1,25950,18,2022-01-02,0.0006936416184971098
"[40,60)",0,9005,1,2022-01-02,0.0001110494169905608
"[40,60)",1,8013,2,2022-01-02,0.0002495944090852365
"[60,80)",0,3532,0,2022-01-02,0.0
"[60,80)",1,3944,0,2022-01-02,0.0
"[80,200)",0,433,0,2022-01-02,0.0
"[80,200)",1,1175,0,2022-01-02,0.0
"[0,40)",0,27619,21,2022-01-03,0.000760346138527825
"[0,40)",1,25932,27,2022-01-03,0.0010411846367422489
"[40,60)",0,9003,3,2022-01-03,0.0003332222592469177
"[40,60)",1,8011,6,2022-01-03,0.0007489701660217201
"[60,80)",0,3529,1,2022-01-03,0.00028336639274582036
"[60,80)",1,3944,5,2022-01-03,0.0012677484787018255
"[80,200)",0,433,1,2022-01-03,0.0023094688221709007
"[80,200)",1,1172,2,2022-01-03,0.0017064846416382253
"[0,40)",0,27598,45,2022-01-04,0.0016305529386187404
"[0,40)",1,25905,32,2022-01-04,0.0012352827639451843
"[40,60)",0,9000,4,2022-01-04,0.00044444444444444447
"[40,60)",1,8005,7,2022-01-04,0.0008744534665833854
"[60,80)",0,3528,4,2022-01-04,0.0011337868480725624
"[60,80)",1,3938,3,2022-01-04,0.0007618080243778568
"[80,200)",0,432,0,2022-01-04,0.0
"[80,200)",1,1169,0,2022-01-04,0.0
"[0,40)",0,27553,44,2022-01-05,0.0015969222952128626
"[0,40)",1,25873,45,2022-01-05,0.0017392648707146446
"[40,60)",0,8996,7,2022-01-05,0.0007781236104935527
"[40,60)",1,7998,13,2022-01-05,0.001625406351587897
"[60,80)",0,3524,1,2022-01-05,0.00028376844494892167
"[60,80)",1,3935,5,2022-01-05,0.0012706480304955528
"[80,200)",0,432,1,2022-01-05,0.0023148148148148147
"[80,200)",1,1169,2,2022-01-05,0.001710863986313088
"[0,40)",0,27509,44,2022-01-06,0.0015994765349521974
"[0,40)",1,25828,44,2022-01-06,0.0017035775127768314
"[40,60)",0,8989,8,2022-01-06,0.0008899766381132495
"[40,60)",1,7984,12,2022-01-06,0.001503006012024048
"[60,80)",0,3523,5,2022-01-06,0.001419244961680386
"[60,80)",1,3929,5,2022-01-06,0.0012725884448969204
"[80,200)",0,431,0,2022-01-06,0.0
"[80,200)",1,1166,2,2022-01-06,0.0017152658662092624
"[0,40)",0,27465,63,2022-01-07,0.002293828509011469
"[0,40)",1,25784,46,2022-01-07,0.0017840521253490538
"[40,60)",0,8981,13,2022-01-07,0.0014475002783654381
"[40,60)",1,7972,12,2022-01-07,0.0015052684395383843
"[60,80)",0,3518,7,2022-01-07,0.001989766913018761
"[60,80)",1,3924,6,2022-01-07,0.0015290519877675841
"[80,200)",0,431,1,2022-01-07,0.002320185614849188
"[80,200)",1,1163,0,2022-01-07,0.0
"[0,40)",0,27402,25,2022-01-08,0.0009123421648054886
"[0,40)",1,25738,31,2022-01-08,0.0012044447898049576
"[40,60)",0,8968,0,2022-01-08,0.0
"[40,60)",1,7960,2,2022-01-08,0.0002512562814070352
"[60,80)",0,3511,1,2022-01-08,0.0002848191398461977
"[60,80)",1,3917,1,2022-01-08,0.0002552974214960429
"[80,200)",0,430,0,2022-01-08,0.0
"[80,200)",1,1162,1,2022-01-08,0.0008605851979345956
"[0,40)",0,27377,6,2022-01-09,0.00021916207035102458
"[0,40)",1,25707,11,2022-01-09,0.0004278990158322636
"[40,60)",0,8968,0,2022-01-09,0.0
"[40,60)",1,7957,0,2022-01-09,0.0
"[60,80)",0,3509,0,2022-01-09,0.0
"[60,80)",1,3915,1,2022-01-09,0.0002554278416347382
"[80,200)",0,430,0,2022-01-09,0.0
"[80,200)",1,1159,0,2022-01-09,0.0
"[0,40)",0,27371,34,2022-01-10,0.0012421906397281795
"[0,40)",1,25696,38,2022-01-10,0.001478829389788294
"[40,60)",0,8967,9,2022-01-10,0.0010036801605888257
"[40,60)",1,7957,5,2022-01-10,0.0006283775292195551
"[60,80)",0,3508,5,2022-01-10,0.0014253135689851768
"[60,80)",1,3914,4,2022-01-10,0.001021972406745018
"[80,200)",0,429,0,2022-01-10,0.0
"[80,200)",1,1158,0,2022-01-10,0.0
"[0,40)",0,27337,51,2022-01-11,0.0018656033946665691
"[0,40)",1,25658,39,2022-01-11,0.0015199937641281471
"[40,60)",0,8958,10,2022-01-11,0.0011163206072784104
"[40,60)",1,7952,5,2022-01-11,0.0006287726358148893
"[60,80)",0,3501,4,2022-01-11,0.0011425307055127106
"[60,80)",1,3909,4,2022-01-11,0.0010232796111537478
"[80,200)",0,429,0,2022-01-11,0.0
"[80,200)",1,1157,0,2022-01-11,0.0
"[0,40)",0,27286,46,2022-01-12,0.001685846221505534
"[0,40)",1,25619,60,2022-01-12,0.0023420117881260004
"[40,60)",0,8948,9,2022-01-12,0.001005811354492624
"[40,60)",1,7947,5,2022-01-12,0.0006291682395872657
"[60,80)",0,3495,2,2022-01-12,0.0005722460658082976
"[60,80)",1,3905,1,2022-01-12,0.00025608194622279127
"[80,200)",0,429,0,2022-01-12,0.0
"[80,200)",1,1155,2,2022-01-12,0.0017316017316017316
"[0,40)",0,27240,49,2022-01-13,0.0017988252569750367
"[0,40)",1,25559,45,2022-01-13,0.0017606322626080833
"[40,60)",0,8939,9,2022-01-13,0.001006824029533505
"[40,60)",1,7941,4,2022-01-13,0.0005037148973680896
"[60,80)",0,3493,4,2022-01-13,0.001145147437732608
"[60,80)",1,3903,2,2022-01-13,0.0005124263387138099
"[80,200)",0,429,1,2022-01-13,0.002331002331002331
"[80,200)",1,1152,1,2022-01-13,0.0008680555555555555
"[0,40)",0,27191,44,2022-01-14,0.0016181824868522674
"[0,40)",1,25514,53,2022-01-14,0.0020772908991142118
"[40,60)",0,8930,11,2022-01-14,0.0012318029115341545
"[40,60)",1,7937,11,2022-01-14,0.0013859140733274537
"[60,80)",0,3488,3,2022-01-14,0.0008600917431192661
"[60,80)",1,3901,4,2022-01-14,0.0010253781081773904
"[80,200)",0,428,0,2022-01-14,0.0
"[80,200)",1,1150,0,2022-01-14,0.0
"[0,40)",0,27147,9,2022-01-15,0.0003315283456735551
"[0,40)",1,25461,13,2022-01-15,0.0005105848159930875
"[40,60)",0,8919,1,2022-01-15,0.0001121201928467317
"[40,60)",1,7926,0,2022-01-15,0.0
"[60,80)",0,3485,0,2022-01-15,0.0
"[60,80)",1,3896,1,2022-01-15,0.0002566735112936345
"[80,200)",0,428,0,2022-01-15,0.0
"[80,200)",1,1150,0,2022-01-15,0.0
"[0,40)",0,27138,7,2022-01-16,0.0002579408946864176
"[0,40)",1,25448,4,2022-01-16,0.00015718327569946557
"[40,60)",0,8918,1,2022-01-16,0.00011213276519398969
"[40,60)",1,7926,0,2022-01-16,0.0
"[60,80)",0,3485,0,2022-01-16,0.0
"[60,80)",1,3894,1,2022-01-16,0.00025680534155110427
"[80,200)",0,428,0,2022-01-16,0.0
"[80,200)",1,1150,0,2022-01-16,0.0
"[0,40)",0,27131,26,2022-01-17,0.0009583133684714902
"[0,40)",1,25444,29,2022-01-17,0.001139757899701305
"[40,60)",0,8917,2,2022-01-17,0.000224290680722216
"[40,60)",1,7926,2,2022-01-17,0.00025233409033560434
"[60,80)",0,3485,2,2022-01-17,0.0005738880918220947
"[60,80)",1,3893,1,2022-01-17,0.00025687130747495504
"[80,200)",0,427,0,2022-01-17,0.0
"[80,200)",1,1150,1,2022-01-17,0.0008695652173913044
"[0,40)",0,27105,24,2022-01-18,0.0008854454897620365
"[0,40)",1,25415,32,2022-01-18,0.001259098957308676
"[40,60)",0,8915,4,2022-01-18,0.000448681996634885
"[40,60)",1,7924,6,2022-01-18,0.000757193336698637
"[60,80)",0,3483,2,2022-01-18,0.0005742176284811944
"[60,80)",1,3892,5,2022-01-18,0.0012846865364850976
"[80,200)",0,427,0,2022-01-18,0.0
"[80,200)",1,1149,0,2022-01-18,0.0
"[0,40)",0,27081,29,2022-01-19,0.0010708614896052582
"[0,40)",1,25383,38,2022-01-19,0.0014970649647401805
"[40,60)",0,8911,5,2022-01-19,0.000561104253170239
"[40,60)",1,7918,4,2022-01-19,0.0005051780752715333
"[60,80)",0,3479,3,2022-01-19,0.0008623167576889911
"[60,80)",1,3887,4,2022-01-19,0.0010290712631849757
"[80,200)",0,427,1,2022-01-19,0.00234192037470726
"[80,200)",1,1147,0,2022-01-19,0.0
"[0,40)",0,27052,28,2022-01-20,0.0010350436196954014
"[0,40)",1,25345,23,2022-01-20,0.000907476819885579
"[40,60)",0,8906,8,2022-01-20,0.0008982708286548395
"[40,60)",1,7914,6,2022-01-20,0.000758150113722517
"[60,80)",0,3475,0,2022-01-20,0.0
"[60,80)",1,3883,4,2022-01-20,0.0010301313417460727
"[80,200)",0,426,0,2022-01-20,0.0
"[80,200)",1,1147,0,2022-01-20,0.0
"[0,40)",0,27024,27,2022-01-21,0.0009991119005328597
"[0,40)",1,25322,37,2022-01-21,0.001461180001579654
"[40,60)",0,8898,8,2022-01-21,0.0008990784445942908
"[40,60)",1,7908,6,2022-01-21,0.0007587253414264037
"[60,80)",0,3475,4,2022-01-21,0.0011510791366906475
"[60,80)",1,3879,0,2022-01-21,0.0
"[80,200)",0,426,0,2022-01-21,0.0
"[80,200)",1,1147,2,2022-01-21,0.0017436791630340018
"[0,40)",0,26997,3,2022-01-22,0.00011112345816201801
"[0,40)",1,25285,8,2022-01-22,0.0003163931184496737
"[40,60)",0,8890,0,2022-01-22,0.0
"[40,60)",1,7902,2,2022-01-22,0.0002531004808909137
"[60,80)",0,3470,1,2022-01-22,0.00028818443804034583
"[60,80)",1,3879,0,2022-01-22,0.0
"[80,200)",0,426,0,2022-01-22,0.0
"[80,200)",1,1144,0,2022-01-22,0.0
"[0,40)",0,26994,6,2022-01-23,0.0002222716159146477
"[0,40)",1,25277,4,2022-01-23,0.0001582466273687542
"[40,60)",0,8890,0,2022-01-23,0.0
"[40,60)",1,7900,0,2022-01-23,0.0
"[60,80)",0,3469,0,2022-01-23,0.0
"[60,80)",1,3877,0,2022-01-23,0.0
"[80,200)",0,426,0,2022-01-23,0.0
"[80,200)",1,1144,0,2022-01-23,0.0
"[0,40)",0,26988,20,2022-01-24,0.0007410701052319549
"[0,40)",1,25273,20,2022-01-24,0.0007913583666363312
"[40,60)",0,8890,2,2022-01-24,0.0002249718785151856
"[40,60)",1,7900,5,2022-01-24,0.0006329113924050633
"[60,80)",0,3469,0,2022-01-24,0.0
"[60,80)",1,3877,4,2022-01-24,0.0010317255610007739
"[80,200)",0,426,0,2022-01-24,0.0
"[80,200)",1,1143,2,2022-01-24,0.0017497812773403325
"[0,40)",0,26968,10,2022-01-25,0.0003708098487095817
"[0,40)",1,25253,14,2022-01-25,0.0005543895774759434
"[40,60)",0,8888,6,2022-01-25,0.0006750675067506751
"[40,60)",1,7895,5,2022-01-25,0.0006333122229259025
"[60,80)",0,3468,0,2022-01-25,0.0
"[60,80)",1,3873,1,2022-01-25,0.0002581977794990963
"[80,200)",0,426,1,2022-01-25,0.002347417840375587
"[80,200)",1,1141,1,2022-01-25,0.0008764241893076249
"[0,40)",0,26958,20,2022-01-26,0.0007418947993174568
"[0,40)",1,25239,18,2022-01-26,0.0007131819802686319
"[40,60)",0,8882,3,2022-01-26,0.00033776176536816035
"[40,60)",1,7890,3,2022-01-26,0.00038022813688212925
"[60,80)",0,3467,1,2022-01-26,0.00028843380444188056
"[60,80)",1,3870,5,2022-01-26,0.0012919896640826874
"[80,200)",0,425,0,2022-01-26,0.0
"[80,200)",1,1139,0,2022-01-26,0.0
"[0,40)",0,26938,18,2022-01-27,0.0006682010542727745
"[0,40)",1,25221,15,2022-01-27,0.0005947424765076722
"[40,60)",0,8879,5,2022-01-27,0.0005631264782070053
"[40,60)",1,7887,6,2022-01-27,0.0007607455306200076
"[60,80)",0,3466,3,2022-01-27,0.0008655510675129833
"[60,80)",1,3865,1,2022-01-27,0.000258732212160414
"[80,200)",0,425,0,2022-01-27,0.0
"[80,200)",1,1139,0,2022-01-27,0.0
"[0,40)",0,26920,17,2022-01-28,0.0006315007429420506
"[0,40)",1,25206,27,2022-01-28,0.0010711735301118781
"[40,60)",0,8873,5,2022-01-28,0.0005635072692437732
"[40,60)",1,7881,5,2022-01-28,0.0006344372541555641
"[60,80)",0,3462,2,2022-01-28,0.0005777007510109763
"[60,80)",1,3864,2,2022-01-28,0.0005175983436853002
"[80,200)",0,425,0,2022-01-28,0.0
"[80,200)",1,1139,0,2022-01-28,0.0
"[0,40)",0,26903,4,2022-01-29,0.00014868230308887485
"[0,40)",1,25179,6,2022-01-29,0.00023829381627546765
"[40,60)",0,8868,1,2022-01-29,0.00011276499774470004
"[40,60)",1,7876,0,2022-01-29,0.0
"[60,80)",0,3460,0,2022-01-29,0.0
"[60,80)",1,3862,0,2022-01-29,0.0
"[80,200)",0,425,0,2022-01-29,0.0
"[80,200)",1,1137,0,2022-01-29,0.0
"[0,40)",0,26899,2,2022-01-30,7.435220640172497e-05
"[0,40)",1,25173,2,2022-01-30,7.94502045842768e-05
"[40,60)",0,8867,0,2022-01-30,0.0
"[40,60)",1,7876,0,2022-01-30,0.0
"[60,80)",0,3460,0,2022-01-30,0.0
"[60,80)",1,3862,0,2022-01-30,0.0
"[80,200)",0,425,0,2022-01-30,0.0
"[80,200)",1,1137,0,2022-01-30,0.0
"[0,40)",0,26897,13,2022-01-31,0.0004833252779120348
"[0,40)",1,25171,8,2022-01-31,0.0003178260696833658
"[40,60)",0,8867,3,2022-01-31,0.0003383331453704748
"[40,60)",1,7876,2,2022-01-31,0.00025393600812595224
"[60,80)",0,3458,0,2022-01-31,0.0
"[60,80)",1,3861,4,2022-01-31,0.001036001036001036
"[80,200)",0,424,0,2022-01-31,0.0
"[80,200)",1,1137,0,2022-01-31,0.0
"[0,40)",0,26884,8,2022-02-01,0.00029757476565987203
"[0,40)",1,25163,10,2022-02-01,0.00039740889401104795
"[40,60)",0,8864,2,2022-02-01,0.0002256317689530686
"[40,60)",1,7874,3,2022-02-01,0.000381000762001524
"[60,80)",0,3458,1,2022-02-01,0.0002891844997108155
"[60,80)",1,3857,1,2022-02-01,0.00025926886180969663
"[80,200)",0,424,0,2022-02-01,0.0
"[80,200)",1,1135,1,2022-02-01,0.000881057268722467
"[0,40)",0,26876,8,2022-02-02,0.0002976633427593392
"[0,40)",1,25153,11,2022-02-02,0.0004373235796922832
"[40,60)",0,8862,1,2022-02-02,0.00011284134506883322
"[40,60)",1,7871,3,2022-02-02,0.0003811459789099225
"[60,80)",0,3457,1,2022-02-02,0.0002892681515765114
"[60,80)",1,3855,1,2022-02-02,0.00025940337224383917
"[80,200)",0,424,0,2022-02-02,0.0
"[80,200)",1,1134,1,2022-02-02,0.0008818342151675485
"[0,40)",0,26868,10,2022-02-03,0.00037218996575852316
"[0,40)",1,25142,14,2022-02-03,0.000556837164903349
"[40,60)",0,8860,1,2022-02-03,0.0001128668171557562
"[40,60)",1,7867,2,2022-02-03,0.00025422651582560063
"[60,80)",0,3456,0,2022-02-03,0.0
"[60,80)",1,3854,0,2022-02-03,0.0
"[80,200)",0,423,0,2022-02-03,0.0
"[80,200)",1,1132,1,2022-02-03,0.0008833922261484099
"[0,40)",0,26858,12,2022-02-04,0.0004467942512473006
"[0,40)",1,25128,13,2022-02-04,0.0005173511620503024
"[40,60)",0,8859,3,2022-02-04,0.0003386386725364037
"[40,60)",1,7865,2,2022-02-04,0.0002542911633820725
"[60,80)",0,3456,1,2022-02-04,0.00028935185185185184
"[60,80)",1,3854,0,2022-02-04,0.0
"[80,200)",0,423,0,2022-02-04,0.0
"[80,200)",1,1130,0,2022-02-04,0.0
"[0,40)",0,26846,0,2022-02-05,0.0
"[0,40)",1,25115,2,2022-02-05,7.963368504877563e-05
"[40,60)",0,8856,1,2022-02-05,0.00011291779584462511
"[40,60)",1,7863,0,2022-02-05,0.0
"[60,80)",0,3455,0,2022-02-05,0.0
"[60,80)",1,3854,0,2022-02-05,0.0
"[80,200)",0,421,0,2022-02-05,0.0
"[80,200)",1,1128,0,2022-02-05,0.0
"[0,40)",0,26846,1,2022-02-06,3.724949713178872e-05
"[0,40)",1,25113,1,2022-02-06,3.98200135388046e-05
"[40,60)",0,8855,0,2022-02-06,0.0
"[40,60)",1,7863,0,2022-02-06,0.0
"[60,80)",0,3455,0,2022-02-06,0.0
"[60,80)",1,3854,0,2022-02-06,0.0
"[80,200)",0,421,0,2022-02-06,0.0
"[80,200)",1,1126,0,2022-02-06,0.0
"[0,40)",0,26845,7,2022-02-07,0.0002607561929595828
"[0,40)",1,25112,4,2022-02-07,0.00015928639694170118
"[40,60)",0,8855,1,2022-02-07,0.00011293054771315641
"[40,60)",1,7863,0,2022-02-07,0.0
"[60,80)",0,3455,0,2022-02-07,0.0
"[60,80)",1,3854,1,2022-02-07,0.0002594706798131811
"[80,200)",0,421,0,2022-02-07,0.0
"[80,200)",1,1125,0,2022-02-07,0.0
"[0,40)",0,26838,6,2022-02-08,0.000223563603845294
"[0,40)",1,25108,4,2022-02-08,0.00015931177314003505
"[40,60)",0,8854,1,2022-02-08,0.00011294330246216399
"[40,60)",1,7863,0,2022-02-08,0.0
"[60,80)",0,3455,0,2022-02-08,0.0
"[60,80)",1,3853,3,2022-02-08,0.0007786140669608098
"[80,200)",0,421,0,2022-02-08,0.0
"[80,200)",1,1125,1,2022-02-08,0.0008888888888888889
"[0,40)",0,26832,9,2022-02-09,0.0003354203935599284
"[0,40)",1,25104,7,2022-02-09,0.0002788400254939452
"[40,60)",0,8853,0,2022-02-09,0.0
"[40,60)",1,7862,0,2022-02-09,0.0
"[60,80)",0,3455,0,2022-02-09,0.0
"[60,80)",1,3850,0,2022-02-09,0.0
"[80,200)",0,420,0,2022-02-09,0.0
"[80,200)",1,1124,0,2022-02-09,0.0
"[0,40)",0,26823,10,2022-02-10,0.00037281437572232783
"[0,40)",1,25097,6,2022-02-10,0.0002390723990915249
"[40,60)",0,8853,2,2022-02-10,0.00022591212018524794
"[40,60)",1,7862,0,2022-02-10,0.0
"[60,80)",0,3455,0,2022-02-10,0.0
"[60,80)",1,3850,0,2022-02-10,0.0
"[80,200)",0,420,0,2022-02-10,0.0
"[80,200)",1,1124,0,2022-02-10,0.0
"[0,40)",0,26813,8,2022-02-11,0.00029836273449446166
"[0,40)",1,25091,8,2022-02-11,0.00031883942449483876
"[40,60)",0,8851,1,2022-02-11,0.00011298158400180771
"[40,60)",1,7862,3,2022-02-11,0.0003815822945815314
"[60,80)",0,3455,2,2022-02-11,0.0005788712011577424
"[60,80)",1,3849,1,2022-02-11,0.0002598077422707197
"[80,200)",0,420,0,2022-02-11,0.0
"[80,200)",1,1123,0,2022-02-11,0.0
"[0,40)",0,26805,1,2022-02-12,3.7306472673008764e-05
"[0,40)",1,25083,2,2022-02-12,7.973527887413786e-05
"[40,60)",0,8850,1,2022-02-12,0.00011299435028248587
"[40,60)",1,7859,0,2022-02-12,0.0
"[60,80)",0,3453,0,2022-02-12,0.0
"[60,80)",1,3848,0,2022-02-12,0.0
"[80,200)",0,420,0,2022-02-12,0.0
"[80,200)",1,1121,0,2022-02-12,0.0
"[0,40)",0,26804,0,2022-02-13,0.0
"[0,40)",1,25081,0,2022-02-13,0.0
"[40,60)",0,8849,0,2022-02-13,0.0
"[40,60)",1,7858,0,2022-02-13,0.0
"[60,80)",0,3451,0,2022-02-13,0.0
"[60,80)",1,3847,0,2022-02-13,0.0
"[80,200)",0,420,0,2022-02-13,0.0
"[80,200)",1,1121,0,2022-02-13,0.0
"[0,40)",0,26803,2,2022-02-14,7.461851285303884e-05
"[0,40)",1,25081,2,2022-02-14,7.974163709580957e-05
"[40,60)",0,8849,2,2022-02-14,0.00022601423889705052
"[40,60)",1,7858,0,2022-02-14,0.0
"[60,80)",0,3451,0,2022-02-14,0.0
"[60,80)",1,3847,1,2022-02-14,0.0002599428125812321
"[80,200)",0,420,0,2022-02-14,0.0
"[80,200)",1,1119,0,2022-02-14,0.0
"[0,40)",0,26801,4,2022-02-15,0.00014924816238200066
"[0,40)",1,25079,1,2022-02-15,3.987399816579609e-05
"[40,60)",0,8847,0,2022-02-15,0.0
"[40,60)",1,7858,1,2022-02-15,0.00012725884448969204
"[60,80)",0,3451,0,2022-02-15,0.0
"[60,80)",1,3846,1,2022-02-15,0.00026001040041601667
"[80,200)",0,420,0,2022-02-15,0.0
"[80,200)",1,1119,1,2022-02-15,0.0008936550491510277
"[0,40)",0,26797,6,2022-02-16,0.00022390566108146436
"[0,40)",1,25078,4,2022-02-16,0.00015950235265970174
"[40,60)",0,8847,3,2022-02-16,0.00033909799932180403
"[40,60)",1,7856,0,2022-02-16,0.0
"[60,80)",0,3451,1,2022-02-16,0.0002897710808461316
"[60,80)",1,3845,0,2022-02-16,0.0
"[80,200)",0,420,0,2022-02-16,0.0
"[80,200)",1,1118,3,2022-02-16,0.0026833631484794273
"[0,40)",0,26791,3,2022-02-17,0.00011197790302713598
"[0,40)",1,25074,4,2022-02-17,0.00015952779771875248
"[40,60)",0,8843,2,2022-02-17,0.00022616759018432659
"[40,60)",1,7856,0,2022-02-17,0.0
"[60,80)",0,3450,0,2022-02-17,0.0
"[60,80)",1,3845,1,2022-02-17,0.0002600780234070221
"[80,200)",0,420,0,2022-02-17,0.0
"[80,200)",1,1115,0,2022-02-17,0.0
"[0,40)",0,26788,4,2022-02-18,0.00014932059130954157
"[0,40)",1,25070,4,2022-02-18,0.00015955325089748703
"[40,60)",0,8841,1,2022-02-18,0.00011310937676733401
"[40,60)",1,7856,1,2022-02-18,0.00012729124236252545
"[60,80)",0,3449,0,2022-02-18,0.0
"[60,80)",1,3844,2,2022-02-18,0.0005202913631633715
"[80,200)",0,419,0,2022-02-18,0.0
"[80,200)",1,1115,0,2022-02-18,0.0
"[0,40)",0,26784,4,2022-02-19,0.00014934289127837514
"[0,40)",1,25066,1,2022-02-19,3.989467804994814e-05
"[40,60)",0,8840,0,2022-02-19,0.0
"[40,60)",1,7855,0,2022-02-19,0.0
"[60,80)",0,3448,0,2022-02-19,0.0
"[60,80)",1,3842,0,2022-02-19,0.0
"[80,200)",0,418,0,2022-02-19,0.0
"[80,200)",1,1115,0,2022-02-19,0.0
"[0,40)",0,26780,0,2022-02-20,0.0
"[0,40)",1,25065,2,2022-02-20,7.979253939756632e-05
"[40,60)",0,8840,0,2022-02-20,0.0
"[40,60)",1,7854,0,2022-02-20,0.0
"[60,80)",0,3448,0,2022-02-20,0.0
"[60,80)",1,3842,0,2022-02-20,0.0
"[80,200)",0,418,0,2022-02-20,0.0
"[80,200)",1,1115,0,2022-02-20,0.0
"[0,40)",0,26780,6,2022-02-21,0.00022404779686333083
"[0,40)",1,25063,1,2022-02-21,3.989945337748873e-05
"[40,60)",0,8840,2,2022-02-21,0.00022624434389140272
"[40,60)",1,7854,0,2022-02-21,0.0
"[60,80)",0,3446,0,2022-02-21,0.0
"[60,80)",1,3842,0,2022-02-21,0.0
"[80,200)",0,418,0,2022-02-21,0.0
"[80,200)",1,1115,0,2022-02-21,0.0
"[0,40)",0,26773,4,2022-02-22,0.00014940425055092818
"[0,40)",1,25061,4,2022-02-22,0.000159610550257372
"[40,60)",0,8838,0,2022-02-22,0.0
"[40,60)",1,7854,0,2022-02-22,0.0
"[60,80)",0,3446,0,2022-02-22,0.0
"[60,80)",1,3842,0,2022-02-22,0.0
"[80,200)",0,418,0,2022-02-22,0.0
"[80,200)",1,1114,0,2022-02-22,0.0
"[0,40)",0,26769,5,2022-02-23,0.0001867832193955695
"[0,40)",1,25057,6,2022-02-23,0.00023945404477790637
"[40,60)",0,8838,0,2022-02-23,0.0
"[40,60)",1,7854,1,2022-02-23,0.00012732365673542143
"[60,80)",0,3446,0,2022-02-23,0.0
"[60,80)",1,3842,0,2022-02-23,0.0
"[80,200)",0,418,0,2022-02-23,0.0
"[80,200)",1,1113,0,2022-02-23,0.0
"[0,40)",0,26764,0,2022-02-24,0.0
"[0,40)",1,25051,1,2022-02-24,3.991856612510479e-05
"[40,60)",0,8838,0,2022-02-24,0.0
"[40,60)",1,7853,1,2022-02-24,0.00012733987011333248
"[60,80)",0,3445,0,2022-02-24,0.0
"[60,80)",1,3842,1,2022-02-24,0.0002602811035918792
"[80,200)",0,418,0,2022-02-24,0.0
"[80,200)",1,1113,0,2022-02-24,0.0
"[0,40)",0,26764,7,2022-02-25,0.0002615453594380511
"[0,40)",1,25049,1,2022-02-25,3.992175336340772e-05
"[40,60)",0,8837,1,2022-02-25,0.00011316057485572027
"[40,60)",1,7852,0,2022-02-25,0.0
"[60,80)",0,3444,0,2022-02-25,0.0
"[60,80)",1,3840,0,2022-02-25,0.0
"[80,200)",0,418,0,2022-02-25,0.0
"[80,200)",1,1112,1,2022-02-25,0.0008992805755395684
"[0,40)",0,26757,1,2022-02-26,3.737339761557723e-05
"[0,40)",1,25048,1,2022-02-26,3.992334717342702e-05
"[40,60)",0,8835,0,2022-02-26,0.0
"[40,60)",1,7852,0,2022-02-26,0.0
"[60,80)",0,3444,0,2022-02-26,0.0
"[60,80)",1,3840,0,2022-02-26,0.0
"[80,200)",0,418,0,2022-02-26,0.0
"[80,200)",1,1111,0,2022-02-26,0.0
"[0,40)",0,26756,0,2022-02-27,0.0
"[0,40)",1,25047,1,2022-02-27,3.992494111071186e-05
"[40,60)",0,8834,0,2022-02-27,0.0
"[40,60)",1,7852,0,2022-02-27,0.0
"[60,80)",0,3444,0,2022-02-27,0.0
"[60,80)",1,3840,0,2022-02-27,0.0
"[80,200)",0,417,0,2022-02-27,0.0
"[80,200)",1,1111,0,2022-02-27,0.0
"[0,40)",0,26756,0,2022-02-28,0.0
"[0,40)",1,25046,0,2022-02-28,0.0
"[40,60)",0,8834,0,2022-02-28,0.0
"[40,60)",1,7852,1,2022-02-28,0.00012735608762098828
"[60,80)",0,3443,0,2022-02-28,0.0
"[60,80)",1,3840,1,2022-02-28,0.00026041666666666666
"[80,200)",0,417,0,2022-02-28,0.0
"[80,200)",1,1111,0,2022-02-28,0.0
"[0,40)",0,26756,1,2022-03-01,3.737479443863059e-05
"[0,40)",1,25046,3,2022-03-01,0.00011977960552583247
"[40,60)",0,8834,2,2022-03-01,0.00022639800769753225
"[40,60)",1,7851,3,2022-03-01,0.00038211692777990065
"[60,80)",0,3442,0,2022-03-01,0.0
"[60,80)",1,3839,0,2022-03-01,0.0
"[80,200)",0,416,0,2022-03-01,0.0
"[80,200)",1,1109,0,2022-03-01,0.0
"[0,40)",0,26755,5,2022-03-02,0.00018688095683049897
"[0,40)",1,25043,0,2022-03-02,0.0
"[40,60)",0,8832,1,2022-03-02,0.00011322463768115942
"[40,60)",1,7848,0,2022-03-02,0.0
"[60,80)",0,3442,0,2022-03-02,0.0
"[60,80)",1,3839,0,2022-03-02,0.0
"[80,200)",0,415,0,2022-03-02,0.0
"[80,200)",1,1108,0,2022-03-02,0.0
"[0,40)",0,26750,4,2022-03-03,0.00014953271028037384
"[0,40)",1,25043,2,2022-03-03,7.986263626562313e-05
"[40,60)",0,8831,1,2022-03-03,0.00011323745895142112
"[40,60)",1,7848,0,2022-03-03,0.0
"[60,80)",0,3442,0,2022-03-03,0.0
"[60,80)",1,3837,0,2022-03-03,0.0
"[80,200)",0,415,0,2022-03-03,0.0
"[80,200)",1,1106,0,2022-03-03,0.0
"[0,40)",0,26746,2,2022-03-04,7.477753682793689e-05
"[0,40)",1,25041,2,2022-03-04,7.986901481570224e-05
"[40,60)",0,8830,0,2022-03-04,0.0
"[40,60)",1,7848,0,2022-03-04,0.0
"[60,80)",0,3442,1,2022-03-04,0.0002905287623474724
"[60,80)",1,3837,0,2022-03-04,0.0
"[80,200)",0,415,0,2022-03-04,0.0
"[80,200)",1,1105,0,2022-03-04,0.0
"[0,40)",0,26744,0,2022-03-05,0.0
"[0,40)",1,25039,0,2022-03-05,0.0
"[40,60)",0,8830,0,2022-03-05,0.0
"[40,60)",1,7848,0,2022-03-05,0.0
"[60,80)",0,3441,0,2022-03-05,0.0
"[60,80)",1,3836,0,2022-03-05,0.0
"[80,200)",0,414,0,2022-03-05,0.0
"[80,200)",1,1105,0,2022-03-05,0.0
"[0,40)",0,26744,0,2022-03-06,0.0
"[0,40)",1,25039,0,2022-03-06,0.0
"[40,60)",0,8830,0,2022-03-06,0.0
"[40,60)",1,7848,0,2022-03-06,0.0
"[60,80)",0,3440,0,2022-03-06,0.0
"[60,80)",1,3835,0,2022-03-06,0.0
"[80,200)",0,414,0,2022-03-06,0.0
"[80,200)",1,1105,0,2022-03-06,0.0
"[0,40)",0,26744,4,2022-03-07,0.00014956625785222854
"[0,40)",1,25039,4,2022-03-07,0.00015975078876951954
"[40,60)",0,8829,0,2022-03-07,0.0
"[40,60)",1,7848,2,2022-03-07,0.00025484199796126404
"[60,80)",0,3440,0,2022-03-07,0.0
"[60,80)",1,3833,0,2022-03-07,0.0
"[80,200)",0,414,0,2022-03-07,0.0
"[80,200)",1,1103,0,2022-03-07,0.0
"[0,40)",0,26740,2,2022-03-08,7.479431563201197e-05
"[0,40)",1,25035,1,2022-03-08,3.994407829039345e-05
"[40,60)",0,8828,1,2022-03-08,0.00011327594019030358
"[40,60)",1,7846,0,2022-03-08,0.0
"[60,80)",0,3440,0,2022-03-08,0.0
"[60,80)",1,3832,2,2022-03-08,0.0005219206680584551
"[80,200)",0,414,0,2022-03-08,0.0
"[80,200)",1,1102,0,2022-03-08,0.0
"[0,40)",0,26738,3,2022-03-09,0.00011219986536016157
"[0,40)",1,25034,1,2022-03-09,3.9945673883518416e-05
"[40,60)",0,8827,1,2022-03-09,0.00011328877308258752
"[40,60)",1,7846,2,2022-03-09,0.0002549069589599796
"[60,80)",0,3440,1,2022-03-09,0.00029069767441860465
"[60,80)",1,3828,0,2022-03-09,0.0
"[80,200)",0,414,0,2022-03-09,0.0
"[80,200)",1,1102,0,2022-03-09,0.0
"[0,40)",0,26735,1,2022-03-10,3.7404151860856555e-05
"[0,40)",1,25033,1,2022-03-10,3.994726960412256e-05
"[40,60)",0,8826,2,2022-03-10,0.00022660321776569228
"[40,60)",1,7844,3,2022-03-10,0.00038245792962774094
"[60,80)",0,3439,1,2022-03-10,0.0002907822041291073
"[60,80)",1,3828,0,2022-03-10,0.0
"[80,200)",0,412,0,2022-03-10,0.0
"[80,200)",1,1101,0,2022-03-10,0.0
"[0,40)",0,26734,4,2022-03-11,0.00014962220393506396
"[0,40)",1,25032,4,2022-03-11,0.00015979546180888463
"[40,60)",0,8824,0,2022-03-11,0.0
"[40,60)",1,7841,1,2022-03-11,0.00012753475322025253
"[60,80)",0,3438,2,2022-03-11,0.0005817335660267597
"[60,80)",1,3828,0,2022-03-11,0.0
"[80,200)",0,412,0,2022-03-11,0.0
"[80,200)",1,1100,0,2022-03-11,0.0
"[0,40)",0,26730,2,2022-03-12,7.482229704451927e-05
"[0,40)",1,25028,0,2022-03-12,0.0
"[40,60)",0,8824,0,2022-03-12,0.0
"[40,60)",1,7840,0,2022-03-12,0.0
"[60,80)",0,3436,0,2022-03-12,0.0
"[60,80)",1,3828,0,2022-03-12,0.0
"[80,200)",0,412,0,2022-03-12,0.0
"[80,200)",1,1099,0,2022-03-12,0.0
"[0,40)",0,26728,1,2022-03-13,3.74139479197845e-05
"[0,40)",1,25028,0,2022-03-13,0.0
"[40,60)",0,8824,0,2022-03-13,0.0
"[40,60)",1,7840,0,2022-03-13,0.0
"[60,80)",0,3434,0,2022-03-13,0.0
"[60,80)",1,3828,0,2022-03-13,0.0
"[80,200)",0,412,0,2022-03-13,0.0
"[80,200)",1,1098,0,2022-03-13,0.0
"[0,40)",0,26727,1,2022-03-14,3.7415347775657576e-05
"[0,40)",1,25028,2,2022-03-14,7.99105002397315e-05
"[40,60)",0,8823,1,2022-03-14,0.00011334013374135781
"[40,60)",1,7840,0,2022-03-14,0.0
"[60,80)",0,3433,1,2022-03-14,0.00029129041654529564
"[60,80)",1,3828,1,2022-03-14,0.00026123301985370953
"[80,200)",0,411,0,2022-03-14,0.0
"[80,200)",1,1098,0,2022-03-14,0.0
"[0,40)",0,26726,0,2022-03-15,0.0
"[0,40)",1,25026,0,2022-03-15,0.0
"[40,60)",0,8822,0,2022-03-15,0.0
"[40,60)",1,7840,2,2022-03-15,0.00025510204081632655
"[60,80)",0,3432,1,2022-03-15,0.0002913752913752914
"[60,80)",1,3827,0,2022-03-15,0.0
"[80,200)",0,410,0,2022-03-15,0.0
"[80,200)",1,1097,0,2022-03-15,0.0
"[0,40)",0,26726,1,2022-03-16,3.741674773628676e-05
"[0,40)",1,25026,2,2022-03-16,7.991688643810437e-05
"[40,60)",0,8821,1,2022-03-16,0.00011336583153837434
"[40,60)",1,7838,0,2022-03-16,0.0
"[60,80)",0,3430,1,2022-03-16,0.0002915451895043732
"[60,80)",1,3827,0,2022-03-16,0.0
"[80,200)",0,410,0,2022-03-16,0.0
"[80,200)",1,1097,0,2022-03-16,0.0
"[0,40)",0,26725,1,2022-03-17,3.7418147801683815e-05
"[0,40)",1,25024,0,2022-03-17,0.0
"[40,60)",0,8820,0,2022-03-17,0.0
"[40,60)",1,7838,2,2022-03-17,0.00025516713447307985
"[60,80)",0,3428,1,2022-03-17,0.00029171528588098014
"[60,80)",1,3827,0,2022-03-17,0.0
"[80,200)",0,410,0,2022-03-17,0.0
"[80,200)",1,1097,0,2022-03-17,0.0
"[0,40)",0,26724,3,2022-03-18,0.0001122586439155815
"[0,40)",1,25024,4,2022-03-18,0.00015984654731457802
"[40,60)",0,8820,1,2022-03-18,0.00011337868480725624
"[40,60)",1,7836,2,2022-03-18,0.00025523226135783564
"[60,80)",0,3426,0,2022-03-18,0.0
"[60,80)",1,3827,1,2022-03-18,0.0002613012803762738
"[80,200)",0,410,0,2022-03-18,0.0
"[80,200)",1,1096,0,2022-03-18,0.0
"[0,40)",0,26721,0,2022-03-19,0.0
"[0,40)",1,25020,0,2022-03-19,0.0
"[40,60)",0,8819,0,2022-03-19,0.0
"[40,60)",1,7834,0,2022-03-19,0.0
"[60,80)",0,3426,0,2022-03-19,0.0
"[60,80)",1,3826,0,2022-03-19,0.0
"[80,200)",0,409,0,2022-03-19,0.0
"[80,200)",1,1095,0,2022-03-19,0.0
"[0,40)",0,26721,0,2022-03-20,0.0
"[0,40)",1,25020,0,2022-03-20,0.0
"[40,60)",0,8819,0,2022-03-20,0.0
"[40,60)",1,7834,0,2022-03-20,0.0
"[60,80)",0,3426,0,2022-03-20,0.0
"[60,80)",1,3825,0,2022-03-20,0.0
"[80,200)",0,409,0,2022-03-20,0.0
"[80,200)",1,1095,0,2022-03-20,0.0
"[0,40)",0,26720,0,2022-03-21,0.0
"[0,40)",1,25020,2,2022-03-21,7.993605115907275e-05
"[40,60)",0,8819,2,2022-03-21,0.00022678308198208414
"[40,60)",1,7834,0,2022-03-21,0.0
"[60,80)",0,3426,1,2022-03-21,0.0002918855808523059
"[60,80)",1,3825,0,2022-03-21,0.0
"[80,200)",0,409,0,2022-03-21,0.0
"[80,200)",1,1095,0,2022-03-21,0.0
"[0,40)",0,26720,1,2022-03-22,3.74251497005988e-05
"[0,40)",1,25018,4,2022-03-22,0.0001598848828843233
"[40,60)",0,8817,0,2022-03-22,0.0
"[40,60)",1,7833,1,2022-03-22,0.00012766500702157538
"[60,80)",0,3423,0,2022-03-22,0.0
"[60,80)",1,3824,0,2022-03-22,0.0
"[80,200)",0,408,0,2022-03-22,0.0
"[80,200)",1,1095,0,2022-03-22,0.0
"[0,40)",0,26719,1,2022-03-23,3.742655039485011e-05
"[0,40)",1,25014,3,2022-03-23,0.00011993283761093787
"[40,60)",0,8817,1,2022-03-23,0.00011341726210729273
"[40,60)",1,7831,0,2022-03-23,0.0
"[60,80)",0,3423,0,2022-03-23,0.0
"[60,80)",1,3823,0,2022-03-23,0.0
"[80,200)",0,408,0,2022-03-23,0.0
"[80,200)",1,1095,1,2022-03-23,0.0009132420091324201
"[0,40)",0,26718,1,2022-03-24,3.742795119395164e-05
"[0,40)",1,25011,2,2022-03-24,7.996481548118828e-05
"[40,60)",0,8816,0,2022-03-24,0.0
"[40,60)",1,7831,0,2022-03-24,0.0
"[60,80)",0,3423,0,2022-03-24,0.0
"[60,80)",1,3823,0,2022-03-24,0.0
"[80,200)",0,407,0,2022-03-24,0.0
"[80,200)",1,1094,0,2022-03-24,0.0
"[0,40)",0,26717,4,2022-03-25,0.00014971740839166074
"[0,40)",1,25009,2,2022-03-25,7.997121036426886e-05
"[40,60)",0,8816,1,2022-03-25,0.00011343012704174228
"[40,60)",1,7831,2,2022-03-25,0.00025539522410930913
"[60,80)",0,3422,1,2022-03-25,0.0002922267679719462
"[60,80)",1,3822,1,2022-03-25,0.00026164311878597594
"[80,200)",0,407,0,2022-03-25,0.0
"[80,200)",1,1094,0,2022-03-25,0.0
"[0,40)",0,26713,0,2022-03-26,0.0
"[0,40)",1,25007,0,2022-03-26,0.0
"[40,60)",0,8815,0,2022-03-26,0.0
"[40,60)",1,7829,0,2022-03-26,0.0
"[60,80)",0,3421,0,2022-03-26,0.0
"[60,80)",1,3821,0,2022-03-26,0.0
"[80,200)",0,407,0,2022-03-26,0.0
"[80,200)",1,1094,0,2022-03-26,0.0
"[0,40)",0,26713,0,2022-03-27,0.0
"[0,40)",1,25007,1,2022-03-27,3.9988803135122166e-05
"[40,60)",0,8815,1,2022-03-27,0.00011344299489506523
"[40,60)",1,7829,1,2022-03-27,0.00012773023374632777
"[60,80)",0,3420,0,2022-03-27,0.0
"[60,80)",1,3821,0,2022-03-27,0.0
"[80,200)",0,407,0,2022-03-27,0.0
"[80,200)",1,1094,0,2022-03-27,0.0
"[0,40)",0,26713,2,2022-03-28,7.486991352524988e-05
"[0,40)",1,25006,0,2022-03-28,0.0
"[40,60)",0,8814,0,2022-03-28,0.0
"[40,60)",1,7828,1,2022-03-28,0.00012774655084312725
"[60,80)",0,3420,0,2022-03-28,0.0
"[60,80)",1,3821,0,2022-03-28,0.0
"[80,200)",0,406,0,2022-03-28,0.0
"[80,200)",1,1093,0,2022-03-28,0.0
"[0,40)",0,26710,2,2022-03-29,7.487832272557094e-05
"[0,40)",1,25006,1,2022-03-29,3.999040230344717e-05
"[40,60)",0,8813,0,2022-03-29,0.0
"[40,60)",1,7827,0,2022-03-29,0.0
"[60,80)",0,3417,1,2022-03-29,0.000292654375182909
"[60,80)",1,3820,0,2022-03-29,0.0
"[80,200)",0,406,0,2022-03-29,0.0
"[80,200)",1,1091,0,2022-03-29,0.0
"[0,40)",0,26708,4,2022-03-30,0.0001497678598172832
"[0,40)",1,25005,2,2022-03-30,7.998400319936013e-05
"[40,60)",0,8813,1,2022-03-30,0.00011346873936230568
"[40,60)",1,7827,1,2022-03-30,0.00012776287210936502
"[60,80)",0,3415,0,2022-03-30,0.0
"[60,80)",1,3820,0,2022-03-30,0.0
"[80,200)",0,405,0,2022-03-30,0.0
"[80,200)",1,1091,0,2022-03-30,0.0
"[0,40)",0,26704,5,2022-03-31,0.0001872378669862193
"[0,40)",1,25003,2,2022-03-31,7.999040115186178e-05
"[40,60)",0,8812,1,2022-03-31,0.00011348161597821153
"[40,60)",1,7826,0,2022-03-31,0.0
"[60,80)",0,3414,0,2022-03-31,0.0
"[60,80)",1,3820,0,2022-03-31,0.0
"[80,200)",0,404,0,2022-03-31,0.0
"[80,200)",1,1091,0,2022-03-31,0.0
"[0,40)",0,26699,3,2022-04-01,0.00011236375894228248
"[0,40)",1,25001,9,2022-04-01,0.000359985600575977
"[40,60)",0,8811,0,2022-04-01,0.0
"[40,60)",1,7826,2,2022-04-01,0.0002555583950932788
"[60,80)",0,3414,0,2022-04-01,0.0
"[60,80)",1,3820,0,2022-04-01,0.0
"[80,200)",0,403,0,2022-04-01,0.0
"[80,200)",1,1090,1,2022-04-01,0.0009174311926605505
"[0,40)",0,26696,1,2022-04-02,3.7458795325142346e-05
"[0,40)",1,24992,1,2022-04-02,4.001280409731114e-05
"[40,60)",0,8811,0,2022-04-02,0.0
"[40,60)",1,7824,0,2022-04-02,0.0
"[60,80)",0,3413,0,2022-04-02,0.0
"[60,80)",1,3820,0,2022-04-02,0.0
"[80,200)",0,403,0,2022-04-02,0.0
"[80,200)",1,1089,0,2022-04-02,0.0
"[0,40)",0,26695,0,2022-04-03,0.0
"[0,40)",1,24991,0,2022-04-03,0.0
"[40,60)",0,8811,0,2022-04-03,0.0
"[40,60)",1,7824,0,2022-04-03,0.0
"[60,80)",0,3412,0,2022-04-03,0.0
"[60,80)",1,3818,0,2022-04-03,0.0
"[80,200)",0,402,0,2022-04-03,0.0
"[80,200)",1,1087,0,2022-04-03,0.0
"[0,40)",0,26695,1,2022-04-04,3.7460198539052254e-05
"[0,40)",1,24991,1,2022-04-04,4.0014405185866914e-05
"[40,60)",0,8811,0,2022-04-04,0.0
"[40,60)",1,7824,0,2022-04-04,0.0
"[60,80)",0,3412,1,2022-04-04,0.00029308323563892143
"[60,80)",1,3817,0,2022-04-04,0.0
"[80,200)",0,401,0,2022-04-04,0.0
"[80,200)",1,1087,0,2022-04-04,0.0
"[0,40)",0,26694,1,2022-04-05,3.746160185809545e-05
"[0,40)",1,24990,2,2022-04-05,8.003201280512204e-05
"[40,60)",0,8810,1,2022-04-05,0.00011350737797956867
"[40,60)",1,7824,0,2022-04-05,0.0
"[60,80)",0,3410,0,2022-04-05,0.0
"[60,80)",1,3817,1,2022-04-05,0.00026198585276395077
"[80,200)",0,401,0,2022-04-05,0.0
"[80,200)",1,1087,0,2022-04-05,0.0
"[0,40)",0,26693,1,2022-04-06,3.746300528228374e-05
"[0,40)",1,24988,0,2022-04-06,0.0
"[40,60)",0,8809,2,2022-04-06,0.00022704052673402204
"[40,60)",1,7824,0,2022-04-06,0.0
"[60,80)",0,3410,0,2022-04-06,0.0
"[60,80)",1,3816,1,2022-04-06,0.0002620545073375262
"[80,200)",0,400,0,2022-04-06,0.0
"[80,200)",1,1087,0,2022-04-06,0.0
"[0,40)",0,26692,0,2022-04-07,0.0
"[0,40)",1,24988,1,2022-04-07,4.0019209220425806e-05
"[40,60)",0,8807,0,2022-04-07,0.0
"[40,60)",1,7824,0,2022-04-07,0.0
"[60,80)",0,3410,0,2022-04-07,0.0
"[60,80)",1,3815,0,2022-04-07,0.0
"[80,200)",0,400,0,2022-04-07,0.0
"[80,200)",1,1086,0,2022-04-07,0.0
"[0,40)",0,26692,3,2022-04-08,0.00011239322643488685
"[0,40)",1,24987,2,2022-04-08,8.004162164325449e-05
"[40,60)",0,8806,1,2022-04-08,0.00011355893708834885
"[40,60)",1,7824,1,2022-04-08,0.0001278118609406953
"[60,80)",0,3410,0,2022-04-08,0.0
"[60,80)",1,3814,1,2022-04-08,0.00026219192448872575
"[80,200)",0,400,0,2022-04-08,0.0
"[80,200)",1,1085,0,2022-04-08,0.0
"[0,40)",0,26689,1,2022-04-09,3.746862003072427e-05
"[0,40)",1,24985,0,2022-04-09,0.0
"[40,60)",0,8805,0,2022-04-09,0.0
"[40,60)",1,7823,0,2022-04-09,0.0
"[60,80)",0,3409,0,2022-04-09,0.0
"[60,80)",1,3813,0,2022-04-09,0.0
"[80,200)",0,400,0,2022-04-09,0.0
"[80,200)",1,1085,0,2022-04-09,0.0
"[0,40)",0,26688,0,2022-04-10,0.0
"[0,40)",1,24985,0,2022-04-10,0.0
"[40,60)",0,8805,0,2022-04-10,0.0
"[40,60)",1,7822,0,2022-04-10,0.0
"[60,80)",0,3409,0,2022-04-10,0.0
"[60,80)",1,3813,0,2022-04-10,0.0
"[80,200)",0,400,0,2022-04-10,0.0
"[80,200)",1,1085,0,2022-04-10,0.0
"[0,40)",0,26688,2,2022-04-11,7.494004796163069e-05
"[0,40)",1,24985,0,2022-04-11,0.0
"[40,60)",0,8805,0,2022-04-11,0.0
"[40,60)",1,7822,0,2022-04-11,0.0
"[60,80)",0,3409,0,2022-04-11,0.0
"[60,80)",1,3812,0,2022-04-11,0.0
"[80,200)",0,400,0,2022-04-11,0.0
"[80,200)",1,1085,0,2022-04-11,0.0
"[0,40)",0,26686,0,2022-04-12,0.0
"[0,40)",1,24985,1,2022-04-12,4.0024014408645184e-05
"[40,60)",0,8805,2,2022-04-12,0.00022714366837024418
"[40,60)",1,7822,0,2022-04-12,0.0
"[60,80)",0,3408,0,2022-04-12,0.0
"[60,80)",1,3812,0,2022-04-12,0.0
"[80,200)",0,400,0,2022-04-12,0.0
"[80,200)",1,1085,1,2022-04-12,0.0009216589861751152
"[0,40)",0,26686,0,2022-04-13,0.0
"[0,40)",1,24984,1,2022-04-13,4.002561639449247e-05
"[40,60)",0,8803,1,2022-04-13,0.00011359763716914689
"[40,60)",1,7822,0,2022-04-13,0.0
"[60,80)",0,3407,0,2022-04-13,0.0
"[60,80)",1,3812,0,2022-04-13,0.0
"[80,200)",0,400,0,2022-04-13,0.0
"[80,200)",1,1084,0,2022-04-13,0.0
"[0,40)",0,26686,1,2022-04-14,3.747283219665742e-05
"[0,40)",1,24983,3,2022-04-14,0.00012008165552575751
"[40,60)",0,8802,1,2022-04-14,0.00011361054305839582
"[40,60)",1,7822,1,2022-04-14,0.00012784454103809768
"[60,80)",0,3407,0,2022-04-14,0.0
"[60,80)",1,3812,0,2022-04-14,0.0
"[80,200)",0,400,0,2022-04-14,0.0
"[80,200)",1,1082,0,2022-04-14,0.0
"[0,40)",0,26685,0,2022-04-15,0.0
"[0,40)",1,24980,0,2022-04-15,0.0
"[40,60)",0,8801,0,2022-04-15,0.0
"[40,60)",1,7821,0,2022-04-15,0.0
"[60,80)",0,3407,0,2022-04-15,0.0
"[60,80)",1,3812,0,2022-04-15,0.0
"[80,200)",0,400,0,2022-04-15,0.0
"[80,200)",1,1082,0,2022-04-15,0.0
"[0,40)",0,26685,0,2022-04-16,0.0
"[0,40)",1,24980,0,2022-04-16,0.0
"[40,60)",0,8801,0,2022-04-16,0.0
"[40,60)",1,7821,0,2022-04-16,0.0
"[60,80)",0,3407,0,2022-04-16,0.0
"[60,80)",1,3812,0,2022-04-16,0.0
"[80,200)",0,399,0,2022-04-16,0.0
"[80,200)",1,1082,0,2022-04-16,0.0
"[0,40)",0,26685,0,2022-04-17,0.0
"[0,40)",1,24980,0,2022-04-17,0.0
"[40,60)",0,8801,0,2022-04-17,0.0
"[40,60)",1,7821,0,2022-04-17,0.0
"[60,80)",0,3407,0,2022-04-17,0.0
"[60,80)",1,3812,0,2022-04-17,0.0
"[80,200)",0,399,0,2022-04-17,0.0
"[80,200)",1,1081,0,2022-04-17,0.0
"[0,40)",0,26685,0,2022-04-18,0.0
"[0,40)",1,24980,0,2022-04-18,0.0
"[40,60)",0,8801,0,2022-04-18,0.0
"[40,60)",1,7821,0,2022-04-18,0.0
"[60,80)",0,3405,0,2022-04-18,0.0
"[60,80)",1,3811,0,2022-04-18,0.0
"[80,200)",0,399,0,2022-04-18,0.0
"[80,200)",1,1080,0,2022-04-18,0.0
"[0,40)",0,26685,1,2022-04-19,3.747423646243208e-05
"[0,40)",1,24980,1,2022-04-19,4.00320256204964e-05
"[40,60)",0,8801,1,2022-04-19,0.00011362345188046812
"[40,60)",1,7821,0,2022-04-19,0.0
"[60,80)",0,3405,0,2022-04-19,0.0
"[60,80)",1,3809,1,2022-04-19,0.00026253609871357313
"[80,200)",0,399,0,2022-04-19,0.0
"[80,200)",1,1080,0,2022-04-19,0.0
"[0,40)",0,26684,2,2022-04-20,7.495128166691651e-05
"[0,40)",1,24978,2,2022-04-20,8.007046200656577e-05
"[40,60)",0,8800,0,2022-04-20,0.0
"[40,60)",1,7821,1,2022-04-20,0.00012786088735455825
"[60,80)",0,3405,0,2022-04-20,0.0
"[60,80)",1,3808,0,2022-04-20,0.0
"[80,200)",0,399,0,2022-04-20,0.0
"[80,200)",1,1079,0,2022-04-20,0.0
"[0,40)",0,26682,3,2022-04-21,0.00011243534967393749
"[0,40)",1,24975,1,2022-04-21,4.004004004004004e-05
"[40,60)",0,8798,0,2022-04-21,0.0
"[40,60)",1,7820,0,2022-04-21,0.0
"[60,80)",0,3405,0,2022-04-21,0.0
"[60,80)",1,3808,0,2022-04-21,0.0
"[80,200)",0,398,0,2022-04-21,0.0
"[80,200)",1,1077,0,2022-04-21,0.0
"[0,40)",0,26679,4,2022-04-22,0.0001499306570711046
"[0,40)",1,24974,3,2022-04-22,0.00012012492992712421
"[40,60)",0,8798,2,2022-04-22,0.00022732439190725165
"[40,60)",1,7820,1,2022-04-22,0.0001278772378516624
"[60,80)",0,3404,0,2022-04-22,0.0
"[60,80)",1,3808,0,2022-04-22,0.0
"[80,200)",0,398,0,2022-04-22,0.0
"[80,200)",1,1077,0,2022-04-22,0.0
"[0,40)",0,26675,1,2022-04-23,3.748828491096532e-05
"[0,40)",1,24971,0,2022-04-23,0.0
"[40,60)",0,8796,0,2022-04-23,0.0
"[40,60)",1,7818,0,2022-04-23,0.0
"[60,80)",0,3403,0,2022-04-23,0.0
"[60,80)",1,3808,0,2022-04-23,0.0
"[80,200)",0,398,0,2022-04-23,0.0
"[80,200)",1,1076,0,2022-04-23,0.0
"[0,40)",0,26674,0,2022-04-24,0.0
"[0,40)",1,24971,0,2022-04-24,0.0
"[40,60)",0,8796,0,2022-04-24,0.0
"[40,60)",1,7818,0,2022-04-24,0.0
"[60,80)",0,3402,0,2022-04-24,0.0
"[60,80)",1,3807,0,2022-04-24,0.0
"[80,200)",0,398,0,2022-04-24,0.0
"[80,200)",1,1076,0,2022-04-24,0.0
"[0,40)",0,26674,0,2022-04-25,0.0
"[0,40)",1,24971,2,2022-04-25,8.00929077730167e-05
"[40,60)",0,8796,0,2022-04-25,0.0
"[40,60)",1,7818,1,2022-04-25,0.00012790995139421848
"[60,80)",0,3402,0,2022-04-25,0.0
"[60,80)",1,3807,0,2022-04-25,0.0
"[80,200)",0,398,0,2022-04-25,0.0
"[80,200)",1,1076,0,2022-04-25,0.0
"[0,40)",0,26674,0,2022-04-26,0.0
"[0,40)",1,24969,0,2022-04-26,0.0
"[40,60)",0,8796,0,2022-04-26,0.0
"[40,60)",1,7817,0,2022-04-26,0.0
"[60,80)",0,3402,0,2022-04-26,0.0
"[60,80)",1,3807,0,2022-04-26,0.0
"[80,200)",0,398,0,2022-04-26,0.0
"[80,200)",1,1076,0,2022-04-26,0.0
"[0,40)",0,26674,1,2022-04-27,3.748969033515783e-05
"[0,40)",1,24969,3,2022-04-27,0.00012014898474107894
"[40,60)",0,8796,1,2022-04-27,0.00011368804001819008
"[40,60)",1,7817,1,2022-04-27,0.0001279263144428809
"[60,80)",0,3402,1,2022-04-27,0.00029394473838918284
"[60,80)",1,3807,0,2022-04-27,0.0
"[80,200)",0,398,0,2022-04-27,0.0
"[80,200)",1,1076,0,2022-04-27,0.0
"[0,40)",0,26673,0,2022-04-28,0.0
"[0,40)",1,24966,0,2022-04-28,0.0
"[40,60)",0,8795,0,2022-04-28,0.0
"[40,60)",1,7816,1,2022-04-28,0.00012794268167860799
"[60,80)",0,3400,1,2022-04-28,0.0002941176470588235
"[60,80)",1,3807,0,2022-04-28,0.0
"[80,200)",0,398,0,2022-04-28,0.0
"[80,200)",1,1076,0,2022-04-28,0.0
"[0,40)",0,26673,2,2022-04-29,7.498219172946425e-05
"[0,40)",1,24966,3,2022-04-29,0.0001201634222542658
"[40,60)",0,8795,1,2022-04-29,0.00011370096645821489
"[40,60)",1,7815,2,2022-04-29,0.0002559181062060141
"[60,80)",0,3398,0,2022-04-29,0.0
"[60,80)",1,3806,0,2022-04-29,0.0
"[80,200)",0,398,0,2022-04-29,0.0
"[80,200)",1,1076,0,2022-04-29,0.0
"[0,40)",0,26671,1,2022-04-30,3.749390724007349e-05
"[0,40)",1,24963,0,2022-04-30,0.0
"[40,60)",0,8794,1,2022-04-30,0.00011371389583807141
"[40,60)",1,7813,0,2022-04-30,0.0
"[60,80)",0,3398,0,2022-04-30,0.0
"[60,80)",1,3806,0,2022-04-30,0.0
"[80,200)",0,398,0,2022-04-30,0.0
"[80,200)",1,1075,0,2022-04-30,0.0
"[0,40)",0,26670,0,2022-05-01,0.0
"[0,40)",1,24963,0,2022-05-01,0.0
"[40,60)",0,8793,0,2022-05-01,0.0
"[40,60)",1,7813,0,2022-05-01,0.0
"[60,80)",0,3398,0,2022-05-01,0.0
"[60,80)",1,3806,0,2022-05-01,0.0
"[80,200)",0,398,0,2022-05-01,0.0
"[80,200)",1,1073,0,2022-05-01,0.0
"[0,40)",0,26670,1,2022-05-02,3.749531308586427e-05
"[0,40)",1,24963,1,2022-05-02,4.0059287745863876e-05
"[40,60)",0,8793,1,2022-05-02,0.00011372682815876265
"[40,60)",1,7813,1,2022-05-02,0.00012799180852425445
"[60,80)",0,3396,1,2022-05-02,0.0002944640753828033
"[60,80)",1,3806,2,2022-05-02,0.0005254860746190226
"[80,200)",0,397,0,2022-05-02,0.0
"[80,200)",1,1073,0,2022-05-02,0.0
"[0,40)",0,26668,1,2022-05-03,3.749812509374531e-05
"[0,40)",1,24962,4,2022-05-03,0.00016024357022674467
"[40,60)",0,8791,0,2022-05-03,0.0
"[40,60)",1,7812,0,2022-05-03,0.0
"[60,80)",0,3394,1,2022-05-03,0.0002946375957572186
"[60,80)",1,3804,0,2022-05-03,0.0
"[80,200)",0,396,0,2022-05-03,0.0
"[80,200)",1,1071,0,2022-05-03,0.0
"[0,40)",0,26667,2,2022-05-04,7.49990625117186e-05
"[0,40)",1,24958,2,2022-05-04,8.01346261719689e-05
"[40,60)",0,8791,0,2022-05-04,0.0
"[40,60)",1,7812,1,2022-05-04,0.00012800819252432156
"[60,80)",0,3393,0,2022-05-04,0.0
"[60,80)",1,3804,0,2022-05-04,0.0
"[80,200)",0,396,0,2022-05-04,0.0
"[80,200)",1,1071,0,2022-05-04,0.0
"[0,40)",0,26665,1,2022-05-05,3.750234389649353e-05
"[0,40)",1,24956,1,2022-05-05,4.007052412245552e-05
"[40,60)",0,8791,0,2022-05-05,0.0
"[40,60)",1,7811,0,2022-05-05,0.0
"[60,80)",0,3393,0,2022-05-05,0.0
"[60,80)",1,3804,0,2022-05-05,0.0
"[80,200)",0,396,0,2022-05-05,0.0
"[80,200)",1,1070,0,2022-05-05,0.0
"[0,40)",0,26664,2,2022-05-06,7.500750075007501e-05
"[0,40)",1,24955,1,2022-05-06,4.007212983370066e-05
"[40,60)",0,8791,0,2022-05-06,0.0
"[40,60)",1,7811,0,2022-05-06,0.0
"[60,80)",0,3393,0,2022-05-06,0.0
"[60,80)",1,3804,0,2022-05-06,0.0
"[80,200)",0,396,0,2022-05-06,0.0
"[80,200)",1,1070,0,2022-05-06,0.0
"[0,40)",0,26662,0,2022-05-07,0.0
"[0,40)",1,24954,1,2022-05-07,4.0073735673639494e-05
"[40,60)",0,8790,0,2022-05-07,0.0
"[40,60)",1,7810,0,2022-05-07,0.0
"[60,80)",0,3393,0,2022-05-07,0.0
"[60,80)",1,3804,0,2022-05-07,0.0
"[80,200)",0,396,0,2022-05-07,0.0
"[80,200)",1,1070,0,2022-05-07,0.0
"[0,40)",0,26662,0,2022-05-08,0.0
"[0,40)",1,24952,0,2022-05-08,0.0
"[40,60)",0,8788,0,2022-05-08,0.0
"[40,60)",1,7810,0,2022-05-08,0.0
"[60,80)",0,3393,0,2022-05-08,0.0
"[60,80)",1,3804,0,2022-05-08,0.0
"[80,200)",0,396,0,2022-05-08,0.0
"[80,200)",1,1070,0,2022-05-08,0.0
"[0,40)",0,26662,0,2022-05-09,0.0
"[0,40)",1,24952,0,2022-05-09,0.0
"[40,60)",0,8788,1,2022-05-09,0.0001137915339098771
"[40,60)",1,7810,0,2022-05-09,0.0
"[60,80)",0,3392,1,2022-05-09,0.00029481132075471697
"[60,80)",1,3804,0,2022-05-09,0.0
"[80,200)",0,396,0,2022-05-09,0.0
"[80,200)",1,1069,0,2022-05-09,0.0
"[0,40)",0,26662,1,2022-05-10,3.7506563648638515e-05
"[0,40)",1,24952,2,2022-05-10,8.01538954793203e-05
"[40,60)",0,8787,0,2022-05-10,0.0
"[40,60)",1,7810,0,2022-05-10,0.0
"[60,80)",0,3390,0,2022-05-10,0.0
"[60,80)",1,3804,0,2022-05-10,0.0
"[80,200)",0,395,0,2022-05-10,0.0
"[80,200)",1,1068,0,2022-05-10,0.0
"[0,40)",0,26661,2,2022-05-11,7.501594088743858e-05
"[0,40)",1,24950,0,2022-05-11,0.0
"[40,60)",0,8787,1,2022-05-11,0.00011380448389666553
"[40,60)",1,7810,1,2022-05-11,0.00012804097311139564
"[60,80)",0,3390,0,2022-05-11,0.0
"[60,80)",1,3804,0,2022-05-11,0.0
"[80,200)",0,395,0,2022-05-11,0.0
"[80,200)",1,1068,0,2022-05-11,0.0
"[0,40)",0,26659,1,2022-05-12,3.7510784350500766e-05
"[0,40)",1,24950,4,2022-05-12,0.00016032064128256512
"[40,60)",0,8786,0,2022-05-12,0.0
"[40,60)",1,7809,0,2022-05-12,0.0
"[60,80)",0,3390,0,2022-05-12,0.0
"[60,80)",1,3804,0,2022-05-12,0.0
"[80,200)",0,395,0,2022-05-12,0.0
"[80,200)",1,1068,0,2022-05-12,0.0
"[0,40)",0,26657,1,2022-05-13,3.751359867952133e-05
"[0,40)",1,24946,3,2022-05-13,0.00012025976108394131
"[40,60)",0,8786,0,2022-05-13,0.0
"[40,60)",1,7809,1,2022-05-13,0.00012805736970162632
"[60,80)",0,3390,0,2022-05-13,0.0
"[60,80)",1,3804,1,2022-05-13,0.0002628811777076761
"[80,200)",0,395,0,2022-05-13,0.0
"[80,200)",1,1068,0,2022-05-13,0.0
"[0,40)",0,26656,0,2022-05-14,0.0
"[0,40)",1,24943,0,2022-05-14,0.0
"[40,60)",0,8786,0,2022-05-14,0.0
"[40,60)",1,7808,0,2022-05-14,0.0
"[60,80)",0,3389,0,2022-05-14,0.0
"[60,80)",1,3803,0,2022-05-14,0.0
"[80,200)",0,395,0,2022-05-14,0.0
"[80,200)",1,1067,0,2022-05-14,0.0
"[0,40)",0,26656,0,2022-05-15,0.0
"[0,40)",1,24943,0,2022-05-15,0.0
"[40,60)",0,8786,0,2022-05-15,0.0
"[40,60)",1,7808,0,2022-05-15,0.0
"[60,80)",0,3389,0,2022-05-15,0.0
"[60,80)",1,3803,0,2022-05-15,0.0
"[80,200)",0,395,0,2022-05-15,0.0
"[80,200)",1,1067,0,2022-05-15,0.0
"[0,40)",0,26656,0,2022-05-16,0.0
"[0,40)",1,24943,2,2022-05-16,8.018281682235497e-05
"[40,60)",0,8786,0,2022-05-16,0.0
"[40,60)",1,7808,0,2022-05-16,0.0
"[60,80)",0,3389,0,2022-05-16,0.0
"[60,80)",1,3803,0,2022-05-16,0.0
"[80,200)",0,395,0,2022-05-16,0.0
"[80,200)",1,1067,0,2022-05-16,0.0
"[0,40)",0,26656,0,2022-05-17,0.0
"[0,40)",1,24941,1,2022-05-17,4.0094623311013995e-05
"[40,60)",0,8785,1,2022-05-17,0.00011383039271485487
"[40,60)",1,7808,1,2022-05-17,0.00012807377049180329
"[60,80)",0,3388,0,2022-05-17,0.0
"[60,80)",1,3803,0,2022-05-17,0.0
"[80,200)",0,395,0,2022-05-17,0.0
"[80,200)",1,1067,1,2022-05-17,0.0009372071227741331
"[0,40)",0,26656,1,2022-05-18,3.751500600240096e-05
"[0,40)",1,24940,4,2022-05-18,0.00016038492381716118
"[40,60)",0,8784,1,2022-05-18,0.00011384335154826958
"[40,60)",1,7807,1,2022-05-18,0.0001280901754835404
"[60,80)",0,3388,0,2022-05-18,0.0
"[60,80)",1,3803,0,2022-05-18,0.0
"[80,200)",0,395,0,2022-05-18,0.0
"[80,200)",1,1066,0,2022-05-18,0.0
"[0,40)",0,26655,1,2022-05-19,3.7516413430876005e-05
"[0,40)",1,24936,1,2022-05-19,4.0102662816811036e-05
"[40,60)",0,8783,0,2022-05-19,0.0
"[40,60)",1,7806,0,2022-05-19,0.0
"[60,80)",0,3388,0,2022-05-19,0.0
"[60,80)",1,3803,0,2022-05-19,0.0
"[80,200)",0,395,0,2022-05-19,0.0
"[80,200)",1,1066,0,2022-05-19,0.0
"[0,40)",0,26654,0,2022-05-20,0.0
"[0,40)",1,24935,4,2022-05-20,0.00016041708441949068
"[40,60)",0,8783,0,2022-05-20,0.0
"[40,60)",1,7806,1,2022-05-20,0.00012810658467845247
"[60,80)",0,3388,0,2022-05-20,0.0
"[60,80)",1,3803,0,2022-05-20,0.0
"[80,200)",0,395,0,2022-05-20,0.0
"[80,200)",1,1066,0,2022-05-20,0.0
"[0,40)",0,26654,1,2022-05-21,3.7517820964958355e-05
"[0,40)",1,24931,0,2022-05-21,0.0
"[40,60)",0,8783,0,2022-05-21,0.0
"[40,60)",1,7805,0,2022-05-21,0.0
"[60,80)",0,3387,0,2022-05-21,0.0
"[60,80)",1,3803,0,2022-05-21,0.0
"[80,200)",0,395,0,2022-05-21,0.0
"[80,200)",1,1066,0,2022-05-21,0.0
"[0,40)",0,26653,0,2022-05-22,0.0
"[0,40)",1,24931,0,2022-05-22,0.0
"[40,60)",0,8783,0,2022-05-22,0.0
"[40,60)",1,7805,0,2022-05-22,0.0
"[60,80)",0,3387,0,2022-05-22,0.0
"[60,80)",1,3803,0,2022-05-22,0.0
"[80,200)",0,395,0,2022-05-22,0.0
"[80,200)",1,1066,0,2022-05-22,0.0
"[0,40)",0,26653,0,2022-05-23,0.0
"[0,40)",1,24931,0,2022-05-23,0.0
"[40,60)",0,8783,0,2022-05-23,0.0
"[40,60)",1,7805,0,2022-05-23,0.0
"[60,80)",0,3386,0,2022-05-23,0.0
"[60,80)",1,3803,0,2022-05-23,0.0
"[80,200)",0,395,0,2022-05-23,0.0
"[80,200)",1,1066,0,2022-05-23,0.0
"[0,40)",0,26653,0,2022-05-24,0.0
"[0,40)",1,24931,0,2022-05-24,0.0
"[40,60)",0,8783,0,2022-05-24,0.0
"[40,60)",1,7805,0,2022-05-24,0.0
"[60,80)",0,3386,0,2022-05-24,0.0
"[60,80)",1,3803,0,2022-05-24,0.0
"[80,200)",0,395,0,2022-05-24,0.0
"[80,200)",1,1066,0,2022-05-24,0.0
"[0,40)",0,26653,3,2022-05-25,0.00011255768581397966
"[0,40)",1,24931,2,2022-05-25,8.022141109462116e-05
"[40,60)",0,8783,2,2022-05-25,0.00022771262666514857
"[40,60)",1,7805,0,2022-05-25,0.0
"[60,80)",0,3386,0,2022-05-25,0.0
"[60,80)",1,3803,0,2022-05-25,0.0
"[80,200)",0,395,0,2022-05-25,0.0
"[80,200)",1,1065,0,2022-05-25,0.0
"[0,40)",0,26650,3,2022-05-26,0.0001125703564727955
"[0,40)",1,24929,1,2022-05-26,4.011392354286173e-05
"[40,60)",0,8781,0,2022-05-26,0.0
"[40,60)",1,7804,0,2022-05-26,0.0
"[60,80)",0,3386,0,2022-05-26,0.0
"[60,80)",1,3800,0,2022-05-26,0.0
"[80,200)",0,395,0,2022-05-26,0.0
"[80,200)",1,1065,0,2022-05-26,0.0
"[0,40)",0,26647,0,2022-05-27,0.0
"[0,40)",1,24928,2,2022-05-27,8.023106546854942e-05
"[40,60)",0,8781,0,2022-05-27,0.0
"[40,60)",1,7804,0,2022-05-27,0.0
"[60,80)",0,3386,1,2022-05-27,0.00029533372711163615
"[60,80)",1,3800,0,2022-05-27,0.0
"[80,200)",0,395,0,2022-05-27,0.0
"[80,200)",1,1064,0,2022-05-27,0.0
"[0,40)",0,26647,1,2022-05-28,3.7527676661537886e-05
"[0,40)",1,24926,0,2022-05-28,0.0
"[40,60)",0,8780,0,2022-05-28,0.0
"[40,60)",1,7803,0,2022-05-28,0.0
"[60,80)",0,3385,0,2022-05-28,0.0
"[60,80)",1,3800,0,2022-05-28,0.0
"[80,200)",0,395,0,2022-05-28,0.0
"[80,200)",1,1064,1,2022-05-28,0.0009398496240601503
"[0,40)",0,26646,0,2022-05-29,0.0
"[0,40)",1,24926,0,2022-05-29,0.0
"[40,60)",0,8780,0,2022-05-29,0.0
"[40,60)",1,7803,0,2022-05-29,0.0
"[60,80)",0,3385,0,2022-05-29,0.0
"[60,80)",1,3800,0,2022-05-29,0.0
"[80,200)",0,395,0,2022-05-29,0.0
"[80,200)",1,1063,0,2022-05-29,0.0
"[0,40)",0,26646,0,2022-05-30,0.0
"[0,40)",1,24926,1,2022-05-30,4.011875150445318e-05
"[40,60)",0,8780,1,2022-05-30,0.00011389521640091117
"[40,60)",1,7803,0,2022-05-30,0.0
"[60,80)",0,3384,0,2022-05-30,0.0
"[60,80)",1,3800,0,2022-05-30,0.0
"[80,200)",0,395,0,2022-05-30,0.0
"[80,200)",1,1063,0,2022-05-30,0.0
"[0,40)",0,26646,0,2022-05-31,0.0
"[0,40)",1,24925,1,2022-05-31,4.012036108324975e-05
"[40,60)",0,8779,0,2022-05-31,0.0
"[40,60)",1,7803,0,2022-05-31,0.0
"[60,80)",0,3384,0,2022-05-31,0.0
"[60,80)",1,3800,0,2022-05-31,0.0
"[80,200)",0,395,0,2022-05-31,0.0
"[80,200)",1,1063,0,2022-05-31,0.0
"[0,40)",0,26646,1,2022-06-01,3.75290850409067e-05
"[0,40)",1,24924,1,2022-06-01,4.012197079120526e-05
"[40,60)",0,8779,0,2022-06-01,0.0
"[40,60)",1,7803,1,2022-06-01,0.00012815583749839805
"[60,80)",0,3383,0,2022-06-01,0.0
"[60,80)",1,3800,0,2022-06-01,0.0
"[80,200)",0,395,0,2022-06-01,0.0
"[80,200)",1,1061,0,2022-06-01,0.0
"[0,40)",0,26645,1,2022-06-02,3.7530493525989866e-05
"[0,40)",1,24923,0,2022-06-02,0.0
"[40,60)",0,8778,0,2022-06-02,0.0
"[40,60)",1,7802,0,2022-06-02,0.0
"[60,80)",0,3383,0,2022-06-02,0.0
"[60,80)",1,3800,0,2022-06-02,0.0
"[80,200)",0,394,0,2022-06-02,0.0
"[80,200)",1,1061,0,2022-06-02,0.0
"[0,40)",0,26644,3,2022-06-03,0.00011259570635039784
"[0,40)",1,24923,2,2022-06-03,8.024716125667054e-05
"[40,60)",0,8778,0,2022-06-03,0.0
"[40,60)",1,7802,1,2022-06-03,0.0001281722635221738
"[60,80)",0,3383,0,2022-06-03,0.0
"[60,80)",1,3800,0,2022-06-03,0.0
"[80,200)",0,394,0,2022-06-03,0.0
"[80,200)",1,1061,0,2022-06-03,0.0
"[0,40)",0,26641,0,2022-06-04,0.0
"[0,40)",1,24921,1,2022-06-04,4.0126800690180975e-05
"[40,60)",0,8778,0,2022-06-04,0.0
"[40,60)",1,7801,0,2022-06-04,0.0
"[60,80)",0,3383,0,2022-06-04,0.0
"[60,80)",1,3800,0,2022-06-04,0.0
"[80,200)",0,394,0,2022-06-04,0.0
"[80,200)",1,1060,0,2022-06-04,0.0
"[0,40)",0,26641,1,2022-06-05,3.7536128523704064e-05
"[0,40)",1,24920,0,2022-06-05,0.0
"[40,60)",0,8778,0,2022-06-05,0.0
"[40,60)",1,7801,0,2022-06-05,0.0
"[60,80)",0,3383,0,2022-06-05,0.0
"[60,80)",1,3800,0,2022-06-05,0.0
"[80,200)",0,394,0,2022-06-05,0.0
"[80,200)",1,1059,0,2022-06-05,0.0
"[0,40)",0,26640,0,2022-06-06,0.0
"[0,40)",1,24920,0,2022-06-06,0.0
"[40,60)",0,8778,1,2022-06-06,0.0001139211665527455
"[40,60)",1,7801,0,2022-06-06,0.0
"[60,80)",0,3382,0,2022-06-06,0.0
"[60,80)",1,3800,0,2022-06-06,0.0
"[80,200)",0,394,0,2022-06-06,0.0
"[80,200)",1,1059,0,2022-06-06,0.0
"[0,40)",0,26640,0,2022-06-07,0.0
"[0,40)",1,24920,0,2022-06-07,0.0
"[40,60)",0,8777,1,2022-06-07,0.00011393414606357525
"[40,60)",1,7801,0,2022-06-07,0.0
"[60,80)",0,3382,0,2022-06-07,0.0
"[60,80)",1,3800,0,2022-06-07,0.0
"[80,200)",0,394,0,2022-06-07,0.0
"[80,200)",1,1059,0,2022-06-07,0.0
"[0,40)",0,26640,3,2022-06-08,0.00011261261261261261
"[0,40)",1,24920,2,2022-06-08,8.025682182985554e-05
"[40,60)",0,8775,0,2022-06-08,0.0
"[40,60)",1,7801,0,2022-06-08,0.0
"[60,80)",0,3382,0,2022-06-08,0.0
"[60,80)",1,3800,0,2022-06-08,0.0
"[80,200)",0,394,0,2022-06-08,0.0
"[80,200)",1,1059,0,2022-06-08,0.0
"[0,40)",0,26637,1,2022-06-09,3.754176521380035e-05
"[0,40)",1,24918,1,2022-06-09,4.013163175214704e-05
"[40,60)",0,8775,0,2022-06-09,0.0
"[40,60)",1,7801,0,2022-06-09,0.0
"[60,80)",0,3382,0,2022-06-09,0.0
"[60,80)",1,3800,0,2022-06-09,0.0
"[80,200)",0,394,0,2022-06-09,0.0
"[80,200)",1,1058,0,2022-06-09,0.0
"[0,40)",0,26636,3,2022-06-10,0.00011262952395254542
"[0,40)",1,24917,1,2022-06-10,4.013324236465064e-05
"[40,60)",0,8775,0,2022-06-10,0.0
"[40,60)",1,7801,1,2022-06-10,0.00012818869375721061
"[60,80)",0,3382,0,2022-06-10,0.0
"[60,80)",1,3800,1,2022-06-10,0.0002631578947368421
"[80,200)",0,394,0,2022-06-10,0.0
"[80,200)",1,1058,0,2022-06-10,0.0
"[0,40)",0,26633,1,2022-06-11,3.754740359704126e-05
"[0,40)",1,24916,0,2022-06-11,0.0
"[40,60)",0,8775,0,2022-06-11,0.0
"[40,60)",1,7800,0,2022-06-11,0.0
"[60,80)",0,3382,0,2022-06-11,0.0
"[60,80)",1,3799,0,2022-06-11,0.0
"[80,200)",0,393,0,2022-06-11,0.0
"[80,200)",1,1057,0,2022-06-11,0.0
"[0,40)",0,26632,0,2022-06-12,0.0
"[0,40)",1,24916,0,2022-06-12,0.0
"[40,60)",0,8775,0,2022-06-12,0.0
"[40,60)",1,7800,0,2022-06-12,0.0
"[60,80)",0,3381,0,2022-06-12,0.0
"[60,80)",1,3798,0,2022-06-12,0.0
"[80,200)",0,393,0,2022-06-12,0.0
"[80,200)",1,1057,0,2022-06-12,0.0
"[0,40)",0,26632,1,2022-06-13,3.7548813457494744e-05
"[0,40)",1,24916,0,2022-06-13,0.0
"[40,60)",0,8775,0,2022-06-13,0.0
"[40,60)",1,7800,0,2022-06-13,0.0
"[60,80)",0,3381,0,2022-06-13,0.0
"[60,80)",1,3797,0,2022-06-13,0.0
"[80,200)",0,393,0,2022-06-13,0.0
"[80,200)",1,1056,0,2022-06-13,0.0
"[0,40)",0,26631,1,2022-06-14,3.755022342382937e-05
"[0,40)",1,24916,0,2022-06-14,0.0
"[40,60)",0,8775,1,2022-06-14,0.00011396011396011396
"[40,60)",1,7800,0,2022-06-14,0.0
"[60,80)",0,3381,1,2022-06-14,0.0002957704821058858
"[60,80)",1,3796,0,2022-06-14,0.0
"[80,200)",0,393,0,2022-06-14,0.0
"[80,200)",1,1054,0,2022-06-14,0.0
"[0,40)",0,26630,2,2022-06-15,7.510326699211416e-05
"[0,40)",1,24916,1,2022-06-15,4.013485310643763e-05
"[40,60)",0,8774,0,2022-06-15,0.0
"[40,60)",1,7800,0,2022-06-15,0.0
"[60,80)",0,3379,0,2022-06-15,0.0
"[60,80)",1,3796,0,2022-06-15,0.0
"[80,200)",0,393,0,2022-06-15,0.0
"[80,200)",1,1053,0,2022-06-15,0.0
"[0,40)",0,26628,0,2022-06-16,0.0
"[0,40)",1,24915,0,2022-06-16,0.0
"[40,60)",0,8774,0,2022-06-16,0.0
"[40,60)",1,7800,0,2022-06-16,0.0
"[60,80)",0,3379,0,2022-06-16,0.0
"[60,80)",1,3796,0,2022-06-16,0.0
"[80,200)",0,393,0,2022-06-16,0.0
"[80,200)",1,1053,0,2022-06-16,0.0
"[0,40)",0,26628,2,2022-06-17,7.51089079164789e-05
"[0,40)",1,24915,0,2022-06-17,0.0
"[40,60)",0,8774,1,2022-06-17,0.00011397310234784591
"[40,60)",1,7800,0,2022-06-17,0.0
"[60,80)",0,3379,1,2022-06-17,0.0002959455460195324
"[60,80)",1,3796,0,2022-06-17,0.0
"[80,200)",0,393,0,2022-06-17,0.0
"[80,200)",1,1052,0,2022-06-17,0.0
"[0,40)",0,26626,0,2022-06-18,0.0
"[0,40)",1,24915,0,2022-06-18,0.0
"[40,60)",0,8773,0,2022-06-18,0.0
"[40,60)",1,7800,0,2022-06-18,0.0
"[60,80)",0,3378,0,2022-06-18,0.0
"[60,80)",1,3796,0,2022-06-18,0.0
"[80,200)",0,393,0,2022-06-18,0.0
"[80,200)",1,1051,0,2022-06-18,0.0
"[0,40)",0,26626,0,2022-06-19,0.0
"[0,40)",1,24915,0,2022-06-19,0.0
"[40,60)",0,8773,0,2022-06-19,0.0
"[40,60)",1,7800,0,2022-06-19,0.0
"[60,80)",0,3378,0,2022-06-19,0.0
"[60,80)",1,3796,0,2022-06-19,0.0
"[80,200)",0,393,0,2022-06-19,0.0
"[80,200)",1,1051,0,2022-06-19,0.0
"[0,40)",0,26626,1,2022-06-20,3.755727484413731e-05
"[0,40)",1,24915,0,2022-06-20,0.0
"[40,60)",0,8773,0,2022-06-20,0.0
"[40,60)",1,7800,0,2022-06-20,0.0
"[60,80)",0,3378,0,2022-06-20,0.0
"[60,80)",1,3796,0,2022-06-20,0.0
"[80,200)",0,393,0,2022-06-20,0.0
"[80,200)",1,1049,0,2022-06-20,0.0
"[0,40)",0,26625,0,2022-06-21,0.0
"[0,40)",1,24915,0,2022-06-21,0.0
"[40,60)",0,8773,0,2022-06-21,0.0
"[40,60)",1,7800,0,2022-06-21,0.0
"[60,80)",0,3378,0,2022-06-21,0.0
"[60,80)",1,3796,0,2022-06-21,0.0
"[80,200)",0,392,0,2022-06-21,0.0
"[80,200)",1,1049,0,2022-06-21,0.0
"[0,40)",0,26625,0,2022-06-22,0.0
"[0,40)",1,24915,1,2022-06-22,4.013646397752358e-05
"[40,60)",0,8773,0,2022-06-22,0.0
"[40,60)",1,7800,0,2022-06-22,0.0
"[60,80)",0,3378,0,2022-06-22,0.0
"[60,80)",1,3796,1,2022-06-22,0.00026343519494204424
"[80,200)",0,392,0,2022-06-22,0.0
"[80,200)",1,1049,0,2022-06-22,0.0
"[0,40)",0,26625,0,2022-06-23,0.0
"[0,40)",1,24914,0,2022-06-23,0.0
"[40,60)",0,8773,0,2022-06-23,0.0
"[40,60)",1,7800,0,2022-06-23,0.0
"[60,80)",0,3378,0,2022-06-23,0.0
"[60,80)",1,3795,0,2022-06-23,0.0
"[80,200)",0,392,0,2022-06-23,0.0
"[80,200)",1,1048,0,2022-06-23,0.0
"[0,40)",0,26625,0,2022-06-24,0.0
"[0,40)",1,24914,2,2022-06-24,8.027614995584812e-05
"[40,60)",0,8773,0,2022-06-24,0.0
"[40,60)",1,7800,1,2022-06-24,0.0001282051282051282
"[60,80)",0,3377,0,2022-06-24,0.0
"[60,80)",1,3795,0,2022-06-24,0.0
"[80,200)",0,392,0,2022-06-24,0.0
"[80,200)",1,1046,0,2022-06-24,0.0
"[0,40)",0,26625,0,2022-06-25,0.0
"[0,40)",1,24911,0,2022-06-25,0.0
"[40,60)",0,8773,0,2022-06-25,0.0
"[40,60)",1,7799,0,2022-06-25,0.0
"[60,80)",0,3377,0,2022-06-25,0.0
"[60,80)",1,3795,0,2022-06-25,0.0
"[80,200)",0,392,0,2022-06-25,0.0
"[80,200)",1,1046,0,2022-06-25,0.0
"[0,40)",0,26625,0,2022-06-26,0.0
"[0,40)",1,24911,0,2022-06-26,0.0
"[40,60)",0,8773,0,2022-06-26,0.0
"[40,60)",1,7799,0,2022-06-26,0.0
"[60,80)",0,3377,0,2022-06-26,0.0
"[60,80)",1,3795,0,2022-06-26,0.0
"[80,200)",0,392,0,2022-06-26,0.0
"[80,200)",1,1046,0,2022-06-26,0.0
"[0,40)",0,26625,0,2022-06-27,0.0
"[0,40)",1,24911,4,2022-06-27,0.0001605716350206736
"[40,60)",0,8772,1,2022-06-27,0.00011399908800729594
"[40,60)",1,7799,0,2022-06-27,0.0
"[60,80)",0,3377,0,2022-06-27,0.0
"[60,80)",1,3795,0,2022-06-27,0.0
"[80,200)",0,392,0,2022-06-27,0.0
"[80,200)",1,1046,0,2022-06-27,0.0
"[0,40)",0,26625,2,2022-06-28,7.511737089201878e-05
"[0,40)",1,24907,0,2022-06-28,0.0
"[40,60)",0,8770,0,2022-06-28,0.0
"[40,60)",1,7799,1,2022-06-28,0.00012822156686754713
"[60,80)",0,3376,0,2022-06-28,0.0
"[60,80)",1,3794,0,2022-06-28,0.0
"[80,200)",0,392,0,2022-06-28,0.0
"[80,200)",1,1044,0,2022-06-28,0.0
"[0,40)",0,26623,2,2022-06-29,7.512301393531909e-05
"[0,40)",1,24907,2,2022-06-29,8.029871120568515e-05
"[40,60)",0,8770,1,2022-06-29,0.00011402508551881414
"[40,60)",1,7798,1,2022-06-29,0.00012823800974608873
"[60,80)",0,3376,0,2022-06-29,0.0
"[60,80)",1,3794,0,2022-06-29,0.0
"[80,200)",0,392,0,2022-06-29,0.0
"[80,200)",1,1043,0,2022-06-29,0.0
"[0,40)",0,26621,2,2022-06-30,7.512865782652793e-05
"[0,40)",1,24905,1,2022-06-30,4.015257980325236e-05
"[40,60)",0,8769,0,2022-06-30,0.0
"[40,60)",1,7797,0,2022-06-30,0.0
"[60,80)",0,3374,0,2022-06-30,0.0
"[60,80)",1,3794,0,2022-06-30,0.0
"[80,200)",0,392,0,2022-06-30,0.0
"[80,200)",1,1043,0,2022-06-30,0.0
"[0,40)",0,26619,3,2022-07-01,0.00011270145384875464
"[0,40)",1,24904,0,2022-07-01,0.0
"[40,60)",0,8769,0,2022-07-01,0.0
"[40,60)",1,7797,0,2022-07-01,0.0
"[60,80)",0,3373,0,2022-07-01,0.0
"[60,80)",1,3794,0,2022-07-01,0.0
"[80,200)",0,391,0,2022-07-01,0.0
"[80,200)",1,1042,0,2022-07-01,0.0
"[0,40)",0,26616,0,2022-07-02,0.0
"[0,40)",1,24904,0,2022-07-02,0.0
"[40,60)",0,8769,0,2022-07-02,0.0
"[40,60)",1,7797,0,2022-07-02,0.0
"[60,80)",0,3372,0,2022-07-02,0.0
"[60,80)",1,3794,0,2022-07-02,0.0
"[80,200)",0,391,0,2022-07-02,0.0
"[80,200)",1,1042,0,2022-07-02,0.0
"[0,40)",0,26616,0,2022-07-03,0.0
"[0,40)",1,24904,0,2022-07-03,0.0
"[40,60)",0,8769,0,2022-07-03,0.0
"[40,60)",1,7797,0,2022-07-03,0.0
"[60,80)",0,3372,0,2022-07-03,0.0
"[60,80)",1,3794,0,2022-07-03,0.0
"[80,200)",0,391,0,2022-07-03,0.0
"[80,200)",1,1042,0,2022-07-03,0.0
"[0,40)",0,26616,0,2022-07-04,0.0
"[0,40)",1,24904,2,2022-07-04,8.030838419531e-05
"[40,60)",0,8769,0,2022-07-04,0.0
"[40,60)",1,7797,0,2022-07-04,0.0
"[60,80)",0,3372,0,2022-07-04,0.0
"[60,80)",1,3793,0,2022-07-04,0.0
"[80,200)",0,391,0,2022-07-04,0.0
"[80,200)",1,1040,0,2022-07-04,0.0
"[0,40)",0,26616,0,2022-07-05,0.0
"[0,40)",1,24902,0,2022-07-05,0.0
"[40,60)",0,8769,0,2022-07-05,0.0
"[40,60)",1,7797,0,2022-07-05,0.0
"[60,80)",0,3372,0,2022-07-05,0.0
"[60,80)",1,3792,0,2022-07-05,0.0
"[80,200)",0,391,0,2022-07-05,0.0
"[80,200)",1,1040,0,2022-07-05,0.0
"[0,40)",0,26616,0,2022-07-06,0.0
"[0,40)",1,24902,0,2022-07-06,0.0
"[40,60)",0,8769,0,2022-07-06,0.0
"[40,60)",1,7797,0,2022-07-06,0.0
"[60,80)",0,3371,0,2022-07-06,0.0
"[60,80)",1,3792,0,2022-07-06,0.0
"[80,200)",0,391,0,2022-07-06,0.0
"[80,200)",1,1038,0,2022-07-06,0.0
"[0,40)",0,26616,1,2022-07-07,3.757138563270213e-05
"[0,40)",1,24902,1,2022-07-07,4.015741707493374e-05
"[40,60)",0,8769,1,2022-07-07,0.00011403808872163302
"[40,60)",1,7797,0,2022-07-07,0.0
"[60,80)",0,3371,0,2022-07-07,0.0
"[60,80)",1,3792,0,2022-07-07,0.0
"[80,200)",0,391,0,2022-07-07,0.0
"[80,200)",1,1037,0,2022-07-07,0.0
"[0,40)",0,26615,1,2022-07-08,3.7572797294758594e-05
"[0,40)",1,24901,1,2022-07-08,4.015902975784105e-05
"[40,60)",0,8768,0,2022-07-08,0.0
"[40,60)",1,7797,0,2022-07-08,0.0
"[60,80)",0,3370,0,2022-07-08,0.0
"[60,80)",1,3792,0,2022-07-08,0.0
"[80,200)",0,391,0,2022-07-08,0.0
"[80,200)",1,1036,0,2022-07-08,0.0
"[0,40)",0,26614,0,2022-07-09,0.0
"[0,40)",1,24900,0,2022-07-09,0.0
"[40,60)",0,8768,0,2022-07-09,0.0
"[40,60)",1,7797,0,2022-07-09,0.0
"[60,80)",0,3369,0,2022-07-09,0.0
"[60,80)",1,3791,0,2022-07-09,0.0
"[80,200)",0,390,0,2022-07-09,0.0
"[80,200)",1,1036,0,2022-07-09,0.0
"[0,40)",0,26614,0,2022-07-10,0.0
"[0,40)",1,24900,0,2022-07-10,0.0
"[40,60)",0,8768,0,2022-07-10,0.0
"[40,60)",1,7797,0,2022-07-10,0.0
"[60,80)",0,3369,0,2022-07-10,0.0
"[60,80)",1,3791,0,2022-07-10,0.0
"[80,200)",0,390,0,2022-07-10,0.0
"[80,200)",1,1036,0,2022-07-10,0.0
"[0,40)",0,26614,2,2022-07-11,7.514841812579845e-05
"[0,40)",1,24900,0,2022-07-11,0.0
"[40,60)",0,8768,0,2022-07-11,0.0
"[40,60)",1,7797,1,2022-07-11,0.00012825445684237527
"[60,80)",0,3369,0,2022-07-11,0.0
"[60,80)",1,3791,0,2022-07-11,0.0
"[80,200)",0,390,0,2022-07-11,0.0
"[80,200)",1,1035,0,2022-07-11,0.0
"[0,40)",0,26612,0,2022-07-12,0.0
"[0,40)",1,24900,0,2022-07-12,0.0
"[40,60)",0,8768,0,2022-07-12,0.0
"[40,60)",1,7796,0,2022-07-12,0.0
"[60,80)",0,3368,0,2022-07-12,0.0
"[60,80)",1,3791,0,2022-07-12,0.0
"[80,200)",0,389,0,2022-07-12,0.0
"[80,200)",1,1035,0,2022-07-12,0.0
"[0,40)",0,26611,2,2022-07-13,7.515689000789148e-05
"[0,40)",1,24900,1,2022-07-13,4.0160642570281125e-05
"[40,60)",0,8768,2,2022-07-13,0.0002281021897810219
"[40,60)",1,7796,1,2022-07-13,0.00012827090815802975
"[60,80)",0,3368,0,2022-07-13,0.0
"[60,80)",1,3791,0,2022-07-13,0.0
"[80,200)",0,389,0,2022-07-13,0.0
"[80,200)",1,1034,0,2022-07-13,0.0
"[0,40)",0,26609,0,2022-07-14,0.0
"[0,40)",1,24899,1,2022-07-14,4.016225551226957e-05
"[40,60)",0,8766,0,2022-07-14,0.0
"[40,60)",1,7795,1,2022-07-14,0.0001282873636946761
"[60,80)",0,3368,1,2022-07-14,0.0002969121140142518
"[60,80)",1,3791,2,2022-07-14,0.0005275652862041678
"[80,200)",0,388,1,2022-07-14,0.002577319587628866
"[80,200)",1,1034,0,2022-07-14,0.0
"[0,40)",0,26608,0,2022-07-15,0.0
"[0,40)",1,24898,4,2022-07-15,0.00016065547433528798
"[40,60)",0,8765,0,2022-07-15,0.0
"[40,60)",1,7794,0,2022-07-15,0.0
"[60,80)",0,3365,0,2022-07-15,0.0
"[60,80)",1,3789,0,2022-07-15,0.0
"[80,200)",0,387,0,2022-07-15,0.0
"[80,200)",1,1034,0,2022-07-15,0.0
"[0,40)",0,26607,0,2022-07-16,0.0
"[0,40)",1,24894,0,2022-07-16,0.0
"[40,60)",0,8765,0,2022-07-16,0.0
"[40,60)",1,7794,0,2022-07-16,0.0
"[60,80)",0,3365,0,2022-07-16,0.0
"[60,80)",1,3789,0,2022-07-16,0.0
"[80,200)",0,387,0,2022-07-16,0.0
"[80,200)",1,1034,0,2022-07-16,0.0
"[0,40)",0,26607,0,2022-07-17,0.0
"[0,40)",1,24894,0,2022-07-17,0.0
"[40,60)",0,8765,0,2022-07-17,0.0
"[40,60)",1,7794,0,2022-07-17,0.0
"[60,80)",0,3365,0,2022-07-17,0.0
"[60,80)",1,3788,0,2022-07-17,0.0
"[80,200)",0,387,0,2022-07-17,0.0
"[80,200)",1,1034,0,2022-07-17,0.0
"[0,40)",0,26607,1,2022-07-18,3.7584094411245164e-05
"[0,40)",1,24894,0,2022-07-18,0.0
"[40,60)",0,8764,0,2022-07-18,0.0
"[40,60)",1,7794,1,2022-07-18,0.00012830382345393893
"[60,80)",0,3365,0,2022-07-18,0.0
"[60,80)",1,3788,0,2022-07-18,0.0
"[80,200)",0,387,0,2022-07-18,0.0
"[80,200)",1,1032,0,2022-07-18,0.0
"[0,40)",0,26606,0,2022-07-19,0.0
"[0,40)",1,24894,0,2022-07-19,0.0
"[40,60)",0,8764,0,2022-07-19,0.0
"[40,60)",1,7792,0,2022-07-19,0.0
"[60,80)",0,3364,0,2022-07-19,0.0
"[60,80)",1,3787,0,2022-07-19,0.0
"[80,200)",0,387,0,2022-07-19,0.0
"[80,200)",1,1031,0,2022-07-19,0.0
"[0,40)",0,26606,2,2022-07-20,7.517101405697962e-05
"[0,40)",1,24894,3,2022-07-20,0.00012051096649795132
"[40,60)",0,8764,0,2022-07-20,0.0
"[40,60)",1,7791,0,2022-07-20,0.0
"[60,80)",0,3364,0,2022-07-20,0.0
"[60,80)",1,3787,0,2022-07-20,0.0
"[80,200)",0,386,0,2022-07-20,0.0
"[80,200)",1,1030,0,2022-07-20,0.0
"[0,40)",0,26604,2,2022-07-21,7.517666516313337e-05
"[0,40)",1,24891,0,2022-07-21,0.0
"[40,60)",0,8763,0,2022-07-21,0.0
"[40,60)",1,7791,0,2022-07-21,0.0
"[60,80)",0,3364,0,2022-07-21,0.0
"[60,80)",1,3787,0,2022-07-21,0.0
"[80,200)",0,385,0,2022-07-21,0.0
"[80,200)",1,1029,0,2022-07-21,0.0
"[0,40)",0,26602,3,2022-07-22,0.00011277347567852042
"[0,40)",1,24891,3,2022-07-22,0.0001205254911413764
"[40,60)",0,8763,0,2022-07-22,0.0
"[40,60)",1,7791,1,2022-07-22,0.0001283532280836863
"[60,80)",0,3363,0,2022-07-22,0.0
"[60,80)",1,3787,1,2022-07-22,0.0002640612622128334
"[80,200)",0,385,0,2022-07-22,0.0
"[80,200)",1,1028,0,2022-07-22,0.0
"[0,40)",0,26599,0,2022-07-23,0.0
"[0,40)",1,24888,0,2022-07-23,0.0
"[40,60)",0,8763,0,2022-07-23,0.0
"[40,60)",1,7790,0,2022-07-23,0.0
"[60,80)",0,3363,0,2022-07-23,0.0
"[60,80)",1,3785,0,2022-07-23,0.0
"[80,200)",0,385,0,2022-07-23,0.0
"[80,200)",1,1028,0,2022-07-23,0.0
"[0,40)",0,26599,0,2022-07-24,0.0
"[0,40)",1,24888,0,2022-07-24,0.0
"[40,60)",0,8763,0,2022-07-24,0.0
"[40,60)",1,7790,0,2022-07-24,0.0
"[60,80)",0,3363,0,2022-07-24,0.0
"[60,80)",1,3785,0,2022-07-24,0.0
"[80,200)",0,385,0,2022-07-24,0.0
"[80,200)",1,1028,0,2022-07-24,0.0
"[0,40)",0,26599,0,2022-07-25,0.0
"[0,40)",1,24887,2,2022-07-25,8.036324185317635e-05
"[40,60)",0,8761,0,2022-07-25,0.0
"[40,60)",1,7790,0,2022-07-25,0.0
"[60,80)",0,3363,0,2022-07-25,0.0
"[60,80)",1,3785,0,2022-07-25,0.0
"[80,200)",0,385,0,2022-07-25,0.0
"[80,200)",1,1027,0,2022-07-25,0.0
"[0,40)",0,26599,2,2022-07-26,7.519079664649046e-05
"[0,40)",1,24885,0,2022-07-26,0.0
"[40,60)",0,8761,0,2022-07-26,0.0
"[40,60)",1,7789,0,2022-07-26,0.0
"[60,80)",0,3362,0,2022-07-26,0.0
"[60,80)",1,3785,0,2022-07-26,0.0
"[80,200)",0,385,0,2022-07-26,0.0
"[80,200)",1,1027,0,2022-07-26,0.0
"[0,40)",0,26597,1,2022-07-27,3.759822536376283e-05
"[0,40)",1,24885,1,2022-07-27,4.018485031143259e-05
"[40,60)",0,8761,0,2022-07-27,0.0
"[40,60)",1,7789,0,2022-07-27,0.0
"[60,80)",0,3361,0,2022-07-27,0.0
"[60,80)",1,3785,0,2022-07-27,0.0
"[80,200)",0,385,0,2022-07-27,0.0
"[80,200)",1,1027,0,2022-07-27,0.0
"[0,40)",0,26596,1,2022-07-28,3.759963904346518e-05
"[0,40)",1,24884,0,2022-07-28,0.0
"[40,60)",0,8761,0,2022-07-28,0.0
"[40,60)",1,7789,0,2022-07-28,0.0
"[60,80)",0,3361,0,2022-07-28,0.0
"[60,80)",1,3784,0,2022-07-28,0.0
"[80,200)",0,385,0,2022-07-28,0.0
"[80,200)",1,1027,0,2022-07-28,0.0
"[0,40)",0,26595,1,2022-07-29,3.760105282947922e-05
"[0,40)",1,24884,2,2022-07-29,8.037293039704228e-05
"[40,60)",0,8761,0,2022-07-29,0.0
"[40,60)",1,7789,1,2022-07-29,0.00012838618564642445
"[60,80)",0,3360,0,2022-07-29,0.0
"[60,80)",1,3784,1,2022-07-29,0.0002642706131078224
"[80,200)",0,385,0,2022-07-29,0.0
"[80,200)",1,1027,0,2022-07-29,0.0
"[0,40)",0,26594,0,2022-07-30,0.0
"[0,40)",1,24882,0,2022-07-30,0.0
"[40,60)",0,8761,0,2022-07-30,0.0
"[40,60)",1,7788,0,2022-07-30,0.0
"[60,80)",0,3359,0,2022-07-30,0.0
"[60,80)",1,3783,0,2022-07-30,0.0
"[80,200)",0,385,0,2022-07-30,0.0
"[80,200)",1,1027,0,2022-07-30,0.0
"[0,40)",0,26594,0,2022-07-31,0.0
"[0,40)",1,24882,0,2022-07-31,0.0
"[40,60)",0,8761,0,2022-07-31,0.0
"[40,60)",1,7788,0,2022-07-31,0.0
"[60,80)",0,3359,0,2022-07-31,0.0
"[60,80)",1,3783,0,2022-07-31,0.0
"[80,200)",0,384,0,2022-07-31,0.0
"[80,200)",1,1025,0,2022-07-31,0.0
"[0,40)",0,26594,0,2022-08-01,0.0
"[0,40)",1,24882,0,2022-08-01,0.0
"[40,60)",0,8761,0,2022-08-01,0.0
"[40,60)",1,7788,0,2022-08-01,0.0
"[60,80)",0,3359,0,2022-08-01,0.0
"[60,80)",1,3783,0,2022-08-01,0.0
"[80,200)",0,384,0,2022-08-01,0.0
"[80,200)",1,1025,0,2022-08-01,0.0
"[0,40)",0,26594,1,2022-08-02,3.760246672181695e-05
"[0,40)",1,24882,1,2022-08-02,4.018969536210915e-05
"[40,60)",0,8761,1,2022-08-02,0.0001141422212076247
"[40,60)",1,7788,0,2022-08-02,0.0
"[60,80)",0,3359,0,2022-08-02,0.0
"[60,80)",1,3782,0,2022-08-02,0.0
"[80,200)",0,384,0,2022-08-02,0.0
"[80,200)",1,1025,0,2022-08-02,0.0
"[0,40)",0,26593,1,2022-08-03,3.760388072049036e-05
"[0,40)",1,24880,0,2022-08-03,0.0
"[40,60)",0,8759,0,2022-08-03,0.0
"[40,60)",1,7788,1,2022-08-03,0.00012840267077555214
"[60,80)",0,3359,0,2022-08-03,0.0
"[60,80)",1,3782,0,2022-08-03,0.0
"[80,200)",0,384,0,2022-08-03,0.0
"[80,200)",1,1025,0,2022-08-03,0.0
"[0,40)",0,26592,0,2022-08-04,0.0
"[0,40)",1,24880,2,2022-08-04,8.038585209003216e-05
"[40,60)",0,8758,0,2022-08-04,0.0
"[40,60)",1,7787,0,2022-08-04,0.0
"[60,80)",0,3357,0,2022-08-04,0.0
"[60,80)",1,3782,0,2022-08-04,0.0
"[80,200)",0,383,0,2022-08-04,0.0
"[80,200)",1,1025,0,2022-08-04,0.0
"[0,40)",0,26592,3,2022-08-05,0.0001128158844765343
"[0,40)",1,24878,0,2022-08-05,0.0
"[40,60)",0,8758,0,2022-08-05,0.0
"[40,60)",1,7787,1,2022-08-05,0.0001284191601386927
"[60,80)",0,3355,0,2022-08-05,0.0
"[60,80)",1,3782,0,2022-08-05,0.0
"[80,200)",0,383,0,2022-08-05,0.0
"[80,200)",1,1025,0,2022-08-05,0.0
"[0,40)",0,26589,0,2022-08-06,0.0
"[0,40)",1,24878,1,2022-08-06,4.019615724736715e-05
"[40,60)",0,8758,0,2022-08-06,0.0
"[40,60)",1,7786,0,2022-08-06,0.0
"[60,80)",0,3355,0,2022-08-06,0.0
"[60,80)",1,3782,0,2022-08-06,0.0
"[80,200)",0,383,0,2022-08-06,0.0
"[80,200)",1,1025,0,2022-08-06,0.0
"[0,40)",0,26589,0,2022-08-07,0.0
"[0,40)",1,24877,0,2022-08-07,0.0
"[40,60)",0,8758,0,2022-08-07,0.0
"[40,60)",1,7786,0,2022-08-07,0.0
"[60,80)",0,3355,0,2022-08-07,0.0
"[60,80)",1,3782,0,2022-08-07,0.0
"[80,200)",0,383,0,2022-08-07,0.0
"[80,200)",1,1025,0,2022-08-07,0.0
"[0,40)",0,26589,0,2022-08-08,0.0
"[0,40)",1,24877,2,2022-08-08,8.039554608674679e-05
"[40,60)",0,8758,0,2022-08-08,0.0
"[40,60)",1,7786,1,2022-08-08,0.00012843565373747752
"[60,80)",0,3355,0,2022-08-08,0.0
"[60,80)",1,3781,0,2022-08-08,0.0
"[80,200)",0,383,0,2022-08-08,0.0
"[80,200)",1,1025,0,2022-08-08,0.0
"[0,40)",0,26589,2,2022-08-09,7.52190755575614e-05
"[0,40)",1,24875,2,2022-08-09,8.040201005025126e-05
"[40,60)",0,8758,1,2022-08-09,0.00011418131993605846
"[40,60)",1,7785,0,2022-08-09,0.0
"[60,80)",0,3355,0,2022-08-09,0.0
"[60,80)",1,3779,1,2022-08-09,0.0002646202699126753
"[80,200)",0,383,0,2022-08-09,0.0
"[80,200)",1,1025,0,2022-08-09,0.0
"[0,40)",0,26587,2,2022-08-10,7.522473389250385e-05
"[0,40)",1,24873,0,2022-08-10,0.0
"[40,60)",0,8757,0,2022-08-10,0.0
"[40,60)",1,7785,1,2022-08-10,0.00012845215157353886
"[60,80)",0,3354,0,2022-08-10,0.0
"[60,80)",1,3778,0,2022-08-10,0.0
"[80,200)",0,383,0,2022-08-10,0.0
"[80,200)",1,1025,0,2022-08-10,0.0
"[0,40)",0,26585,0,2022-08-11,0.0
"[0,40)",1,24873,0,2022-08-11,0.0
"[40,60)",0,8757,0,2022-08-11,0.0
"[40,60)",1,7784,0,2022-08-11,0.0
"[60,80)",0,3354,0,2022-08-11,0.0
"[60,80)",1,3778,0,2022-08-11,0.0
"[80,200)",0,383,0,2022-08-11,0.0
"[80,200)",1,1025,0,2022-08-11,0.0
"[0,40)",0,26584,2,2022-08-12,7.523322299127295e-05
"[0,40)",1,24873,1,2022-08-12,4.0204237526635306e-05
"[40,60)",0,8756,0,2022-08-12,0.0
"[40,60)",1,7783,0,2022-08-12,0.0
"[60,80)",0,3352,0,2022-08-12,0.0
"[60,80)",1,3777,0,2022-08-12,0.0
"[80,200)",0,382,0,2022-08-12,0.0
"[80,200)",1,1025,0,2022-08-12,0.0
"[0,40)",0,26582,0,2022-08-13,0.0
"[0,40)",1,24872,0,2022-08-13,0.0
"[40,60)",0,8756,0,2022-08-13,0.0
"[40,60)",1,7783,0,2022-08-13,0.0
"[60,80)",0,3351,0,2022-08-13,0.0
"[60,80)",1,3776,0,2022-08-13,0.0
"[80,200)",0,382,0,2022-08-13,0.0
"[80,200)",1,1024,0,2022-08-13,0.0
"[0,40)",0,26582,0,2022-08-14,0.0
"[0,40)",1,24872,0,2022-08-14,0.0
"[40,60)",0,8756,0,2022-08-14,0.0
"[40,60)",1,7783,0,2022-08-14,0.0
"[60,80)",0,3351,0,2022-08-14,0.0
"[60,80)",1,3776,0,2022-08-14,0.0
"[80,200)",0,382,0,2022-08-14,0.0
"[80,200)",1,1024,0,2022-08-14,0.0
"[0,40)",0,26582,0,2022-08-15,0.0
"[0,40)",1,24872,0,2022-08-15,0.0
"[40,60)",0,8756,0,2022-08-15,0.0
"[40,60)",1,7783,0,2022-08-15,0.0
"[60,80)",0,3351,0,2022-08-15,0.0
"[60,80)",1,3775,0,2022-08-15,0.0
"[80,200)",0,382,0,2022-08-15,0.0
"[80,200)",1,1024,0,2022-08-15,0.0
"[0,40)",0,26582,2,2022-08-16,7.523888345496953e-05
"[0,40)",1,24872,0,2022-08-16,0.0
"[40,60)",0,8756,0,2022-08-16,0.0
"[40,60)",1,7783,0,2022-08-16,0.0
"[60,80)",0,3351,1,2022-08-16,0.0002984183825723665
"[60,80)",1,3774,0,2022-08-16,0.0
"[80,200)",0,382,0,2022-08-16,0.0
"[80,200)",1,1023,1,2022-08-16,0.0009775171065493646
"[0,40)",0,26580,0,2022-08-17,0.0
"[0,40)",1,24872,0,2022-08-17,0.0
"[40,60)",0,8755,0,2022-08-17,0.0
"[40,60)",1,7783,1,2022-08-17,0.00012848515996402416
"[60,80)",0,3350,0,2022-08-17,0.0
"[60,80)",1,3774,0,2022-08-17,0.0
"[80,200)",0,382,0,2022-08-17,0.0
"[80,200)",1,1022,0,2022-08-17,0.0
"[0,40)",0,26580,0,2022-08-18,0.0
"[0,40)",1,24872,1,2022-08-18,4.020585397233837e-05
"[40,60)",0,8755,1,2022-08-18,0.0001142204454597373
"[40,60)",1,7781,4,2022-08-18,0.0005140727412928929
"[60,80)",0,3350,0,2022-08-18,0.0
"[60,80)",1,3773,0,2022-08-18,0.0
"[80,200)",0,382,0,2022-08-18,0.0
"[80,200)",1,1021,0,2022-08-18,0.0
"[0,40)",0,26580,1,2022-08-19,3.762227238525207e-05
"[0,40)",1,24871,2,2022-08-19,8.041494109605565e-05
"[40,60)",0,8754,0,2022-08-19,0.0
"[40,60)",1,7777,1,2022-08-19,0.00012858428700012858
"[60,80)",0,3349,0,2022-08-19,0.0
"[60,80)",1,3773,0,2022-08-19,0.0
"[80,200)",0,382,0,2022-08-19,0.0
"[80,200)",1,1021,0,2022-08-19,0.0
"[0,40)",0,26579,0,2022-08-20,0.0
"[0,40)",1,24869,0,2022-08-20,0.0
"[40,60)",0,8754,0,2022-08-20,0.0
"[40,60)",1,7776,0,2022-08-20,0.0
"[60,80)",0,3349,0,2022-08-20,0.0
"[60,80)",1,3772,0,2022-08-20,0.0
"[80,200)",0,382,0,2022-08-20,0.0
"[80,200)",1,1021,0,2022-08-20,0.0
"[0,40)",0,26579,0,2022-08-21,0.0
"[0,40)",1,24869,0,2022-08-21,0.0
"[40,60)",0,8754,0,2022-08-21,0.0
"[40,60)",1,7776,0,2022-08-21,0.0
"[60,80)",0,3348,0,2022-08-21,0.0
"[60,80)",1,3772,0,2022-08-21,0.0
"[80,200)",0,382,0,2022-08-21,0.0
"[80,200)",1,1021,0,2022-08-21,0.0
"[0,40)",0,26579,0,2022-08-22,0.0
"[0,40)",1,24869,0,2022-08-22,0.0
"[40,60)",0,8754,0,2022-08-22,0.0
"[40,60)",1,7776,0,2022-08-22,0.0
"[60,80)",0,3348,0,2022-08-22,0.0
"[60,80)",1,3772,0,2022-08-22,0.0
"[80,200)",0,382,0,2022-08-22,0.0
"[80,200)",1,1020,0,2022-08-22,0.0
"[0,40)",0,26579,0,2022-08-23,0.0
"[0,40)",1,24869,0,2022-08-23,0.0
"[40,60)",0,8754,0,2022-08-23,0.0
"[40,60)",1,7776,1,2022-08-23,0.0001286008230452675
"[60,80)",0,3348,0,2022-08-23,0.0
"[60,80)",1,3772,0,2022-08-23,0.0
"[80,200)",0,382,0,2022-08-23,0.0
"[80,200)",1,1020,0,2022-08-23,0.0
"[0,40)",0,26579,3,2022-08-24,0.0001128710636216562
"[0,40)",1,24869,1,2022-08-24,4.021070408942861e-05
"[40,60)",0,8754,0,2022-08-24,0.0
"[40,60)",1,7775,0,2022-08-24,0.0
"[60,80)",0,3348,0,2022-08-24,0.0
"[60,80)",1,3772,0,2022-08-24,0.0
"[80,200)",0,381,0,2022-08-24,0.0
"[80,200)",1,1020,0,2022-08-24,0.0
"[0,40)",0,26576,0,2022-08-25,0.0
"[0,40)",1,24868,0,2022-08-25,0.0
"[40,60)",0,8754,0,2022-08-25,0.0
"[40,60)",1,7775,0,2022-08-25,0.0
"[60,80)",0,3348,0,2022-08-25,0.0
"[60,80)",1,3770,0,2022-08-25,0.0
"[80,200)",0,381,0,2022-08-25,0.0
"[80,200)",1,1020,0,2022-08-25,0.0
"[0,40)",0,26576,0,2022-08-26,0.0
"[0,40)",1,24868,1,2022-08-26,4.021232105517131e-05
"[40,60)",0,8754,0,2022-08-26,0.0
"[40,60)",1,7775,0,2022-08-26,0.0
"[60,80)",0,3348,0,2022-08-26,0.0
"[60,80)",1,3768,0,2022-08-26,0.0
"[80,200)",0,380,0,2022-08-26,0.0
"[80,200)",1,1020,0,2022-08-26,0.0
"[0,40)",0,26575,0,2022-08-27,0.0
"[0,40)",1,24867,0,2022-08-27,0.0
"[40,60)",0,8754,0,2022-08-27,0.0
"[40,60)",1,7775,0,2022-08-27,0.0
"[60,80)",0,3347,0,2022-08-27,0.0
"[60,80)",1,3768,0,2022-08-27,0.0
"[80,200)",0,380,0,2022-08-27,0.0
"[80,200)",1,1019,0,2022-08-27,0.0
"[0,40)",0,26575,0,2022-08-28,0.0
"[0,40)",1,24867,1,2022-08-28,4.021393815096313e-05
"[40,60)",0,8754,0,2022-08-28,0.0
"[40,60)",1,7775,0,2022-08-28,0.0
"[60,80)",0,3347,0,2022-08-28,0.0
"[60,80)",1,3767,0,2022-08-28,0.0
"[80,200)",0,380,0,2022-08-28,0.0
"[80,200)",1,1018,0,2022-08-28,0.0
"[0,40)",0,26575,1,2022-08-29,3.762935089369708e-05
"[0,40)",1,24866,1,2022-08-29,4.0215555376819756e-05
"[40,60)",0,8754,0,2022-08-29,0.0
"[40,60)",1,7775,1,2022-08-29,0.00012861736334405144
"[60,80)",0,3347,0,2022-08-29,0.0
"[60,80)",1,3766,0,2022-08-29,0.0
"[80,200)",0,380,0,2022-08-29,0.0
"[80,200)",1,1018,0,2022-08-29,0.0
"[0,40)",0,26574,0,2022-08-30,0.0
"[0,40)",1,24865,0,2022-08-30,0.0
"[40,60)",0,8754,0,2022-08-30,0.0
"[40,60)",1,7774,0,2022-08-30,0.0
"[60,80)",0,3347,0,2022-08-30,0.0
"[60,80)",1,3766,0,2022-08-30,0.0
"[80,200)",0,379,0,2022-08-30,0.0
"[80,200)",1,1018,1,2022-08-30,0.0009823182711198428
"[0,40)",0,26574,0,2022-08-31,0.0
"[0,40)",1,24865,1,2022-08-31,4.021717273275689e-05
"[40,60)",0,8754,0,2022-08-31,0.0
"[40,60)",1,7774,1,2022-08-31,0.00012863390789812196
"[60,80)",0,3346,0,2022-08-31,0.0
"[60,80)",1,3766,0,2022-08-31,0.0
"[80,200)",0,379,0,2022-08-31,0.0
"[80,200)",1,1017,0,2022-08-31,0.0
"[0,40)",0,26574,0,2022-09-01,0.0
"[0,40)",1,24864,1,2022-09-01,4.021879021879022e-05
"[40,60)",0,8754,0,2022-09-01,0.0
"[40,60)",1,7773,0,2022-09-01,0.0
"[60,80)",0,3345,0,2022-09-01,0.0
"[60,80)",1,3766,0,2022-09-01,0.0
"[80,200)",0,377,0,2022-09-01,0.0
"[80,200)",1,1017,0,2022-09-01,0.0
"[0,40)",0,26573,3,2022-09-02,0.00011289654912881497
"[0,40)",1,24863,1,2022-09-02,4.0220407834935444e-05
"[40,60)",0,8754,0,2022-09-02,0.0
"[40,60)",1,7773,1,2022-09-02,0.00012865045670912132
"[60,80)",0,3345,0,2022-09-02,0.0
"[60,80)",1,3766,0,2022-09-02,0.0
"[80,200)",0,377,0,2022-09-02,0.0
"[80,200)",1,1017,0,2022-09-02,0.0
"[0,40)",0,26570,1,2022-09-03,3.763643206624012e-05
"[0,40)",1,24862,0,2022-09-03,0.0
"[40,60)",0,8754,0,2022-09-03,0.0
"[40,60)",1,7772,0,2022-09-03,0.0
"[60,80)",0,3345,0,2022-09-03,0.0
"[60,80)",1,3766,0,2022-09-03,0.0
"[80,200)",0,377,0,2022-09-03,0.0
"[80,200)",1,1016,0,2022-09-03,0.0
"[0,40)",0,26569,0,2022-09-04,0.0
"[0,40)",1,24862,0,2022-09-04,0.0
"[40,60)",0,8754,0,2022-09-04,0.0
"[40,60)",1,7772,0,2022-09-04,0.0
"[60,80)",0,3344,0,2022-09-04,0.0
"[60,80)",1,3766,0,2022-09-04,0.0
"[80,200)",0,377,0,2022-09-04,0.0
"[80,200)",1,1015,0,2022-09-04,0.0
"[0,40)",0,26568,0,2022-09-05,0.0
"[0,40)",1,24862,0,2022-09-05,0.0
"[40,60)",0,8754,0,2022-09-05,0.0
"[40,60)",1,7771,1,2022-09-05,0.00012868356710848025
"[60,80)",0,3344,0,2022-09-05,0.0
"[60,80)",1,3766,0,2022-09-05,0.0
"[80,200)",0,375,0,2022-09-05,0.0
"[80,200)",1,1015,0,2022-09-05,0.0
"[0,40)",0,26567,1,2022-09-06,3.7640682049158734e-05
"[0,40)",1,24862,1,2022-09-06,4.022202558120827e-05
"[40,60)",0,8754,0,2022-09-06,0.0
"[40,60)",1,7770,0,2022-09-06,0.0
"[60,80)",0,3343,0,2022-09-06,0.0
"[60,80)",1,3765,1,2022-09-06,0.0002656042496679947
"[80,200)",0,375,0,2022-09-06,0.0
"[80,200)",1,1014,1,2022-09-06,0.0009861932938856016
"[0,40)",0,26566,0,2022-09-07,0.0
"[0,40)",1,24861,1,2022-09-07,4.022364345762439e-05
"[40,60)",0,8754,0,2022-09-07,0.0
"[40,60)",1,7770,0,2022-09-07,0.0
"[60,80)",0,3343,0,2022-09-07,0.0
"[60,80)",1,3764,1,2022-09-07,0.00026567481402763017
"[80,200)",0,373,0,2022-09-07,0.0
"[80,200)",1,1012,0,2022-09-07,0.0
"[0,40)",0,26566,0,2022-09-08,0.0
"[0,40)",1,24860,1,2022-09-08,4.0225261464199516e-05
"[40,60)",0,8754,0,2022-09-08,0.0
"[40,60)",1,7770,0,2022-09-08,0.0
"[60,80)",0,3342,0,2022-09-08,0.0
"[60,80)",1,3763,0,2022-09-08,0.0
"[80,200)",0,373,0,2022-09-08,0.0
"[80,200)",1,1011,0,2022-09-08,0.0
"[0,40)",0,26566,3,2022-09-09,0.00011292629677030791
"[0,40)",1,24859,2,2022-09-09,8.04537592018987e-05
"[40,60)",0,8754,0,2022-09-09,0.0
"[40,60)",1,7770,0,2022-09-09,0.0
"[60,80)",0,3341,0,2022-09-09,0.0
"[60,80)",1,3763,0,2022-09-09,0.0
"[80,200)",0,373,0,2022-09-09,0.0
"[80,200)",1,1010,0,2022-09-09,0.0
"[0,40)",0,26563,0,2022-09-10,0.0
"[0,40)",1,24857,0,2022-09-10,0.0
"[40,60)",0,8754,0,2022-09-10,0.0
"[40,60)",1,7770,0,2022-09-10,0.0
"[60,80)",0,3340,0,2022-09-10,0.0
"[60,80)",1,3761,0,2022-09-10,0.0
"[80,200)",0,373,0,2022-09-10,0.0
"[80,200)",1,1010,0,2022-09-10,0.0
"[0,40)",0,26563,0,2022-09-11,0.0
"[0,40)",1,24857,0,2022-09-11,0.0
"[40,60)",0,8753,0,2022-09-11,0.0
"[40,60)",1,7770,0,2022-09-11,0.0
"[60,80)",0,3340,0,2022-09-11,0.0
"[60,80)",1,3761,0,2022-09-11,0.0
"[80,200)",0,373,0,2022-09-11,0.0
"[80,200)",1,1009,0,2022-09-11,0.0
"[0,40)",0,26563,0,2022-09-12,0.0
"[0,40)",1,24857,3,2022-09-12,0.00012069034879510802
"[40,60)",0,8753,0,2022-09-12,0.0
"[40,60)",1,7770,0,2022-09-12,0.0
"[60,80)",0,3340,0,2022-09-12,0.0
"[60,80)",1,3761,1,2022-09-12,0.00026588673225206064
"[80,200)",0,372,0,2022-09-12,0.0
"[80,200)",1,1009,0,2022-09-12,0.0
"[0,40)",0,26563,0,2022-09-13,0.0
"[0,40)",1,24854,0,2022-09-13,0.0
"[40,60)",0,8753,0,2022-09-13,0.0
"[40,60)",1,7770,0,2022-09-13,0.0
"[60,80)",0,3339,0,2022-09-13,0.0
"[60,80)",1,3760,0,2022-09-13,0.0
"[80,200)",0,372,0,2022-09-13,0.0
"[80,200)",1,1009,0,2022-09-13,0.0
"[0,40)",0,26563,1,2022-09-14,3.764635018634943e-05
"[0,40)",1,24854,1,2022-09-14,4.023497223786915e-05
"[40,60)",0,8753,1,2022-09-14,0.00011424654404204273
"[40,60)",1,7770,0,2022-09-14,0.0
"[60,80)",0,3339,0,2022-09-14,0.0
"[60,80)",1,3760,1,2022-09-14,0.00026595744680851064
"[80,200)",0,372,0,2022-09-14,0.0
"[80,200)",1,1009,0,2022-09-14,0.0
"[0,40)",0,26562,1,2022-09-15,3.7647767487387995e-05
"[0,40)",1,24853,1,2022-09-15,4.023659115599726e-05
"[40,60)",0,8752,1,2022-09-15,0.00011425959780621572
"[40,60)",1,7769,0,2022-09-15,0.0
"[60,80)",0,3339,0,2022-09-15,0.0
"[60,80)",1,3759,0,2022-09-15,0.0
"[80,200)",0,372,0,2022-09-15,0.0
"[80,200)",1,1009,0,2022-09-15,0.0
"[0,40)",0,26561,1,2022-09-16,3.764918489514702e-05
"[0,40)",1,24852,0,2022-09-16,0.0
"[40,60)",0,8751,1,2022-09-16,0.00011427265455376528
"[40,60)",1,7769,0,2022-09-16,0.0
"[60,80)",0,3339,0,2022-09-16,0.0
"[60,80)",1,3758,0,2022-09-16,0.0
"[80,200)",0,372,0,2022-09-16,0.0
"[80,200)",1,1008,0,2022-09-16,0.0
"[0,40)",0,26560,0,2022-09-17,0.0
"[0,40)",1,24852,0,2022-09-17,0.0
"[40,60)",0,8750,0,2022-09-17,0.0
"[40,60)",1,7769,0,2022-09-17,0.0
"[60,80)",0,3339,0,2022-09-17,0.0
"[60,80)",1,3757,0,2022-09-17,0.0
"[80,200)",0,372,0,2022-09-17,0.0
"[80,200)",1,1008,0,2022-09-17,0.0
"[0,40)",0,26560,1,2022-09-18,3.765060240963856e-05
"[0,40)",1,24852,0,2022-09-18,0.0
"[40,60)",0,8750,0,2022-09-18,0.0
"[40,60)",1,7769,0,2022-09-18,0.0
"[60,80)",0,3338,0,2022-09-18,0.0
"[60,80)",1,3757,0,2022-09-18,0.0
"[80,200)",0,372,0,2022-09-18,0.0
"[80,200)",1,1008,0,2022-09-18,0.0
"[0,40)",0,26559,1,2022-09-19,3.7652020030874655e-05
"[0,40)",1,24852,0,2022-09-19,0.0
"[40,60)",0,8749,0,2022-09-19,0.0
"[40,60)",1,7769,0,2022-09-19,0.0
"[60,80)",0,3338,0,2022-09-19,0.0
"[60,80)",1,3756,0,2022-09-19,0.0
"[80,200)",0,372,0,2022-09-19,0.0
"[80,200)",1,1007,0,2022-09-19,0.0
"[0,40)",0,26558,1,2022-09-20,3.7653437758867384e-05
"[0,40)",1,24852,0,2022-09-20,0.0
"[40,60)",0,8749,0,2022-09-20,0.0
"[40,60)",1,7769,0,2022-09-20,0.0
"[60,80)",0,3338,1,2022-09-20,0.0002995805871779509
"[60,80)",1,3756,0,2022-09-20,0.0
"[80,200)",0,372,0,2022-09-20,0.0
"[80,200)",1,1007,0,2022-09-20,0.0
"[0,40)",0,26557,0,2022-09-21,0.0
"[0,40)",1,24852,0,2022-09-21,0.0
"[40,60)",0,8749,1,2022-09-21,0.00011429877700308607
"[40,60)",1,7769,0,2022-09-21,0.0
"[60,80)",0,3337,0,2022-09-21,0.0
"[60,80)",1,3756,1,2022-09-21,0.00026624068157614486
"[80,200)",0,372,0,2022-09-21,0.0
"[80,200)",1,1007,1,2022-09-21,0.0009930486593843098
"[0,40)",0,26557,1,2022-09-22,3.76548555936288e-05
"[0,40)",1,24852,0,2022-09-22,0.0
"[40,60)",0,8747,0,2022-09-22,0.0
"[40,60)",1,7768,0,2022-09-22,0.0
"[60,80)",0,3337,0,2022-09-22,0.0
"[60,80)",1,3755,0,2022-09-22,0.0
"[80,200)",0,372,0,2022-09-22,0.0
"[80,200)",1,1006,0,2022-09-22,0.0
"[0,40)",0,26556,0,2022-09-23,0.0
"[0,40)",1,24852,2,2022-09-23,8.047642040882022e-05
"[40,60)",0,8746,0,2022-09-23,0.0
"[40,60)",1,7768,0,2022-09-23,0.0
"[60,80)",0,3337,0,2022-09-23,0.0
"[60,80)",1,3755,1,2022-09-23,0.0002663115845539281
"[80,200)",0,372,0,2022-09-23,0.0
"[80,200)",1,1005,0,2022-09-23,0.0
"[0,40)",0,26556,0,2022-09-24,0.0
"[0,40)",1,24850,0,2022-09-24,0.0
"[40,60)",0,8746,0,2022-09-24,0.0
"[40,60)",1,7767,0,2022-09-24,0.0
"[60,80)",0,3336,0,2022-09-24,0.0
"[60,80)",1,3754,0,2022-09-24,0.0
"[80,200)",0,372,0,2022-09-24,0.0
"[80,200)",1,1005,0,2022-09-24,0.0
"[0,40)",0,26556,0,2022-09-25,0.0
"[0,40)",1,24850,0,2022-09-25,0.0
"[40,60)",0,8746,0,2022-09-25,0.0
"[40,60)",1,7767,0,2022-09-25,0.0
"[60,80)",0,3336,0,2022-09-25,0.0
"[60,80)",1,3754,0,2022-09-25,0.0
"[80,200)",0,372,0,2022-09-25,0.0
"[80,200)",1,1005,0,2022-09-25,0.0
"[0,40)",0,26556,1,2022-09-26,3.765627353517096e-05
"[0,40)",1,24850,1,2022-09-26,4.024144869215292e-05
"[40,60)",0,8746,0,2022-09-26,0.0
"[40,60)",1,7767,0,2022-09-26,0.0
"[60,80)",0,3336,0,2022-09-26,0.0
"[60,80)",1,3754,0,2022-09-26,0.0
"[80,200)",0,370,0,2022-09-26,0.0
"[80,200)",1,1004,0,2022-09-26,0.0
"[0,40)",0,26555,0,2022-09-27,0.0
"[0,40)",1,24849,1,2022-09-27,4.024306813151435e-05
"[40,60)",0,8746,1,2022-09-27,0.0001143379830779785
"[40,60)",1,7767,0,2022-09-27,0.0
"[60,80)",0,3336,0,2022-09-27,0.0
"[60,80)",1,3753,0,2022-09-27,0.0
"[80,200)",0,370,0,2022-09-27,0.0
"[80,200)",1,1004,0,2022-09-27,0.0
"[0,40)",0,26555,0,2022-09-28,0.0
"[0,40)",1,24848,0,2022-09-28,0.0
"[40,60)",0,8745,0,2022-09-28,0.0
"[40,60)",1,7767,0,2022-09-28,0.0
"[60,80)",0,3336,0,2022-09-28,0.0
"[60,80)",1,3753,0,2022-09-28,0.0
"[80,200)",0,370,0,2022-09-28,0.0
"[80,200)",1,1003,0,2022-09-28,0.0
"[0,40)",0,26555,0,2022-09-29,0.0
"[0,40)",1,24848,0,2022-09-29,0.0
"[40,60)",0,8745,0,2022-09-29,0.0
"[40,60)",1,7767,0,2022-09-29,0.0
"[60,80)",0,3336,0,2022-09-29,0.0
"[60,80)",1,3752,0,2022-09-29,0.0
"[80,200)",0,370,0,2022-09-29,0.0
"[80,200)",1,1003,0,2022-09-29,0.0
"[0,40)",0,26555,0,2022-09-30,0.0
"[0,40)",1,24848,1,2022-09-30,4.024468770122344e-05
"[40,60)",0,8744,0,2022-09-30,0.0
"[40,60)",1,7767,0,2022-09-30,0.0
"[60,80)",0,3336,0,2022-09-30,0.0
"[60,80)",1,3751,0,2022-09-30,0.0
"[80,200)",0,370,0,2022-09-30,0.0
"[80,200)",1,1001,0,2022-09-30,0.0
"[0,40)",0,26555,0,2022-10-01,0.0
"[0,40)",1,24847,0,2022-10-01,0.0
"[40,60)",0,8743,0,2022-10-01,0.0
"[40,60)",1,7767,0,2022-10-01,0.0
"[60,80)",0,3335,0,2022-10-01,0.0
"[60,80)",1,3751,0,2022-10-01,0.0
"[80,200)",0,370,0,2022-10-01,0.0
"[80,200)",1,1000,0,2022-10-01,0.0
"[0,40)",0,26555,0,2022-10-02,0.0
"[0,40)",1,24847,0,2022-10-02,0.0
"[40,60)",0,8743,0,2022-10-02,0.0
"[40,60)",1,7767,0,2022-10-02,0.0
"[60,80)",0,3334,0,2022-10-02,0.0
"[60,80)",1,3751,0,2022-10-02,0.0
"[80,200)",0,370,0,2022-10-02,0.0
"[80,200)",1,1000,0,2022-10-02,0.0
"[0,40)",0,26555,0,2022-10-03,0.0
"[0,40)",1,24847,1,2022-10-03,4.0246307401295933e-05
"[40,60)",0,8743,0,2022-10-03,0.0
"[40,60)",1,7767,1,2022-10-03,0.00012874983906270118
"[60,80)",0,3334,0,2022-10-03,0.0
"[60,80)",1,3750,0,2022-10-03,0.0
"[80,200)",0,370,0,2022-10-03,0.0
"[80,200)",1,998,0,2022-10-03,0.0
"[0,40)",0,26555,1,2022-10-04,3.765769158350593e-05
"[0,40)",1,24846,0,2022-10-04,0.0
"[40,60)",0,8743,0,2022-10-04,0.0
"[40,60)",1,7766,0,2022-10-04,0.0
"[60,80)",0,3333,0,2022-10-04,0.0
"[60,80)",1,3750,0,2022-10-04,0.0
"[80,200)",0,370,0,2022-10-04,0.0
"[80,200)",1,998,0,2022-10-04,0.0
"[0,40)",0,26554,0,2022-10-05,0.0
"[0,40)",1,24846,2,2022-10-05,8.049585446349512e-05
"[40,60)",0,8742,0,2022-10-05,0.0
"[40,60)",1,7766,0,2022-10-05,0.0
"[60,80)",0,3333,1,2022-10-05,0.00030003000300030005
"[60,80)",1,3750,0,2022-10-05,0.0
"[80,200)",0,368,0,2022-10-05,0.0
"[80,200)",1,998,0,2022-10-05,0.0
"[0,40)",0,26554,1,2022-10-06,3.7659109738645776e-05
"[0,40)",1,24844,0,2022-10-06,0.0
"[40,60)",0,8742,0,2022-10-06,0.0
"[40,60)",1,7766,0,2022-10-06,0.0
"[60,80)",0,3332,1,2022-10-06,0.00030012004801920766
"[60,80)",1,3750,0,2022-10-06,0.0
"[80,200)",0,367,0,2022-10-06,0.0
"[80,200)",1,997,0,2022-10-06,0.0
"[0,40)",0,26553,0,2022-10-07,0.0
"[0,40)",1,24844,1,2022-10-07,4.025116728385123e-05
"[40,60)",0,8742,1,2022-10-07,0.00011439029970258523
"[40,60)",1,7766,0,2022-10-07,0.0
"[60,80)",0,3330,0,2022-10-07,0.0
"[60,80)",1,3750,0,2022-10-07,0.0
"[80,200)",0,367,0,2022-10-07,0.0
"[80,200)",1,997,0,2022-10-07,0.0
"[0,40)",0,26553,0,2022-10-08,0.0
"[0,40)",1,24843,0,2022-10-08,0.0
"[40,60)",0,8741,0,2022-10-08,0.0
"[40,60)",1,7766,0,2022-10-08,0.0
"[60,80)",0,3330,0,2022-10-08,0.0
"[60,80)",1,3749,0,2022-10-08,0.0
"[80,200)",0,367,0,2022-10-08,0.0
"[80,200)",1,995,0,2022-10-08,0.0
"[0,40)",0,26553,0,2022-10-09,0.0
"[0,40)",1,24843,0,2022-10-09,0.0
"[40,60)",0,8741,0,2022-10-09,0.0
"[40,60)",1,7766,0,2022-10-09,0.0
"[60,80)",0,3329,0,2022-10-09,0.0
"[60,80)",1,3749,0,2022-10-09,0.0
"[80,200)",0,367,0,2022-10-09,0.0
"[80,200)",1,995,0,2022-10-09,0.0
"[0,40)",0,26553,1,2022-10-10,3.7660528000602565e-05
"[0,40)",1,24843,0,2022-10-10,0.0
"[40,60)",0,8740,0,2022-10-10,0.0
"[40,60)",1,7766,0,2022-10-10,0.0
"[60,80)",0,3329,0,2022-10-10,0.0
"[60,80)",1,3749,0,2022-10-10,0.0
"[80,200)",0,367,0,2022-10-10,0.0
"[80,200)",1,994,0,2022-10-10,0.0
"[0,40)",0,26552,0,2022-10-11,0.0
"[0,40)",1,24843,0,2022-10-11,0.0
"[40,60)",0,8740,1,2022-10-11,0.00011441647597254005
"[40,60)",1,7766,0,2022-10-11,0.0
"[60,80)",0,3328,1,2022-10-11,0.00030048076923076925
"[60,80)",1,3749,0,2022-10-11,0.0
"[80,200)",0,367,0,2022-10-11,0.0
"[80,200)",1,994,0,2022-10-11,0.0
"[0,40)",0,26552,0,2022-10-12,0.0
"[0,40)",1,24843,0,2022-10-12,0.0
"[40,60)",0,8739,0,2022-10-12,0.0
"[40,60)",1,7766,0,2022-10-12,0.0
"[60,80)",0,3327,0,2022-10-12,0.0
"[60,80)",1,3749,0,2022-10-12,0.0
"[80,200)",0,366,0,2022-10-12,0.0
"[80,200)",1,993,0,2022-10-12,0.0
"[0,40)",0,26552,0,2022-10-13,0.0
"[0,40)",1,24843,1,2022-10-13,4.0252787505534755e-05
"[40,60)",0,8739,0,2022-10-13,0.0
"[40,60)",1,7766,0,2022-10-13,0.0
"[60,80)",0,3327,0,2022-10-13,0.0
"[60,80)",1,3747,0,2022-10-13,0.0
"[80,200)",0,366,0,2022-10-13,0.0
"[80,200)",1,992,0,2022-10-13,0.0
"[0,40)",0,26552,2,2022-10-14,7.532389273877674e-05
"[0,40)",1,24842,0,2022-10-14,0.0
"[40,60)",0,8739,1,2022-10-14,0.00011442956860052638
"[40,60)",1,7766,0,2022-10-14,0.0
"[60,80)",0,3327,0,2022-10-14,0.0
"[60,80)",1,3747,0,2022-10-14,0.0
"[80,200)",0,365,0,2022-10-14,0.0
"[80,200)",1,991,0,2022-10-14,0.0
"[0,40)",0,26550,1,2022-10-15,3.766478342749529e-05
"[0,40)",1,24842,0,2022-10-15,0.0
"[40,60)",0,8737,0,2022-10-15,0.0
"[40,60)",1,7766,0,2022-10-15,0.0
"[60,80)",0,3327,0,2022-10-15,0.0
"[60,80)",1,3746,0,2022-10-15,0.0
"[80,200)",0,365,0,2022-10-15,0.0
"[80,200)",1,990,0,2022-10-15,0.0
"[0,40)",0,26549,0,2022-10-16,0.0
"[0,40)",1,24842,0,2022-10-16,0.0
"[40,60)",0,8737,0,2022-10-16,0.0
"[40,60)",1,7766,0,2022-10-16,0.0
"[60,80)",0,3326,0,2022-10-16,0.0
"[60,80)",1,3746,0,2022-10-16,0.0
"[80,200)",0,365,0,2022-10-16,0.0
"[80,200)",1,990,0,2022-10-16,0.0
"[0,40)",0,26549,0,2022-10-17,0.0
"[0,40)",1,24842,0,2022-10-17,0.0
"[40,60)",0,8737,0,2022-10-17,0.0
"[40,60)",1,7766,0,2022-10-17,0.0
"[60,80)",0,3325,0,2022-10-17,0.0
"[60,80)",1,3746,0,2022-10-17,0.0
"[80,200)",0,365,0,2022-10-17,0.0
"[80,200)",1,988,0,2022-10-17,0.0
"[0,40)",0,26549,1,2022-10-18,3.766620211684056e-05
"[0,40)",1,24842,1,2022-10-18,4.025440785766042e-05
"[40,60)",0,8737,0,2022-10-18,0.0
"[40,60)",1,7766,0,2022-10-18,0.0
"[60,80)",0,3324,0,2022-10-18,0.0
"[60,80)",1,3746,0,2022-10-18,0.0
"[80,200)",0,365,0,2022-10-18,0.0
"[80,200)",1,988,0,2022-10-18,0.0
"[0,40)",0,26548,0,2022-10-19,0.0
"[0,40)",1,24841,0,2022-10-19,0.0
"[40,60)",0,8736,1,2022-10-19,0.00011446886446886447
"[40,60)",1,7766,0,2022-10-19,0.0
"[60,80)",0,3324,0,2022-10-19,0.0
"[60,80)",1,3746,0,2022-10-19,0.0
"[80,200)",0,364,0,2022-10-19,0.0
"[80,200)",1,984,0,2022-10-19,0.0
"[0,40)",0,26548,0,2022-10-20,0.0
"[0,40)",1,24841,0,2022-10-20,0.0
"[40,60)",0,8735,0,2022-10-20,0.0
"[40,60)",1,7766,0,2022-10-20,0.0
"[60,80)",0,3324,0,2022-10-20,0.0
"[60,80)",1,3746,0,2022-10-20,0.0
"[80,200)",0,364,0,2022-10-20,0.0
"[80,200)",1,983,0,2022-10-20,0.0
"[0,40)",0,26548,1,2022-10-21,3.766762091306313e-05
"[0,40)",1,24841,1,2022-10-21,4.025602834024395e-05
"[40,60)",0,8735,2,2022-10-21,0.0002289639381797367
"[40,60)",1,7766,0,2022-10-21,0.0
"[60,80)",0,3324,0,2022-10-21,0.0
"[60,80)",1,3746,0,2022-10-21,0.0
"[80,200)",0,364,0,2022-10-21,0.0
"[80,200)",1,983,0,2022-10-21,0.0
"[0,40)",0,26547,0,2022-10-22,0.0
"[0,40)",1,24840,0,2022-10-22,0.0
"[40,60)",0,8733,0,2022-10-22,0.0
"[40,60)",1,7766,0,2022-10-22,0.0
"[60,80)",0,3324,0,2022-10-22,0.0
"[60,80)",1,3746,0,2022-10-22,0.0
"[80,200)",0,364,0,2022-10-22,0.0
"[80,200)",1,983,0,2022-10-22,0.0
"[0,40)",0,26547,0,2022-10-23,0.0
"[0,40)",1,24840,0,2022-10-23,0.0
"[40,60)",0,8733,0,2022-10-23,0.0
"[40,60)",1,7766,0,2022-10-23,0.0
"[60,80)",0,3323,0,2022-10-23,0.0
"[60,80)",1,3746,0,2022-10-23,0.0
"[80,200)",0,363,0,2022-10-23,0.0
"[80,200)",1,983,0,2022-10-23,0.0
"[0,40)",0,26547,0,2022-10-24,0.0
"[0,40)",1,24839,0,2022-10-24,0.0
"[40,60)",0,8732,0,2022-10-24,0.0
"[40,60)",1,7766,0,2022-10-24,0.0
"[60,80)",0,3323,0,2022-10-24,0.0
"[60,80)",1,3746,0,2022-10-24,0.0
"[80,200)",0,363,0,2022-10-24,0.0
"[80,200)",1,982,0,2022-10-24,0.0
"[0,40)",0,26546,1,2022-10-25,3.7670458826188506e-05
"[0,40)",1,24839,0,2022-10-25,0.0
"[40,60)",0,8731,0,2022-10-25,0.0
"[40,60)",1,7766,0,2022-10-25,0.0
"[60,80)",0,3323,0,2022-10-25,0.0
"[60,80)",1,3746,0,2022-10-25,0.0
"[80,200)",0,363,0,2022-10-25,0.0
"[80,200)",1,981,0,2022-10-25,0.0
"[0,40)",0,26545,0,2022-10-26,0.0
"[0,40)",1,24839,0,2022-10-26,0.0
"[40,60)",0,8731,0,2022-10-26,0.0
"[40,60)",1,7766,0,2022-10-26,0.0
"[60,80)",0,3322,0,2022-10-26,0.0
"[60,80)",1,3745,0,2022-10-26,0.0
"[80,200)",0,363,0,2022-10-26,0.0
"[80,200)",1,980,0,2022-10-26,0.0
"[0,40)",0,26545,2,2022-10-27,7.534375588623093e-05
"[0,40)",1,24839,0,2022-10-27,0.0
"[40,60)",0,8730,0,2022-10-27,0.0
"[40,60)",1,7766,0,2022-10-27,0.0
"[60,80)",0,3321,0,2022-10-27,0.0
"[60,80)",1,3744,0,2022-10-27,0.0
"[80,200)",0,363,0,2022-10-27,0.0
"[80,200)",1,977,0,2022-10-27,0.0
"[0,40)",0,26543,0,2022-10-28,0.0
"[0,40)",1,24839,0,2022-10-28,0.0
"[40,60)",0,8730,0,2022-10-28,0.0
"[40,60)",1,7766,0,2022-10-28,0.0
"[60,80)",0,3321,0,2022-10-28,0.0
"[60,80)",1,3743,0,2022-10-28,0.0
"[80,200)",0,363,0,2022-10-28,0.0
"[80,200)",1,977,0,2022-10-28,0.0
"[0,40)",0,26543,0,2022-10-29,0.0
"[0,40)",1,24839,0,2022-10-29,0.0
"[40,60)",0,8730,0,2022-10-29,0.0
"[40,60)",1,7766,0,2022-10-29,0.0
"[60,80)",0,3320,0,2022-10-29,0.0
"[60,80)",1,3743,0,2022-10-29,0.0
"[80,200)",0,363,0,2022-10-29,0.0
"[80,200)",1,977,0,2022-10-29,0.0
"[0,40)",0,26543,0,2022-10-30,0.0
"[0,40)",1,24839,0,2022-10-30,0.0
"[40,60)",0,8730,0,2022-10-30,0.0
"[40,60)",1,7766,0,2022-10-30,0.0
"[60,80)",0,3320,0,2022-10-30,0.0
"[60,80)",1,3743,0,2022-10-30,0.0
"[80,200)",0,363,0,2022-10-30,0.0
"[80,200)",1,975,0,2022-10-30,0.0
"[0,40)",0,26543,1,2022-10-31,3.767471649775835e-05
"[0,40)",1,24839,0,2022-10-31,0.0
"[40,60)",0,8730,1,2022-10-31,0.0001145475372279496
"[40,60)",1,7766,0,2022-10-31,0.0
"[60,80)",0,3319,1,2022-10-31,0.00030129557095510696
"[60,80)",1,3742,0,2022-10-31,0.0
"[80,200)",0,362,0,2022-10-31,0.0
"[80,200)",1,975,0,2022-10-31,0.0
"[0,40)",0,26542,0,2022-11-01,0.0
"[0,40)",1,24839,0,2022-11-01,0.0
"[40,60)",0,8729,0,2022-11-01,0.0
"[40,60)",1,7766,0,2022-11-01,0.0
"[60,80)",0,3318,0,2022-11-01,0.0
"[60,80)",1,3742,0,2022-11-01,0.0
"[80,200)",0,362,0,2022-11-01,0.0
"[80,200)",1,975,0,2022-11-01,0.0
"[0,40)",0,26542,0,2022-11-02,0.0
"[0,40)",1,24839,1,2022-11-02,4.02592696968477e-05
"[40,60)",0,8729,0,2022-11-02,0.0
"[40,60)",1,7766,0,2022-11-02,0.0
"[60,80)",0,3318,0,2022-11-02,0.0
"[60,80)",1,3742,0,2022-11-02,0.0
"[80,200)",0,361,0,2022-11-02,0.0
"[80,200)",1,974,0,2022-11-02,0.0
"[0,40)",0,26542,1,2022-11-03,3.7676135935498456e-05
"[0,40)",1,24838,1,2022-11-03,4.0260890570899426e-05
"[40,60)",0,8729,0,2022-11-03,0.0
"[40,60)",1,7766,0,2022-11-03,0.0
"[60,80)",0,3318,0,2022-11-03,0.0
"[60,80)",1,3742,0,2022-11-03,0.0
"[80,200)",0,361,0,2022-11-03,0.0
"[80,200)",1,973,0,2022-11-03,0.0
"[0,40)",0,26541,0,2022-11-04,0.0
"[0,40)",1,24837,1,2022-11-04,4.0262511575472077e-05
"[40,60)",0,8729,0,2022-11-04,0.0
"[40,60)",1,7766,0,2022-11-04,0.0
"[60,80)",0,3318,0,2022-11-04,0.0
"[60,80)",1,3742,0,2022-11-04,0.0
"[80,200)",0,361,0,2022-11-04,0.0
"[80,200)",1,972,0,2022-11-04,0.0
"[0,40)",0,26541,0,2022-11-05,0.0
"[0,40)",1,24836,0,2022-11-05,0.0
"[40,60)",0,8728,0,2022-11-05,0.0
"[40,60)",1,7766,0,2022-11-05,0.0
"[60,80)",0,3318,0,2022-11-05,0.0
"[60,80)",1,3742,0,2022-11-05,0.0
"[80,200)",0,361,0,2022-11-05,0.0
"[80,200)",1,972,0,2022-11-05,0.0
"[0,40)",0,26541,0,2022-11-06,0.0
"[0,40)",1,24836,0,2022-11-06,0.0
"[40,60)",0,8728,0,2022-11-06,0.0
"[40,60)",1,7766,0,2022-11-06,0.0
"[60,80)",0,3318,0,2022-11-06,0.0
"[60,80)",1,3742,0,2022-11-06,0.0
"[80,200)",0,361,0,2022-11-06,0.0
"[80,200)",1,971,0,2022-11-06,0.0
"[0,40)",0,26541,0,2022-11-07,0.0
"[0,40)",1,24836,0,2022-11-07,0.0
"[40,60)",0,8728,0,2022-11-07,0.0
"[40,60)",1,7766,0,2022-11-07,0.0
"[60,80)",0,3317,0,2022-11-07,0.0
"[60,80)",1,3741,0,2022-11-07,0.0
"[80,200)",0,360,0,2022-11-07,0.0
"[80,200)",1,971,0,2022-11-07,0.0
"[0,40)",0,26541,0,2022-11-08,0.0
"[0,40)",1,24836,0,2022-11-08,0.0
"[40,60)",0,8728,1,2022-11-08,0.00011457378551787351
"[40,60)",1,7766,0,2022-11-08,0.0
"[60,80)",0,3317,0,2022-11-08,0.0
"[60,80)",1,3741,0,2022-11-08,0.0
"[80,200)",0,360,0,2022-11-08,0.0
"[80,200)",1,971,0,2022-11-08,0.0
"[0,40)",0,26541,1,2022-11-09,3.7677555480200444e-05
"[0,40)",1,24836,1,2022-11-09,4.0264132710581415e-05
"[40,60)",0,8727,1,2022-11-09,0.00011458691417440129
"[40,60)",1,7766,0,2022-11-09,0.0
"[60,80)",0,3317,0,2022-11-09,0.0
"[60,80)",1,3741,0,2022-11-09,0.0
"[80,200)",0,359,0,2022-11-09,0.0
"[80,200)",1,970,0,2022-11-09,0.0
"[0,40)",0,26540,1,2022-11-10,3.767897513187641e-05
"[0,40)",1,24835,0,2022-11-10,0.0
"[40,60)",0,8726,0,2022-11-10,0.0
"[40,60)",1,7766,0,2022-11-10,0.0
"[60,80)",0,3317,0,2022-11-10,0.0
"[60,80)",1,3741,0,2022-11-10,0.0
"[80,200)",0,359,0,2022-11-10,0.0
"[80,200)",1,970,0,2022-11-10,0.0
"[0,40)",0,26539,0,2022-11-11,0.0
"[0,40)",1,24835,0,2022-11-11,0.0
"[40,60)",0,8726,0,2022-11-11,0.0
"[40,60)",1,7765,0,2022-11-11,0.0
"[60,80)",0,3317,0,2022-11-11,0.0
"[60,80)",1,3741,0,2022-11-11,0.0
"[80,200)",0,358,0,2022-11-11,0.0
"[80,200)",1,968,0,2022-11-11,0.0
"[0,40)",0,26539,0,2022-11-12,0.0
"[0,40)",1,24835,0,2022-11-12,0.0
"[40,60)",0,8726,0,2022-11-12,0.0
"[40,60)",1,7765,0,2022-11-12,0.0
"[60,80)",0,3316,0,2022-11-12,0.0
"[60,80)",1,3741,0,2022-11-12,0.0
"[80,200)",0,358,0,2022-11-12,0.0
"[80,200)",1,967,0,2022-11-12,0.0
"[0,40)",0,26539,0,2022-11-13,0.0
"[0,40)",1,24835,0,2022-11-13,0.0
"[40,60)",0,8726,0,2022-11-13,0.0
"[40,60)",1,7765,0,2022-11-13,0.0
"[60,80)",0,3316,0,2022-11-13,0.0
"[60,80)",1,3740,0,2022-11-13,0.0
"[80,200)",0,358,0,2022-11-13,0.0
"[80,200)",1,967,0,2022-11-13,0.0
"[0,40)",0,26539,0,2022-11-14,0.0
"[0,40)",1,24835,0,2022-11-14,0.0
"[40,60)",0,8725,0,2022-11-14,0.0
"[40,60)",1,7765,0,2022-11-14,0.0
"[60,80)",0,3315,0,2022-11-14,0.0
"[60,80)",1,3739,0,2022-11-14,0.0
"[80,200)",0,358,0,2022-11-14,0.0
"[80,200)",1,967,0,2022-11-14,0.0
"[0,40)",0,26539,0,2022-11-15,0.0
"[0,40)",1,24835,0,2022-11-15,0.0
"[40,60)",0,8725,0,2022-11-15,0.0
"[40,60)",1,7765,0,2022-11-15,0.0
"[60,80)",0,3314,0,2022-11-15,0.0
"[60,80)",1,3739,0,2022-11-15,0.0
"[80,200)",0,358,0,2022-11-15,0.0
"[80,200)",1,965,0,2022-11-15,0.0
"[0,40)",0,26539,0,2022-11-16,0.0
"[0,40)",1,24835,0,2022-11-16,0.0
"[40,60)",0,8725,0,2022-11-16,0.0
"[40,60)",1,7765,0,2022-11-16,0.0
"[60,80)",0,3314,0,2022-11-16,0.0
"[60,80)",1,3739,0,2022-11-16,0.0
"[80,200)",0,358,0,2022-11-16,0.0
"[80,200)",1,965,0,2022-11-16,0.0
"[0,40)",0,26539,0,2022-11-17,0.0
"[0,40)",1,24835,0,2022-11-17,0.0
"[40,60)",0,8725,0,2022-11-17,0.0
"[40,60)",1,7765,0,2022-11-17,0.0
"[60,80)",0,3314,0,2022-11-17,0.0
"[60,80)",1,3739,0,2022-11-17,0.0
"[80,200)",0,358,0,2022-11-17,0.0
"[80,200)",1,965,0,2022-11-17,0.0
"[0,40)",0,26538,0,2022-11-18,0.0
"[0,40)",1,24835,0,2022-11-18,0.0
"[40,60)",0,8725,0,2022-11-18,0.0
"[40,60)",1,7765,0,2022-11-18,0.0
"[60,80)",0,3314,0,2022-11-18,0.0
"[60,80)",1,3738,0,2022-11-18,0.0
"[80,200)",0,358,0,2022-11-18,0.0
"[80,200)",1,965,0,2022-11-18,0.0
"[0,40)",0,26538,0,2022-11-19,0.0
"[0,40)",1,24835,0,2022-11-19,0.0
"[40,60)",0,8725,0,2022-11-19,0.0
"[40,60)",1,7765,0,2022-11-19,0.0
"[60,80)",0,3313,0,2022-11-19,0.0
"[60,80)",1,3738,0,2022-11-19,0.0
"[80,200)",0,358,0,2022-11-19,0.0
"[80,200)",1,965,0,2022-11-19,0.0
"[0,40)",0,26538,0,2022-11-20,0.0
"[0,40)",1,24835,0,2022-11-20,0.0
"[40,60)",0,8724,0,2022-11-20,0.0
"[40,60)",1,7765,0,2022-11-20,0.0
"[60,80)",0,3313,0,2022-11-20,0.0
"[60,80)",1,3738,0,2022-11-20,0.0
"[80,200)",0,358,0,2022-11-20,0.0
"[80,200)",1,964,0,2022-11-20,0.0
"[0,40)",0,26538,0,2022-11-21,0.0
"[0,40)",1,24835,0,2022-11-21,0.0
"[40,60)",0,8724,0,2022-11-21,0.0
"[40,60)",1,7765,0,2022-11-21,0.0
"[60,80)",0,3313,0,2022-11-21,0.0
"[60,80)",1,3737,0,2022-11-21,0.0
"[80,200)",0,358,0,2022-11-21,0.0
"[80,200)",1,963,0,2022-11-21,0.0
"[0,40)",0,26538,1,2022-11-22,3.768181475619866e-05
"[0,40)",1,24835,0,2022-11-22,0.0
"[40,60)",0,8724,0,2022-11-22,0.0
"[40,60)",1,7764,0,2022-11-22,0.0
"[60,80)",0,3313,0,2022-11-22,0.0
"[60,80)",1,3737,0,2022-11-22,0.0
"[80,200)",0,358,0,2022-11-22,0.0
"[80,200)",1,962,0,2022-11-22,0.0
"[0,40)",0,26537,0,2022-11-23,0.0
"[0,40)",1,24835,0,2022-11-23,0.0
"[40,60)",0,8724,0,2022-11-23,0.0
"[40,60)",1,7764,1,2022-11-23,0.00012879958784131891
"[60,80)",0,3313,0,2022-11-23,0.0
"[60,80)",1,3737,0,2022-11-23,0.0
"[80,200)",0,357,0,2022-11-23,0.0
"[80,200)",1,961,0,2022-11-23,0.0
"[0,40)",0,26537,0,2022-11-24,0.0
"[0,40)",1,24835,1,2022-11-24,4.02657539762432e-05
"[40,60)",0,8724,0,2022-11-24,0.0
"[40,60)",1,7763,0,2022-11-24,0.0
"[60,80)",0,3313,0,2022-11-24,0.0
"[60,80)",1,3737,0,2022-11-24,0.0
"[80,200)",0,357,0,2022-11-24,0.0
"[80,200)",1,961,1,2022-11-24,0.001040582726326743
"[0,40)",0,26537,3,2022-11-25,0.00011304970418660738
"[0,40)",1,24834,0,2022-11-25,0.0
"[40,60)",0,8724,1,2022-11-25,0.00011462631820265933
"[40,60)",1,7762,0,2022-11-25,0.0
"[60,80)",0,3312,1,2022-11-25,0.00030193236714975844
"[60,80)",1,3736,0,2022-11-25,0.0
"[80,200)",0,357,0,2022-11-25,0.0
"[80,200)",1,960,0,2022-11-25,0.0
"[0,40)",0,26534,0,2022-11-26,0.0
"[0,40)",1,24834,0,2022-11-26,0.0
"[40,60)",0,8723,0,2022-11-26,0.0
"[40,60)",1,7762,0,2022-11-26,0.0
"[60,80)",0,3311,0,2022-11-26,0.0
"[60,80)",1,3736,0,2022-11-26,0.0
"[80,200)",0,357,0,2022-11-26,0.0
"[80,200)",1,959,0,2022-11-26,0.0
"[0,40)",0,26534,0,2022-11-27,0.0
"[0,40)",1,24834,0,2022-11-27,0.0
"[40,60)",0,8723,0,2022-11-27,0.0
"[40,60)",1,7762,0,2022-11-27,0.0
"[60,80)",0,3311,0,2022-11-27,0.0
"[60,80)",1,3736,0,2022-11-27,0.0
"[80,200)",0,357,0,2022-11-27,0.0
"[80,200)",1,959,0,2022-11-27,0.0
"[0,40)",0,26534,1,2022-11-28,3.7687495289063086e-05
"[0,40)",1,24834,0,2022-11-28,0.0
"[40,60)",0,8723,0,2022-11-28,0.0
"[40,60)",1,7762,0,2022-11-28,0.0
"[60,80)",0,3310,0,2022-11-28,0.0
"[60,80)",1,3736,0,2022-11-28,0.0
"[80,200)",0,357,0,2022-11-28,0.0
"[80,200)",1,959,0,2022-11-28,0.0
"[0,40)",0,26533,0,2022-11-29,0.0
"[0,40)",1,24834,0,2022-11-29,0.0
"[40,60)",0,8723,0,2022-11-29,0.0
"[40,60)",1,7762,0,2022-11-29,0.0
"[60,80)",0,3310,0,2022-11-29,0.0
"[60,80)",1,3735,0,2022-11-29,0.0
"[80,200)",0,355,0,2022-11-29,0.0
"[80,200)",1,957,0,2022-11-29,0.0
"[0,40)",0,26533,1,2022-11-30,3.76889156898956e-05
"[0,40)",1,24834,1,2022-11-30,4.026737537247322e-05
"[40,60)",0,8723,0,2022-11-30,0.0
"[40,60)",1,7762,0,2022-11-30,0.0
"[60,80)",0,3309,0,2022-11-30,0.0
"[60,80)",1,3734,0,2022-11-30,0.0
"[80,200)",0,355,0,2022-11-30,0.0
"[80,200)",1,955,0,2022-11-30,0.0
"[0,40)",0,26532,2,2022-12-01,7.538067239559776e-05
"[0,40)",1,24833,1,2022-12-01,4.0268996899287236e-05
"[40,60)",0,8723,0,2022-12-01,0.0
"[40,60)",1,7762,0,2022-12-01,0.0
"[60,80)",0,3309,0,2022-12-01,0.0
"[60,80)",1,3734,0,2022-12-01,0.0
"[80,200)",0,354,0,2022-12-01,0.0
"[80,200)",1,955,0,2022-12-01,0.0
"[0,40)",0,26530,0,2022-12-02,0.0
"[0,40)",1,24832,0,2022-12-02,0.0
"[40,60)",0,8723,0,2022-12-02,0.0
"[40,60)",1,7762,0,2022-12-02,0.0
"[60,80)",0,3309,0,2022-12-02,0.0
"[60,80)",1,3734,0,2022-12-02,0.0
"[80,200)",0,354,0,2022-12-02,0.0
"[80,200)",1,954,0,2022-12-02,0.0
"[0,40)",0,26530,0,2022-12-03,0.0
"[0,40)",1,24832,0,2022-12-03,0.0
"[40,60)",0,8723,0,2022-12-03,0.0
"[40,60)",1,7762,0,2022-12-03,0.0
"[60,80)",0,3309,0,2022-12-03,0.0
"[60,80)",1,3734,0,2022-12-03,0.0
"[80,200)",0,354,0,2022-12-03,0.0
"[80,200)",1,954,0,2022-12-03,0.0
"[0,40)",0,26530,0,2022-12-04,0.0
"[0,40)",1,24832,0,2022-12-04,0.0
"[40,60)",0,8723,0,2022-12-04,0.0
"[40,60)",1,7762,0,2022-12-04,0.0
"[60,80)",0,3308,0,2022-12-04,0.0
"[60,80)",1,3733,0,2022-12-04,0.0
"[80,200)",0,354,0,2022-12-04,0.0
"[80,200)",1,954,0,2022-12-04,0.0
"[0,40)",0,26530,0,2022-12-05,0.0
"[0,40)",1,24832,0,2022-12-05,0.0
"[40,60)",0,8723,0,2022-12-05,0.0
"[40,60)",1,7762,0,2022-12-05,0.0
"[60,80)",0,3308,0,2022-12-05,0.0
"[60,80)",1,3733,0,2022-12-05,0.0
"[80,200)",0,354,0,2022-12-05,0.0
"[80,200)",1,954,0,2022-12-05,0.0
"[0,40)",0,26530,0,2022-12-06,0.0
"[0,40)",1,24832,0,2022-12-06,0.0
"[40,60)",0,8723,0,2022-12-06,0.0
"[40,60)",1,7762,0,2022-12-06,0.0
"[60,80)",0,3308,0,2022-12-06,0.0
"[60,80)",1,3732,0,2022-12-06,0.0
"[80,200)",0,353,0,2022-12-06,0.0
"[80,200)",1,954,0,2022-12-06,0.0
"[0,40)",0,26530,1,2022-12-07,3.769317753486619e-05
"[0,40)",1,24832,0,2022-12-07,0.0
"[40,60)",0,8723,0,2022-12-07,0.0
"[40,60)",1,7762,0,2022-12-07,0.0
"[60,80)",0,3308,0,2022-12-07,0.0
"[60,80)",1,3732,0,2022-12-07,0.0
"[80,200)",0,352,0,2022-12-07,0.0
"[80,200)",1,954,0,2022-12-07,0.0
"[0,40)",0,26529,0,2022-12-08,0.0
"[0,40)",1,24832,1,2022-12-08,4.027061855670103e-05
"[40,60)",0,8723,0,2022-12-08,0.0
"[40,60)",1,7762,0,2022-12-08,0.0
"[60,80)",0,3308,0,2022-12-08,0.0
"[60,80)",1,3731,0,2022-12-08,0.0
"[80,200)",0,352,0,2022-12-08,0.0
"[80,200)",1,952,0,2022-12-08,0.0
"[0,40)",0,26529,2,2022-12-09,7.538919672810887e-05
"[0,40)",1,24831,0,2022-12-09,0.0
"[40,60)",0,8723,0,2022-12-09,0.0
"[40,60)",1,7762,0,2022-12-09,0.0
"[60,80)",0,3308,0,2022-12-09,0.0
"[60,80)",1,3731,0,2022-12-09,0.0
"[80,200)",0,352,0,2022-12-09,0.0
"[80,200)",1,951,0,2022-12-09,0.0
"[0,40)",0,26527,0,2022-12-10,0.0
"[0,40)",1,24831,0,2022-12-10,0.0
"[40,60)",0,8722,0,2022-12-10,0.0
"[40,60)",1,7762,0,2022-12-10,0.0
"[60,80)",0,3307,0,2022-12-10,0.0
"[60,80)",1,3731,0,2022-12-10,0.0
"[80,200)",0,352,0,2022-12-10,0.0
"[80,200)",1,951,0,2022-12-10,0.0
"[0,40)",0,26527,0,2022-12-11,0.0
"[0,40)",1,24831,0,2022-12-11,0.0
"[40,60)",0,8722,0,2022-12-11,0.0
"[40,60)",1,7762,0,2022-12-11,0.0
"[60,80)",0,3306,0,2022-12-11,0.0
"[60,80)",1,3731,0,2022-12-11,0.0
"[80,200)",0,352,0,2022-12-11,0.0
"[80,200)",1,951,0,2022-12-11,0.0
"[0,40)",0,26527,0,2022-12-12,0.0
"[0,40)",1,24831,1,2022-12-12,4.0272240344730375e-05
"[40,60)",0,8722,0,2022-12-12,0.0
"[40,60)",1,7762,1,2022-12-12,0.00012883277505797475
"[60,80)",0,3305,0,2022-12-12,0.0
"[60,80)",1,3730,0,2022-12-12,0.0
"[80,200)",0,352,0,2022-12-12,0.0
"[80,200)",1,951,0,2022-12-12,0.0
"[0,40)",0,26527,1,2022-12-13,3.769744034380066e-05
"[0,40)",1,24830,0,2022-12-13,0.0
"[40,60)",0,8722,0,2022-12-13,0.0
"[40,60)",1,7761,0,2022-12-13,0.0
"[60,80)",0,3305,0,2022-12-13,0.0
"[60,80)",1,3729,0,2022-12-13,0.0
"[80,200)",0,352,0,2022-12-13,0.0
"[80,200)",1,951,0,2022-12-13,0.0
"[0,40)",0,26525,0,2022-12-14,0.0
"[0,40)",1,24830,0,2022-12-14,0.0
"[40,60)",0,8722,0,2022-12-14,0.0
"[40,60)",1,7761,0,2022-12-14,0.0
"[60,80)",0,3305,0,2022-12-14,0.0
"[60,80)",1,3727,0,2022-12-14,0.0
"[80,200)",0,352,0,2022-12-14,0.0
"[80,200)",1,950,0,2022-12-14,0.0
"[0,40)",0,26525,0,2022-12-15,0.0
"[0,40)",1,24830,0,2022-12-15,0.0
"[40,60)",0,8722,0,2022-12-15,0.0
"[40,60)",1,7761,0,2022-12-15,0.0
"[60,80)",0,3305,0,2022-12-15,0.0
"[60,80)",1,3727,0,2022-12-15,0.0
"[80,200)",0,352,0,2022-12-15,0.0
"[80,200)",1,949,0,2022-12-15,0.0
"[0,40)",0,26525,0,2022-12-16,0.0
"[0,40)",1,24830,0,2022-12-16,0.0
"[40,60)",0,8721,0,2022-12-16,0.0
"[40,60)",1,7761,0,2022-12-16,0.0
"[60,80)",0,3305,0,2022-12-16,0.0
"[60,80)",1,3727,0,2022-12-16,0.0
"[80,200)",0,352,0,2022-12-16,0.0
"[80,200)",1,949,0,2022-12-16,0.0
"[0,40)",0,26525,0,2022-12-17,0.0
"[0,40)",1,24830,0,2022-12-17,0.0
"[40,60)",0,8721,0,2022-12-17,0.0
"[40,60)",1,7761,0,2022-12-17,0.0
"[60,80)",0,3305,0,2022-12-17,0.0
"[60,80)",1,3727,0,2022-12-17,0.0
"[80,200)",0,352,0,2022-12-17,0.0
"[80,200)",1,949,0,2022-12-17,0.0
"[0,40)",0,26525,0,2022-12-18,0.0
"[0,40)",1,24830,0,2022-12-18,0.0
"[40,60)",0,8721,0,2022-12-18,0.0
"[40,60)",1,7761,0,2022-12-18,0.0
"[60,80)",0,3305,0,2022-12-18,0.0
"[60,80)",1,3727,0,2022-12-18,0.0
"[80,200)",0,352,0,2022-12-18,0.0
"[80,200)",1,948,0,2022-12-18,0.0
"[0,40)",0,26525,0,2022-12-19,0.0
"[0,40)",1,24830,0,2022-12-19,0.0
"[40,60)",0,8721,0,2022-12-19,0.0
"[40,60)",1,7761,0,2022-12-19,0.0
"[60,80)",0,3305,0,2022-12-19,0.0
"[60,80)",1,3726,0,2022-12-19,0.0
"[80,200)",0,352,0,2022-12-19,0.0
"[80,200)",1,948,0,2022-12-19,0.0
"[0,40)",0,26525,0,2022-12-20,0.0
"[0,40)",1,24830,0,2022-12-20,0.0
"[40,60)",0,8720,0,2022-12-20,0.0
"[40,60)",1,7761,0,2022-12-20,0.0
"[60,80)",0,3305,0,2022-12-20,0.0
"[60,80)",1,3726,0,2022-12-20,0.0
"[80,200)",0,352,0,2022-12-20,0.0
"[80,200)",1,948,0,2022-12-20,0.0
"[0,40)",0,26525,0,2022-12-21,0.0
"[0,40)",1,24830,0,2022-12-21,0.0
"[40,60)",0,8720,0,2022-12-21,0.0
"[40,60)",1,7761,0,2022-12-21,0.0
"[60,80)",0,3304,0,2022-12-21,0.0
"[60,80)",1,3725,1,2022-12-21,0.00026845637583892615
"[80,200)",0,351,0,2022-12-21,0.0
"[80,200)",1,948,0,2022-12-21,0.0
"[0,40)",0,26525,0,2022-12-22,0.0
"[0,40)",1,24830,0,2022-12-22,0.0
"[40,60)",0,8720,0,2022-12-22,0.0
"[40,60)",1,7761,0,2022-12-22,0.0
"[60,80)",0,3303,0,2022-12-22,0.0
"[60,80)",1,3724,0,2022-12-22,0.0
"[80,200)",0,351,0,2022-12-22,0.0
"[80,200)",1,948,0,2022-12-22,0.0
"[0,40)",0,26525,0,2022-12-23,0.0
"[0,40)",1,24830,0,2022-12-23,0.0
"[40,60)",0,8720,0,2022-12-23,0.0
"[40,60)",1,7761,0,2022-12-23,0.0
"[60,80)",0,3303,0,2022-12-23,0.0
"[60,80)",1,3723,0,2022-12-23,0.0
"[80,200)",0,351,0,2022-12-23,0.0
"[80,200)",1,947,0,2022-12-23,0.0
"[0,40)",0,26524,0,2022-12-24,0.0
"[0,40)",1,24830,0,2022-12-24,0.0
"[40,60)",0,8720,0,2022-12-24,0.0
"[40,60)",1,7761,0,2022-12-24,0.0
"[60,80)",0,3303,0,2022-12-24,0.0
"[60,80)",1,3723,0,2022-12-24,0.0
"[80,200)",0,351,0,2022-12-24,0.0
"[80,200)",1,947,0,2022-12-24,0.0
"[0,40)",0,26524,0,2022-12-25,0.0
"[0,40)",1,24830,0,2022-12-25,0.0
"[40,60)",0,8720,0,2022-12-25,0.0
"[40,60)",1,7761,0,2022-12-25,0.0
"[60,80)",0,3303,0,2022-12-25,0.0
"[60,80)",1,3722,0,2022-12-25,0.0
"[80,200)",0,351,0,2022-12-25,0.0
"[80,200)",1,945,0,2022-12-25,0.0
"[0,40)",0,26524,0,2022-12-26,0.0
"[0,40)",1,24830,0,2022-12-26,0.0
"[40,60)",0,8720,0,2022-12-26,0.0
"[40,60)",1,7761,0,2022-12-26,0.0
"[60,80)",0,3303,0,2022-12-26,0.0
"[60,80)",1,3722,0,2022-12-26,0.0
"[80,200)",0,350,0,2022-12-26,0.0
"[80,200)",1,945,0,2022-12-26,0.0
"[0,40)",0,26524,0,2022-12-27,0.0
"[0,40)",1,24830,0,2022-12-27,0.0
"[40,60)",0,8720,0,2022-12-27,0.0
"[40,60)",1,7761,0,2022-12-27,0.0
"[60,80)",0,3303,0,2022-12-27,0.0
"[60,80)",1,3722,0,2022-12-27,0.0
"[80,200)",0,350,0,2022-12-27,0.0
"[80,200)",1,945,0,2022-12-27,0.0
"[0,40)",0,26524,0,2022-12-28,0.0
"[0,40)",1,24830,1,2022-12-28,4.027386226339106e-05
"[40,60)",0,8720,0,2022-12-28,0.0
"[40,60)",1,7761,0,2022-12-28,0.0
"[60,80)",0,3303,0,2022-12-28,0.0
"[60,80)",1,3721,0,2022-12-28,0.0
"[80,200)",0,349,0,2022-12-28,0.0
"[80,200)",1,945,0,2022-12-28,0.0
"[0,40)",0,26524,0,2022-12-29,0.0
"[0,40)",1,24829,0,2022-12-29,0.0
"[40,60)",0,8720,0,2022-12-29,0.0
"[40,60)",1,7761,0,2022-12-29,0.0
"[60,80)",0,3302,0,2022-12-29,0.0
"[60,80)",1,3720,0,2022-12-29,0.0
"[80,200)",0,348,0,2022-12-29,0.0
"[80,200)",1,945,0,2022-12-29,0.0
"[0,40)",0,26524,0,2022-12-30,0.0
"[0,40)",1,24829,1,2022-12-30,4.027548431269886e-05
"[40,60)",0,8720,0,2022-12-30,0.0
"[40,60)",1,7761,0,2022-12-30,0.0
"[60,80)",0,3301,0,2022-12-30,0.0
"[60,80)",1,3720,0,2022-12-30,0.0
"[80,200)",0,347,0,2022-12-30,0.0
"[80,200)",1,941,0,2022-12-30,0.0
"[0,40)",0,26524,0,2022-12-31,0.0
"[0,40)",1,24828,0,2022-12-31,0.0
"[40,60)",0,8720,0,2022-12-31,0.0
"[40,60)",1,7761,0,2022-12-31,0.0
"[60,80)",0,3299,0,2022-12-31,0.0
"[60,80)",1,3720,0,2022-12-31,0.0
"[80,200)",0,347,0,2022-12-31,0.0
"[80,200)",1,940,0,2022-12-31,0.0
"[0,40)",0,25971,0,2023-01-01,0.0
"[0,40)",1,24371,0,2023-01-01,0.0
"[40,60)",0,8990,0,2023-01-01,0.0
"[40,60)",1,7914,0,2023-01-01,0.0
"[60,80)",0,3504,0,2023-01-01,0.0
"[60,80)",1,3909,0,2023-01-01,0.0
"[80,200)",0,425,0,2023-01-01,0.0
"[80,200)",1,1055,0,2023-01-01,0.0
"[0,40)",0,25971,0,2023-01-02,0.0
"[0,40)",1,24371,0,2023-01-02,0.0
"[40,60)",0,8990,0,2023-01-02,0.0
"[40,60)",1,7914,1,2023-01-02,0.00012635835228708617
"[60,80)",0,3504,0,2023-01-02,0.0
"[60,80)",1,3909,0,2023-01-02,0.0
"[80,200)",0,425,0,2023-01-02,0.0
"[80,200)",1,1055,0,2023-01-02,0.0
"[0,40)",0,25971,0,2023-01-03,0.0
"[0,40)",1,24371,0,2023-01-03,0.0
"[40,60)",0,8990,0,2023-01-03,0.0
"[40,60)",1,7913,0,2023-01-03,0.0
"[60,80)",0,3504,0,2023-01-03,0.0
"[60,80)",1,3909,0,2023-01-03,0.0
"[80,200)",0,425,0,2023-01-03,0.0
"[80,200)",1,1055,0,2023-01-03,0.0
"[0,40)",0,25971,1,2023-01-04,3.850448577259251e-05
"[0,40)",1,24371,0,2023-01-04,0.0
"[40,60)",0,8990,0,2023-01-04,0.0
"[40,60)",1,7913,0,2023-01-04,0.0
"[60,80)",0,3504,0,2023-01-04,0.0
"[60,80)",1,3909,0,2023-01-04,0.0
"[80,200)",0,425,0,2023-01-04,0.0
"[80,200)",1,1055,0,2023-01-04,0.0
"[0,40)",0,25970,2,2023-01-05,7.701193685021179e-05
"[0,40)",1,24371,0,2023-01-05,0.0
"[40,60)",0,8990,0,2023-01-05,0.0
"[40,60)",1,7913,0,2023-01-05,0.0
"[60,80)",0,3504,0,2023-01-05,0.0
"[60,80)",1,3909,0,2023-01-05,0.0
"[80,200)",0,425,0,2023-01-05,0.0
"[80,200)",1,1055,0,2023-01-05,0.0
"[0,40)",0,25968,1,2023-01-06,3.850893407270487e-05
"[0,40)",1,24371,1,2023-01-06,4.103237454351483e-05
"[40,60)",0,8990,0,2023-01-06,0.0
"[40,60)",1,7913,0,2023-01-06,0.0
"[60,80)",0,3504,0,2023-01-06,0.0
"[60,80)",1,3909,0,2023-01-06,0.0
"[80,200)",0,425,0,2023-01-06,0.0
"[80,200)",1,1055,0,2023-01-06,0.0
"[0,40)",0,25967,0,2023-01-07,0.0
"[0,40)",1,24370,0,2023-01-07,0.0
"[40,60)",0,8990,0,2023-01-07,0.0
"[40,60)",1,7913,0,2023-01-07,0.0
"[60,80)",0,3504,0,2023-01-07,0.0
"[60,80)",1,3909,0,2023-01-07,0.0
"[80,200)",0,425,0,2023-01-07,0.0
"[80,200)",1,1055,0,2023-01-07,0.0
"[0,40)",0,25967,0,2023-01-08,0.0
"[0,40)",1,24370,0,2023-01-08,0.0
"[40,60)",0,8990,0,2023-01-08,0.0
"[40,60)",1,7913,0,2023-01-08,0.0
"[60,80)",0,3504,0,2023-01-08,0.0
"[60,80)",1,3909,0,2023-01-08,0.0
"[80,200)",0,425,0,2023-01-08,0.0
"[80,200)",1,1055,0,2023-01-08,0.0
"[0,40)",0,25967,0,2023-01-09,0.0
"[0,40)",1,24370,0,2023-01-09,0.0
"[40,60)",0,8990,0,2023-01-09,0.0
"[40,60)",1,7913,0,2023-01-09,0.0
"[60,80)",0,3504,0,2023-01-09,0.0
"[60,80)",1,3909,0,2023-01-09,0.0
"[80,200)",0,425,0,2023-01-09,0.0
"[80,200)",1,1055,0,2023-01-09,0.0
"[0,40)",0,25967,0,2023-01-10,0.0
"[0,40)",1,24370,0,2023-01-10,0.0
"[40,60)",0,8990,0,2023-01-10,0.0
"[40,60)",1,7913,1,2023-01-10,0.00012637432073802604
"[60,80)",0,3504,0,2023-01-10,0.0
"[60,80)",1,3909,0,2023-01-10,0.0
"[80,200)",0,425,0,2023-01-10,0.0
"[80,200)",1,1055,0,2023-01-10,0.0
"[0,40)",0,25967,0,2023-01-11,0.0
"[0,40)",1,24370,0,2023-01-11,0.0
"[40,60)",0,8990,0,2023-01-11,0.0
"[40,60)",1,7912,0,2023-01-11,0.0
"[60,80)",0,3504,0,2023-01-11,0.0
"[60,80)",1,3909,0,2023-01-11,0.0
"[80,200)",0,425,0,2023-01-11,0.0
"[80,200)",1,1055,0,2023-01-11,0.0
"[0,40)",0,25967,2,2023-01-12,7.702083413563368e-05
"[0,40)",1,24370,0,2023-01-12,0.0
"[40,60)",0,8990,0,2023-01-12,0.0
"[40,60)",1,7912,2,2023-01-12,0.0002527805864509606
"[60,80)",0,3504,0,2023-01-12,0.0
"[60,80)",1,3909,0,2023-01-12,0.0
"[80,200)",0,425,0,2023-01-12,0.0
"[80,200)",1,1055,0,2023-01-12,0.0
"[0,40)",0,25965,0,2023-01-13,0.0
"[0,40)",1,24370,0,2023-01-13,0.0
"[40,60)",0,8990,1,2023-01-13,0.00011123470522803115
"[40,60)",1,7910,1,2023-01-13,0.00012642225031605562
"[60,80)",0,3504,0,2023-01-13,0.0
"[60,80)",1,3909,0,2023-01-13,0.0
"[80,200)",0,425,0,2023-01-13,0.0
"[80,200)",1,1055,0,2023-01-13,0.0
"[0,40)",0,25965,0,2023-01-14,0.0
"[0,40)",1,24370,0,2023-01-14,0.0
"[40,60)",0,8989,0,2023-01-14,0.0
"[40,60)",1,7909,0,2023-01-14,0.0
"[60,80)",0,3504,0,2023-01-14,0.0
"[60,80)",1,3909,0,2023-01-14,0.0
"[80,200)",0,425,0,2023-01-14,0.0
"[80,200)",1,1055,0,2023-01-14,0.0
"[0,40)",0,25965,0,2023-01-15,0.0
"[0,40)",1,24370,0,2023-01-15,0.0
"[40,60)",0,8989,0,2023-01-15,0.0
"[40,60)",1,7909,0,2023-01-15,0.0
"[60,80)",0,3504,0,2023-01-15,0.0
"[60,80)",1,3909,0,2023-01-15,0.0
"[80,200)",0,425,0,2023-01-15,0.0
"[80,200)",1,1055,0,2023-01-15,0.0
"[0,40)",0,25965,0,2023-01-16,0.0
"[0,40)",1,24370,1,2023-01-16,4.1034058268362744e-05
"[40,60)",0,8989,0,2023-01-16,0.0
"[40,60)",1,7909,0,2023-01-16,0.0
"[60,80)",0,3504,0,2023-01-16,0.0
"[60,80)",1,3909,0,2023-01-16,0.0
"[80,200)",0,425,0,2023-01-16,0.0
"[80,200)",1,1055,0,2023-01-16,0.0
"[0,40)",0,25965,0,2023-01-17,0.0
"[0,40)",1,24369,0,2023-01-17,0.0
"[40,60)",0,8989,0,2023-01-17,0.0
"[40,60)",1,7909,0,2023-01-17,0.0
"[60,80)",0,3504,0,2023-01-17,0.0
"[60,80)",1,3909,0,2023-01-17,0.0
"[80,200)",0,425,0,2023-01-17,0.0
"[80,200)",1,1055,0,2023-01-17,0.0
"[0,40)",0,25965,0,2023-01-18,0.0
"[0,40)",1,24369,1,2023-01-18,4.1035742131396446e-05
"[40,60)",0,8989,0,2023-01-18,0.0
"[40,60)",1,7909,0,2023-01-18,0.0
"[60,80)",0,3504,0,2023-01-18,0.0
"[60,80)",1,3909,0,2023-01-18,0.0
"[80,200)",0,425,0,2023-01-18,0.0
"[80,200)",1,1055,0,2023-01-18,0.0
"[0,40)",0,25965,1,2023-01-19,3.851338340073175e-05
"[0,40)",1,24368,0,2023-01-19,0.0
"[40,60)",0,8989,0,2023-01-19,0.0
"[40,60)",1,7909,0,2023-01-19,0.0
"[60,80)",0,3504,0,2023-01-19,0.0
"[60,80)",1,3909,1,2023-01-19,0.00025581990278843696
"[80,200)",0,425,0,2023-01-19,0.0
"[80,200)",1,1055,0,2023-01-19,0.0
"[0,40)",0,25964,0,2023-01-20,0.0
"[0,40)",1,24368,1,2023-01-20,4.103742613263296e-05
"[40,60)",0,8989,0,2023-01-20,0.0
"[40,60)",1,7909,0,2023-01-20,0.0
"[60,80)",0,3504,0,2023-01-20,0.0
"[60,80)",1,3908,0,2023-01-20,0.0
"[80,200)",0,425,0,2023-01-20,0.0
"[80,200)",1,1055,0,2023-01-20,0.0
"[0,40)",0,25964,0,2023-01-21,0.0
"[0,40)",1,24367,0,2023-01-21,0.0
"[40,60)",0,8989,0,2023-01-21,0.0
"[40,60)",1,7909,0,2023-01-21,0.0
"[60,80)",0,3504,0,2023-01-21,0.0
"[60,80)",1,3908,0,2023-01-21,0.0
"[80,200)",0,425,0,2023-01-21,0.0
"[80,200)",1,1055,0,2023-01-21,0.0
"[0,40)",0,25964,0,2023-01-22,0.0
"[0,40)",1,24367,0,2023-01-22,0.0
"[40,60)",0,8989,0,2023-01-22,0.0
"[40,60)",1,7909,0,2023-01-22,0.0
"[60,80)",0,3504,0,2023-01-22,0.0
"[60,80)",1,3908,0,2023-01-22,0.0
"[80,200)",0,425,0,2023-01-22,0.0
"[80,200)",1,1055,0,2023-01-22,0.0
"[0,40)",0,25964,1,2023-01-23,3.851486673856109e-05
"[0,40)",1,24367,0,2023-01-23,0.0
"[40,60)",0,8989,0,2023-01-23,0.0
"[40,60)",1,7909,0,2023-01-23,0.0
"[60,80)",0,3504,0,2023-01-23,0.0
"[60,80)",1,3908,0,2023-01-23,0.0
"[80,200)",0,425,0,2023-01-23,0.0
"[80,200)",1,1055,1,2023-01-23,0.0009478672985781991
"[0,40)",0,25963,0,2023-01-24,0.0
"[0,40)",1,24367,0,2023-01-24,0.0
"[40,60)",0,8989,0,2023-01-24,0.0
"[40,60)",1,7909,0,2023-01-24,0.0
"[60,80)",0,3504,0,2023-01-24,0.0
"[60,80)",1,3908,0,2023-01-24,0.0
"[80,200)",0,425,0,2023-01-24,0.0
"[80,200)",1,1054,0,2023-01-24,0.0
"[0,40)",0,25963,0,2023-01-25,0.0
"[0,40)",1,24367,0,2023-01-25,0.0
"[40,60)",0,8989,0,2023-01-25,0.0
"[40,60)",1,7909,0,2023-01-25,0.0
"[60,80)",0,3504,0,2023-01-25,0.0
"[60,80)",1,3908,0,2023-01-25,0.0
"[80,200)",0,425,0,2023-01-25,0.0
"[80,200)",1,1054,0,2023-01-25,0.0
"[0,40)",0,25963,0,2023-01-26,0.0
"[0,40)",1,24367,0,2023-01-26,0.0
"[40,60)",0,8989,0,2023-01-26,0.0
"[40,60)",1,7909,0,2023-01-26,0.0
"[60,80)",0,3504,0,2023-01-26,0.0
"[60,80)",1,3908,0,2023-01-26,0.0
"[80,200)",0,425,0,2023-01-26,0.0
"[80,200)",1,1054,0,2023-01-26,0.0
"[0,40)",0,25963,1,2023-01-27,3.8516350190655935e-05
"[0,40)",1,24367,0,2023-01-27,0.0
"[40,60)",0,8989,0,2023-01-27,0.0
"[40,60)",1,7909,0,2023-01-27,0.0
"[60,80)",0,3504,0,2023-01-27,0.0
"[60,80)",1,3908,0,2023-01-27,0.0
"[80,200)",0,425,0,2023-01-27,0.0
"[80,200)",1,1054,0,2023-01-27,0.0
"[0,40)",0,25962,0,2023-01-28,0.0
"[0,40)",1,24367,0,2023-01-28,0.0
"[40,60)",0,8989,0,2023-01-28,0.0
"[40,60)",1,7909,0,2023-01-28,0.0
"[60,80)",0,3504,0,2023-01-28,0.0
"[60,80)",1,3908,0,2023-01-28,0.0
"[80,200)",0,425,0,2023-01-28,0.0
"[80,200)",1,1054,0,2023-01-28,0.0
"[0,40)",0,25962,0,2023-01-29,0.0
"[0,40)",1,24367,0,2023-01-29,0.0
"[40,60)",0,8989,0,2023-01-29,0.0
"[40,60)",1,7909,0,2023-01-29,0.0
"[60,80)",0,3504,0,2023-01-29,0.0
"[60,80)",1,3908,0,2023-01-29,0.0
"[80,200)",0,425,0,2023-01-29,0.0
"[80,200)",1,1054,0,2023-01-29,0.0
"[0,40)",0,25962,1,2023-01-30,3.8517833757029506e-05
"[0,40)",1,24367,0,2023-01-30,0.0
"[40,60)",0,8989,0,2023-01-30,0.0
"[40,60)",1,7909,0,2023-01-30,0.0
"[60,80)",0,3504,0,2023-01-30,0.0
"[60,80)",1,3908,0,2023-01-30,0.0
"[80,200)",0,425,0,2023-01-30,0.0
"[80,200)",1,1054,0,2023-01-30,0.0
"[0,40)",0,25961,0,2023-01-31,0.0
"[0,40)",1,24367,0,2023-01-31,0.0
"[40,60)",0,8989,0,2023-01-31,0.0
"[40,60)",1,7909,0,2023-01-31,0.0
"[60,80)",0,3504,0,2023-01-31,0.0
"[60,80)",1,3908,0,2023-01-31,0.0
"[80,200)",0,425,0,2023-01-31,0.0
"[80,200)",1,1054,0,2023-01-31,0.0
"[0,40)",0,25961,0,2023-02-01,0.0
"[0,40)",1,24367,0,2023-02-01,0.0
"[40,60)",0,8989,0,2023-02-01,0.0
"[40,60)",1,7909,0,2023-02-01,0.0
"[60,80)",0,3504,0,2023-02-01,0.0
"[60,80)",1,3908,0,2023-02-01,0.0
"[80,200)",0,425,0,2023-02-01,0.0
"[80,200)",1,1054,0,2023-02-01,0.0
"[0,40)",0,25961,0,2023-02-02,0.0
"[0,40)",1,24367,0,2023-02-02,0.0
"[40,60)",0,8989,0,2023-02-02,0.0
"[40,60)",1,7909,0,2023-02-02,0.0
"[60,80)",0,3504,0,2023-02-02,0.0
"[60,80)",1,3908,0,2023-02-02,0.0
"[80,200)",0,425,0,2023-02-02,0.0
"[80,200)",1,1054,0,2023-02-02,0.0
"[0,40)",0,25961,1,2023-02-03,3.8519317437695e-05
"[0,40)",1,24367,0,2023-02-03,0.0
"[40,60)",0,8989,0,2023-02-03,0.0
"[40,60)",1,7909,0,2023-02-03,0.0
"[60,80)",0,3504,0,2023-02-03,0.0
"[60,80)",1,3908,0,2023-02-03,0.0
"[80,200)",0,425,0,2023-02-03,0.0
"[80,200)",1,1054,0,2023-02-03,0.0
"[0,40)",0,25960,0,2023-02-04,0.0
"[0,40)",1,24367,0,2023-02-04,0.0
"[40,60)",0,8989,0,2023-02-04,0.0
"[40,60)",1,7909,0,2023-02-04,0.0
"[60,80)",0,3504,0,2023-02-04,0.0
"[60,80)",1,3908,0,2023-02-04,0.0
"[80,200)",0,425,0,2023-02-04,0.0
"[80,200)",1,1054,0,2023-02-04,0.0
"[0,40)",0,25960,0,2023-02-05,0.0
"[0,40)",1,24367,0,2023-02-05,0.0
"[40,60)",0,8989,0,2023-02-05,0.0
"[40,60)",1,7909,0,2023-02-05,0.0
"[60,80)",0,3504,0,2023-02-05,0.0
"[60,80)",1,3908,0,2023-02-05,0.0
"[80,200)",0,425,0,2023-02-05,0.0
"[80,200)",1,1054,0,2023-02-05,0.0
"[0,40)",0,25960,0,2023-02-06,0.0
"[0,40)",1,24367,0,2023-02-06,0.0
"[40,60)",0,8989,0,2023-02-06,0.0
"[40,60)",1,7909,0,2023-02-06,0.0
"[60,80)",0,3504,0,2023-02-06,0.0
"[60,80)",1,3908,0,2023-02-06,0.0
"[80,200)",0,425,0,2023-02-06,0.0
"[80,200)",1,1054,0,2023-02-06,0.0
"[0,40)",0,25960,0,2023-02-07,0.0
"[0,40)",1,24367,0,2023-02-07,0.0
"[40,60)",0,8989,0,2023-02-07,0.0
"[40,60)",1,7909,0,2023-02-07,0.0
"[60,80)",0,3504,0,2023-02-07,0.0
"[60,80)",1,3908,0,2023-02-07,0.0
"[80,200)",0,425,0,2023-02-07,0.0
"[80,200)",1,1054,0,2023-02-07,0.0
"[0,40)",0,25960,0,2023-02-08,0.0
"[0,40)",1,24367,0,2023-02-08,0.0
"[40,60)",0,8989,0,2023-02-08,0.0
"[40,60)",1,7909,0,2023-02-08,0.0
"[60,80)",0,3504,0,2023-02-08,0.0
"[60,80)",1,3908,0,2023-02-08,0.0
"[80,200)",0,425,0,2023-02-08,0.0
"[80,200)",1,1054,0,2023-02-08,0.0
"[0,40)",0,25960,0,2023-02-09,0.0
"[0,40)",1,24367,0,2023-02-09,0.0
"[40,60)",0,8989,0,2023-02-09,0.0
"[40,60)",1,7909,0,2023-02-09,0.0
"[60,80)",0,3504,0,2023-02-09,0.0
"[60,80)",1,3908,0,2023-02-09,0.0
"[80,200)",0,425,0,2023-02-09,0.0
"[80,200)",1,1054,0,2023-02-09,0.0
"[0,40)",0,25960,1,2023-02-10,3.852080123266564e-05
"[0,40)",1,24367,0,2023-02-10,0.0
"[40,60)",0,8989,0,2023-02-10,0.0
"[40,60)",1,7909,0,2023-02-10,0.0
"[60,80)",0,3504,0,2023-02-10,0.0
"[60,80)",1,3908,0,2023-02-10,0.0
"[80,200)",0,425,0,2023-02-10,0.0
"[80,200)",1,1054,0,2023-02-10,0.0
"[0,40)",0,25959,0,2023-02-11,0.0
"[0,40)",1,24367,0,2023-02-11,0.0
"[40,60)",0,8989,0,2023-02-11,0.0
"[40,60)",1,7909,0,2023-02-11,0.0
"[60,80)",0,3504,0,2023-02-11,0.0
"[60,80)",1,3908,0,2023-02-11,0.0
"[80,200)",0,425,0,2023-02-11,0.0
"[80,200)",1,1054,0,2023-02-11,0.0
"[0,40)",0,25959,0,2023-02-12,0.0
"[0,40)",1,24367,0,2023-02-12,0.0
"[40,60)",0,8989,0,2023-02-12,0.0
"[40,60)",1,7909,0,2023-02-12,0.0
"[60,80)",0,3504,0,2023-02-12,0.0
"[60,80)",1,3908,0,2023-02-12,0.0
"[80,200)",0,425,0,2023-02-12,0.0
"[80,200)",1,1054,0,2023-02-12,0.0
"[0,40)",0,25959,0,2023-02-13,0.0
"[0,40)",1,24367,0,2023-02-13,0.0
"[40,60)",0,8989,0,2023-02-13,0.0
"[40,60)",1,7909,0,2023-02-13,0.0
"[60,80)",0,3504,0,2023-02-13,0.0
"[60,80)",1,3908,0,2023-02-13,0.0
"[80,200)",0,425,0,2023-02-13,0.0
"[80,200)",1,1054,0,2023-02-13,0.0
"[0,40)",0,25959,0,2023-02-14,0.0
"[0,40)",1,24367,0,2023-02-14,0.0
"[40,60)",0,8989,0,2023-02-14,0.0
"[40,60)",1,7909,1,2023-02-14,0.00012643823492224047
"[60,80)",0,3504,0,2023-02-14,0.0
"[60,80)",1,3908,0,2023-02-14,0.0
"[80,200)",0,425,0,2023-02-14,0.0
"[80,200)",1,1054,0,2023-02-14,0.0
"[0,40)",0,25959,0,2023-02-15,0.0
"[0,40)",1,24367,0,2023-02-15,0.0
"[40,60)",0,8989,0,2023-02-15,0.0
"[40,60)",1,7908,0,2023-02-15,0.0
"[60,80)",0,3504,0,2023-02-15,0.0
"[60,80)",1,3908,0,2023-02-15,0.0
"[80,200)",0,425,0,2023-02-15,0.0
"[80,200)",1,1054,0,2023-02-15,0.0
"[0,40)",0,25959,0,2023-02-16,0.0
"[0,40)",1,24367,1,2023-02-16,4.10391102720893e-05
"[40,60)",0,8989,0,2023-02-16,0.0
"[40,60)",1,7908,0,2023-02-16,0.0
"[60,80)",0,3504,0,2023-02-16,0.0
"[60,80)",1,3908,0,2023-02-16,0.0
"[80,200)",0,425,0,2023-02-16,0.0
"[80,200)",1,1054,0,2023-02-16,0.0
"[0,40)",0,25959,2,2023-02-17,7.704457028390924e-05
"[0,40)",1,24366,0,2023-02-17,0.0
"[40,60)",0,8989,0,2023-02-17,0.0
"[40,60)",1,7908,0,2023-02-17,0.0
"[60,80)",0,3504,0,2023-02-17,0.0
"[60,80)",1,3908,0,2023-02-17,0.0
"[80,200)",0,425,0,2023-02-17,0.0
"[80,200)",1,1054,0,2023-02-17,0.0
"[0,40)",0,25957,0,2023-02-18,0.0
"[0,40)",1,24366,0,2023-02-18,0.0
"[40,60)",0,8989,0,2023-02-18,0.0
"[40,60)",1,7908,0,2023-02-18,0.0
"[60,80)",0,3504,0,2023-02-18,0.0
"[60,80)",1,3908,0,2023-02-18,0.0
"[80,200)",0,425,0,2023-02-18,0.0
"[80,200)",1,1054,0,2023-02-18,0.0
"[0,40)",0,25957,0,2023-02-19,0.0
"[0,40)",1,24366,0,2023-02-19,0.0
"[40,60)",0,8989,0,2023-02-19,0.0
"[40,60)",1,7908,0,2023-02-19,0.0
"[60,80)",0,3504,0,2023-02-19,0.0
"[60,80)",1,3908,0,2023-02-19,0.0
"[80,200)",0,425,0,2023-02-19,0.0
"[80,200)",1,1054,0,2023-02-19,0.0
"[0,40)",0,25957,0,2023-02-20,0.0
"[0,40)",1,24366,0,2023-02-20,0.0
"[40,60)",0,8989,0,2023-02-20,0.0
"[40,60)",1,7908,0,2023-02-20,0.0
"[60,80)",0,3504,0,2023-02-20,0.0
"[60,80)",1,3908,0,2023-02-20,0.0
"[80,200)",0,425,0,2023-02-20,0.0
"[80,200)",1,1054,0,2023-02-20,0.0
"[0,40)",0,25957,0,2023-02-21,0.0
"[0,40)",1,24366,0,2023-02-21,0.0
"[40,60)",0,8989,0,2023-02-21,0.0
"[40,60)",1,7908,0,2023-02-21,0.0
"[60,80)",0,3504,0,2023-02-21,0.0
"[60,80)",1,3908,0,2023-02-21,0.0
"[80,200)",0,425,0,2023-02-21,0.0
"[80,200)",1,1054,0,2023-02-21,0.0
"[0,40)",0,25957,0,2023-02-22,0.0
"[0,40)",1,24366,0,2023-02-22,0.0
"[40,60)",0,8989,0,2023-02-22,0.0
"[40,60)",1,7908,0,2023-02-22,0.0
"[60,80)",0,3504,0,2023-02-22,0.0
"[60,80)",1,3908,0,2023-02-22,0.0
"[80,200)",0,425,0,2023-02-22,0.0
"[80,200)",1,1054,0,2023-02-22,0.0
"[0,40)",0,25957,1,2023-02-23,3.852525330354047e-05
"[0,40)",1,24366,0,2023-02-23,0.0
"[40,60)",0,8989,0,2023-02-23,0.0
"[40,60)",1,7908,0,2023-02-23,0.0
"[60,80)",0,3504,0,2023-02-23,0.0
"[60,80)",1,3908,0,2023-02-23,0.0
"[80,200)",0,425,0,2023-02-23,0.0
"[80,200)",1,1054,0,2023-02-23,0.0
"[0,40)",0,25956,0,2023-02-24,0.0
"[0,40)",1,24366,0,2023-02-24,0.0
"[40,60)",0,8989,0,2023-02-24,0.0
"[40,60)",1,7908,0,2023-02-24,0.0
"[60,80)",0,3504,0,2023-02-24,0.0
"[60,80)",1,3908,0,2023-02-24,0.0
"[80,200)",0,425,0,2023-02-24,0.0
"[80,200)",1,1054,0,2023-02-24,0.0
"[0,40)",0,25956,0,2023-02-25,0.0
"[0,40)",1,24366,0,2023-02-25,0.0
"[40,60)",0,8989,0,2023-02-25,0.0
"[40,60)",1,7908,0,2023-02-25,0.0
"[60,80)",0,3504,0,2023-02-25,0.0
"[60,80)",1,3908,0,2023-02-25,0.0
"[80,200)",0,425,0,2023-02-25,0.0
"[80,200)",1,1054,0,2023-02-25,0.0
"[0,40)",0,25956,0,2023-02-26,0.0
"[0,40)",1,24366,0,2023-02-26,0.0
"[40,60)",0,8989,0,2023-02-26,0.0
"[40,60)",1,7908,0,2023-02-26,0.0
"[60,80)",0,3504,0,2023-02-26,0.0
"[60,80)",1,3908,0,2023-02-26,0.0
"[80,200)",0,425,0,2023-02-26,0.0
"[80,200)",1,1054,0,2023-02-26,0.0
"[0,40)",0,25956,1,2023-02-27,3.852673755586377e-05
"[0,40)",1,24366,0,2023-02-27,0.0
"[40,60)",0,8989,0,2023-02-27,0.0
"[40,60)",1,7908,0,2023-02-27,0.0
"[60,80)",0,3504,0,2023-02-27,0.0
"[60,80)",1,3908,0,2023-02-27,0.0
"[80,200)",0,425,0,2023-02-27,0.0
"[80,200)",1,1054,0,2023-02-27,0.0
"[0,40)",0,25955,0,2023-02-28,0.0
"[0,40)",1,24366,0,2023-02-28,0.0
"[40,60)",0,8989,0,2023-02-28,0.0
"[40,60)",1,7908,0,2023-02-28,0.0
"[60,80)",0,3504,0,2023-02-28,0.0
"[60,80)",1,3908,0,2023-02-28,0.0
"[80,200)",0,425,0,2023-02-28,0.0
"[80,200)",1,1054,0,2023-02-28,0.0
"[0,40)",0,25955,0,2023-03-01,0.0
"[0,40)",1,24366,0,2023-03-01,0.0
"[40,60)",0,8989,0,2023-03-01,0.0
"[40,60)",1,7908,0,2023-03-01,0.0
"[60,80)",0,3504,0,2023-03-01,0.0
"[60,80)",1,3908,0,2023-03-01,0.0
"[80,200)",0,425,0,2023-03-01,0.0
"[80,200)",1,1054,0,2023-03-01,0.0
"[0,40)",0,25955,0,2023-03-02,0.0
"[0,40)",1,24366,0,2023-03-02,0.0
"[40,60)",0,8989,0,2023-03-02,0.0
"[40,60)",1,7908,0,2023-03-02,0.0
"[60,80)",0,3504,0,2023-03-02,0.0
"[60,80)",1,3908,0,2023-03-02,0.0
"[80,200)",0,425,0,2023-03-02,0.0
"[80,200)",1,1054,0,2023-03-02,0.0
"[0,40)",0,25955,1,2023-03-03,3.852822192255827e-05
"[0,40)",1,24366,0,2023-03-03,0.0
"[40,60)",0,8989,0,2023-03-03,0.0
"[40,60)",1,7908,0,2023-03-03,0.0
"[60,80)",0,3504,0,2023-03-03,0.0
"[60,80)",1,3908,0,2023-03-03,0.0
"[80,200)",0,425,0,2023-03-03,0.0
"[80,200)",1,1054,0,2023-03-03,0.0
"[0,40)",0,25954,0,2023-03-04,0.0
"[0,40)",1,24366,0,2023-03-04,0.0
"[40,60)",0,8989,0,2023-03-04,0.0
"[40,60)",1,7908,0,2023-03-04,0.0
"[60,80)",0,3504,0,2023-03-04,0.0
"[60,80)",1,3908,0,2023-03-04,0.0
"[80,200)",0,425,0,2023-03-04,0.0
"[80,200)",1,1054,0,2023-03-04,0.0
"[0,40)",0,25954,0,2023-03-05,0.0
"[0,40)",1,24366,0,2023-03-05,0.0
"[40,60)",0,8989,0,2023-03-05,0.0
"[40,60)",1,7908,0,2023-03-05,0.0
"[60,80)",0,3504,0,2023-03-05,0.0
"[60,80)",1,3908,0,2023-03-05,0.0
"[80,200)",0,425,0,2023-03-05,0.0
"[80,200)",1,1054,0,2023-03-05,0.0
"[0,40)",0,25954,0,2023-03-06,0.0
"[0,40)",1,24366,0,2023-03-06,0.0
"[40,60)",0,8989,0,2023-03-06,0.0
"[40,60)",1,7908,0,2023-03-06,0.0
"[60,80)",0,3504,0,2023-03-06,0.0
"[60,80)",1,3908,0,2023-03-06,0.0
"[80,200)",0,425,0,2023-03-06,0.0
"[80,200)",1,1054,0,2023-03-06,0.0
"[0,40)",0,25954,0,2023-03-07,0.0
"[0,40)",1,24366,0,2023-03-07,0.0
"[40,60)",0,8989,0,2023-03-07,0.0
"[40,60)",1,7908,0,2023-03-07,0.0
"[60,80)",0,3504,0,2023-03-07,0.0
"[60,80)",1,3908,0,2023-03-07,0.0
"[80,200)",0,425,0,2023-03-07,0.0
"[80,200)",1,1054,0,2023-03-07,0.0
"[0,40)",0,25954,1,2023-03-08,3.85297064036372e-05
"[0,40)",1,24366,0,2023-03-08,0.0
"[40,60)",0,8989,0,2023-03-08,0.0
"[40,60)",1,7908,0,2023-03-08,0.0
"[60,80)",0,3504,0,2023-03-08,0.0
"[60,80)",1,3908,0,2023-03-08,0.0
"[80,200)",0,425,0,2023-03-08,0.0
"[80,200)",1,1054,0,2023-03-08,0.0
"[0,40)",0,25953,0,2023-03-09,0.0
"[0,40)",1,24366,0,2023-03-09,0.0
"[40,60)",0,8989,0,2023-03-09,0.0
"[40,60)",1,7908,0,2023-03-09,0.0
"[60,80)",0,3504,0,2023-03-09,0.0
"[60,80)",1,3908,0,2023-03-09,0.0
"[80,200)",0,425,0,2023-03-09,0.0
"[80,200)",1,1054,0,2023-03-09,0.0
"[0,40)",0,25953,0,2023-03-10,0.0
"[0,40)",1,24366,1,2023-03-10,4.104079454978248e-05
"[40,60)",0,8989,0,2023-03-10,0.0
"[40,60)",1,7908,0,2023-03-10,0.0
"[60,80)",0,3504,0,2023-03-10,0.0
"[60,80)",1,3908,0,2023-03-10,0.0
"[80,200)",0,425,0,2023-03-10,0.0
"[80,200)",1,1054,0,2023-03-10,0.0
"[0,40)",0,25953,0,2023-03-11,0.0
"[0,40)",1,24365,0,2023-03-11,0.0
"[40,60)",0,8989,0,2023-03-11,0.0
"[40,60)",1,7908,0,2023-03-11,0.0
"[60,80)",0,3504,0,2023-03-11,0.0
"[60,80)",1,3908,0,2023-03-11,0.0
"[80,200)",0,425,0,2023-03-11,0.0
"[80,200)",1,1054,0,2023-03-11,0.0
"[0,40)",0,25953,0,2023-03-12,0.0
"[0,40)",1,24365,0,2023-03-12,0.0
"[40,60)",0,8989,0,2023-03-12,0.0
"[40,60)",1,7908,0,2023-03-12,0.0
"[60,80)",0,3504,0,2023-03-12,0.0
"[60,80)",1,3908,0,2023-03-12,0.0
"[80,200)",0,425,0,2023-03-12,0.0
"[80,200)",1,1054,0,2023-03-12,0.0
"[0,40)",0,25953,0,2023-03-13,0.0
"[0,40)",1,24365,0,2023-03-13,0.0
"[40,60)",0,8989,0,2023-03-13,0.0
"[40,60)",1,7908,0,2023-03-13,0.0
"[60,80)",0,3504,0,2023-03-13,0.0
"[60,80)",1,3908,0,2023-03-13,0.0
"[80,200)",0,425,0,2023-03-13,0.0
"[80,200)",1,1054,0,2023-03-13,0.0
"[0,40)",0,25953,0,2023-03-14,0.0
"[0,40)",1,24365,0,2023-03-14,0.0
"[40,60)",0,8989,0,2023-03-14,0.0
"[40,60)",1,7908,0,2023-03-14,0.0
"[60,80)",0,3504,0,2023-03-14,0.0
"[60,80)",1,3908,0,2023-03-14,0.0
"[80,200)",0,425,0,2023-03-14,0.0
"[80,200)",1,1054,0,2023-03-14,0.0
"[0,40)",0,25953,0,2023-03-15,0.0
"[0,40)",1,24365,0,2023-03-15,0.0
"[40,60)",0,8989,0,2023-03-15,0.0
"[40,60)",1,7908,0,2023-03-15,0.0
"[60,80)",0,3504,0,2023-03-15,0.0
"[60,80)",1,3908,0,2023-03-15,0.0
"[80,200)",0,425,0,2023-03-15,0.0
"[80,200)",1,1054,0,2023-03-15,0.0
"[0,40)",0,25953,0,2023-03-16,0.0
"[0,40)",1,24365,0,2023-03-16,0.0
"[40,60)",0,8989,0,2023-03-16,0.0
"[40,60)",1,7908,0,2023-03-16,0.0
"[60,80)",0,3504,0,2023-03-16,0.0
"[60,80)",1,3908,0,2023-03-16,0.0
"[80,200)",0,425,0,2023-03-16,0.0
"[80,200)",1,1054,0,2023-03-16,0.0
"[0,40)",0,25953,0,2023-03-17,0.0
"[0,40)",1,24365,0,2023-03-17,0.0
"[40,60)",0,8989,0,2023-03-17,0.0
"[40,60)",1,7908,0,2023-03-17,0.0
"[60,80)",0,3504,0,2023-03-17,0.0
"[60,80)",1,3908,0,2023-03-17,0.0
"[80,200)",0,425,0,2023-03-17,0.0
"[80,200)",1,1054,0,2023-03-17,0.0
"[0,40)",0,25953,0,2023-03-18,0.0
"[0,40)",1,24365,0,2023-03-18,0.0
"[40,60)",0,8989,0,2023-03-18,0.0
"[40,60)",1,7908,0,2023-03-18,0.0
"[60,80)",0,3504,0,2023-03-18,0.0
"[60,80)",1,3908,0,2023-03-18,0.0
"[80,200)",0,425,0,2023-03-18,0.0
"[80,200)",1,1054,0,2023-03-18,0.0
"[0,40)",0,25953,0,2023-03-19,0.0
"[0,40)",1,24365,0,2023-03-19,0.0
"[40,60)",0,8989,0,2023-03-19,0.0
"[40,60)",1,7908,0,2023-03-19,0.0
"[60,80)",0,3504,0,2023-03-19,0.0
"[60,80)",1,3908,0,2023-03-19,0.0
"[80,200)",0,425,0,2023-03-19,0.0
"[80,200)",1,1054,0,2023-03-19,0.0
"[0,40)",0,25953,1,2023-03-20,3.853119099911378e-05
"[0,40)",1,24365,0,2023-03-20,0.0
"[40,60)",0,8989,0,2023-03-20,0.0
"[40,60)",1,7908,0,2023-03-20,0.0
"[60,80)",0,3504,0,2023-03-20,0.0
"[60,80)",1,3908,0,2023-03-20,0.0
"[80,200)",0,425,0,2023-03-20,0.0
"[80,200)",1,1054,0,2023-03-20,0.0
"[0,40)",0,25952,0,2023-03-21,0.0
"[0,40)",1,24365,0,2023-03-21,0.0
"[40,60)",0,8989,0,2023-03-21,0.0
"[40,60)",1,7908,0,2023-03-21,0.0
"[60,80)",0,3504,0,2023-03-21,0.0
"[60,80)",1,3908,0,2023-03-21,0.0
"[80,200)",0,425,0,2023-03-21,0.0
"[80,200)",1,1054,0,2023-03-21,0.0
"[0,40)",0,25952,0,2023-03-22,0.0
"[0,40)",1,24365,0,2023-03-22,0.0
"[40,60)",0,8989,0,2023-03-22,0.0
"[40,60)",1,7908,0,2023-03-22,0.0
"[60,80)",0,3504,0,2023-03-22,0.0
"[60,80)",1,3908,0,2023-03-22,0.0
"[80,200)",0,425,0,2023-03-22,0.0
"[80,200)",1,1054,0,2023-03-22,0.0
"[0,40)",0,25952,0,2023-03-23,0.0
"[0,40)",1,24365,0,2023-03-23,0.0
"[40,60)",0,8989,0,2023-03-23,0.0
"[40,60)",1,7908,0,2023-03-23,0.0
"[60,80)",0,3504,0,2023-03-23,0.0
"[60,80)",1,3908,0,2023-03-23,0.0
"[80,200)",0,425,0,2023-03-23,0.0
"[80,200)",1,1054,0,2023-03-23,0.0
"[0,40)",0,25952,0,2023-03-24,0.0
"[0,40)",1,24365,0,2023-03-24,0.0
"[40,60)",0,8989,0,2023-03-24,0.0
"[40,60)",1,7908,0,2023-03-24,0.0
"[60,80)",0,3504,0,2023-03-24,0.0
"[60,80)",1,3908,0,2023-03-24,0.0
"[80,200)",0,425,0,2023-03-24,0.0
"[80,200)",1,1054,0,2023-03-24,0.0
"[0,40)",0,25952,0,2023-03-25,0.0
"[0,40)",1,24365,0,2023-03-25,0.0
"[40,60)",0,8989,0,2023-03-25,0.0
"[40,60)",1,7908,0,2023-03-25,0.0
"[60,80)",0,3504,0,2023-03-25,0.0
"[60,80)",1,3908,0,2023-03-25,0.0
"[80,200)",0,425,0,2023-03-25,0.0
"[80,200)",1,1054,0,2023-03-25,0.0
"[0,40)",0,25952,0,2023-03-26,0.0
"[0,40)",1,24365,0,2023-03-26,0.0
"[40,60)",0,8989,0,2023-03-26,0.0
"[40,60)",1,7908,0,2023-03-26,0.0
"[60,80)",0,3504,0,2023-03-26,0.0
"[60,80)",1,3908,0,2023-03-26,0.0
"[80,200)",0,425,0,2023-03-26,0.0
"[80,200)",1,1054,0,2023-03-26,0.0
"[0,40)",0,25952,0,2023-03-27,0.0
"[0,40)",1,24365,0,2023-03-27,0.0
"[40,60)",0,8989,0,2023-03-27,0.0
"[40,60)",1,7908,0,2023-03-27,0.0
"[60,80)",0,3504,0,2023-03-27,0.0
"[60,80)",1,3908,0,2023-03-27,0.0
"[80,200)",0,425,0,2023-03-27,0.0
"[80,200)",1,1054,0,2023-03-27,0.0
"[0,40)",0,25952,0,2023-03-28,0.0
"[0,40)",1,24365,0,2023-03-28,0.0
"[40,60)",0,8989,0,2023-03-28,0.0
"[40,60)",1,7908,0,2023-03-28,0.0
"[60,80)",0,3504,0,2023-03-28,0.0
"[60,80)",1,3908,0,2023-03-28,0.0
"[80,200)",0,425,0,2023-03-28,0.0
"[80,200)",1,1054,0,2023-03-28,0.0
"[0,40)",0,25952,0,2023-03-29,0.0
"[0,40)",1,24365,0,2023-03-29,0.0
"[40,60)",0,8989,0,2023-03-29,0.0
"[40,60)",1,7908,0,2023-03-29,0.0
"[60,80)",0,3504,0,2023-03-29,0.0
"[60,80)",1,3908,0,2023-03-29,0.0
"[80,200)",0,425,0,2023-03-29,0.0
"[80,200)",1,1054,0,2023-03-29,0.0
"[0,40)",0,25952,0,2023-03-30,0.0
"[0,40)",1,24365,0,2023-03-30,0.0
"[40,60)",0,8989,0,2023-03-30,0.0
"[40,60)",1,7908,0,2023-03-30,0.0
"[60,80)",0,3504,0,2023-03-30,0.0
"[60,80)",1,3908,0,2023-03-30,0.0
"[80,200)",0,425,0,2023-03-30,0.0
"[80,200)",1,1054,0,2023-03-30,0.0
"[0,40)",0,25952,1,2023-03-31,3.8532675709001234e-05
"[0,40)",1,24365,0,2023-03-31,0.0
"[40,60)",0,8989,0,2023-03-31,0.0
"[40,60)",1,7908,0,2023-03-31,0.0
"[60,80)",0,3504,0,2023-03-31,0.0
"[60,80)",1,3908,0,2023-03-31,0.0
"[80,200)",0,425,0,2023-03-31,0.0
"[80,200)",1,1054,0,2023-03-31,0.0
"[0,40)",0,25951,0,2023-04-01,0.0
"[0,40)",1,24365,0,2023-04-01,0.0
"[40,60)",0,8989,0,2023-04-01,0.0
"[40,60)",1,7908,0,2023-04-01,0.0
"[60,80)",0,3504,0,2023-04-01,0.0
"[60,80)",1,3908,0,2023-04-01,0.0
"[80,200)",0,425,0,2023-04-01,0.0
"[80,200)",1,1054,0,2023-04-01,0.0
"[0,40)",0,25951,0,2023-04-02,0.0
"[0,40)",1,24365,0,2023-04-02,0.0
"[40,60)",0,8989,0,2023-04-02,0.0
"[40,60)",1,7908,0,2023-04-02,0.0
"[60,80)",0,3504,0,2023-04-02,0.0
"[60,80)",1,3908,0,2023-04-02,0.0
"[80,200)",0,425,0,2023-04-02,0.0
"[80,200)",1,1054,0,2023-04-02,0.0
"[0,40)",0,25951,1,2023-04-03,3.853416053331278e-05
"[0,40)",1,24365,0,2023-04-03,0.0
"[40,60)",0,8989,0,2023-04-03,0.0
"[40,60)",1,7908,0,2023-04-03,0.0
"[60,80)",0,3504,0,2023-04-03,0.0
"[60,80)",1,3908,0,2023-04-03,0.0
"[80,200)",0,425,0,2023-04-03,0.0
"[80,200)",1,1054,0,2023-04-03,0.0
"[0,40)",0,25950,0,2023-04-04,0.0
"[0,40)",1,24365,0,2023-04-04,0.0
"[40,60)",0,8989,0,2023-04-04,0.0
"[40,60)",1,7908,0,2023-04-04,0.0
"[60,80)",0,3504,0,2023-04-04,0.0
"[60,80)",1,3908,0,2023-04-04,0.0
"[80,200)",0,425,0,2023-04-04,0.0
"[80,200)",1,1054,0,2023-04-04,0.0
"[0,40)",0,25950,0,2023-04-05,0.0
"[0,40)",1,24365,0,2023-04-05,0.0
"[40,60)",0,8989,0,2023-04-05,0.0
"[40,60)",1,7908,0,2023-04-05,0.0
"[60,80)",0,3504,0,2023-04-05,0.0
"[60,80)",1,3908,0,2023-04-05,0.0
"[80,200)",0,425,0,2023-04-05,0.0
"[80,200)",1,1054,0,2023-04-05,0.0
"[0,40)",0,25950,0,2023-04-06,0.0
"[0,40)",1,24365,0,2023-04-06,0.0
"[40,60)",0,8989,0,2023-04-06,0.0
"[40,60)",1,7908,0,2023-04-06,0.0
"[60,80)",0,3504,0,2023-04-06,0.0
"[60,80)",1,3908,0,2023-04-06,0.0
"[80,200)",0,425,0,2023-04-06,0.0
"[80,200)",1,1054,0,2023-04-06,0.0
"[0,40)",0,25950,0,2023-04-07,0.0
"[0,40)",1,24365,0,2023-04-07,0.0
"[40,60)",0,8989,0,2023-04-07,0.0
"[40,60)",1,7908,0,2023-04-07,0.0
"[60,80)",0,3504,0,2023-04-07,0.0
"[60,80)",1,3908,0,2023-04-07,0.0
"[80,200)",0,425,0,2023-04-07,0.0
"[80,200)",1,1054,0,2023-04-07,0.0
"[0,40)",0,25950,0,2023-04-08,0.0
"[0,40)",1,24365,0,2023-04-08,0.0
"[40,60)",0,8989,0,2023-04-08,0.0
"[40,60)",1,7908,0,2023-04-08,0.0
"[60,80)",0,3504,0,2023-04-08,0.0
"[60,80)",1,3908,0,2023-04-08,0.0
"[80,200)",0,425,0,2023-04-08,0.0
"[80,200)",1,1054,0,2023-04-08,0.0
"[0,40)",0,25950,0,2023-04-09,0.0
"[0,40)",1,24365,0,2023-04-09,0.0
"[40,60)",0,8989,0,2023-04-09,0.0
"[40,60)",1,7908,0,2023-04-09,0.0
"[60,80)",0,3504,0,2023-04-09,0.0
"[60,80)",1,3908,0,2023-04-09,0.0
"[80,200)",0,425,0,2023-04-09,0.0
"[80,200)",1,1054,0,2023-04-09,0.0
"[0,40)",0,25950,0,2023-04-10,0.0
"[0,40)",1,24365,0,2023-04-10,0.0
"[40,60)",0,8989,0,2023-04-10,0.0
"[40,60)",1,7908,0,2023-04-10,0.0
"[60,80)",0,3504,0,2023-04-10,0.0
"[60,80)",1,3908,0,2023-04-10,0.0
"[80,200)",0,425,0,2023-04-10,0.0
"[80,200)",1,1054,0,2023-04-10,0.0
"[0,40)",0,25950,0,2023-04-11,0.0
"[0,40)",1,24365,0,2023-04-11,0.0
"[40,60)",0,8989,0,2023-04-11,0.0
"[40,60)",1,7908,0,2023-04-11,0.0
"[60,80)",0,3504,0,2023-04-11,0.0
"[60,80)",1,3908,0,2023-04-11,0.0
"[80,200)",0,425,0,2023-04-11,0.0
"[80,200)",1,1054,0,2023-04-11,0.0
"[0,40)",0,25950,0,2023-04-12,0.0
"[0,40)",1,24365,0,2023-04-12,0.0
"[40,60)",0,8989,0,2023-04-12,0.0
"[40,60)",1,7908,0,2023-04-12,0.0
"[60,80)",0,3504,0,2023-04-12,0.0
"[60,80)",1,3908,0,2023-04-12,0.0
"[80,200)",0,425,0,2023-04-12,0.0
"[80,200)",1,1054,0,2023-04-12,0.0
"[0,40)",0,25950,0,2023-04-13,0.0
"[0,40)",1,24365,0,2023-04-13,0.0
"[40,60)",0,8989,0,2023-04-13,0.0
"[40,60)",1,7908,0,2023-04-13,0.0
"[60,80)",0,3504,0,2023-04-13,0.0
"[60,80)",1,3908,0,2023-04-13,0.0
"[80,200)",0,425,0,2023-04-13,0.0
"[80,200)",1,1054,0,2023-04-13,0.0
"[0,40)",0,25950,0,2023-04-14,0.0
"[0,40)",1,24365,1,2023-04-14,4.104247896572953e-05
"[40,60)",0,8989,0,2023-04-14,0.0
"[40,60)",1,7908,0,2023-04-14,0.0
"[60,80)",0,3504,0,2023-04-14,0.0
"[60,80)",1,3908,0,2023-04-14,0.0
"[80,200)",0,425,0,2023-04-14,0.0
"[80,200)",1,1054,0,2023-04-14,0.0
"[0,40)",0,25950,0,2023-04-15,0.0
"[0,40)",1,24364,0,2023-04-15,0.0
"[40,60)",0,8989,0,2023-04-15,0.0
"[40,60)",1,7908,0,2023-04-15,0.0
"[60,80)",0,3504,0,2023-04-15,0.0
"[60,80)",1,3908,0,2023-04-15,0.0
"[80,200)",0,425,0,2023-04-15,0.0
"[80,200)",1,1054,0,2023-04-15,0.0
"[0,40)",0,25950,0,2023-04-16,0.0
"[0,40)",1,24364,0,2023-04-16,0.0
"[40,60)",0,8989,0,2023-04-16,0.0
"[40,60)",1,7908,0,2023-04-16,0.0
"[60,80)",0,3504,0,2023-04-16,0.0
"[60,80)",1,3908,0,2023-04-16,0.0
"[80,200)",0,425,0,2023-04-16,0.0
"[80,200)",1,1054,0,2023-04-16,0.0
"[0,40)",0,25950,0,2023-04-17,0.0
"[0,40)",1,24364,0,2023-04-17,0.0
"[40,60)",0,8989,0,2023-04-17,0.0
"[40,60)",1,7908,0,2023-04-17,0.0
"[60,80)",0,3504,0,2023-04-17,0.0
"[60,80)",1,3908,0,2023-04-17,0.0
"[80,200)",0,425,0,2023-04-17,0.0
"[80,200)",1,1054,0,2023-04-17,0.0
"[0,40)",0,25950,0,2023-04-18,0.0
"[0,40)",1,24364,0,2023-04-18,0.0
"[40,60)",0,8989,0,2023-04-18,0.0
"[40,60)",1,7908,0,2023-04-18,0.0
"[60,80)",0,3504,0,2023-04-18,0.0
"[60,80)",1,3908,0,2023-04-18,0.0
"[80,200)",0,425,0,2023-04-18,0.0
"[80,200)",1,1054,0,2023-04-18,0.0
"[0,40)",0,25950,0,2023-04-19,0.0
"[0,40)",1,24364,0,2023-04-19,0.0
"[40,60)",0,8989,0,2023-04-19,0.0
"[40,60)",1,7908,0,2023-04-19,0.0
"[60,80)",0,3504,0,2023-04-19,0.0
"[60,80)",1,3908,0,2023-04-19,0.0
"[80,200)",0,425,0,2023-04-19,0.0
"[80,200)",1,1054,0,2023-04-19,0.0
"[0,40)",0,25950,0,2023-04-20,0.0
"[0,40)",1,24364,1,2023-04-20,4.104416351994746e-05
"[40,60)",0,8989,0,2023-04-20,0.0
"[40,60)",1,7908,0,2023-04-20,0.0
"[60,80)",0,3504,0,2023-04-20,0.0
"[60,80)",1,3908,0,2023-04-20,0.0
"[80,200)",0,425,0,2023-04-20,0.0
"[80,200)",1,1054,0,2023-04-20,0.0
"[0,40)",0,25950,0,2023-04-21,0.0
"[0,40)",1,24363,0,2023-04-21,0.0
"[40,60)",0,8989,0,2023-04-21,0.0
"[40,60)",1,7908,0,2023-04-21,0.0
"[60,80)",0,3504,0,2023-04-21,0.0
"[60,80)",1,3908,0,2023-04-21,0.0
"[80,200)",0,425,0,2023-04-21,0.0
"[80,200)",1,1054,0,2023-04-21,0.0
"[0,40)",0,25950,0,2023-04-22,0.0
"[0,40)",1,24363,0,2023-04-22,0.0
"[40,60)",0,8989,0,2023-04-22,0.0
"[40,60)",1,7908,0,2023-04-22,0.0
"[60,80)",0,3504,0,2023-04-22,0.0
"[60,80)",1,3908,0,2023-04-22,0.0
"[80,200)",0,425,0,2023-04-22,0.0
"[80,200)",1,1054,0,2023-04-22,0.0
"[0,40)",0,25950,0,2023-04-23,0.0
"[0,40)",1,24363,0,2023-04-23,0.0
"[40,60)",0,8989,0,2023-04-23,0.0
"[40,60)",1,7908,0,2023-04-23,0.0
"[60,80)",0,3504,0,2023-04-23,0.0
"[60,80)",1,3908,0,2023-04-23,0.0
"[80,200)",0,425,0,2023-04-23,0.0
"[80,200)",1,1054,0,2023-04-23,0.0
"[0,40)",0,25950,0,2023-04-24,0.0
"[0,40)",1,24363,0,2023-04-24,0.0
"[40,60)",0,8989,0,2023-04-24,0.0
"[40,60)",1,7908,0,2023-04-24,0.0
"[60,80)",0,3504,0,2023-04-24,0.0
"[60,80)",1,3908,0,2023-04-24,0.0
"[80,200)",0,425,0,2023-04-24,0.0
"[80,200)",1,1054,0,2023-04-24,0.0
"[0,40)",0,25950,0,2023-04-25,0.0
"[0,40)",1,24363,0,2023-04-25,0.0
"[40,60)",0,8989,0,2023-04-25,0.0
"[40,60)",1,7908,0,2023-04-25,0.0
"[60,80)",0,3504,0,2023-04-25,0.0
"[60,80)",1,3908,0,2023-04-25,0.0
"[80,200)",0,425,0,2023-04-25,0.0
"[80,200)",1,1054,0,2023-04-25,0.0
"[0,40)",0,25950,0,2023-04-26,0.0
"[0,40)",1,24363,0,2023-04-26,0.0
"[40,60)",0,8989,0,2023-04-26,0.0
"[40,60)",1,7908,0,2023-04-26,0.0
"[60,80)",0,3504,0,2023-04-26,0.0
"[60,80)",1,3908,0,2023-04-26,0.0
"[80,200)",0,425,0,2023-04-26,0.0
"[80,200)",1,1054,0,2023-04-26,0.0
"[0,40)",0,25950,0,2023-04-27,0.0
"[0,40)",1,24363,0,2023-04-27,0.0
"[40,60)",0,8989,0,2023-04-27,0.0
"[40,60)",1,7908,0,2023-04-27,0.0
"[60,80)",0,3504,0,2023-04-27,0.0
"[60,80)",1,3908,0,2023-04-27,0.0
"[80,200)",0,425,0,2023-04-27,0.0
"[80,200)",1,1054,0,2023-04-27,0.0
"[0,40)",0,25950,1,2023-04-28,3.853564547206166e-05
"[0,40)",1,24363,1,2023-04-28,4.104584821245331e-05
"[40,60)",0,8989,0,2023-04-28,0.0
"[40,60)",1,7908,0,2023-04-28,0.0
"[60,80)",0,3504,0,2023-04-28,0.0
"[60,80)",1,3908,0,2023-04-28,0.0
"[80,200)",0,425,0,2023-04-28,0.0
"[80,200)",1,1054,0,2023-04-28,0.0
"[0,40)",0,25949,0,2023-04-29,0.0
"[0,40)",1,24362,0,2023-04-29,0.0
"[40,60)",0,8989,0,2023-04-29,0.0
"[40,60)",1,7908,0,2023-04-29,0.0
"[60,80)",0,3504,0,2023-04-29,0.0
"[60,80)",1,3908,0,2023-04-29,0.0
"[80,200)",0,425,0,2023-04-29,0.0
"[80,200)",1,1054,0,2023-04-29,0.0
"[0,40)",0,25949,0,2023-04-30,0.0
"[0,40)",1,24362,0,2023-04-30,0.0
"[40,60)",0,8989,0,2023-04-30,0.0
"[40,60)",1,7908,0,2023-04-30,0.0
"[60,80)",0,3504,0,2023-04-30,0.0
"[60,80)",1,3908,0,2023-04-30,0.0
"[80,200)",0,425,0,2023-04-30,0.0
"[80,200)",1,1054,0,2023-04-30,0.0
"[0,40)",0,25949,0,2023-05-01,0.0
"[0,40)",1,24362,0,2023-05-01,0.0
"[40,60)",0,8989,0,2023-05-01,0.0
"[40,60)",1,7908,0,2023-05-01,0.0
"[60,80)",0,3504,0,2023-05-01,0.0
"[60,80)",1,3908,0,2023-05-01,0.0
"[80,200)",0,425,0,2023-05-01,0.0
"[80,200)",1,1054,0,2023-05-01,0.0
"[0,40)",0,25949,0,2023-05-02,0.0
"[0,40)",1,24362,1,2023-05-02,4.10475330432641e-05
"[40,60)",0,8989,0,2023-05-02,0.0
"[40,60)",1,7908,0,2023-05-02,0.0
"[60,80)",0,3504,0,2023-05-02,0.0
"[60,80)",1,3908,0,2023-05-02,0.0
"[80,200)",0,425,0,2023-05-02,0.0
"[80,200)",1,1054,0,2023-05-02,0.0
"[0,40)",0,25949,0,2023-05-03,0.0
"[0,40)",1,24361,0,2023-05-03,0.0
"[40,60)",0,8989,0,2023-05-03,0.0
"[40,60)",1,7908,0,2023-05-03,0.0
"[60,80)",0,3504,0,2023-05-03,0.0
"[60,80)",1,3908,0,2023-05-03,0.0
"[80,200)",0,425,0,2023-05-03,0.0
"[80,200)",1,1054,0,2023-05-03,0.0
"[0,40)",0,25949,0,2023-05-04,0.0
"[0,40)",1,24361,0,2023-05-04,0.0
"[40,60)",0,8989,0,2023-05-04,0.0
"[40,60)",1,7908,0,2023-05-04,0.0
"[60,80)",0,3504,0,2023-05-04,0.0
"[60,80)",1,3908,0,2023-05-04,0.0
"[80,200)",0,425,0,2023-05-04,0.0
"[80,200)",1,1054,0,2023-05-04,0.0
"[0,40)",0,25949,0,2023-05-05,0.0
"[0,40)",1,24361,0,2023-05-05,0.0
"[40,60)",0,8989,0,2023-05-05,0.0
"[40,60)",1,7908,0,2023-05-05,0.0
"[60,80)",0,3504,0,2023-05-05,0.0
"[60,80)",1,3908,0,2023-05-05,0.0
"[80,200)",0,425,0,2023-05-05,0.0
"[80,200)",1,1054,0,2023-05-05,0.0
"[0,40)",0,25949,0,2023-05-06,0.0
"[0,40)",1,24361,0,2023-05-06,0.0
"[40,60)",0,8989,0,2023-05-06,0.0
"[40,60)",1,7908,0,2023-05-06,0.0
"[60,80)",0,3504,0,2023-05-06,0.0
"[60,80)",1,3908,0,2023-05-06,0.0
"[80,200)",0,425,0,2023-05-06,0.0
"[80,200)",1,1054,0,2023-05-06,0.0
"[0,40)",0,25949,0,2023-05-07,0.0
"[0,40)",1,24361,0,2023-05-07,0.0
"[40,60)",0,8989,0,2023-05-07,0.0
"[40,60)",1,7908,0,2023-05-07,0.0
"[60,80)",0,3504,0,2023-05-07,0.0
"[60,80)",1,3908,0,2023-05-07,0.0
"[80,200)",0,425,0,2023-05-07,0.0
"[80,200)",1,1054,0,2023-05-07,0.0
"[0,40)",0,25949,0,2023-05-08,0.0
"[0,40)",1,24361,0,2023-05-08,0.0
"[40,60)",0,8989,0,2023-05-08,0.0
"[40,60)",1,7908,0,2023-05-08,0.0
"[60,80)",0,3504,0,2023-05-08,0.0
"[60,80)",1,3908,0,2023-05-08,0.0
"[80,200)",0,425,0,2023-05-08,0.0
"[80,200)",1,1054,0,2023-05-08,0.0
"[0,40)",0,25949,0,2023-05-09,0.0
"[0,40)",1,24361,0,2023-05-09,0.0
"[40,60)",0,8989,0,2023-05-09,0.0
"[40,60)",1,7908,0,2023-05-09,0.0
"[60,80)",0,3504,0,2023-05-09,0.0
"[60,80)",1,3908,0,2023-05-09,0.0
"[80,200)",0,425,0,2023-05-09,0.0
"[80,200)",1,1054,0,2023-05-09,0.0
"[0,40)",0,25949,0,2023-05-10,0.0
"[0,40)",1,24361,0,2023-05-10,0.0
"[40,60)",0,8989,0,2023-05-10,0.0
"[40,60)",1,7908,0,2023-05-10,0.0
"[60,80)",0,3504,0,2023-05-10,0.0
"[60,80)",1,3908,0,2023-05-10,0.0
"[80,200)",0,425,0,2023-05-10,0.0
"[80,200)",1,1054,0,2023-05-10,0.0
"[0,40)",0,25949,0,2023-05-11,0.0
"[0,40)",1,24361,0,2023-05-11,0.0
"[40,60)",0,8989,0,2023-05-11,0.0
"[40,60)",1,7908,0,2023-05-11,0.0
"[60,80)",0,3504,0,2023-05-11,0.0
"[60,80)",1,3908,0,2023-05-11,0.0
"[80,200)",0,425,0,2023-05-11,0.0
"[80,200)",1,1054,0,2023-05-11,0.0
"[0,40)",0,25949,0,2023-05-12,0.0
"[0,40)",1,24361,0,2023-05-12,0.0
"[40,60)",0,8989,0,2023-05-12,0.0
"[40,60)",1,7908,0,2023-05-12,0.0
"[60,80)",0,3504,0,2023-05-12,0.0
"[60,80)",1,3908,0,2023-05-12,0.0
"[80,200)",0,425,0,2023-05-12,0.0
"[80,200)",1,1054,0,2023-05-12,0.0
"[0,40)",0,25949,0,2023-05-13,0.0
"[0,40)",1,24361,0,2023-05-13,0.0
"[40,60)",0,8989,0,2023-05-13,0.0
"[40,60)",1,7908,0,2023-05-13,0.0
"[60,80)",0,3504,0,2023-05-13,0.0
"[60,80)",1,3908,0,2023-05-13,0.0
"[80,200)",0,425,0,2023-05-13,0.0
"[80,200)",1,1054,0,2023-05-13,0.0
"[0,40)",0,25949,0,2023-05-14,0.0
"[0,40)",1,24361,0,2023-05-14,0.0
"[40,60)",0,8989,0,2023-05-14,0.0
"[40,60)",1,7908,0,2023-05-14,0.0
"[60,80)",0,3504,0,2023-05-14,0.0
"[60,80)",1,3908,0,2023-05-14,0.0
"[80,200)",0,425,0,2023-05-14,0.0
"[80,200)",1,1054,0,2023-05-14,0.0
"[0,40)",0,25949,0,2023-05-15,0.0
"[0,40)",1,24361,0,2023-05-15,0.0
"[40,60)",0,8989,0,2023-05-15,0.0
"[40,60)",1,7908,0,2023-05-15,0.0
"[60,80)",0,3504,0,2023-05-15,0.0
"[60,80)",1,3908,0,2023-05-15,0.0
"[80,200)",0,425,0,2023-05-15,0.0
"[80,200)",1,1054,0,2023-05-15,0.0
"[0,40)",0,25949,0,2023-05-16,0.0
"[0,40)",1,24361,0,2023-05-16,0.0
"[40,60)",0,8989,0,2023-05-16,0.0
"[40,60)",1,7908,0,2023-05-16,0.0
"[60,80)",0,3504,0,2023-05-16,0.0
"[60,80)",1,3908,0,2023-05-16,0.0
"[80,200)",0,425,0,2023-05-16,0.0
"[80,200)",1,1054,0,2023-05-16,0.0
"[0,40)",0,25949,0,2023-05-17,0.0
"[0,40)",1,24361,0,2023-05-17,0.0
"[40,60)",0,8989,0,2023-05-17,0.0
"[40,60)",1,7908,0,2023-05-17,0.0
"[60,80)",0,3504,0,2023-05-17,0.0
"[60,80)",1,3908,0,2023-05-17,0.0
"[80,200)",0,425,0,2023-05-17,0.0
"[80,200)",1,1054,0,2023-05-17,0.0
"[0,40)",0,25949,0,2023-05-18,0.0
"[0,40)",1,24361,0,2023-05-18,0.0
"[40,60)",0,8989,0,2023-05-18,0.0
"[40,60)",1,7908,0,2023-05-18,0.0
"[60,80)",0,3504,0,2023-05-18,0.0
"[60,80)",1,3908,0,2023-05-18,0.0
"[80,200)",0,425,0,2023-05-18,0.0
"[80,200)",1,1054,0,2023-05-18,0.0
"[0,40)",0,25949,0,2023-05-19,0.0
"[0,40)",1,24361,0,2023-05-19,0.0
"[40,60)",0,8989,0,2023-05-19,0.0
"[40,60)",1,7908,0,2023-05-19,0.0
"[60,80)",0,3504,0,2023-05-19,0.0
"[60,80)",1,3908,0,2023-05-19,0.0
"[80,200)",0,425,0,2023-05-19,0.0
"[80,200)",1,1054,0,2023-05-19,0.0
"[0,40)",0,25949,0,2023-05-20,0.0
"[0,40)",1,24361,0,2023-05-20,0.0
"[40,60)",0,8989,0,2023-05-20,0.0
"[40,60)",1,7908,0,2023-05-20,0.0
"[60,80)",0,3504,0,2023-05-20,0.0
"[60,80)",1,3908,0,2023-05-20,0.0
"[80,200)",0,425,0,2023-05-20,0.0
"[80,200)",1,1054,0,2023-05-20,0.0
"[0,40)",0,25949,0,2023-05-21,0.0
"[0,40)",1,24361,0,2023-05-21,0.0
"[40,60)",0,8989,0,2023-05-21,0.0
"[40,60)",1,7908,0,2023-05-21,0.0
"[60,80)",0,3504,0,2023-05-21,0.0
"[60,80)",1,3908,0,2023-05-21,0.0
"[80,200)",0,425,0,2023-05-21,0.0
"[80,200)",1,1054,0,2023-05-21,0.0
"[0,40)",0,25949,0,2023-05-22,0.0
"[0,40)",1,24361,0,2023-05-22,0.0
"[40,60)",0,8989,0,2023-05-22,0.0
"[40,60)",1,7908,0,2023-05-22,0.0
"[60,80)",0,3504,0,2023-05-22,0.0
"[60,80)",1,3908,0,2023-05-22,0.0
"[80,200)",0,425,0,2023-05-22,0.0
"[80,200)",1,1054,0,2023-05-22,0.0
"[0,40)",0,25949,0,2023-05-23,0.0
"[0,40)",1,24361,0,2023-05-23,0.0
"[40,60)",0,8989,0,2023-05-23,0.0
"[40,60)",1,7908,0,2023-05-23,0.0
"[60,80)",0,3504,0,2023-05-23,0.0
"[60,80)",1,3908,0,2023-05-23,0.0
"[80,200)",0,425,0,2023-05-23,0.0
"[80,200)",1,1054,0,2023-05-23,0.0
"[0,40)",0,25949,0,2023-05-24,0.0
"[0,40)",1,24361,0,2023-05-24,0.0
"[40,60)",0,8989,0,2023-05-24,0.0
"[40,60)",1,7908,0,2023-05-24,0.0
"[60,80)",0,3504,0,2023-05-24,0.0
"[60,80)",1,3908,0,2023-05-24,0.0
"[80,200)",0,425,0,2023-05-24,0.0
"[80,200)",1,1054,0,2023-05-24,0.0
"[0,40)",0,25949,0,2023-05-25,0.0
"[0,40)",1,24361,1,2023-05-25,4.1049218012396865e-05
"[40,60)",0,8989,0,2023-05-25,0.0
"[40,60)",1,7908,0,2023-05-25,0.0
"[60,80)",0,3504,0,2023-05-25,0.0
"[60,80)",1,3908,0,2023-05-25,0.0
"[80,200)",0,425,0,2023-05-25,0.0
"[80,200)",1,1054,0,2023-05-25,0.0
"[0,40)",0,25949,0,2023-05-26,0.0
"[0,40)",1,24360,0,2023-05-26,0.0
"[40,60)",0,8989,0,2023-05-26,0.0
"[40,60)",1,7908,0,2023-05-26,0.0
"[60,80)",0,3504,0,2023-05-26,0.0
"[60,80)",1,3908,0,2023-05-26,0.0
"[80,200)",0,425,0,2023-05-26,0.0
"[80,200)",1,1054,0,2023-05-26,0.0
"[0,40)",0,25949,0,2023-05-27,0.0
"[0,40)",1,24360,0,2023-05-27,0.0
"[40,60)",0,8989,0,2023-05-27,0.0
"[40,60)",1,7908,0,2023-05-27,0.0
"[60,80)",0,3504,0,2023-05-27,0.0
"[60,80)",1,3908,0,2023-05-27,0.0
"[80,200)",0,425,0,2023-05-27,0.0
"[80,200)",1,1054,0,2023-05-27,0.0
"[0,40)",0,25949,0,2023-05-28,0.0
"[0,40)",1,24360,0,2023-05-28,0.0
"[40,60)",0,8989,0,2023-05-28,0.0
"[40,60)",1,7908,0,2023-05-28,0.0
"[60,80)",0,3504,0,2023-05-28,0.0
"[60,80)",1,3908,0,2023-05-28,0.0
"[80,200)",0,425,0,2023-05-28,0.0
"[80,200)",1,1054,0,2023-05-28,0.0
"[0,40)",0,25949,0,2023-05-29,0.0
"[0,40)",1,24360,0,2023-05-29,0.0
"[40,60)",0,8989,0,2023-05-29,0.0
"[40,60)",1,7908,0,2023-05-29,0.0
"[60,80)",0,3504,0,2023-05-29,0.0
"[60,80)",1,3908,0,2023-05-29,0.0
"[80,200)",0,425,0,2023-05-29,0.0
"[80,200)",1,1054,0,2023-05-29,0.0
"[0,40)",0,25949,0,2023-05-30,0.0
"[0,40)",1,24360,0,2023-05-30,0.0
"[40,60)",0,8989,0,2023-05-30,0.0
"[40,60)",1,7908,0,2023-05-30,0.0
"[60,80)",0,3504,0,2023-05-30,0.0
"[60,80)",1,3908,0,2023-05-30,0.0
"[80,200)",0,425,0,2023-05-30,0.0
"[80,200)",1,1054,0,2023-05-30,0.0
"[0,40)",0,25949,0,2023-05-31,0.0
"[0,40)",1,24360,0,2023-05-31,0.0
"[40,60)",0,8989,0,2023-05-31,0.0
"[40,60)",1,7908,0,2023-05-31,0.0
"[60,80)",0,3504,0,2023-05-31,0.0
"[60,80)",1,3908,0,2023-05-31,0.0
"[80,200)",0,425,0,2023-05-31,0.0
"[80,200)",1,1054,0,2023-05-31,0.0
"[0,40)",0,25949,0,2023-06-01,0.0
"[0,40)",1,24360,0,2023-06-01,0.0
"[40,60)",0,8989,0,2023-06-01,0.0
"[40,60)",1,7908,0,2023-06-01,0.0
"[60,80)",0,3504,0,2023-06-01,0.0
"[60,80)",1,3908,0,2023-06-01,0.0
"[80,200)",0,425,0,2023-06-01,0.0
"[80,200)",1,1054,0,2023-06-01,0.0
"[0,40)",0,25949,0,2023-06-02,0.0
"[0,40)",1,24360,0,2023-06-02,0.0
"[40,60)",0,8989,0,2023-06-02,0.0
"[40,60)",1,7908,0,2023-06-02,0.0
"[60,80)",0,3504,0,2023-06-02,0.0
"[60,80)",1,3908,0,2023-06-02,0.0
"[80,200)",0,425,0,2023-06-02,0.0
"[80,200)",1,1054,0,2023-06-02,0.0
"[0,40)",0,25949,0,2023-06-03,0.0
"[0,40)",1,24360,0,2023-06-03,0.0
"[40,60)",0,8989,0,2023-06-03,0.0
"[40,60)",1,7908,0,2023-06-03,0.0
"[60,80)",0,3504,0,2023-06-03,0.0
"[60,80)",1,3908,0,2023-06-03,0.0
"[80,200)",0,425,0,2023-06-03,0.0
"[80,200)",1,1054,0,2023-06-03,0.0
"[0,40)",0,25949,0,2023-06-04,0.0
"[0,40)",1,24360,0,2023-06-04,0.0
"[40,60)",0,8989,0,2023-06-04,0.0
"[40,60)",1,7908,0,2023-06-04,0.0
"[60,80)",0,3504,0,2023-06-04,0.0
"[60,80)",1,3908,0,2023-06-04,0.0
"[80,200)",0,425,0,2023-06-04,0.0
"[80,200)",1,1054,0,2023-06-04,0.0
"[0,40)",0,25949,0,2023-06-05,0.0
"[0,40)",1,24360,0,2023-06-05,0.0
"[40,60)",0,8989,0,2023-06-05,0.0
"[40,60)",1,7908,0,2023-06-05,0.0
"[60,80)",0,3504,0,2023-06-05,0.0
"[60,80)",1,3908,0,2023-06-05,0.0
"[80,200)",0,425,0,2023-06-05,0.0
"[80,200)",1,1054,0,2023-06-05,0.0
"[0,40)",0,25949,0,2023-06-06,0.0
"[0,40)",1,24360,0,2023-06-06,0.0
"[40,60)",0,8989,0,2023-06-06,0.0
"[40,60)",1,7908,0,2023-06-06,0.0
"[60,80)",0,3504,0,2023-06-06,0.0
"[60,80)",1,3908,0,2023-06-06,0.0
"[80,200)",0,425,0,2023-06-06,0.0
"[80,200)",1,1054,0,2023-06-06,0.0
"[0,40)",0,25949,0,2023-06-07,0.0
"[0,40)",1,24360,0,2023-06-07,0.0
"[40,60)",0,8989,0,2023-06-07,0.0
"[40,60)",1,7908,0,2023-06-07,0.0
"[60,80)",0,3504,0,2023-06-07,0.0
"[60,80)",1,3908,0,2023-06-07,0.0
"[80,200)",0,425,0,2023-06-07,0.0
"[80,200)",1,1054,0,2023-06-07,0.0
"[0,40)",0,25949,0,2023-06-08,0.0
"[0,40)",1,24360,0,2023-06-08,0.0
"[40,60)",0,8989,0,2023-06-08,0.0
"[40,60)",1,7908,0,2023-06-08,0.0
"[60,80)",0,3504,0,2023-06-08,0.0
"[60,80)",1,3908,0,2023-06-08,0.0
"[80,200)",0,425,0,2023-06-08,0.0
"[80,200)",1,1054,0,2023-06-08,0.0
"[0,40)",0,25949,0,2023-06-09,0.0
"[0,40)",1,24360,0,2023-06-09,0.0
"[40,60)",0,8989,0,2023-06-09,0.0
"[40,60)",1,7908,0,2023-06-09,0.0
"[60,80)",0,3504,0,2023-06-09,0.0
"[60,80)",1,3908,0,2023-06-09,0.0
"[80,200)",0,425,0,2023-06-09,0.0
"[80,200)",1,1054,0,2023-06-09,0.0
"[0,40)",0,25949,0,2023-06-10,0.0
"[0,40)",1,24360,0,2023-06-10,0.0
"[40,60)",0,8989,0,2023-06-10,0.0
"[40,60)",1,7908,0,2023-06-10,0.0
"[60,80)",0,3504,0,2023-06-10,0.0
"[60,80)",1,3908,0,2023-06-10,0.0
"[80,200)",0,425,0,2023-06-10,0.0
"[80,200)",1,1054,0,2023-06-10,0.0
"[0,40)",0,25949,0,2023-06-11,0.0
"[0,40)",1,24360,0,2023-06-11,0.0
"[40,60)",0,8989,0,2023-06-11,0.0
"[40,60)",1,7908,0,2023-06-11,0.0
"[60,80)",0,3504,0,2023-06-11,0.0
"[60,80)",1,3908,0,2023-06-11,0.0
"[80,200)",0,425,0,2023-06-11,0.0
"[80,200)",1,1054,0,2023-06-11,0.0
"[0,40)",0,25949,0,2023-06-12,0.0
"[0,40)",1,24360,0,2023-06-12,0.0
"[40,60)",0,8989,0,2023-06-12,0.0
"[40,60)",1,7908,0,2023-06-12,0.0
"[60,80)",0,3504,0,2023-06-12,0.0
"[60,80)",1,3908,0,2023-06-12,0.0
"[80,200)",0,425,0,2023-06-12,0.0
"[80,200)",1,1054,0,2023-06-12,0.0
"[0,40)",0,25949,0,2023-06-13,0.0
"[0,40)",1,24360,0,2023-06-13,0.0
"[40,60)",0,8989,0,2023-06-13,0.0
"[40,60)",1,7908,0,2023-06-13,0.0
"[60,80)",0,3504,0,2023-06-13,0.0
"[60,80)",1,3908,0,2023-06-13,0.0
"[80,200)",0,425,0,2023-06-13,0.0
"[80,200)",1,1054,0,2023-06-13,0.0
"[0,40)",0,25949,0,2023-06-14,0.0
"[0,40)",1,24360,0,2023-06-14,0.0
"[40,60)",0,8989,0,2023-06-14,0.0
"[40,60)",1,7908,0,2023-06-14,0.0
"[60,80)",0,3504,0,2023-06-14,0.0
"[60,80)",1,3908,0,2023-06-14,0.0
"[80,200)",0,425,0,2023-06-14,0.0
"[80,200)",1,1054,0,2023-06-14,0.0
"[0,40)",0,25949,0,2023-06-15,0.0
"[0,40)",1,24360,0,2023-06-15,0.0
"[40,60)",0,8989,0,2023-06-15,0.0
"[40,60)",1,7908,0,2023-06-15,0.0
"[60,80)",0,3504,0,2023-06-15,0.0
"[60,80)",1,3908,0,2023-06-15,0.0
"[80,200)",0,425,0,2023-06-15,0.0
"[80,200)",1,1054,0,2023-06-15,0.0
"[0,40)",0,25949,0,2023-06-16,0.0
"[0,40)",1,24360,0,2023-06-16,0.0
"[40,60)",0,8989,0,2023-06-16,0.0
"[40,60)",1,7908,0,2023-06-16,0.0
"[60,80)",0,3504,0,2023-06-16,0.0
"[60,80)",1,3908,0,2023-06-16,0.0
"[80,200)",0,425,0,2023-06-16,0.0
"[80,200)",1,1054,0,2023-06-16,0.0
"[0,40)",0,25949,0,2023-06-17,0.0
"[0,40)",1,24360,0,2023-06-17,0.0
"[40,60)",0,8989,0,2023-06-17,0.0
"[40,60)",1,7908,0,2023-06-17,0.0
"[60,80)",0,3504,0,2023-06-17,0.0
"[60,80)",1,3908,0,2023-06-17,0.0
"[80,200)",0,425,0,2023-06-17,0.0
"[80,200)",1,1054,0,2023-06-17,0.0
"[0,40)",0,25949,0,2023-06-18,0.0
"[0,40)",1,24360,0,2023-06-18,0.0
"[40,60)",0,8989,0,2023-06-18,0.0
"[40,60)",1,7908,0,2023-06-18,0.0
"[60,80)",0,3504,0,2023-06-18,0.0
"[60,80)",1,3908,0,2023-06-18,0.0
"[80,200)",0,425,0,2023-06-18,0.0
"[80,200)",1,1054,0,2023-06-18,0.0
"[0,40)",0,25949,0,2023-06-19,0.0
"[0,40)",1,24360,0,2023-06-19,0.0
"[40,60)",0,8989,0,2023-06-19,0.0
"[40,60)",1,7908,0,2023-06-19,0.0
"[60,80)",0,3504,0,2023-06-19,0.0
"[60,80)",1,3908,0,2023-06-19,0.0
"[80,200)",0,425,0,2023-06-19,0.0
"[80,200)",1,1054,0,2023-06-19,0.0
"[0,40)",0,25949,0,2023-06-20,0.0
"[0,40)",1,24360,0,2023-06-20,0.0
"[40,60)",0,8989,0,2023-06-20,0.0
"[40,60)",1,7908,0,2023-06-20,0.0
"[60,80)",0,3504,0,2023-06-20,0.0
"[60,80)",1,3908,0,2023-06-20,0.0
"[80,200)",0,425,0,2023-06-20,0.0
"[80,200)",1,1054,0,2023-06-20,0.0
"[0,40)",0,25949,0,2023-06-21,0.0
"[0,40)",1,24360,0,2023-06-21,0.0
"[40,60)",0,8989,0,2023-06-21,0.0
"[40,60)",1,7908,0,2023-06-21,0.0
"[60,80)",0,3504,0,2023-06-21,0.0
"[60,80)",1,3908,0,2023-06-21,0.0
"[80,200)",0,425,0,2023-06-21,0.0
"[80,200)",1,1054,0,2023-06-21,0.0
"[0,40)",0,25949,0,2023-06-22,0.0
"[0,40)",1,24360,0,2023-06-22,0.0
"[40,60)",0,8989,0,2023-06-22,0.0
"[40,60)",1,7908,0,2023-06-22,0.0
"[60,80)",0,3504,0,2023-06-22,0.0
"[60,80)",1,3908,0,2023-06-22,0.0
"[80,200)",0,425,0,2023-06-22,0.0
"[80,200)",1,1054,0,2023-06-22,0.0
"[0,40)",0,25949,0,2023-06-23,0.0
"[0,40)",1,24360,0,2023-06-23,0.0
"[40,60)",0,8989,0,2023-06-23,0.0
"[40,60)",1,7908,0,2023-06-23,0.0
"[60,80)",0,3504,0,2023-06-23,0.0
"[60,80)",1,3908,0,2023-06-23,0.0
"[80,200)",0,425,0,2023-06-23,0.0
"[80,200)",1,1054,0,2023-06-23,0.0
"[0,40)",0,25949,0,2023-06-24,0.0
"[0,40)",1,24360,0,2023-06-24,0.0
"[40,60)",0,8989,0,2023-06-24,0.0
"[40,60)",1,7908,0,2023-06-24,0.0
"[60,80)",0,3504,0,2023-06-24,0.0
"[60,80)",1,3908,0,2023-06-24,0.0
"[80,200)",0,425,0,2023-06-24,0.0
"[80,200)",1,1054,0,2023-06-24,0.0
"[0,40)",0,25949,0,2023-06-25,0.0
"[0,40)",1,24360,0,2023-06-25,0.0
"[40,60)",0,8989,0,2023-06-25,0.0
"[40,60)",1,7908,0,2023-06-25,0.0
"[60,80)",0,3504,0,2023-06-25,0.0
"[60,80)",1,3908,0,2023-06-25,0.0
"[80,200)",0,425,0,2023-06-25,0.0
"[80,200)",1,1054,0,2023-06-25,0.0
"[0,40)",0,25949,0,2023-06-26,0.0
"[0,40)",1,24360,0,2023-06-26,0.0
"[40,60)",0,8989,0,2023-06-26,0.0
"[40,60)",1,7908,0,2023-06-26,0.0
"[60,80)",0,3504,0,2023-06-26,0.0
"[60,80)",1,3908,0,2023-06-26,0.0
"[80,200)",0,425,0,2023-06-26,0.0
"[80,200)",1,1054,0,2023-06-26,0.0
"[0,40)",0,25949,0,2023-06-27,0.0
"[0,40)",1,24360,0,2023-06-27,0.0
"[40,60)",0,8989,0,2023-06-27,0.0
"[40,60)",1,7908,0,2023-06-27,0.0
"[60,80)",0,3504,0,2023-06-27,0.0
"[60,80)",1,3908,0,2023-06-27,0.0
"[80,200)",0,425,0,2023-06-27,0.0
"[80,200)",1,1054,0,2023-06-27,0.0
"[0,40)",0,25949,0,2023-06-28,0.0
"[0,40)",1,24360,0,2023-06-28,0.0
"[40,60)",0,8989,0,2023-06-28,0.0
"[40,60)",1,7908,0,2023-06-28,0.0
"[60,80)",0,3504,0,2023-06-28,0.0
"[60,80)",1,3908,0,2023-06-28,0.0
"[80,200)",0,425,0,2023-06-28,0.0
"[80,200)",1,1054,0,2023-06-28,0.0
"[0,40)",0,25949,0,2023-06-29,0.0
"[0,40)",1,24360,0,2023-06-29,0.0
"[40,60)",0,8989,0,2023-06-29,0.0
"[40,60)",1,7908,0,2023-06-29,0.0
"[60,80)",0,3504,0,2023-06-29,0.0
"[60,80)",1,3908,0,2023-06-29,0.0
"[80,200)",0,425,0,2023-06-29,0.0
"[80,200)",1,1054,0,2023-06-29,0.0
"[0,40)",0,25949,0,2023-06-30,0.0
"[0,40)",1,24360,0,2023-06-30,0.0
"[40,60)",0,8989,0,2023-06-30,0.0
"[40,60)",1,7908,0,2023-06-30,0.0
"[60,80)",0,3504,0,2023-06-30,0.0
"[60,80)",1,3908,0,2023-06-30,0.0
"[80,200)",0,425,0,2023-06-30,0.0
"[80,200)",1,1054,0,2023-06-30,0.0
"[0,40)",0,25949,0,2023-07-01,0.0
"[0,40)",1,24360,0,2023-07-01,0.0
"[40,60)",0,8989,0,2023-07-01,0.0
"[40,60)",1,7908,0,2023-07-01,0.0
"[60,80)",0,3504,0,2023-07-01,0.0
"[60,80)",1,3908,0,2023-07-01,0.0
"[80,200)",0,425,0,2023-07-01,0.0
"[80,200)",1,1054,0,2023-07-01,0.0
"[0,40)",0,25949,0,2023-07-02,0.0
"[0,40)",1,24360,0,2023-07-02,0.0
"[40,60)",0,8989,0,2023-07-02,0.0
"[40,60)",1,7908,0,2023-07-02,0.0
"[60,80)",0,3504,0,2023-07-02,0.0
"[60,80)",1,3908,0,2023-07-02,0.0
"[80,200)",0,425,0,2023-07-02,0.0
"[80,200)",1,1054,0,2023-07-02,0.0
"[0,40)",0,25949,0,2023-07-03,0.0
"[0,40)",1,24360,0,2023-07-03,0.0
"[40,60)",0,8989,0,2023-07-03,0.0
"[40,60)",1,7908,0,2023-07-03,0.0
"[60,80)",0,3504,0,2023-07-03,0.0
"[60,80)",1,3908,0,2023-07-03,0.0
"[80,200)",0,425,0,2023-07-03,0.0
"[80,200)",1,1054,0,2023-07-03,0.0
"[0,40)",0,25949,0,2023-07-04,0.0
"[0,40)",1,24360,0,2023-07-04,0.0
"[40,60)",0,8989,0,2023-07-04,0.0
"[40,60)",1,7908,0,2023-07-04,0.0
"[60,80)",0,3504,0,2023-07-04,0.0
"[60,80)",1,3908,0,2023-07-04,0.0
"[80,200)",0,425,0,2023-07-04,0.0
"[80,200)",1,1054,0,2023-07-04,0.0
"[0,40)",0,25949,0,2023-07-05,0.0
"[0,40)",1,24360,0,2023-07-05,0.0
"[40,60)",0,8989,0,2023-07-05,0.0
"[40,60)",1,7908,0,2023-07-05,0.0
"[60,80)",0,3504,0,2023-07-05,0.0
"[60,80)",1,3908,0,2023-07-05,0.0
"[80,200)",0,425,0,2023-07-05,0.0
"[80,200)",1,1054,0,2023-07-05,0.0
"[0,40)",0,25949,0,2023-07-06,0.0
"[0,40)",1,24360,0,2023-07-06,0.0
"[40,60)",0,8989,0,2023-07-06,0.0
"[40,60)",1,7908,0,2023-07-06,0.0
"[60,80)",0,3504,0,2023-07-06,0.0
"[60,80)",1,3908,0,2023-07-06,0.0
"[80,200)",0,425,0,2023-07-06,0.0
"[80,200)",1,1054,0,2023-07-06,0.0
"[0,40)",0,25949,0,2023-07-07,0.0
"[0,40)",1,24360,0,2023-07-07,0.0
"[40,60)",0,8989,0,2023-07-07,0.0
"[40,60)",1,7908,0,2023-07-07,0.0
"[60,80)",0,3504,0,2023-07-07,0.0
"[60,80)",1,3908,0,2023-07-07,0.0
"[80,200)",0,425,0,2023-07-07,0.0
"[80,200)",1,1054,0,2023-07-07,0.0
"[0,40)",0,25949,0,2023-07-08,0.0
"[0,40)",1,24360,0,2023-07-08,0.0
"[40,60)",0,8989,0,2023-07-08,0.0
"[40,60)",1,7908,0,2023-07-08,0.0
"[60,80)",0,3504,0,2023-07-08,0.0
"[60,80)",1,3908,0,2023-07-08,0.0
"[80,200)",0,425,0,2023-07-08,0.0
"[80,200)",1,1054,0,2023-07-08,0.0
"[0,40)",0,25949,0,2023-07-09,0.0
"[0,40)",1,24360,0,2023-07-09,0.0
"[40,60)",0,8989,0,2023-07-09,0.0
"[40,60)",1,7908,0,2023-07-09,0.0
"[60,80)",0,3504,0,2023-07-09,0.0
"[60,80)",1,3908,0,2023-07-09,0.0
"[80,200)",0,425,0,2023-07-09,0.0
"[80,200)",1,1054,0,2023-07-09,0.0
"[0,40)",0,25949,0,2023-07-10,0.0
"[0,40)",1,24360,0,2023-07-10,0.0
"[40,60)",0,8989,0,2023-07-10,0.0
"[40,60)",1,7908,0,2023-07-10,0.0
"[60,80)",0,3504,0,2023-07-10,0.0
"[60,80)",1,3908,0,2023-07-10,0.0
"[80,200)",0,425,0,2023-07-10,0.0
"[80,200)",1,1054,0,2023-07-10,0.0
"[0,40)",0,25949,0,2023-07-11,0.0
"[0,40)",1,24360,0,2023-07-11,0.0
"[40,60)",0,8989,0,2023-07-11,0.0
"[40,60)",1,7908,0,2023-07-11,0.0
"[60,80)",0,3504,0,2023-07-11,0.0
"[60,80)",1,3908,0,2023-07-11,0.0
"[80,200)",0,425,0,2023-07-11,0.0
"[80,200)",1,1054,0,2023-07-11,0.0
"[0,40)",0,25949,0,2023-07-12,0.0
"[0,40)",1,24360,0,2023-07-12,0.0
"[40,60)",0,8989,0,2023-07-12,0.0
"[40,60)",1,7908,0,2023-07-12,0.0
"[60,80)",0,3504,0,2023-07-12,0.0
"[60,80)",1,3908,0,2023-07-12,0.0
"[80,200)",0,425,0,2023-07-12,0.0
"[80,200)",1,1054,0,2023-07-12,0.0
"[0,40)",0,25949,0,2023-07-13,0.0
"[0,40)",1,24360,0,2023-07-13,0.0
"[40,60)",0,8989,0,2023-07-13,0.0
"[40,60)",1,7908,0,2023-07-13,0.0
"[60,80)",0,3504,0,2023-07-13,0.0
"[60,80)",1,3908,0,2023-07-13,0.0
"[80,200)",0,425,0,2023-07-13,0.0
"[80,200)",1,1054,0,2023-07-13,0.0
"[0,40)",0,25949,0,2023-07-14,0.0
"[0,40)",1,24360,0,2023-07-14,0.0
"[40,60)",0,8989,0,2023-07-14,0.0
"[40,60)",1,7908,0,2023-07-14,0.0
"[60,80)",0,3504,0,2023-07-14,0.0
"[60,80)",1,3908,0,2023-07-14,0.0
"[80,200)",0,425,0,2023-07-14,0.0
"[80,200)",1,1054,0,2023-07-14,0.0
"[0,40)",0,25949,0,2023-07-15,0.0
"[0,40)",1,24360,0,2023-07-15,0.0
"[40,60)",0,8989,0,2023-07-15,0.0
"[40,60)",1,7908,0,2023-07-15,0.0
"[60,80)",0,3504,0,2023-07-15,0.0
"[60,80)",1,3908,0,2023-07-15,0.0
"[80,200)",0,425,0,2023-07-15,0.0
"[80,200)",1,1054,0,2023-07-15,0.0
"[0,40)",0,25949,0,2023-07-16,0.0
"[0,40)",1,24360,0,2023-07-16,0.0
"[40,60)",0,8989,0,2023-07-16,0.0
"[40,60)",1,7908,0,2023-07-16,0.0
"[60,80)",0,3504,0,2023-07-16,0.0
"[60,80)",1,3908,0,2023-07-16,0.0
"[80,200)",0,425,0,2023-07-16,0.0
"[80,200)",1,1054,0,2023-07-16,0.0
"[0,40)",0,25949,1,2023-07-17,3.853713052526109e-05
"[0,40)",1,24360,0,2023-07-17,0.0
"[40,60)",0,8989,0,2023-07-17,0.0
"[40,60)",1,7908,0,2023-07-17,0.0
"[60,80)",0,3504,0,2023-07-17,0.0
"[60,80)",1,3908,0,2023-07-17,0.0
"[80,200)",0,425,0,2023-07-17,0.0
"[80,200)",1,1054,0,2023-07-17,0.0
"[0,40)",0,25948,0,2023-07-18,0.0
"[0,40)",1,24360,0,2023-07-18,0.0
"[40,60)",0,8989,0,2023-07-18,0.0
"[40,60)",1,7908,0,2023-07-18,0.0
"[60,80)",0,3504,0,2023-07-18,0.0
"[60,80)",1,3908,0,2023-07-18,0.0
"[80,200)",0,425,0,2023-07-18,0.0
"[80,200)",1,1054,0,2023-07-18,0.0
"[0,40)",0,25948,0,2023-07-19,0.0
"[0,40)",1,24360,0,2023-07-19,0.0
"[40,60)",0,8989,0,2023-07-19,0.0
"[40,60)",1,7908,0,2023-07-19,0.0
"[60,80)",0,3504,0,2023-07-19,0.0
"[60,80)",1,3908,0,2023-07-19,0.0
"[80,200)",0,425,0,2023-07-19,0.0
"[80,200)",1,1054,0,2023-07-19,0.0
"[0,40)",0,25948,0,2023-07-20,0.0
"[0,40)",1,24360,0,2023-07-20,0.0
"[40,60)",0,8989,0,2023-07-20,0.0
"[40,60)",1,7908,0,2023-07-20,0.0
"[60,80)",0,3504,0,2023-07-20,0.0
"[60,80)",1,3908,0,2023-07-20,0.0
"[80,200)",0,425,0,2023-07-20,0.0
"[80,200)",1,1054,0,2023-07-20,0.0
"[0,40)",0,25948,0,2023-07-21,0.0
"[0,40)",1,24360,0,2023-07-21,0.0
"[40,60)",0,8989,0,2023-07-21,0.0
"[40,60)",1,7908,0,2023-07-21,0.0
"[60,80)",0,3504,0,2023-07-21,0.0
"[60,80)",1,3908,0,2023-07-21,0.0
"[80,200)",0,425,0,2023-07-21,0.0
"[80,200)",1,1054,0,2023-07-21,0.0
"[0,40)",0,25948,0,2023-07-22,0.0
"[0,40)",1,24360,0,2023-07-22,0.0
"[40,60)",0,8989,0,2023-07-22,0.0
"[40,60)",1,7908,0,2023-07-22,0.0
"[60,80)",0,3504,0,2023-07-22,0.0
"[60,80)",1,3908,0,2023-07-22,0.0
"[80,200)",0,425,0,2023-07-22,0.0
"[80,200)",1,1054,0,2023-07-22,0.0
"[0,40)",0,25948,0,2023-07-23,0.0
"[0,40)",1,24360,0,2023-07-23,0.0
"[40,60)",0,8989,0,2023-07-23,0.0
"[40,60)",1,7908,0,2023-07-23,0.0
"[60,80)",0,3504,0,2023-07-23,0.0
"[60,80)",1,3908,0,2023-07-23,0.0
"[80,200)",0,425,0,2023-07-23,0.0
"[80,200)",1,1054,0,2023-07-23,0.0
"[0,40)",0,25948,0,2023-07-24,0.0
"[0,40)",1,24360,0,2023-07-24,0.0
"[40,60)",0,8989,0,2023-07-24,0.0
"[40,60)",1,7908,0,2023-07-24,0.0
"[60,80)",0,3504,0,2023-07-24,0.0
"[60,80)",1,3908,0,2023-07-24,0.0
"[80,200)",0,425,0,2023-07-24,0.0
"[80,200)",1,1054,0,2023-07-24,0.0
"[0,40)",0,25948,0,2023-07-25,0.0
"[0,40)",1,24360,0,2023-07-25,0.0
"[40,60)",0,8989,0,2023-07-25,0.0
"[40,60)",1,7908,0,2023-07-25,0.0
"[60,80)",0,3504,0,2023-07-25,0.0
"[60,80)",1,3908,0,2023-07-25,0.0
"[80,200)",0,425,0,2023-07-25,0.0
"[80,200)",1,1054,0,2023-07-25,0.0
"[0,40)",0,25948,0,2023-07-26,0.0
"[0,40)",1,24360,0,2023-07-26,0.0
"[40,60)",0,8989,0,2023-07-26,0.0
"[40,60)",1,7908,0,2023-07-26,0.0
"[60,80)",0,3504,0,2023-07-26,0.0
"[60,80)",1,3908,0,2023-07-26,0.0
"[80,200)",0,425,0,2023-07-26,0.0
"[80,200)",1,1054,0,2023-07-26,0.0
"[0,40)",0,25948,0,2023-07-27,0.0
"[0,40)",1,24360,0,2023-07-27,0.0
"[40,60)",0,8989,0,2023-07-27,0.0
"[40,60)",1,7908,0,2023-07-27,0.0
"[60,80)",0,3504,0,2023-07-27,0.0
"[60,80)",1,3908,0,2023-07-27,0.0
"[80,200)",0,425,0,2023-07-27,0.0
"[80,200)",1,1054,0,2023-07-27,0.0
"[0,40)",0,25948,0,2023-07-28,0.0
"[0,40)",1,24360,0,2023-07-28,0.0
"[40,60)",0,8989,0,2023-07-28,0.0
"[40,60)",1,7908,0,2023-07-28,0.0
"[60,80)",0,3504,0,2023-07-28,0.0
"[60,80)",1,3908,0,2023-07-28,0.0
"[80,200)",0,425,0,2023-07-28,0.0
"[80,200)",1,1054,0,2023-07-28,0.0
"[0,40)",0,25948,0,2023-07-29,0.0
"[0,40)",1,24360,0,2023-07-29,0.0
"[40,60)",0,8989,0,2023-07-29,0.0
"[40,60)",1,7908,0,2023-07-29,0.0
"[60,80)",0,3504,0,2023-07-29,0.0
"[60,80)",1,3908,0,2023-07-29,0.0
"[80,200)",0,425,0,2023-07-29,0.0
"[80,200)",1,1054,0,2023-07-29,0.0
"[0,40)",0,25948,0,2023-07-30,0.0
"[0,40)",1,24360,0,2023-07-30,0.0
"[40,60)",0,8989,0,2023-07-30,0.0
"[40,60)",1,7908,0,2023-07-30,0.0
"[60,80)",0,3504,0,2023-07-30,0.0
"[60,80)",1,3908,0,2023-07-30,0.0
"[80,200)",0,425,0,2023-07-30,0.0
"[80,200)",1,1054,0,2023-07-30,0.0
"[0,40)",0,25948,0,2023-07-31,0.0
"[0,40)",1,24360,0,2023-07-31,0.0
"[40,60)",0,8989,0,2023-07-31,0.0
"[40,60)",1,7908,0,2023-07-31,0.0
"[60,80)",0,3504,0,2023-07-31,0.0
"[60,80)",1,3908,0,2023-07-31,0.0
"[80,200)",0,425,0,2023-07-31,0.0
"[80,200)",1,1054,0,2023-07-31,0.0
"[0,40)",0,25948,0,2023-08-01,0.0
"[0,40)",1,24360,0,2023-08-01,0.0
"[40,60)",0,8989,0,2023-08-01,0.0
"[40,60)",1,7908,0,2023-08-01,0.0
"[60,80)",0,3504,0,2023-08-01,0.0
"[60,80)",1,3908,0,2023-08-01,0.0
"[80,200)",0,425,0,2023-08-01,0.0
"[80,200)",1,1054,0,2023-08-01,0.0
"[0,40)",0,25948,0,2023-08-02,0.0
"[0,40)",1,24360,0,2023-08-02,0.0
"[40,60)",0,8989,0,2023-08-02,0.0
"[40,60)",1,7908,0,2023-08-02,0.0
"[60,80)",0,3504,0,2023-08-02,0.0
"[60,80)",1,3908,0,2023-08-02,0.0
"[80,200)",0,425,0,2023-08-02,0.0
"[80,200)",1,1054,0,2023-08-02,0.0
"[0,40)",0,25948,0,2023-08-03,0.0
"[0,40)",1,24360,0,2023-08-03,0.0
"[40,60)",0,8989,0,2023-08-03,0.0
"[40,60)",1,7908,0,2023-08-03,0.0
"[60,80)",0,3504,0,2023-08-03,0.0
"[60,80)",1,3908,0,2023-08-03,0.0
"[80,200)",0,425,0,2023-08-03,0.0
"[80,200)",1,1054,0,2023-08-03,0.0
"[0,40)",0,25948,0,2023-08-04,0.0
"[0,40)",1,24360,0,2023-08-04,0.0
"[40,60)",0,8989,0,2023-08-04,0.0
"[40,60)",1,7908,0,2023-08-04,0.0
"[60,80)",0,3504,0,2023-08-04,0.0
"[60,80)",1,3908,0,2023-08-04,0.0
"[80,200)",0,425,0,2023-08-04,0.0
"[80,200)",1,1054,0,2023-08-04,0.0
"[0,40)",0,25948,0,2023-08-05,0.0
"[0,40)",1,24360,0,2023-08-05,0.0
"[40,60)",0,8989,0,2023-08-05,0.0
"[40,60)",1,7908,0,2023-08-05,0.0
"[60,80)",0,3504,0,2023-08-05,0.0
"[60,80)",1,3908,0,2023-08-05,0.0
"[80,200)",0,425,0,2023-08-05,0.0
"[80,200)",1,1054,0,2023-08-05,0.0
"[0,40)",0,25948,0,2023-08-06,0.0
"[0,40)",1,24360,0,2023-08-06,0.0
"[40,60)",0,8989,0,2023-08-06,0.0
"[40,60)",1,7908,0,2023-08-06,0.0
"[60,80)",0,3504,0,2023-08-06,0.0
"[60,80)",1,3908,0,2023-08-06,0.0
"[80,200)",0,425,0,2023-08-06,0.0
"[80,200)",1,1054,0,2023-08-06,0.0
"[0,40)",0,25948,0,2023-08-07,0.0
"[0,40)",1,24360,0,2023-08-07,0.0
"[40,60)",0,8989,0,2023-08-07,0.0
"[40,60)",1,7908,0,2023-08-07,0.0
"[60,80)",0,3504,0,2023-08-07,0.0
"[60,80)",1,3908,0,2023-08-07,0.0
"[80,200)",0,425,0,2023-08-07,0.0
"[80,200)",1,1054,0,2023-08-07,0.0
"[0,40)",0,25948,0,2023-08-08,0.0
"[0,40)",1,24360,0,2023-08-08,0.0
"[40,60)",0,8989,0,2023-08-08,0.0
"[40,60)",1,7908,0,2023-08-08,0.0
"[60,80)",0,3504,0,2023-08-08,0.0
"[60,80)",1,3908,0,2023-08-08,0.0
"[80,200)",0,425,0,2023-08-08,0.0
"[80,200)",1,1054,0,2023-08-08,0.0
"[0,40)",0,25948,0,2023-08-09,0.0
"[0,40)",1,24360,0,2023-08-09,0.0
"[40,60)",0,8989,0,2023-08-09,0.0
"[40,60)",1,7908,0,2023-08-09,0.0
"[60,80)",0,3504,0,2023-08-09,0.0
"[60,80)",1,3908,0,2023-08-09,0.0
"[80,200)",0,425,0,2023-08-09,0.0
"[80,200)",1,1054,0,2023-08-09,0.0
"[0,40)",0,25948,0,2023-08-10,0.0
"[0,40)",1,24360,0,2023-08-10,0.0
"[40,60)",0,8989,0,2023-08-10,0.0
"[40,60)",1,7908,0,2023-08-10,0.0
"[60,80)",0,3504,0,2023-08-10,0.0
"[60,80)",1,3908,0,2023-08-10,0.0
"[80,200)",0,425,0,2023-08-10,0.0
"[80,200)",1,1054,0,2023-08-10,0.0
"[0,40)",0,25948,0,2023-08-11,0.0
"[0,40)",1,24360,0,2023-08-11,0.0
"[40,60)",0,8989,0,2023-08-11,0.0
"[40,60)",1,7908,0,2023-08-11,0.0
"[60,80)",0,3504,0,2023-08-11,0.0
"[60,80)",1,3908,0,2023-08-11,0.0
"[80,200)",0,425,0,2023-08-11,0.0
"[80,200)",1,1054,0,2023-08-11,0.0
"[0,40)",0,25948,0,2023-08-12,0.0
"[0,40)",1,24360,0,2023-08-12,0.0
"[40,60)",0,8989,0,2023-08-12,0.0
"[40,60)",1,7908,0,2023-08-12,0.0
"[60,80)",0,3504,0,2023-08-12,0.0
"[60,80)",1,3908,0,2023-08-12,0.0
"[80,200)",0,425,0,2023-08-12,0.0
"[80,200)",1,1054,0,2023-08-12,0.0
"[0,40)",0,25948,0,2023-08-13,0.0
"[0,40)",1,24360,0,2023-08-13,0.0
"[40,60)",0,8989,0,2023-08-13,0.0
"[40,60)",1,7908,0,2023-08-13,0.0
"[60,80)",0,3504,0,2023-08-13,0.0
"[60,80)",1,3908,0,2023-08-13,0.0
"[80,200)",0,425,0,2023-08-13,0.0
"[80,200)",1,1054,0,2023-08-13,0.0
"[0,40)",0,25948,0,2023-08-14,0.0
"[0,40)",1,24360,0,2023-08-14,0.0
"[40,60)",0,8989,0,2023-08-14,0.0
"[40,60)",1,7908,0,2023-08-14,0.0
"[60,80)",0,3504,0,2023-08-14,0.0
"[60,80)",1,3908,0,2023-08-14,0.0
"[80,200)",0,425,0,2023-08-14,0.0
"[80,200)",1,1054,0,2023-08-14,0.0
"[0,40)",0,25948,0,2023-08-15,0.0
"[0,40)",1,24360,0,2023-08-15,0.0
"[40,60)",0,8989,0,2023-08-15,0.0
"[40,60)",1,7908,0,2023-08-15,0.0
"[60,80)",0,3504,0,2023-08-15,0.0
"[60,80)",1,3908,0,2023-08-15,0.0
"[80,200)",0,425,0,2023-08-15,0.0
"[80,200)",1,1054,0,2023-08-15,0.0
"[0,40)",0,25948,0,2023-08-16,0.0
"[0,40)",1,24360,0,2023-08-16,0.0
"[40,60)",0,8989,0,2023-08-16,0.0
"[40,60)",1,7908,0,2023-08-16,0.0
"[60,80)",0,3504,0,2023-08-16,0.0
"[60,80)",1,3908,0,2023-08-16,0.0
"[80,200)",0,425,0,2023-08-16,0.0
"[80,200)",1,1054,0,2023-08-16,0.0
"[0,40)",0,25948,0,2023-08-17,0.0
"[0,40)",1,24360,0,2023-08-17,0.0
"[40,60)",0,8989,0,2023-08-17,0.0
"[40,60)",1,7908,0,2023-08-17,0.0
"[60,80)",0,3504,0,2023-08-17,0.0
"[60,80)",1,3908,0,2023-08-17,0.0
"[80,200)",0,425,0,2023-08-17,0.0
"[80,200)",1,1054,0,2023-08-17,0.0
"[0,40)",0,25948,0,2023-08-18,0.0
"[0,40)",1,24360,0,2023-08-18,0.0
"[40,60)",0,8989,0,2023-08-18,0.0
"[40,60)",1,7908,0,2023-08-18,0.0
"[60,80)",0,3504,0,2023-08-18,0.0
"[60,80)",1,3908,0,2023-08-18,0.0
"[80,200)",0,425,0,2023-08-18,0.0
"[80,200)",1,1054,0,2023-08-18,0.0
"[0,40)",0,25948,0,2023-08-19,0.0
"[0,40)",1,24360,0,2023-08-19,0.0
"[40,60)",0,8989,0,2023-08-19,0.0
"[40,60)",1,7908,0,2023-08-19,0.0
"[60,80)",0,3504,0,2023-08-19,0.0
"[60,80)",1,3908,0,2023-08-19,0.0
"[80,200)",0,425,0,2023-08-19,0.0
"[80,200)",1,1054,0,2023-08-19,0.0
"[0,40)",0,25948,0,2023-08-20,0.0
"[0,40)",1,24360,0,2023-08-20,0.0
"[40,60)",0,8989,0,2023-08-20,0.0
"[40,60)",1,7908,0,2023-08-20,0.0
"[60,80)",0,3504,0,2023-08-20,0.0
"[60,80)",1,3908,0,2023-08-20,0.0
"[80,200)",0,425,0,2023-08-20,0.0
"[80,200)",1,1054,0,2023-08-20,0.0
"[0,40)",0,25948,0,2023-08-21,0.0
"[0,40)",1,24360,0,2023-08-21,0.0
"[40,60)",0,8989,0,2023-08-21,0.0
"[40,60)",1,7908,0,2023-08-21,0.0
"[60,80)",0,3504,0,2023-08-21,0.0
"[60,80)",1,3908,0,2023-08-21,0.0
"[80,200)",0,425,0,2023-08-21,0.0
"[80,200)",1,1054,0,2023-08-21,0.0
"[0,40)",0,25948,0,2023-08-22,0.0
"[0,40)",1,24360,0,2023-08-22,0.0
"[40,60)",0,8989,0,2023-08-22,0.0
"[40,60)",1,7908,0,2023-08-22,0.0
"[60,80)",0,3504,0,2023-08-22,0.0
"[60,80)",1,3908,0,2023-08-22,0.0
"[80,200)",0,425,0,2023-08-22,0.0
"[80,200)",1,1054,0,2023-08-22,0.0
"[0,40)",0,25948,0,2023-08-23,0.0
"[0,40)",1,24360,0,2023-08-23,0.0
"[40,60)",0,8989,0,2023-08-23,0.0
"[40,60)",1,7908,0,2023-08-23,0.0
"[60,80)",0,3504,0,2023-08-23,0.0
"[60,80)",1,3908,0,2023-08-23,0.0
"[80,200)",0,425,0,2023-08-23,0.0
"[80,200)",1,1054,0,2023-08-23,0.0
"[0,40)",0,25948,0,2023-08-24,0.0
"[0,40)",1,24360,0,2023-08-24,0.0
"[40,60)",0,8989,0,2023-08-24,0.0
"[40,60)",1,7908,0,2023-08-24,0.0
"[60,80)",0,3504,0,2023-08-24,0.0
"[60,80)",1,3908,0,2023-08-24,0.0
"[80,200)",0,425,0,2023-08-24,0.0
"[80,200)",1,1054,0,2023-08-24,0.0
"[0,40)",0,25948,0,2023-08-25,0.0
"[0,40)",1,24360,0,2023-08-25,0.0
"[40,60)",0,8989,0,2023-08-25,0.0
"[40,60)",1,7908,0,2023-08-25,0.0
"[60,80)",0,3504,0,2023-08-25,0.0
"[60,80)",1,3908,0,2023-08-25,0.0
"[80,200)",0,425,0,2023-08-25,0.0
"[80,200)",1,1054,0,2023-08-25,0.0
"[0,40)",0,25948,0,2023-08-26,0.0
"[0,40)",1,24360,0,2023-08-26,0.0
"[40,60)",0,8989,0,2023-08-26,0.0
"[40,60)",1,7908,0,2023-08-26,0.0
"[60,80)",0,3504,0,2023-08-26,0.0
"[60,80)",1,3908,0,2023-08-26,0.0
"[80,200)",0,425,0,2023-08-26,0.0
"[80,200)",1,1054,0,2023-08-26,0.0
"[0,40)",0,25948,0,2023-08-27,0.0
"[0,40)",1,24360,0,2023-08-27,0.0
"[40,60)",0,8989,0,2023-08-27,0.0
"[40,60)",1,7908,0,2023-08-27,0.0
"[60,80)",0,3504,0,2023-08-27,0.0
"[60,80)",1,3908,0,2023-08-27,0.0
"[80,200)",0,425,0,2023-08-27,0.0
"[80,200)",1,1054,0,2023-08-27,0.0
"[0,40)",0,25948,0,2023-08-28,0.0
"[0,40)",1,24360,1,2023-08-28,4.105090311986864e-05
"[40,60)",0,8989,0,2023-08-28,0.0
"[40,60)",1,7908,0,2023-08-28,0.0
"[60,80)",0,3504,0,2023-08-28,0.0
"[60,80)",1,3908,0,2023-08-28,0.0
"[80,200)",0,425,0,2023-08-28,0.0
"[80,200)",1,1054,0,2023-08-28,0.0
"[0,40)",0,25948,0,2023-08-29,0.0
"[0,40)",1,24359,0,2023-08-29,0.0
"[40,60)",0,8989,0,2023-08-29,0.0
"[40,60)",1,7908,0,2023-08-29,0.0
"[60,80)",0,3504,0,2023-08-29,0.0
"[60,80)",1,3908,0,2023-08-29,0.0
"[80,200)",0,425,0,2023-08-29,0.0
"[80,200)",1,1054,0,2023-08-29,0.0
"[0,40)",0,25948,0,2023-08-30,0.0
"[0,40)",1,24359,0,2023-08-30,0.0
"[40,60)",0,8989,0,2023-08-30,0.0
"[40,60)",1,7908,0,2023-08-30,0.0
"[60,80)",0,3504,0,2023-08-30,0.0
"[60,80)",1,3908,0,2023-08-30,0.0
"[80,200)",0,425,0,2023-08-30,0.0
"[80,200)",1,1054,0,2023-08-30,0.0
"[0,40)",0,25948,0,2023-08-31,0.0
"[0,40)",1,24359,0,2023-08-31,0.0
"[40,60)",0,8989,0,2023-08-31,0.0
"[40,60)",1,7908,0,2023-08-31,0.0
"[60,80)",0,3504,0,2023-08-31,0.0
"[60,80)",1,3908,0,2023-08-31,0.0
"[80,200)",0,425,0,2023-08-31,0.0
"[80,200)",1,1054,0,2023-08-31,0.0
"[0,40)",0,25948,0,2023-09-01,0.0
"[0,40)",1,24359,0,2023-09-01,0.0
"[40,60)",0,8989,0,2023-09-01,0.0
"[40,60)",1,7908,0,2023-09-01,0.0
"[60,80)",0,3504,0,2023-09-01,0.0
"[60,80)",1,3908,0,2023-09-01,0.0
"[80,200)",0,425,0,2023-09-01,0.0
"[80,200)",1,1054,0,2023-09-01,0.0
"[0,40)",0,25948,0,2023-09-02,0.0
"[0,40)",1,24359,0,2023-09-02,0.0
"[40,60)",0,8989,0,2023-09-02,0.0
"[40,60)",1,7908,0,2023-09-02,0.0
"[60,80)",0,3504,0,2023-09-02,0.0
"[60,80)",1,3908,0,2023-09-02,0.0
"[80,200)",0,425,0,2023-09-02,0.0
"[80,200)",1,1054,0,2023-09-02,0.0
"[0,40)",0,25948,0,2023-09-03,0.0
"[0,40)",1,24359,0,2023-09-03,0.0
"[40,60)",0,8989,0,2023-09-03,0.0
"[40,60)",1,7908,0,2023-09-03,0.0
"[60,80)",0,3504,0,2023-09-03,0.0
"[60,80)",1,3908,0,2023-09-03,0.0
"[80,200)",0,425,0,2023-09-03,0.0
"[80,200)",1,1054,0,2023-09-03,0.0
"[0,40)",0,25948,0,2023-09-04,0.0
"[0,40)",1,24359,0,2023-09-04,0.0
"[40,60)",0,8989,0,2023-09-04,0.0
"[40,60)",1,7908,0,2023-09-04,0.0
"[60,80)",0,3504,0,2023-09-04,0.0
"[60,80)",1,3908,0,2023-09-04,0.0
"[80,200)",0,425,0,2023-09-04,0.0
"[80,200)",1,1054,0,2023-09-04,0.0
"[0,40)",0,25948,0,2023-09-05,0.0
"[0,40)",1,24359,0,2023-09-05,0.0
"[40,60)",0,8989,0,2023-09-05,0.0
"[40,60)",1,7908,0,2023-09-05,0.0
"[60,80)",0,3504,0,2023-09-05,0.0
"[60,80)",1,3908,0,2023-09-05,0.0
"[80,200)",0,425,0,2023-09-05,0.0
"[80,200)",1,1054,0,2023-09-05,0.0
"[0,40)",0,25948,0,2023-09-06,0.0
"[0,40)",1,24359,0,2023-09-06,0.0
"[40,60)",0,8989,0,2023-09-06,0.0
"[40,60)",1,7908,0,2023-09-06,0.0
"[60,80)",0,3504,0,2023-09-06,0.0
"[60,80)",1,3908,0,2023-09-06,0.0
"[80,200)",0,425,0,2023-09-06,0.0
"[80,200)",1,1054,0,2023-09-06,0.0
"[0,40)",0,25948,0,2023-09-07,0.0
"[0,40)",1,24359,0,2023-09-07,0.0
"[40,60)",0,8989,0,2023-09-07,0.0
"[40,60)",1,7908,0,2023-09-07,0.0
"[60,80)",0,3504,0,2023-09-07,0.0
"[60,80)",1,3908,0,2023-09-07,0.0
"[80,200)",0,425,0,2023-09-07,0.0
"[80,200)",1,1054,0,2023-09-07,0.0
"[0,40)",0,25948,0,2023-09-08,0.0
"[0,40)",1,24359,0,2023-09-08,0.0
"[40,60)",0,8989,0,2023-09-08,0.0
"[40,60)",1,7908,0,2023-09-08,0.0
"[60,80)",0,3504,0,2023-09-08,0.0
"[60,80)",1,3908,0,2023-09-08,0.0
"[80,200)",0,425,0,2023-09-08,0.0
"[80,200)",1,1054,0,2023-09-08,0.0
"[0,40)",0,25948,0,2023-09-09,0.0
"[0,40)",1,24359,0,2023-09-09,0.0
"[40,60)",0,8989,0,2023-09-09,0.0
"[40,60)",1,7908,0,2023-09-09,0.0
"[60,80)",0,3504,0,2023-09-09,0.0
"[60,80)",1,3908,0,2023-09-09,0.0
"[80,200)",0,425,0,2023-09-09,0.0
"[80,200)",1,1054,0,2023-09-09,0.0
"[0,40)",0,25948,0,2023-09-10,0.0
"[0,40)",1,24359,0,2023-09-10,0.0
"[40,60)",0,8989,0,2023-09-10,0.0
"[40,60)",1,7908,0,2023-09-10,0.0
"[60,80)",0,3504,0,2023-09-10,0.0
"[60,80)",1,3908,0,2023-09-10,0.0
"[80,200)",0,425,0,2023-09-10,0.0
"[80,200)",1,1054,0,2023-09-10,0.0
"[0,40)",0,25948,0,2023-09-11,0.0
"[0,40)",1,24359,0,2023-09-11,0.0
"[40,60)",0,8989,0,2023-09-11,0.0
"[40,60)",1,7908,0,2023-09-11,0.0
"[60,80)",0,3504,0,2023-09-11,0.0
"[60,80)",1,3908,0,2023-09-11,0.0
"[80,200)",0,425,0,2023-09-11,0.0
"[80,200)",1,1054,0,2023-09-11,0.0
"[0,40)",0,25948,0,2023-09-12,0.0
"[0,40)",1,24359,0,2023-09-12,0.0
"[40,60)",0,8989,0,2023-09-12,0.0
"[40,60)",1,7908,0,2023-09-12,0.0
"[60,80)",0,3504,0,2023-09-12,0.0
"[60,80)",1,3908,0,2023-09-12,0.0
"[80,200)",0,425,0,2023-09-12,0.0
"[80,200)",1,1054,0,2023-09-12,0.0
"[0,40)",0,25948,0,2023-09-13,0.0
"[0,40)",1,24359,0,2023-09-13,0.0
"[40,60)",0,8989,0,2023-09-13,0.0
"[40,60)",1,7908,0,2023-09-13,0.0
"[60,80)",0,3504,0,2023-09-13,0.0
"[60,80)",1,3908,0,2023-09-13,0.0
"[80,200)",0,425,0,2023-09-13,0.0
"[80,200)",1,1054,0,2023-09-13,0.0
"[0,40)",0,25948,0,2023-09-14,0.0
"[0,40)",1,24359,0,2023-09-14,0.0
"[40,60)",0,8989,0,2023-09-14,0.0
"[40,60)",1,7908,0,2023-09-14,0.0
"[60,80)",0,3504,0,2023-09-14,0.0
"[60,80)",1,3908,0,2023-09-14,0.0
"[80,200)",0,425,0,2023-09-14,0.0
"[80,200)",1,1054,0,2023-09-14,0.0
"[0,40)",0,25948,0,2023-09-15,0.0
"[0,40)",1,24359,0,2023-09-15,0.0
"[40,60)",0,8989,0,2023-09-15,0.0
"[40,60)",1,7908,0,2023-09-15,0.0
"[60,80)",0,3504,0,2023-09-15,0.0
"[60,80)",1,3908,0,2023-09-15,0.0
"[80,200)",0,425,0,2023-09-15,0.0
"[80,200)",1,1054,0,2023-09-15,0.0
"[0,40)",0,25948,0,2023-09-16,0.0
"[0,40)",1,24359,0,2023-09-16,0.0
"[40,60)",0,8989,0,2023-09-16,0.0
"[40,60)",1,7908,0,2023-09-16,0.0
"[60,80)",0,3504,0,2023-09-16,0.0
"[60,80)",1,3908,0,2023-09-16,0.0
"[80,200)",0,425,0,2023-09-16,0.0
"[80,200)",1,1054,0,2023-09-16,0.0
"[0,40)",0,25948,0,2023-09-17,0.0
"[0,40)",1,24359,0,2023-09-17,0.0
"[40,60)",0,8989,0,2023-09-17,0.0
"[40,60)",1,7908,0,2023-09-17,0.0
"[60,80)",0,3504,0,2023-09-17,0.0
"[60,80)",1,3908,0,2023-09-17,0.0
"[80,200)",0,425,0,2023-09-17,0.0
"[80,200)",1,1054,0,2023-09-17,0.0
"[0,40)",0,25948,0,2023-09-18,0.0
"[0,40)",1,24359,0,2023-09-18,0.0
"[40,60)",0,8989,0,2023-09-18,0.0
"[40,60)",1,7908,0,2023-09-18,0.0
"[60,80)",0,3504,0,2023-09-18,0.0
"[60,80)",1,3908,0,2023-09-18,0.0
"[80,200)",0,425,0,2023-09-18,0.0
"[80,200)",1,1054,0,2023-09-18,0.0
"[0,40)",0,25948,0,2023-09-19,0.0
"[0,40)",1,24359,0,2023-09-19,0.0
"[40,60)",0,8989,1,2023-09-19,0.00011124707976415619
"[40,60)",1,7908,0,2023-09-19,0.0
"[60,80)",0,3504,0,2023-09-19,0.0
"[60,80)",1,3908,0,2023-09-19,0.0
"[80,200)",0,425,0,2023-09-19,0.0
"[80,200)",1,1054,0,2023-09-19,0.0
"[0,40)",0,25948,0,2023-09-20,0.0
"[0,40)",1,24359,0,2023-09-20,0.0
"[40,60)",0,8988,0,2023-09-20,0.0
"[40,60)",1,7908,0,2023-09-20,0.0
"[60,80)",0,3504,0,2023-09-20,0.0
"[60,80)",1,3908,0,2023-09-20,0.0
"[80,200)",0,425,0,2023-09-20,0.0
"[80,200)",1,1054,0,2023-09-20,0.0
"[0,40)",0,25948,0,2023-09-21,0.0
"[0,40)",1,24359,0,2023-09-21,0.0
"[40,60)",0,8988,0,2023-09-21,0.0
"[40,60)",1,7908,0,2023-09-21,0.0
"[60,80)",0,3504,0,2023-09-21,0.0
"[60,80)",1,3908,0,2023-09-21,0.0
"[80,200)",0,425,0,2023-09-21,0.0
"[80,200)",1,1054,0,2023-09-21,0.0
"[0,40)",0,25948,0,2023-09-22,0.0
"[0,40)",1,24359,0,2023-09-22,0.0
"[40,60)",0,8988,0,2023-09-22,0.0
"[40,60)",1,7908,0,2023-09-22,0.0
"[60,80)",0,3504,0,2023-09-22,0.0
"[60,80)",1,3908,0,2023-09-22,0.0
"[80,200)",0,425,0,2023-09-22,0.0
"[80,200)",1,1054,0,2023-09-22,0.0
"[0,40)",0,25948,0,2023-09-23,0.0
"[0,40)",1,24359,0,2023-09-23,0.0
"[40,60)",0,8988,0,2023-09-23,0.0
"[40,60)",1,7908,0,2023-09-23,0.0
"[60,80)",0,3504,0,2023-09-23,0.0
"[60,80)",1,3908,0,2023-09-23,0.0
"[80,200)",0,425,0,2023-09-23,0.0
"[80,200)",1,1054,0,2023-09-23,0.0
"[0,40)",0,25948,0,2023-09-24,0.0
"[0,40)",1,24359,0,2023-09-24,0.0
"[40,60)",0,8988,0,2023-09-24,0.0
"[40,60)",1,7908,0,2023-09-24,0.0
"[60,80)",0,3504,0,2023-09-24,0.0
"[60,80)",1,3908,0,2023-09-24,0.0
"[80,200)",0,425,0,2023-09-24,0.0
"[80,200)",1,1054,0,2023-09-24,0.0
"[0,40)",0,25948,0,2023-09-25,0.0
"[0,40)",1,24359,0,2023-09-25,0.0
"[40,60)",0,8988,0,2023-09-25,0.0
"[40,60)",1,7908,0,2023-09-25,0.0
"[60,80)",0,3504,0,2023-09-25,0.0
"[60,80)",1,3908,0,2023-09-25,0.0
"[80,200)",0,425,0,2023-09-25,0.0
"[80,200)",1,1054,0,2023-09-25,0.0
"[0,40)",0,25948,1,2023-09-26,3.853861569292431e-05
"[0,40)",1,24359,0,2023-09-26,0.0
"[40,60)",0,8988,0,2023-09-26,0.0
"[40,60)",1,7908,0,2023-09-26,0.0
"[60,80)",0,3504,0,2023-09-26,0.0
"[60,80)",1,3908,0,2023-09-26,0.0
"[80,200)",0,425,0,2023-09-26,0.0
"[80,200)",1,1054,0,2023-09-26,0.0
"[0,40)",0,25947,0,2023-09-27,0.0
"[0,40)",1,24359,0,2023-09-27,0.0
"[40,60)",0,8988,0,2023-09-27,0.0
"[40,60)",1,7908,0,2023-09-27,0.0
"[60,80)",0,3504,0,2023-09-27,0.0
"[60,80)",1,3908,0,2023-09-27,0.0
"[80,200)",0,425,0,2023-09-27,0.0
"[80,200)",1,1054,0,2023-09-27,0.0
"[0,40)",0,25947,0,2023-09-28,0.0
"[0,40)",1,24359,0,2023-09-28,0.0
"[40,60)",0,8988,0,2023-09-28,0.0
"[40,60)",1,7908,0,2023-09-28,0.0
"[60,80)",0,3504,0,2023-09-28,0.0
"[60,80)",1,3908,0,2023-09-28,0.0
"[80,200)",0,425,0,2023-09-28,0.0
"[80,200)",1,1054,0,2023-09-28,0.0
"[0,40)",0,25947,0,2023-09-29,0.0
"[0,40)",1,24359,1,2023-09-29,4.1052588365696454e-05
"[40,60)",0,8988,0,2023-09-29,0.0
"[40,60)",1,7908,0,2023-09-29,0.0
"[60,80)",0,3504,0,2023-09-29,0.0
"[60,80)",1,3908,0,2023-09-29,0.0
"[80,200)",0,425,0,2023-09-29,0.0
"[80,200)",1,1054,0,2023-09-29,0.0
"[0,40)",0,25947,0,2023-09-30,0.0
"[0,40)",1,24358,0,2023-09-30,0.0
"[40,60)",0,8988,0,2023-09-30,0.0
"[40,60)",1,7908,0,2023-09-30,0.0
"[60,80)",0,3504,0,2023-09-30,0.0
"[60,80)",1,3908,0,2023-09-30,0.0
"[80,200)",0,425,0,2023-09-30,0.0
"[80,200)",1,1054,0,2023-09-30,0.0
"[0,40)",0,25947,0,2023-10-01,0.0
"[0,40)",1,24358,0,2023-10-01,0.0
"[40,60)",0,8988,0,2023-10-01,0.0
"[40,60)",1,7908,0,2023-10-01,0.0
"[60,80)",0,3504,0,2023-10-01,0.0
"[60,80)",1,3908,0,2023-10-01,0.0
"[80,200)",0,425,0,2023-10-01,0.0
"[80,200)",1,1054,0,2023-10-01,0.0
"[0,40)",0,25947,0,2023-10-02,0.0
"[0,40)",1,24358,0,2023-10-02,0.0
"[40,60)",0,8988,0,2023-10-02,0.0
"[40,60)",1,7908,0,2023-10-02,0.0
"[60,80)",0,3504,0,2023-10-02,0.0
"[60,80)",1,3908,0,2023-10-02,0.0
"[80,200)",0,425,0,2023-10-02,0.0
"[80,200)",1,1054,0,2023-10-02,0.0
"[0,40)",0,25947,0,2023-10-03,0.0
"[0,40)",1,24358,1,2023-10-03,4.105427374989737e-05
"[40,60)",0,8988,0,2023-10-03,0.0
"[40,60)",1,7908,0,2023-10-03,0.0
"[60,80)",0,3504,0,2023-10-03,0.0
"[60,80)",1,3908,0,2023-10-03,0.0
"[80,200)",0,425,0,2023-10-03,0.0
"[80,200)",1,1054,0,2023-10-03,0.0
"[0,40)",0,25947,0,2023-10-04,0.0
"[0,40)",1,24357,0,2023-10-04,0.0
"[40,60)",0,8988,0,2023-10-04,0.0
"[40,60)",1,7908,2,2023-10-04,0.00025290844714213456
"[60,80)",0,3504,0,2023-10-04,0.0
"[60,80)",1,3908,0,2023-10-04,0.0
"[80,200)",0,425,0,2023-10-04,0.0
"[80,200)",1,1054,0,2023-10-04,0.0
"[0,40)",0,25947,0,2023-10-05,0.0
"[0,40)",1,24357,0,2023-10-05,0.0
"[40,60)",0,8988,0,2023-10-05,0.0
"[40,60)",1,7906,0,2023-10-05,0.0
"[60,80)",0,3504,0,2023-10-05,0.0
"[60,80)",1,3908,0,2023-10-05,0.0
"[80,200)",0,425,0,2023-10-05,0.0
"[80,200)",1,1054,1,2023-10-05,0.0009487666034155598
"[0,40)",0,25947,0,2023-10-06,0.0
"[0,40)",1,24357,0,2023-10-06,0.0
"[40,60)",0,8988,1,2023-10-06,0.00011125945705384957
"[40,60)",1,7906,0,2023-10-06,0.0
"[60,80)",0,3504,1,2023-10-06,0.00028538812785388126
"[60,80)",1,3908,0,2023-10-06,0.0
"[80,200)",0,425,0,2023-10-06,0.0
"[80,200)",1,1053,0,2023-10-06,0.0
"[0,40)",0,25947,0,2023-10-07,0.0
"[0,40)",1,24357,0,2023-10-07,0.0
"[40,60)",0,8987,0,2023-10-07,0.0
"[40,60)",1,7906,0,2023-10-07,0.0
"[60,80)",0,3503,0,2023-10-07,0.0
"[60,80)",1,3908,0,2023-10-07,0.0
"[80,200)",0,425,0,2023-10-07,0.0
"[80,200)",1,1053,0,2023-10-07,0.0
"[0,40)",0,25947,0,2023-10-08,0.0
"[0,40)",1,24357,0,2023-10-08,0.0
"[40,60)",0,8987,0,2023-10-08,0.0
"[40,60)",1,7906,0,2023-10-08,0.0
"[60,80)",0,3503,0,2023-10-08,0.0
"[60,80)",1,3908,0,2023-10-08,0.0
"[80,200)",0,425,0,2023-10-08,0.0
"[80,200)",1,1053,0,2023-10-08,0.0
"[0,40)",0,25947,0,2023-10-09,0.0
"[0,40)",1,24357,0,2023-10-09,0.0
"[40,60)",0,8987,1,2023-10-09,0.00011127183709803049
"[40,60)",1,7906,0,2023-10-09,0.0
"[60,80)",0,3503,0,2023-10-09,0.0
"[60,80)",1,3908,0,2023-10-09,0.0
"[80,200)",0,425,0,2023-10-09,0.0
"[80,200)",1,1053,0,2023-10-09,0.0
"[0,40)",0,25947,2,2023-10-10,7.70802019501291e-05
"[0,40)",1,24357,1,2023-10-10,4.10559592724884e-05
"[40,60)",0,8986,0,2023-10-10,0.0
"[40,60)",1,7906,0,2023-10-10,0.0
"[60,80)",0,3503,1,2023-10-10,0.00028546959748786756
"[60,80)",1,3908,0,2023-10-10,0.0
"[80,200)",0,425,0,2023-10-10,0.0
"[80,200)",1,1053,0,2023-10-10,0.0
"[0,40)",0,25945,0,2023-10-11,0.0
"[0,40)",1,24356,0,2023-10-11,0.0
"[40,60)",0,8986,0,2023-10-11,0.0
"[40,60)",1,7906,0,2023-10-11,0.0
"[60,80)",0,3502,0,2023-10-11,0.0
"[60,80)",1,3908,1,2023-10-11,0.00025588536335721597
"[80,200)",0,425,0,2023-10-11,0.0
"[80,200)",1,1053,0,2023-10-11,0.0
"[0,40)",0,25945,0,2023-10-12,0.0
"[0,40)",1,24356,0,2023-10-12,0.0
"[40,60)",0,8986,0,2023-10-12,0.0
"[40,60)",1,7906,0,2023-10-12,0.0
"[60,80)",0,3502,0,2023-10-12,0.0
"[60,80)",1,3907,0,2023-10-12,0.0
"[80,200)",0,425,0,2023-10-12,0.0
"[80,200)",1,1053,0,2023-10-12,0.0
"[0,40)",0,25945,0,2023-10-13,0.0
"[0,40)",1,24356,0,2023-10-13,0.0
"[40,60)",0,8986,0,2023-10-13,0.0
"[40,60)",1,7906,0,2023-10-13,0.0
"[60,80)",0,3502,0,2023-10-13,0.0
"[60,80)",1,3907,1,2023-10-13,0.0002559508574353724
"[80,200)",0,425,0,2023-10-13,0.0
"[80,200)",1,1053,0,2023-10-13,0.0
"[0,40)",0,25945,0,2023-10-14,0.0
"[0,40)",1,24356,0,2023-10-14,0.0
"[40,60)",0,8986,0,2023-10-14,0.0
"[40,60)",1,7906,0,2023-10-14,0.0
"[60,80)",0,3502,0,2023-10-14,0.0
"[60,80)",1,3906,0,2023-10-14,0.0
"[80,200)",0,425,0,2023-10-14,0.0
"[80,200)",1,1053,0,2023-10-14,0.0
"[0,40)",0,25945,0,2023-10-15,0.0
"[0,40)",1,24356,0,2023-10-15,0.0
"[40,60)",0,8986,0,2023-10-15,0.0
"[40,60)",1,7906,0,2023-10-15,0.0
"[60,80)",0,3502,0,2023-10-15,0.0
"[60,80)",1,3906,0,2023-10-15,0.0
"[80,200)",0,425,0,2023-10-15,0.0
"[80,200)",1,1053,0,2023-10-15,0.0
"[0,40)",0,25945,0,2023-10-16,0.0
"[0,40)",1,24356,0,2023-10-16,0.0
"[40,60)",0,8986,0,2023-10-16,0.0
"[40,60)",1,7906,0,2023-10-16,0.0
"[60,80)",0,3502,0,2023-10-16,0.0
"[60,80)",1,3906,0,2023-10-16,0.0
"[80,200)",0,425,1,2023-10-16,0.002352941176470588
"[80,200)",1,1053,0,2023-10-16,0.0
"[0,40)",0,25945,0,2023-10-17,0.0
"[0,40)",1,24356,0,2023-10-17,0.0
"[40,60)",0,8986,0,2023-10-17,0.0
"[40,60)",1,7906,0,2023-10-17,0.0
"[60,80)",0,3502,0,2023-10-17,0.0
"[60,80)",1,3906,0,2023-10-17,0.0
"[80,200)",0,424,0,2023-10-17,0.0
"[80,200)",1,1053,1,2023-10-17,0.000949667616334283
"[0,40)",0,25945,0,2023-10-18,0.0
"[0,40)",1,24356,0,2023-10-18,0.0
"[40,60)",0,8986,0,2023-10-18,0.0
"[40,60)",1,7906,0,2023-10-18,0.0
"[60,80)",0,3502,0,2023-10-18,0.0
"[60,80)",1,3906,0,2023-10-18,0.0
"[80,200)",0,424,0,2023-10-18,0.0
"[80,200)",1,1052,0,2023-10-18,0.0
"[0,40)",0,25945,0,2023-10-19,0.0
"[0,40)",1,24356,0,2023-10-19,0.0
"[40,60)",0,8986,0,2023-10-19,0.0
"[40,60)",1,7906,0,2023-10-19,0.0
"[60,80)",0,3502,0,2023-10-19,0.0
"[60,80)",1,3906,0,2023-10-19,0.0
"[80,200)",0,424,0,2023-10-19,0.0
"[80,200)",1,1052,0,2023-10-19,0.0
"[0,40)",0,25945,1,2023-10-20,3.854307188282906e-05
"[0,40)",1,24356,0,2023-10-20,0.0
"[40,60)",0,8986,0,2023-10-20,0.0
"[40,60)",1,7906,0,2023-10-20,0.0
"[60,80)",0,3502,0,2023-10-20,0.0
"[60,80)",1,3906,0,2023-10-20,0.0
"[80,200)",0,424,0,2023-10-20,0.0
"[80,200)",1,1052,0,2023-10-20,0.0
"[0,40)",0,25944,0,2023-10-21,0.0
"[0,40)",1,24356,0,2023-10-21,0.0
"[40,60)",0,8986,0,2023-10-21,0.0
"[40,60)",1,7906,0,2023-10-21,0.0
"[60,80)",0,3502,0,2023-10-21,0.0
"[60,80)",1,3906,0,2023-10-21,0.0
"[80,200)",0,424,0,2023-10-21,0.0
"[80,200)",1,1052,0,2023-10-21,0.0
"[0,40)",0,25944,0,2023-10-22,0.0
"[0,40)",1,24356,0,2023-10-22,0.0
"[40,60)",0,8986,0,2023-10-22,0.0
"[40,60)",1,7906,0,2023-10-22,0.0
"[60,80)",0,3502,0,2023-10-22,0.0
"[60,80)",1,3906,0,2023-10-22,0.0
"[80,200)",0,424,0,2023-10-22,0.0
"[80,200)",1,1052,0,2023-10-22,0.0
"[0,40)",0,25944,0,2023-10-23,0.0
"[0,40)",1,24356,0,2023-10-23,0.0
"[40,60)",0,8986,0,2023-10-23,0.0
"[40,60)",1,7906,0,2023-10-23,0.0
"[60,80)",0,3502,0,2023-10-23,0.0
"[60,80)",1,3906,0,2023-10-23,0.0
"[80,200)",0,424,0,2023-10-23,0.0
"[80,200)",1,1052,0,2023-10-23,0.0
"[0,40)",0,25944,1,2023-10-24,3.85445575084798e-05
"[0,40)",1,24356,0,2023-10-24,0.0
"[40,60)",0,8986,0,2023-10-24,0.0
"[40,60)",1,7906,1,2023-10-24,0.00012648621300278268
"[60,80)",0,3502,1,2023-10-24,0.00028555111364934324
"[60,80)",1,3906,0,2023-10-24,0.0
"[80,200)",0,424,0,2023-10-24,0.0
"[80,200)",1,1052,0,2023-10-24,0.0
"[0,40)",0,25943,0,2023-10-25,0.0
"[0,40)",1,24356,0,2023-10-25,0.0
"[40,60)",0,8986,0,2023-10-25,0.0
"[40,60)",1,7905,0,2023-10-25,0.0
"[60,80)",0,3501,1,2023-10-25,0.00028563267637817766
"[60,80)",1,3906,0,2023-10-25,0.0
"[80,200)",0,424,0,2023-10-25,0.0
"[80,200)",1,1052,0,2023-10-25,0.0
"[0,40)",0,25943,1,2023-10-26,3.8546043248660526e-05
"[0,40)",1,24356,0,2023-10-26,0.0
"[40,60)",0,8986,0,2023-10-26,0.0
"[40,60)",1,7905,0,2023-10-26,0.0
"[60,80)",0,3500,0,2023-10-26,0.0
"[60,80)",1,3906,0,2023-10-26,0.0
"[80,200)",0,424,0,2023-10-26,0.0
"[80,200)",1,1052,0,2023-10-26,0.0
"[0,40)",0,25942,0,2023-10-27,0.0
"[0,40)",1,24356,0,2023-10-27,0.0
"[40,60)",0,8986,0,2023-10-27,0.0
"[40,60)",1,7905,0,2023-10-27,0.0
"[60,80)",0,3500,0,2023-10-27,0.0
"[60,80)",1,3906,0,2023-10-27,0.0
"[80,200)",0,424,0,2023-10-27,0.0
"[80,200)",1,1052,0,2023-10-27,0.0
"[0,40)",0,25942,0,2023-10-28,0.0
"[0,40)",1,24356,0,2023-10-28,0.0
"[40,60)",0,8986,0,2023-10-28,0.0
"[40,60)",1,7905,0,2023-10-28,0.0
"[60,80)",0,3500,0,2023-10-28,0.0
"[60,80)",1,3906,0,2023-10-28,0.0
"[80,200)",0,424,0,2023-10-28,0.0
"[80,200)",1,1052,0,2023-10-28,0.0
"[0,40)",0,25942,0,2023-10-29,0.0
"[0,40)",1,24356,0,2023-10-29,0.0
"[40,60)",0,8986,0,2023-10-29,0.0
"[40,60)",1,7905,0,2023-10-29,0.0
"[60,80)",0,3500,0,2023-10-29,0.0
"[60,80)",1,3906,0,2023-10-29,0.0
"[80,200)",0,424,0,2023-10-29,0.0
"[80,200)",1,1052,0,2023-10-29,0.0
"[0,40)",0,25942,0,2023-10-30,0.0
"[0,40)",1,24356,0,2023-10-30,0.0
"[40,60)",0,8986,0,2023-10-30,0.0
"[40,60)",1,7905,0,2023-10-30,0.0
"[60,80)",0,3500,0,2023-10-30,0.0
"[60,80)",1,3906,1,2023-10-30,0.0002560163850486431
"[80,200)",0,424,0,2023-10-30,0.0
"[80,200)",1,1052,0,2023-10-30,0.0
"[0,40)",0,25942,0,2023-10-31,0.0
"[0,40)",1,24356,0,2023-10-31,0.0
"[40,60)",0,8986,0,2023-10-31,0.0
"[40,60)",1,7905,0,2023-10-31,0.0
"[60,80)",0,3500,0,2023-10-31,0.0
"[60,80)",1,3905,0,2023-10-31,0.0
"[80,200)",0,424,0,2023-10-31,0.0
"[80,200)",1,1052,0,2023-10-31,0.0
"[0,40)",0,25942,0,2023-11-01,0.0
"[0,40)",1,24356,1,2023-11-01,4.105764493348662e-05
"[40,60)",0,8986,1,2023-11-01,0.00011128421989761852
"[40,60)",1,7905,0,2023-11-01,0.0
"[60,80)",0,3500,0,2023-11-01,0.0
"[60,80)",1,3905,0,2023-11-01,0.0
"[80,200)",0,424,0,2023-11-01,0.0
"[80,200)",1,1052,0,2023-11-01,0.0
"[0,40)",0,25942,0,2023-11-02,0.0
"[0,40)",1,24355,0,2023-11-02,0.0
"[40,60)",0,8985,0,2023-11-02,0.0
"[40,60)",1,7905,1,2023-11-02,0.0001265022137887413
"[60,80)",0,3500,0,2023-11-02,0.0
"[60,80)",1,3905,1,2023-11-02,0.00025608194622279127
"[80,200)",0,424,0,2023-11-02,0.0
"[80,200)",1,1052,0,2023-11-02,0.0
"[0,40)",0,25942,0,2023-11-03,0.0
"[0,40)",1,24355,1,2023-11-03,4.105933073290905e-05
"[40,60)",0,8985,0,2023-11-03,0.0
"[40,60)",1,7904,0,2023-11-03,0.0
"[60,80)",0,3500,0,2023-11-03,0.0
"[60,80)",1,3904,1,2023-11-03,0.00025614754098360657
"[80,200)",0,424,0,2023-11-03,0.0
"[80,200)",1,1052,0,2023-11-03,0.0
"[0,40)",0,25942,0,2023-11-04,0.0
"[0,40)",1,24354,0,2023-11-04,0.0
"[40,60)",0,8985,0,2023-11-04,0.0
"[40,60)",1,7904,0,2023-11-04,0.0
"[60,80)",0,3500,0,2023-11-04,0.0
"[60,80)",1,3903,0,2023-11-04,0.0
"[80,200)",0,424,0,2023-11-04,0.0
"[80,200)",1,1052,0,2023-11-04,0.0
"[0,40)",0,25942,0,2023-11-05,0.0
"[0,40)",1,24354,0,2023-11-05,0.0
"[40,60)",0,8985,0,2023-11-05,0.0
"[40,60)",1,7904,0,2023-11-05,0.0
"[60,80)",0,3500,0,2023-11-05,0.0
"[60,80)",1,3903,0,2023-11-05,0.0
"[80,200)",0,424,0,2023-11-05,0.0
"[80,200)",1,1052,0,2023-11-05,0.0
"[0,40)",0,25942,0,2023-11-06,0.0
"[0,40)",1,24354,0,2023-11-06,0.0
"[40,60)",0,8985,0,2023-11-06,0.0
"[40,60)",1,7904,0,2023-11-06,0.0
"[60,80)",0,3500,1,2023-11-06,0.00028571428571428574
"[60,80)",1,3903,0,2023-11-06,0.0
"[80,200)",0,424,0,2023-11-06,0.0
"[80,200)",1,1052,0,2023-11-06,0.0
"[0,40)",0,25942,0,2023-11-07,0.0
"[0,40)",1,24354,0,2023-11-07,0.0
"[40,60)",0,8985,0,2023-11-07,0.0
"[40,60)",1,7904,0,2023-11-07,0.0
"[60,80)",0,3499,0,2023-11-07,0.0
"[60,80)",1,3903,0,2023-11-07,0.0
"[80,200)",0,424,0,2023-11-07,0.0
"[80,200)",1,1052,0,2023-11-07,0.0
"[0,40)",0,25942,0,2023-11-08,0.0
"[0,40)",1,24354,0,2023-11-08,0.0
"[40,60)",0,8985,0,2023-11-08,0.0
"[40,60)",1,7904,0,2023-11-08,0.0
"[60,80)",0,3499,0,2023-11-08,0.0
"[60,80)",1,3903,0,2023-11-08,0.0
"[80,200)",0,424,0,2023-11-08,0.0
"[80,200)",1,1052,0,2023-11-08,0.0
"[0,40)",0,25942,0,2023-11-09,0.0
"[0,40)",1,24354,0,2023-11-09,0.0
"[40,60)",0,8985,0,2023-11-09,0.0
"[40,60)",1,7904,0,2023-11-09,0.0
"[60,80)",0,3499,0,2023-11-09,0.0
"[60,80)",1,3903,0,2023-11-09,0.0
"[80,200)",0,424,0,2023-11-09,0.0
"[80,200)",1,1052,0,2023-11-09,0.0
"[0,40)",0,25942,0,2023-11-10,0.0
"[0,40)",1,24354,0,2023-11-10,0.0
"[40,60)",0,8985,0,2023-11-10,0.0
"[40,60)",1,7904,0,2023-11-10,0.0
"[60,80)",0,3499,0,2023-11-10,0.0
"[60,80)",1,3903,0,2023-11-10,0.0
"[80,200)",0,424,0,2023-11-10,0.0
"[80,200)",1,1052,0,2023-11-10,0.0
"[0,40)",0,25942,0,2023-11-11,0.0
"[0,40)",1,24354,0,2023-11-11,0.0
"[40,60)",0,8985,0,2023-11-11,0.0
"[40,60)",1,7904,0,2023-11-11,0.0
"[60,80)",0,3499,0,2023-11-11,0.0
"[60,80)",1,3903,0,2023-11-11,0.0
"[80,200)",0,424,0,2023-11-11,0.0
"[80,200)",1,1052,0,2023-11-11,0.0
"[0,40)",0,25942,0,2023-11-12,0.0
"[0,40)",1,24354,0,2023-11-12,0.0
"[40,60)",0,8985,0,2023-11-12,0.0
"[40,60)",1,7904,0,2023-11-12,0.0
"[60,80)",0,3499,0,2023-11-12,0.0
"[60,80)",1,3903,0,2023-11-12,0.0
"[80,200)",0,424,0,2023-11-12,0.0
"[80,200)",1,1052,0,2023-11-12,0.0
"[0,40)",0,25942,0,2023-11-13,0.0
"[0,40)",1,24354,0,2023-11-13,0.0
"[40,60)",0,8985,0,2023-11-13,0.0
"[40,60)",1,7904,0,2023-11-13,0.0
"[60,80)",0,3499,1,2023-11-13,0.0002857959416976279
"[60,80)",1,3903,0,2023-11-13,0.0
"[80,200)",0,424,0,2023-11-13,0.0
"[80,200)",1,1052,0,2023-11-13,0.0
"[0,40)",0,25942,0,2023-11-14,0.0
"[0,40)",1,24354,0,2023-11-14,0.0
"[40,60)",0,8985,0,2023-11-14,0.0
"[40,60)",1,7904,0,2023-11-14,0.0
"[60,80)",0,3498,0,2023-11-14,0.0
"[60,80)",1,3903,0,2023-11-14,0.0
"[80,200)",0,424,0,2023-11-14,0.0
"[80,200)",1,1052,0,2023-11-14,0.0
"[0,40)",0,25942,0,2023-11-15,0.0
"[0,40)",1,24354,0,2023-11-15,0.0
"[40,60)",0,8985,0,2023-11-15,0.0
"[40,60)",1,7904,0,2023-11-15,0.0
"[60,80)",0,3498,0,2023-11-15,0.0
"[60,80)",1,3903,3,2023-11-15,0.0007686395080707148
"[80,200)",0,424,0,2023-11-15,0.0
"[80,200)",1,1052,0,2023-11-15,0.0
"[0,40)",0,25942,0,2023-11-16,0.0
"[0,40)",1,24354,0,2023-11-16,0.0
"[40,60)",0,8985,0,2023-11-16,0.0
"[40,60)",1,7904,0,2023-11-16,0.0
"[60,80)",0,3498,0,2023-11-16,0.0
"[60,80)",1,3900,0,2023-11-16,0.0
"[80,200)",0,424,0,2023-11-16,0.0
"[80,200)",1,1052,0,2023-11-16,0.0
"[0,40)",0,25942,0,2023-11-17,0.0
"[0,40)",1,24354,0,2023-11-17,0.0
"[40,60)",0,8985,0,2023-11-17,0.0
"[40,60)",1,7904,0,2023-11-17,0.0
"[60,80)",0,3498,0,2023-11-17,0.0
"[60,80)",1,3900,0,2023-11-17,0.0
"[80,200)",0,424,0,2023-11-17,0.0
"[80,200)",1,1052,0,2023-11-17,0.0
"[0,40)",0,25942,0,2023-11-18,0.0
"[0,40)",1,24354,0,2023-11-18,0.0
"[40,60)",0,8985,0,2023-11-18,0.0
"[40,60)",1,7904,0,2023-11-18,0.0
"[60,80)",0,3498,0,2023-11-18,0.0
"[60,80)",1,3900,0,2023-11-18,0.0
"[80,200)",0,424,0,2023-11-18,0.0
"[80,200)",1,1052,0,2023-11-18,0.0
"[0,40)",0,25942,0,2023-11-19,0.0
"[0,40)",1,24354,0,2023-11-19,0.0
"[40,60)",0,8985,0,2023-11-19,0.0
"[40,60)",1,7904,0,2023-11-19,0.0
"[60,80)",0,3498,0,2023-11-19,0.0
"[60,80)",1,3900,0,2023-11-19,0.0
"[80,200)",0,424,0,2023-11-19,0.0
"[80,200)",1,1052,0,2023-11-19,0.0
"[0,40)",0,25942,0,2023-11-20,0.0
"[0,40)",1,24354,0,2023-11-20,0.0
"[40,60)",0,8985,0,2023-11-20,0.0
"[40,60)",1,7904,0,2023-11-20,0.0
"[60,80)",0,3498,0,2023-11-20,0.0
"[60,80)",1,3900,0,2023-11-20,0.0
"[80,200)",0,424,0,2023-11-20,0.0
"[80,200)",1,1052,0,2023-11-20,0.0
"[0,40)",0,25942,0,2023-11-21,0.0
"[0,40)",1,24354,0,2023-11-21,0.0
"[40,60)",0,8985,0,2023-11-21,0.0
"[40,60)",1,7904,0,2023-11-21,0.0
"[60,80)",0,3498,0,2023-11-21,0.0
"[60,80)",1,3900,0,2023-11-21,0.0
"[80,200)",0,424,0,2023-11-21,0.0
"[80,200)",1,1052,0,2023-11-21,0.0
"[0,40)",0,25942,0,2023-11-22,0.0
"[0,40)",1,24354,0,2023-11-22,0.0
"[40,60)",0,8985,0,2023-11-22,0.0
"[40,60)",1,7904,0,2023-11-22,0.0
"[60,80)",0,3498,0,2023-11-22,0.0
"[60,80)",1,3900,0,2023-11-22,0.0
"[80,200)",0,424,0,2023-11-22,0.0
"[80,200)",1,1052,0,2023-11-22,0.0
"[0,40)",0,25942,0,2023-11-23,0.0
"[0,40)",1,24354,0,2023-11-23,0.0
"[40,60)",0,8985,0,2023-11-23,0.0
"[40,60)",1,7904,0,2023-11-23,0.0
"[60,80)",0,3498,0,2023-11-23,0.0
"[60,80)",1,3900,0,2023-11-23,0.0
"[80,200)",0,424,0,2023-11-23,0.0
"[80,200)",1,1052,1,2023-11-23,0.0009505703422053232
"[0,40)",0,25942,0,2023-11-24,0.0
"[0,40)",1,24354,0,2023-11-24,0.0
"[40,60)",0,8985,1,2023-11-24,0.00011129660545353366
"[40,60)",1,7904,0,2023-11-24,0.0
"[60,80)",0,3498,0,2023-11-24,0.0
"[60,80)",1,3900,0,2023-11-24,0.0
"[80,200)",0,424,0,2023-11-24,0.0
"[80,200)",1,1051,0,2023-11-24,0.0
"[0,40)",0,25942,0,2023-11-25,0.0
"[0,40)",1,24354,0,2023-11-25,0.0
"[40,60)",0,8984,0,2023-11-25,0.0
"[40,60)",1,7904,0,2023-11-25,0.0
"[60,80)",0,3498,0,2023-11-25,0.0
"[60,80)",1,3900,0,2023-11-25,0.0
"[80,200)",0,424,0,2023-11-25,0.0
"[80,200)",1,1051,0,2023-11-25,0.0
"[0,40)",0,25942,0,2023-11-26,0.0
"[0,40)",1,24354,0,2023-11-26,0.0
"[40,60)",0,8984,0,2023-11-26,0.0
"[40,60)",1,7904,0,2023-11-26,0.0
"[60,80)",0,3498,0,2023-11-26,0.0
"[60,80)",1,3900,0,2023-11-26,0.0
"[80,200)",0,424,0,2023-11-26,0.0
"[80,200)",1,1051,0,2023-11-26,0.0
"[0,40)",0,25942,0,2023-11-27,0.0
"[0,40)",1,24354,1,2023-11-27,4.1061016670772766e-05
"[40,60)",0,8984,0,2023-11-27,0.0
"[40,60)",1,7904,0,2023-11-27,0.0
"[60,80)",0,3498,0,2023-11-27,0.0
"[60,80)",1,3900,2,2023-11-27,0.0005128205128205128
"[80,200)",0,424,0,2023-11-27,0.0
"[80,200)",1,1051,0,2023-11-27,0.0
"[0,40)",0,25942,0,2023-11-28,0.0
"[0,40)",1,24353,0,2023-11-28,0.0
"[40,60)",0,8984,0,2023-11-28,0.0
"[40,60)",1,7904,0,2023-11-28,0.0
"[60,80)",0,3498,1,2023-11-28,0.0002858776443682104
"[60,80)",1,3898,1,2023-11-28,0.0002565418163160595
"[80,200)",0,424,0,2023-11-28,0.0
"[80,200)",1,1051,0,2023-11-28,0.0
"[0,40)",0,25942,1,2023-11-29,3.854752910338447e-05
"[0,40)",1,24353,0,2023-11-29,0.0
"[40,60)",0,8984,0,2023-11-29,0.0
"[40,60)",1,7904,0,2023-11-29,0.0
"[60,80)",0,3497,0,2023-11-29,0.0
"[60,80)",1,3897,0,2023-11-29,0.0
"[80,200)",0,424,0,2023-11-29,0.0
"[80,200)",1,1051,0,2023-11-29,0.0
"[0,40)",0,25941,0,2023-11-30,0.0
"[0,40)",1,24353,0,2023-11-30,0.0
"[40,60)",0,8984,0,2023-11-30,0.0
"[40,60)",1,7904,0,2023-11-30,0.0
"[60,80)",0,3497,0,2023-11-30,0.0
"[60,80)",1,3897,0,2023-11-30,0.0
"[80,200)",0,424,0,2023-11-30,0.0
"[80,200)",1,1051,0,2023-11-30,0.0
"[0,40)",0,25941,0,2023-12-01,0.0
"[0,40)",1,24353,0,2023-12-01,0.0
"[40,60)",0,8984,0,2023-12-01,0.0
"[40,60)",1,7904,0,2023-12-01,0.0
"[60,80)",0,3497,0,2023-12-01,0.0
"[60,80)",1,3897,0,2023-12-01,0.0
"[80,200)",0,424,0,2023-12-01,0.0
"[80,200)",1,1051,0,2023-12-01,0.0
"[0,40)",0,25941,0,2023-12-02,0.0
"[0,40)",1,24353,0,2023-12-02,0.0
"[40,60)",0,8984,0,2023-12-02,0.0
"[40,60)",1,7904,0,2023-12-02,0.0
"[60,80)",0,3497,0,2023-12-02,0.0
"[60,80)",1,3897,0,2023-12-02,0.0
"[80,200)",0,424,0,2023-12-02,0.0
"[80,200)",1,1051,0,2023-12-02,0.0
"[0,40)",0,25941,0,2023-12-03,0.0
"[0,40)",1,24353,0,2023-12-03,0.0
"[40,60)",0,8984,0,2023-12-03,0.0
"[40,60)",1,7904,0,2023-12-03,0.0
"[60,80)",0,3497,0,2023-12-03,0.0
"[60,80)",1,3897,0,2023-12-03,0.0
"[80,200)",0,424,0,2023-12-03,0.0
"[80,200)",1,1051,0,2023-12-03,0.0
"[0,40)",0,25941,0,2023-12-04,0.0
"[0,40)",1,24353,0,2023-12-04,0.0
"[40,60)",0,8984,0,2023-12-04,0.0
"[40,60)",1,7904,0,2023-12-04,0.0
"[60,80)",0,3497,0,2023-12-04,0.0
"[60,80)",1,3897,0,2023-12-04,0.0
"[80,200)",0,424,0,2023-12-04,0.0
"[80,200)",1,1051,0,2023-12-04,0.0
"[0,40)",0,25941,0,2023-12-05,0.0
"[0,40)",1,24353,0,2023-12-05,0.0
"[40,60)",0,8984,0,2023-12-05,0.0
"[40,60)",1,7904,0,2023-12-05,0.0
"[60,80)",0,3497,0,2023-12-05,0.0
"[60,80)",1,3897,0,2023-12-05,0.0
"[80,200)",0,424,0,2023-12-05,0.0
"[80,200)",1,1051,0,2023-12-05,0.0
"[0,40)",0,25941,0,2023-12-06,0.0
"[0,40)",1,24353,0,2023-12-06,0.0
"[40,60)",0,8984,0,2023-12-06,0.0
"[40,60)",1,7904,1,2023-12-06,0.00012651821862348178
"[60,80)",0,3497,0,2023-12-06,0.0
"[60,80)",1,3897,0,2023-12-06,0.0
"[80,200)",0,424,0,2023-12-06,0.0
"[80,200)",1,1051,0,2023-12-06,0.0
"[0,40)",0,25941,0,2023-12-07,0.0
"[0,40)",1,24353,0,2023-12-07,0.0
"[40,60)",0,8984,0,2023-12-07,0.0
"[40,60)",1,7903,0,2023-12-07,0.0
"[60,80)",0,3497,0,2023-12-07,0.0
"[60,80)",1,3897,0,2023-12-07,0.0
"[80,200)",0,424,0,2023-12-07,0.0
"[80,200)",1,1051,0,2023-12-07,0.0
"[0,40)",0,25941,0,2023-12-08,0.0
"[0,40)",1,24353,0,2023-12-08,0.0
"[40,60)",0,8984,0,2023-12-08,0.0
"[40,60)",1,7903,0,2023-12-08,0.0
"[60,80)",0,3497,0,2023-12-08,0.0
"[60,80)",1,3897,0,2023-12-08,0.0
"[80,200)",0,424,0,2023-12-08,0.0
"[80,200)",1,1051,0,2023-12-08,0.0
"[0,40)",0,25941,0,2023-12-09,0.0
"[0,40)",1,24353,0,2023-12-09,0.0
"[40,60)",0,8984,0,2023-12-09,0.0
"[40,60)",1,7903,0,2023-12-09,0.0
"[60,80)",0,3497,0,2023-12-09,0.0
"[60,80)",1,3897,0,2023-12-09,0.0
"[80,200)",0,424,0,2023-12-09,0.0
"[80,200)",1,1051,0,2023-12-09,0.0
"[0,40)",0,25941,0,2023-12-10,0.0
"[0,40)",1,24353,0,2023-12-10,0.0
"[40,60)",0,8984,0,2023-12-10,0.0
"[40,60)",1,7903,0,2023-12-10,0.0
"[60,80)",0,3497,0,2023-12-10,0.0
"[60,80)",1,3897,0,2023-12-10,0.0
"[80,200)",0,424,0,2023-12-10,0.0
"[80,200)",1,1051,0,2023-12-10,0.0
"[0,40)",0,25941,0,2023-12-11,0.0
"[0,40)",1,24353,0,2023-12-11,0.0
"[40,60)",0,8984,0,2023-12-11,0.0
"[40,60)",1,7903,0,2023-12-11,0.0
"[60,80)",0,3497,0,2023-12-11,0.0
"[60,80)",1,3897,0,2023-12-11,0.0
"[80,200)",0,424,0,2023-12-11,0.0
"[80,200)",1,1051,0,2023-12-11,0.0
"[0,40)",0,25941,0,2023-12-12,0.0
"[0,40)",1,24353,1,2023-12-12,4.106270274709481e-05
"[40,60)",0,8984,0,2023-12-12,0.0
"[40,60)",1,7903,0,2023-12-12,0.0
"[60,80)",0,3497,0,2023-12-12,0.0
"[60,80)",1,3897,0,2023-12-12,0.0
"[80,200)",0,424,0,2023-12-12,0.0
"[80,200)",1,1051,0,2023-12-12,0.0
"[0,40)",0,25941,0,2023-12-13,0.0
"[0,40)",1,24352,0,2023-12-13,0.0
"[40,60)",0,8984,0,2023-12-13,0.0
"[40,60)",1,7903,0,2023-12-13,0.0
"[60,80)",0,3497,0,2023-12-13,0.0
"[60,80)",1,3897,0,2023-12-13,0.0
"[80,200)",0,424,0,2023-12-13,0.0
"[80,200)",1,1051,1,2023-12-13,0.0009514747859181732
"[0,40)",0,25941,0,2023-12-14,0.0
"[0,40)",1,24352,0,2023-12-14,0.0
"[40,60)",0,8984,0,2023-12-14,0.0
"[40,60)",1,7903,0,2023-12-14,0.0
"[60,80)",0,3497,0,2023-12-14,0.0
"[60,80)",1,3897,0,2023-12-14,0.0
"[80,200)",0,424,0,2023-12-14,0.0
"[80,200)",1,1050,0,2023-12-14,0.0
"[0,40)",0,25941,0,2023-12-15,0.0
"[0,40)",1,24352,0,2023-12-15,0.0
"[40,60)",0,8984,0,2023-12-15,0.0
"[40,60)",1,7903,0,2023-12-15,0.0
"[60,80)",0,3497,0,2023-12-15,0.0
"[60,80)",1,3897,0,2023-12-15,0.0
"[80,200)",0,424,0,2023-12-15,0.0
"[80,200)",1,1050,0,2023-12-15,0.0
"[0,40)",0,25941,0,2023-12-16,0.0
"[0,40)",1,24352,0,2023-12-16,0.0
"[40,60)",0,8984,0,2023-12-16,0.0
"[40,60)",1,7903,0,2023-12-16,0.0
"[60,80)",0,3497,0,2023-12-16,0.0
"[60,80)",1,3897,0,2023-12-16,0.0
"[80,200)",0,424,0,2023-12-16,0.0
"[80,200)",1,1050,0,2023-12-16,0.0
"[0,40)",0,25941,0,2023-12-17,0.0
"[0,40)",1,24352,0,2023-12-17,0.0
"[40,60)",0,8984,0,2023-12-17,0.0
"[40,60)",1,7903,0,2023-12-17,0.0
"[60,80)",0,3497,0,2023-12-17,0.0
"[60,80)",1,3897,0,2023-12-17,0.0
"[80,200)",0,424,0,2023-12-17,0.0
"[80,200)",1,1050,0,2023-12-17,0.0
"[0,40)",0,25941,0,2023-12-18,0.0
"[0,40)",1,24352,0,2023-12-18,0.0
"[40,60)",0,8984,0,2023-12-18,0.0
"[40,60)",1,7903,0,2023-12-18,0.0
"[60,80)",0,3497,0,2023-12-18,0.0
"[60,80)",1,3897,0,2023-12-18,0.0
"[80,200)",0,424,1,2023-12-18,0.0023584905660377358
"[80,200)",1,1050,0,2023-12-18,0.0
"[0,40)",0,25941,0,2023-12-19,0.0
"[0,40)",1,24352,0,2023-12-19,0.0
"[40,60)",0,8984,0,2023-12-19,0.0
"[40,60)",1,7903,0,2023-12-19,0.0
"[60,80)",0,3497,0,2023-12-19,0.0
"[60,80)",1,3897,0,2023-12-19,0.0
"[80,200)",0,423,0,2023-12-19,0.0
"[80,200)",1,1050,0,2023-12-19,0.0
"[0,40)",0,25941,0,2023-12-20,0.0
"[0,40)",1,24352,0,2023-12-20,0.0
"[40,60)",0,8984,0,2023-12-20,0.0
"[40,60)",1,7903,0,2023-12-20,0.0
"[60,80)",0,3497,0,2023-12-20,0.0
"[60,80)",1,3897,0,2023-12-20,0.0
"[80,200)",0,423,0,2023-12-20,0.0
"[80,200)",1,1050,0,2023-12-20,0.0
"[0,40)",0,25941,0,2023-12-21,0.0
"[0,40)",1,24352,0,2023-12-21,0.0
"[40,60)",0,8984,0,2023-12-21,0.0
"[40,60)",1,7903,0,2023-12-21,0.0
"[60,80)",0,3497,0,2023-12-21,0.0
"[60,80)",1,3897,0,2023-12-21,0.0
"[80,200)",0,423,0,2023-12-21,0.0
"[80,200)",1,1050,0,2023-12-21,0.0
"[0,40)",0,25941,0,2023-12-22,0.0
"[0,40)",1,24352,0,2023-12-22,0.0
"[40,60)",0,8984,0,2023-12-22,0.0
"[40,60)",1,7903,0,2023-12-22,0.0
"[60,80)",0,3497,0,2023-12-22,0.0
"[60,80)",1,3897,0,2023-12-22,0.0
"[80,200)",0,423,0,2023-12-22,0.0
"[80,200)",1,1050,0,2023-12-22,0.0
"[0,40)",0,25941,0,2023-12-23,0.0
"[0,40)",1,24352,0,2023-12-23,0.0
"[40,60)",0,8984,0,2023-12-23,0.0
"[40,60)",1,7903,0,2023-12-23,0.0
"[60,80)",0,3497,0,2023-12-23,0.0
"[60,80)",1,3897,0,2023-12-23,0.0
"[80,200)",0,423,0,2023-12-23,0.0
"[80,200)",1,1050,0,2023-12-23,0.0
"[0,40)",0,25941,0,2023-12-24,0.0
"[0,40)",1,24352,0,2023-12-24,0.0
"[40,60)",0,8984,0,2023-12-24,0.0
"[40,60)",1,7903,0,2023-12-24,0.0
"[60,80)",0,3497,0,2023-12-24,0.0
"[60,80)",1,3897,0,2023-12-24,0.0
"[80,200)",0,423,0,2023-12-24,0.0
"[80,200)",1,1050,0,2023-12-24,0.0
"[0,40)",0,25941,0,2023-12-25,0.0
"[0,40)",1,24352,0,2023-12-25,0.0
"[40,60)",0,8984,0,2023-12-25,0.0
"[40,60)",1,7903,0,2023-12-25,0.0
"[60,80)",0,3497,0,2023-12-25,0.0
"[60,80)",1,3897,0,2023-12-25,0.0
"[80,200)",0,423,0,2023-12-25,0.0
"[80,200)",1,1050,0,2023-12-25,0.0
"[0,40)",0,25941,0,2023-12-26,0.0
"[0,40)",1,24352,0,2023-12-26,0.0
"[40,60)",0,8984,0,2023-12-26,0.0
"[40,60)",1,7903,0,2023-12-26,0.0
"[60,80)",0,3497,0,2023-12-26,0.0
"[60,80)",1,3897,0,2023-12-26,0.0
"[80,200)",0,423,0,2023-12-26,0.0
"[80,200)",1,1050,0,2023-12-26,0.0
"[0,40)",0,25941,0,2023-12-27,0.0
"[0,40)",1,24352,0,2023-12-27,0.0
"[40,60)",0,8984,0,2023-12-27,0.0
"[40,60)",1,7903,0,2023-12-27,0.0
"[60,80)",0,3497,0,2023-12-27,0.0
"[60,80)",1,3897,0,2023-12-27,0.0
"[80,200)",0,423,0,2023-12-27,0.0
"[80,200)",1,1050,0,2023-12-27,0.0
"[0,40)",0,25941,0,2023-12-28,0.0
"[0,40)",1,24352,0,2023-12-28,0.0
"[40,60)",0,8984,0,2023-12-28,0.0
"[40,60)",1,7903,0,2023-12-28,0.0
"[60,80)",0,3497,0,2023-12-28,0.0
"[60,80)",1,3897,0,2023-12-28,0.0
"[80,200)",0,423,0,2023-12-28,0.0
"[80,200)",1,1050,0,2023-12-28,0.0
"[0,40)",0,25941,0,2023-12-29,0.0
"[0,40)",1,24352,0,2023-12-29,0.0
"[40,60)",0,8984,0,2023-12-29,0.0
"[40,60)",1,7903,0,2023-12-29,0.0
"[60,80)",0,3497,0,2023-12-29,0.0
"[60,80)",1,3897,0,2023-12-29,0.0
"[80,200)",0,423,0,2023-12-29,0.0
"[80,200)",1,1050,0,2023-12-29,0.0
"[0,40)",0,25941,0,2023-12-30,0.0
"[0,40)",1,24352,0,2023-12-30,0.0
"[40,60)",0,8984,0,2023-12-30,0.0
"[40,60)",1,7903,0,2023-12-30,0.0
"[60,80)",0,3497,0,2023-12-30,0.0
"[60,80)",1,3897,0,2023-12-30,0.0
"[80,200)",0,423,0,2023-12-30,0.0
"[80,200)",1,1050,0,2023-12-30,0.0
"[0,40)",0,25941,0,2023-12-31,0.0
"[0,40)",1,24352,0,2023-12-31,0.0
"[40,60)",0,8984,0,2023-12-31,0.0
"[40,60)",1,7903,0,2023-12-31,0.0
"[60,80)",0,3497,0,2023-12-31,0.0
"[60,80)",1,3897,0,2023-12-31,0.0
"[80,200)",0,423,0,2023-12-31,0.0
"[80,200)",1,1050,0,2023-12-31,0.0
"[0,40)",0,25434,0,2024-01-01,0.0
"[0,40)",1,23885,0,2024-01-01,0.0
"[40,60)",0,9167,0,2024-01-01,0.0
"[40,60)",1,8076,0,2024-01-01,0.0
"[60,80)",0,3742,0,2024-01-01,0.0
"[60,80)",1,4086,0,2024-01-01,0.0
"[80,200)",0,502,0,2024-01-01,0.0
"[80,200)",1,1155,0,2024-01-01,0.0
"[0,40)",0,25434,0,2024-01-02,0.0
"[0,40)",1,23885,0,2024-01-02,0.0
"[40,60)",0,9167,0,2024-01-02,0.0
"[40,60)",1,8076,0,2024-01-02,0.0
"[60,80)",0,3742,0,2024-01-02,0.0
"[60,80)",1,4086,0,2024-01-02,0.0
"[80,200)",0,502,0,2024-01-02,0.0
"[80,200)",1,1155,0,2024-01-02,0.0
"[0,40)",0,25434,0,2024-01-03,0.0
"[0,40)",1,23885,1,2024-01-03,4.186728072011723e-05
"[40,60)",0,9167,0,2024-01-03,0.0
"[40,60)",1,8076,0,2024-01-03,0.0
"[60,80)",0,3742,0,2024-01-03,0.0
"[60,80)",1,4086,0,2024-01-03,0.0
"[80,200)",0,502,0,2024-01-03,0.0
"[80,200)",1,1155,0,2024-01-03,0.0
"[0,40)",0,25434,0,2024-01-04,0.0
"[0,40)",1,23884,0,2024-01-04,0.0
"[40,60)",0,9167,0,2024-01-04,0.0
"[40,60)",1,8076,0,2024-01-04,0.0
"[60,80)",0,3742,0,2024-01-04,0.0
"[60,80)",1,4086,0,2024-01-04,0.0
"[80,200)",0,502,0,2024-01-04,0.0
"[80,200)",1,1155,0,2024-01-04,0.0
"[0,40)",0,25434,0,2024-01-05,0.0
"[0,40)",1,23884,0,2024-01-05,0.0
"[40,60)",0,9167,0,2024-01-05,0.0
"[40,60)",1,8076,0,2024-01-05,0.0
"[60,80)",0,3742,0,2024-01-05,0.0
"[60,80)",1,4086,0,2024-01-05,0.0
"[80,200)",0,502,0,2024-01-05,0.0
"[80,200)",1,1155,0,2024-01-05,0.0
"[0,40)",0,25434,0,2024-01-06,0.0
"[0,40)",1,23884,0,2024-01-06,0.0
"[40,60)",0,9167,0,2024-01-06,0.0
"[40,60)",1,8076,0,2024-01-06,0.0
"[60,80)",0,3742,0,2024-01-06,0.0
"[60,80)",1,4086,0,2024-01-06,0.0
"[80,200)",0,502,0,2024-01-06,0.0
"[80,200)",1,1155,0,2024-01-06,0.0
"[0,40)",0,25434,0,2024-01-07,0.0
"[0,40)",1,23884,0,2024-01-07,0.0
"[40,60)",0,9167,0,2024-01-07,0.0
"[40,60)",1,8076,0,2024-01-07,0.0
"[60,80)",0,3742,0,2024-01-07,0.0
"[60,80)",1,4086,0,2024-01-07,0.0
"[80,200)",0,502,0,2024-01-07,0.0
"[80,200)",1,1155,0,2024-01-07,0.0
"[0,40)",0,25434,0,2024-01-08,0.0
"[0,40)",1,23884,0,2024-01-08,0.0
"[40,60)",0,9167,0,2024-01-08,0.0
"[40,60)",1,8076,0,2024-01-08,0.0
"[60,80)",0,3742,0,2024-01-08,0.0
"[60,80)",1,4086,0,2024-01-08,0.0
"[80,200)",0,502,0,2024-01-08,0.0
"[80,200)",1,1155,0,2024-01-08,0.0
"[0,40)",0,25434,0,2024-01-09,0.0
"[0,40)",1,23884,0,2024-01-09,0.0
"[40,60)",0,9167,0,2024-01-09,0.0
"[40,60)",1,8076,0,2024-01-09,0.0
"[60,80)",0,3742,0,2024-01-09,0.0
"[60,80)",1,4086,0,2024-01-09,0.0
"[80,200)",0,502,0,2024-01-09,0.0
"[80,200)",1,1155,0,2024-01-09,0.0
"[0,40)",0,25434,0,2024-01-10,0.0
"[0,40)",1,23884,0,2024-01-10,0.0
"[40,60)",0,9167,0,2024-01-10,0.0
"[40,60)",1,8076,0,2024-01-10,0.0
"[60,80)",0,3742,0,2024-01-10,0.0
"[60,80)",1,4086,0,2024-01-10,0.0
"[80,200)",0,502,0,2024-01-10,0.0
"[80,200)",1,1155,0,2024-01-10,0.0
"[0,40)",0,25434,0,2024-01-11,0.0
"[0,40)",1,23884,0,2024-01-11,0.0
"[40,60)",0,9167,0,2024-01-11,0.0
"[40,60)",1,8076,0,2024-01-11,0.0
"[60,80)",0,3742,0,2024-01-11,0.0
"[60,80)",1,4086,0,2024-01-11,0.0
"[80,200)",0,502,0,2024-01-11,0.0
"[80,200)",1,1155,0,2024-01-11,0.0
"[0,40)",0,25434,0,2024-01-12,0.0
"[0,40)",1,23884,0,2024-01-12,0.0
"[40,60)",0,9167,0,2024-01-12,0.0
"[40,60)",1,8076,0,2024-01-12,0.0
"[60,80)",0,3742,0,2024-01-12,0.0
"[60,80)",1,4086,0,2024-01-12,0.0
"[80,200)",0,502,0,2024-01-12,0.0
"[80,200)",1,1155,0,2024-01-12,0.0
"[0,40)",0,25434,0,2024-01-13,0.0
"[0,40)",1,23884,0,2024-01-13,0.0
"[40,60)",0,9167,0,2024-01-13,0.0
"[40,60)",1,8076,0,2024-01-13,0.0
"[60,80)",0,3742,0,2024-01-13,0.0
"[60,80)",1,4086,0,2024-01-13,0.0
"[80,200)",0,502,0,2024-01-13,0.0
"[80,200)",1,1155,0,2024-01-13,0.0
"[0,40)",0,25434,0,2024-01-14,0.0
"[0,40)",1,23884,0,2024-01-14,0.0
"[40,60)",0,9167,0,2024-01-14,0.0
"[40,60)",1,8076,0,2024-01-14,0.0
"[60,80)",0,3742,0,2024-01-14,0.0
"[60,80)",1,4086,0,2024-01-14,0.0
"[80,200)",0,502,0,2024-01-14,0.0
"[80,200)",1,1155,0,2024-01-14,0.0
"[0,40)",0,25434,0,2024-01-15,0.0
"[0,40)",1,23884,0,2024-01-15,0.0
"[40,60)",0,9167,0,2024-01-15,0.0
"[40,60)",1,8076,0,2024-01-15,0.0
"[60,80)",0,3742,0,2024-01-15,0.0
"[60,80)",1,4086,0,2024-01-15,0.0
"[80,200)",0,502,0,2024-01-15,0.0
"[80,200)",1,1155,0,2024-01-15,0.0
"[0,40)",0,25434,0,2024-01-16,0.0
"[0,40)",1,23884,0,2024-01-16,0.0
"[40,60)",0,9167,0,2024-01-16,0.0
"[40,60)",1,8076,0,2024-01-16,0.0
"[60,80)",0,3742,0,2024-01-16,0.0
"[60,80)",1,4086,0,2024-01-16,0.0
"[80,200)",0,502,0,2024-01-16,0.0
"[80,200)",1,1155,0,2024-01-16,0.0
"[0,40)",0,25434,0,2024-01-17,0.0
"[0,40)",1,23884,0,2024-01-17,0.0
"[40,60)",0,9167,0,2024-01-17,0.0
"[40,60)",1,8076,0,2024-01-17,0.0
"[60,80)",0,3742,0,2024-01-17,0.0
"[60,80)",1,4086,0,2024-01-17,0.0
"[80,200)",0,502,0,2024-01-17,0.0
"[80,200)",1,1155,0,2024-01-17,0.0
"[0,40)",0,25434,0,2024-01-18,0.0
"[0,40)",1,23884,0,2024-01-18,0.0
"[40,60)",0,9167,0,2024-01-18,0.0
"[40,60)",1,8076,0,2024-01-18,0.0
"[60,80)",0,3742,0,2024-01-18,0.0
"[60,80)",1,4086,0,2024-01-18,0.0
"[80,200)",0,502,0,2024-01-18,0.0
"[80,200)",1,1155,0,2024-01-18,0.0
"[0,40)",0,25434,0,2024-01-19,0.0
"[0,40)",1,23884,0,2024-01-19,0.0
"[40,60)",0,9167,0,2024-01-19,0.0
"[40,60)",1,8076,0,2024-01-19,0.0
"[60,80)",0,3742,0,2024-01-19,0.0
"[60,80)",1,4086,0,2024-01-19,0.0
"[80,200)",0,502,0,2024-01-19,0.0
"[80,200)",1,1155,0,2024-01-19,0.0
"[0,40)",0,25434,0,2024-01-20,0.0
"[0,40)",1,23884,0,2024-01-20,0.0
"[40,60)",0,9167,0,2024-01-20,0.0
"[40,60)",1,8076,0,2024-01-20,0.0
"[60,80)",0,3742,0,2024-01-20,0.0
"[60,80)",1,4086,0,2024-01-20,0.0
"[80,200)",0,502,0,2024-01-20,0.0
"[80,200)",1,1155,0,2024-01-20,0.0
"[0,40)",0,25434,0,2024-01-21,0.0
"[0,40)",1,23884,0,2024-01-21,0.0
"[40,60)",0,9167,0,2024-01-21,0.0
"[40,60)",1,8076,0,2024-01-21,0.0
"[60,80)",0,3742,0,2024-01-21,0.0
"[60,80)",1,4086,0,2024-01-21,0.0
"[80,200)",0,502,0,2024-01-21,0.0
"[80,200)",1,1155,0,2024-01-21,0.0
"[0,40)",0,25434,0,2024-01-22,0.0
"[0,40)",1,23884,0,2024-01-22,0.0
"[40,60)",0,9167,0,2024-01-22,0.0
"[40,60)",1,8076,0,2024-01-22,0.0
"[60,80)",0,3742,0,2024-01-22,0.0
"[60,80)",1,4086,0,2024-01-22,0.0
"[80,200)",0,502,0,2024-01-22,0.0
"[80,200)",1,1155,0,2024-01-22,0.0
"[0,40)",0,25434,0,2024-01-23,0.0
"[0,40)",1,23884,0,2024-01-23,0.0
"[40,60)",0,9167,0,2024-01-23,0.0
"[40,60)",1,8076,0,2024-01-23,0.0
"[60,80)",0,3742,0,2024-01-23,0.0
"[60,80)",1,4086,0,2024-01-23,0.0
"[80,200)",0,502,0,2024-01-23,0.0
"[80,200)",1,1155,0,2024-01-23,0.0
"[0,40)",0,25434,0,2024-01-24,0.0
"[0,40)",1,23884,0,2024-01-24,0.0
"[40,60)",0,9167,0,2024-01-24,0.0
"[40,60)",1,8076,1,2024-01-24,0.00012382367508667657
"[60,80)",0,3742,0,2024-01-24,0.0
"[60,80)",1,4086,0,2024-01-24,0.0
"[80,200)",0,502,0,2024-01-24,0.0
"[80,200)",1,1155,0,2024-01-24,0.0
"[0,40)",0,25434,0,2024-01-25,0.0
"[0,40)",1,23884,0,2024-01-25,0.0
"[40,60)",0,9167,0,2024-01-25,0.0
"[40,60)",1,8075,0,2024-01-25,0.0
"[60,80)",0,3742,0,2024-01-25,0.0
"[60,80)",1,4086,0,2024-01-25,0.0
"[80,200)",0,502,0,2024-01-25,0.0
"[80,200)",1,1155,0,2024-01-25,0.0
"[0,40)",0,25434,1,2024-01-26,3.9317449083903436e-05
"[0,40)",1,23884,0,2024-01-26,0.0
"[40,60)",0,9167,0,2024-01-26,0.0
"[40,60)",1,8075,0,2024-01-26,0.0
"[60,80)",0,3742,0,2024-01-26,0.0
"[60,80)",1,4086,0,2024-01-26,0.0
"[80,200)",0,502,0,2024-01-26,0.0
"[80,200)",1,1155,0,2024-01-26,0.0
"[0,40)",0,25433,0,2024-01-27,0.0
"[0,40)",1,23884,0,2024-01-27,0.0
"[40,60)",0,9167,0,2024-01-27,0.0
"[40,60)",1,8075,0,2024-01-27,0.0
"[60,80)",0,3742,0,2024-01-27,0.0
"[60,80)",1,4086,0,2024-01-27,0.0
"[80,200)",0,502,0,2024-01-27,0.0
"[80,200)",1,1155,0,2024-01-27,0.0
"[0,40)",0,25433,0,2024-01-28,0.0
"[0,40)",1,23884,0,2024-01-28,0.0
"[40,60)",0,9167,0,2024-01-28,0.0
"[40,60)",1,8075,0,2024-01-28,0.0
"[60,80)",0,3742,0,2024-01-28,0.0
"[60,80)",1,4086,0,2024-01-28,0.0
"[80,200)",0,502,0,2024-01-28,0.0
"[80,200)",1,1155,0,2024-01-28,0.0
"[0,40)",0,25433,0,2024-01-29,0.0
"[0,40)",1,23884,0,2024-01-29,0.0
"[40,60)",0,9167,0,2024-01-29,0.0
"[40,60)",1,8075,0,2024-01-29,0.0
"[60,80)",0,3742,0,2024-01-29,0.0
"[60,80)",1,4086,0,2024-01-29,0.0
"[80,200)",0,502,0,2024-01-29,0.0
"[80,200)",1,1155,0,2024-01-29,0.0
"[0,40)",0,25433,0,2024-01-30,0.0
"[0,40)",1,23884,0,2024-01-30,0.0
"[40,60)",0,9167,0,2024-01-30,0.0
"[40,60)",1,8075,0,2024-01-30,0.0
"[60,80)",0,3742,0,2024-01-30,0.0
"[60,80)",1,4086,0,2024-01-30,0.0
"[80,200)",0,502,0,2024-01-30,0.0
"[80,200)",1,1155,0,2024-01-30,0.0
"[0,40)",0,25433,0,2024-01-31,0.0
"[0,40)",1,23884,0,2024-01-31,0.0
"[40,60)",0,9167,0,2024-01-31,0.0
"[40,60)",1,8075,0,2024-01-31,0.0
"[60,80)",0,3742,0,2024-01-31,0.0
"[60,80)",1,4086,0,2024-01-31,0.0
"[80,200)",0,502,0,2024-01-31,0.0
"[80,200)",1,1155,0,2024-01-31,0.0
"[0,40)",0,25433,0,2024-02-01,0.0
"[0,40)",1,23884,0,2024-02-01,0.0
"[40,60)",0,9167,0,2024-02-01,0.0
"[40,60)",1,8075,0,2024-02-01,0.0
"[60,80)",0,3742,0,2024-02-01,0.0
"[60,80)",1,4086,0,2024-02-01,0.0
"[80,200)",0,502,0,2024-02-01,0.0
"[80,200)",1,1155,0,2024-02-01,0.0
"[0,40)",0,25433,0,2024-02-02,0.0
"[0,40)",1,23884,0,2024-02-02,0.0
"[40,60)",0,9167,0,2024-02-02,0.0
"[40,60)",1,8075,0,2024-02-02,0.0
"[60,80)",0,3742,0,2024-02-02,0.0
"[60,80)",1,4086,0,2024-02-02,0.0
"[80,200)",0,502,0,2024-02-02,0.0
"[80,200)",1,1155,0,2024-02-02,0.0
"[0,40)",0,25433,0,2024-02-03,0.0
"[0,40)",1,23884,0,2024-02-03,0.0
"[40,60)",0,9167,0,2024-02-03,0.0
"[40,60)",1,8075,0,2024-02-03,0.0
"[60,80)",0,3742,0,2024-02-03,0.0
"[60,80)",1,4086,0,2024-02-03,0.0
"[80,200)",0,502,0,2024-02-03,0.0
"[80,200)",1,1155,0,2024-02-03,0.0
"[0,40)",0,25433,0,2024-02-04,0.0
"[0,40)",1,23884,0,2024-02-04,0.0
"[40,60)",0,9167,0,2024-02-04,0.0
"[40,60)",1,8075,0,2024-02-04,0.0
"[60,80)",0,3742,0,2024-02-04,0.0
"[60,80)",1,4086,0,2024-02-04,0.0
"[80,200)",0,502,0,2024-02-04,0.0
"[80,200)",1,1155,0,2024-02-04,0.0
"[0,40)",0,25433,0,2024-02-05,0.0
"[0,40)",1,23884,0,2024-02-05,0.0
"[40,60)",0,9167,0,2024-02-05,0.0
"[40,60)",1,8075,0,2024-02-05,0.0
"[60,80)",0,3742,0,2024-02-05,0.0
"[60,80)",1,4086,0,2024-02-05,0.0
"[80,200)",0,502,0,2024-02-05,0.0
"[80,200)",1,1155,0,2024-02-05,0.0
"[0,40)",0,25433,0,2024-02-06,0.0
"[0,40)",1,23884,0,2024-02-06,0.0
"[40,60)",0,9167,0,2024-02-06,0.0
"[40,60)",1,8075,0,2024-02-06,0.0
"[60,80)",0,3742,0,2024-02-06,0.0
"[60,80)",1,4086,0,2024-02-06,0.0
"[80,200)",0,502,0,2024-02-06,0.0
"[80,200)",1,1155,0,2024-02-06,0.0
"[0,40)",0,25433,0,2024-02-07,0.0
"[0,40)",1,23884,0,2024-02-07,0.0
"[40,60)",0,9167,1,2024-02-07,0.00010908694229300753
"[40,60)",1,8075,0,2024-02-07,0.0
"[60,80)",0,3742,0,2024-02-07,0.0
"[60,80)",1,4086,0,2024-02-07,0.0
"[80,200)",0,502,0,2024-02-07,0.0
"[80,200)",1,1155,0,2024-02-07,0.0
