[2026-01-06T18:29:28.759092] Imputed 86 hazard cells using group means (or overall mean fallback)
[2026-01-06T18:30:00.830013] Some Datum_1 > study_end — may be censored early
[2026-01-06T18:30:02.383361] No events at rel_day -30: using mean(obs_time) or KM fallback
[2026-01-06T18:30:02.468090] No events at rel_day -29: using mean(obs_time) or KM fallback
[2026-01-06T18:30:04.278703] IF vs bootstrap SE mismatch at rel_day -27: IF_se=5.132e-11, boot_se=9.195e-06, ratio=0.00
[2026-01-06T18:30:05.205426] IF vs bootstrap SE mismatch at rel_day -26: IF_se=1.026e-10, boot_se=1.455e-05, ratio=0.00
[2026-01-06T18:30:06.117062] IF vs bootstrap SE mismatch at rel_day -25: IF_se=1.702e-10, boot_se=2.426e-05, ratio=0.00
[2026-01-06T18:30:07.050743] IF vs bootstrap SE mismatch at rel_day -24: IF_se=2.617e-10, boot_se=3.081e-05, ratio=0.00
[2026-01-06T18:30:07.999381] IF vs bootstrap SE mismatch at rel_day -23: IF_se=3.806e-10, boot_se=6.233e-05, ratio=0.00
[2026-01-06T18:30:09.025673] IF vs bootstrap SE mismatch at rel_day -22: IF_se=5.259e-10, boot_se=6.371e-05, ratio=0.00
[2026-01-06T18:30:10.006289] IF vs bootstrap SE mismatch at rel_day -21: IF_se=6.924e-10, boot_se=8.42e-05, ratio=0.00
[2026-01-06T18:30:10.947476] IF vs bootstrap SE mismatch at rel_day -20: IF_se=8.755e-10, boot_se=0.0001123, ratio=0.00
[2026-01-06T18:30:11.896294] IF vs bootstrap SE mismatch at rel_day -19: IF_se=1.077e-09, boot_se=0.0001421, ratio=0.00
[2026-01-06T18:30:12.834799] IF vs bootstrap SE mismatch at rel_day -18: IF_se=1.296e-09, boot_se=0.000163, ratio=0.00
[2026-01-06T18:30:13.793335] IF vs bootstrap SE mismatch at rel_day -17: IF_se=1.529e-09, boot_se=0.0001728, ratio=0.00
[2026-01-06T18:30:14.770487] IF vs bootstrap SE mismatch at rel_day -16: IF_se=1.773e-09, boot_se=0.0002047, ratio=0.00
[2026-01-06T18:30:15.742705] IF vs bootstrap SE mismatch at rel_day -15: IF_se=2.028e-09, boot_se=0.0002721, ratio=0.00
[2026-01-06T18:30:16.715405] IF vs bootstrap SE mismatch at rel_day -14: IF_se=2.294e-09, boot_se=0.000296, ratio=0.00
[2026-01-06T18:30:17.687243] IF vs bootstrap SE mismatch at rel_day -13: IF_se=2.571e-09, boot_se=0.0004427, ratio=0.00
[2026-01-06T18:30:18.661606] IF vs bootstrap SE mismatch at rel_day -12: IF_se=2.858e-09, boot_se=0.0004486, ratio=0.00
[2026-01-06T18:30:19.634552] IF vs bootstrap SE mismatch at rel_day -11: IF_se=3.156e-09, boot_se=0.0004676, ratio=0.00
[2026-01-06T18:30:20.598556] IF vs bootstrap SE mismatch at rel_day -10: IF_se=3.465e-09, boot_se=0.0005117, ratio=0.00
[2026-01-06T18:30:21.614814] IF vs bootstrap SE mismatch at rel_day -9: IF_se=3.786e-09, boot_se=0.0005978, ratio=0.00
[2026-01-06T18:30:22.622156] IF vs bootstrap SE mismatch at rel_day -8: IF_se=4.12e-09, boot_se=0.0005048, ratio=0.00
[2026-01-06T18:30:23.644251] IF vs bootstrap SE mismatch at rel_day -7: IF_se=4.467e-09, boot_se=0.0006401, ratio=0.00
[2026-01-06T18:30:24.656157] IF vs bootstrap SE mismatch at rel_day -6: IF_se=4.827e-09, boot_se=0.0006144, ratio=0.00
[2026-01-06T18:30:25.669641] IF vs bootstrap SE mismatch at rel_day -5: IF_se=5.198e-09, boot_se=0.0007236, ratio=0.00
[2026-01-06T18:30:26.692896] IF vs bootstrap SE mismatch at rel_day -4: IF_se=5.58e-09, boot_se=0.0008179, ratio=0.00
[2026-01-06T18:30:27.716261] IF vs bootstrap SE mismatch at rel_day -3: IF_se=5.973e-09, boot_se=0.00081, ratio=0.00
[2026-01-06T18:30:28.738322] IF vs bootstrap SE mismatch at rel_day -2: IF_se=6.375e-09, boot_se=0.0008894, ratio=0.00
[2026-01-06T18:30:29.768698] IF vs bootstrap SE mismatch at rel_day -1: IF_se=6.786e-09, boot_se=0.001043, ratio=0.00
[2026-01-06T18:30:30.813388] IF vs bootstrap SE mismatch at rel_day 0: IF_se=7.205e-09, boot_se=0.001031, ratio=0.00
[2026-01-06T18:30:31.864925] IF vs bootstrap SE mismatch at rel_day 1: IF_se=7.631e-09, boot_se=0.001177, ratio=0.00
[2026-01-06T18:30:32.908146] IF vs bootstrap SE mismatch at rel_day 2: IF_se=7.917e-09, boot_se=0.001062, ratio=0.00
[2026-01-06T18:30:33.953938] IF vs bootstrap SE mismatch at rel_day 3: IF_se=8.356e-09, boot_se=0.001164, ratio=0.00
[2026-01-06T18:30:34.997326] IF vs bootstrap SE mismatch at rel_day 4: IF_se=8.53e-09, boot_se=0.001193, ratio=0.00
[2026-01-06T18:30:36.045505] IF vs bootstrap SE mismatch at rel_day 5: IF_se=8.713e-09, boot_se=0.001171, ratio=0.00
[2026-01-06T18:30:37.094900] IF vs bootstrap SE mismatch at rel_day 6: IF_se=8.635e-09, boot_se=0.001346, ratio=0.00
[2026-01-06T18:30:38.144119] IF vs bootstrap SE mismatch at rel_day 7: IF_se=8.691e-09, boot_se=0.001111, ratio=0.00
[2026-01-06T18:30:39.188466] IF vs bootstrap SE mismatch at rel_day 8: IF_se=8.752e-09, boot_se=0.001058, ratio=0.00
[2026-01-06T18:30:40.230963] IF vs bootstrap SE mismatch at rel_day 9: IF_se=8.953e-09, boot_se=0.001175, ratio=0.00
[2026-01-06T18:30:41.269148] IF vs bootstrap SE mismatch at rel_day 10: IF_se=8.632e-09, boot_se=0.001242, ratio=0.00
[2026-01-06T18:30:42.308365] IF vs bootstrap SE mismatch at rel_day 11: IF_se=8.698e-09, boot_se=0.001273, ratio=0.00
[2026-01-06T18:30:43.360428] IF vs bootstrap SE mismatch at rel_day 12: IF_se=9.166e-09, boot_se=0.001373, ratio=0.00
[2026-01-06T18:30:44.404597] IF vs bootstrap SE mismatch at rel_day 13: IF_se=9.139e-09, boot_se=0.00154, ratio=0.00
[2026-01-06T18:30:45.452261] IF vs bootstrap SE mismatch at rel_day 14: IF_se=9.368e-09, boot_se=0.001452, ratio=0.00
[2026-01-06T18:30:46.507615] IF vs bootstrap SE mismatch at rel_day 15: IF_se=9.358e-09, boot_se=0.001251, ratio=0.00
[2026-01-06T18:30:47.567150] IF vs bootstrap SE mismatch at rel_day 16: IF_se=9.476e-09, boot_se=0.001164, ratio=0.00
[2026-01-06T18:30:48.611988] IF vs bootstrap SE mismatch at rel_day 17: IF_se=9.478e-09, boot_se=0.001362, ratio=0.00
[2026-01-06T18:30:49.727671] IF vs bootstrap SE mismatch at rel_day 18: IF_se=9.729e-09, boot_se=0.00142, ratio=0.00
[2026-01-06T18:30:50.784838] IF vs bootstrap SE mismatch at rel_day 19: IF_se=9.63e-09, boot_se=0.001131, ratio=0.00
[2026-01-06T18:30:51.846124] IF vs bootstrap SE mismatch at rel_day 20: IF_se=9.272e-09, boot_se=0.001299, ratio=0.00
[2026-01-06T18:30:52.897389] IF vs bootstrap SE mismatch at rel_day 21: IF_se=9.009e-09, boot_se=0.001665, ratio=0.00
[2026-01-06T18:30:53.956932] IF vs bootstrap SE mismatch at rel_day 22: IF_se=8.99e-09, boot_se=0.0009769, ratio=0.00
[2026-01-06T18:30:55.015785] IF vs bootstrap SE mismatch at rel_day 23: IF_se=9.103e-09, boot_se=0.001303, ratio=0.00
[2026-01-06T18:30:56.073335] IF vs bootstrap SE mismatch at rel_day 24: IF_se=9.227e-09, boot_se=0.001308, ratio=0.00
[2026-01-06T18:30:57.126039] IF vs bootstrap SE mismatch at rel_day 25: IF_se=9.103e-09, boot_se=0.001125, ratio=0.00
[2026-01-06T18:30:58.190474] IF vs bootstrap SE mismatch at rel_day 26: IF_se=9.232e-09, boot_se=0.001432, ratio=0.00
[2026-01-06T18:30:59.234805] IF vs bootstrap SE mismatch at rel_day 27: IF_se=9.495e-09, boot_se=0.001213, ratio=0.00
[2026-01-06T18:31:00.281738] IF vs bootstrap SE mismatch at rel_day 28: IF_se=9.892e-09, boot_se=0.001209, ratio=0.00
[2026-01-06T18:31:01.318188] IF vs bootstrap SE mismatch at rel_day 29: IF_se=1.007e-08, boot_se=0.001345, ratio=0.00
[2026-01-06T18:31:02.347504] IF vs bootstrap SE mismatch at rel_day 30: IF_se=1.025e-08, boot_se=0.001143, ratio=0.00
[2026-01-06T18:31:03.365549] IF vs bootstrap SE mismatch at rel_day 31: IF_se=1.021e-08, boot_se=0.00153, ratio=0.00
[2026-01-06T18:31:04.396882] IF vs bootstrap SE mismatch at rel_day 32: IF_se=1.051e-08, boot_se=0.001229, ratio=0.00
[2026-01-06T18:31:05.443655] IF vs bootstrap SE mismatch at rel_day 33: IF_se=1.059e-08, boot_se=0.001333, ratio=0.00
[2026-01-06T18:31:06.489775] IF vs bootstrap SE mismatch at rel_day 34: IF_se=1.068e-08, boot_se=0.001451, ratio=0.00
[2026-01-06T18:31:07.545236] IF vs bootstrap SE mismatch at rel_day 35: IF_se=1.042e-08, boot_se=0.001393, ratio=0.00
[2026-01-06T18:31:08.563466] IF vs bootstrap SE mismatch at rel_day 36: IF_se=1.014e-08, boot_se=0.001258, ratio=0.00
[2026-01-06T18:31:09.616493] IF vs bootstrap SE mismatch at rel_day 37: IF_se=1.019e-08, boot_se=0.001472, ratio=0.00
[2026-01-06T18:31:10.686721] IF vs bootstrap SE mismatch at rel_day 38: IF_se=1.011e-08, boot_se=0.001389, ratio=0.00
[2026-01-06T18:31:11.723952] IF vs bootstrap SE mismatch at rel_day 39: IF_se=1.003e-08, boot_se=0.001339, ratio=0.00
[2026-01-06T18:31:12.753127] IF vs bootstrap SE mismatch at rel_day 40: IF_se=9.81e-09, boot_se=0.001356, ratio=0.00
[2026-01-06T18:31:13.787791] IF vs bootstrap SE mismatch at rel_day 41: IF_se=1.029e-08, boot_se=0.001215, ratio=0.00
[2026-01-06T18:31:14.814285] IF vs bootstrap SE mismatch at rel_day 42: IF_se=1.021e-08, boot_se=0.001241, ratio=0.00
[2026-01-06T18:31:15.862099] IF vs bootstrap SE mismatch at rel_day 43: IF_se=1e-08, boot_se=0.001234, ratio=0.00
[2026-01-06T18:31:16.897004] IF vs bootstrap SE mismatch at rel_day 44: IF_se=1.001e-08, boot_se=0.00138, ratio=0.00
[2026-01-06T18:31:17.961981] IF vs bootstrap SE mismatch at rel_day 45: IF_se=9.537e-09, boot_se=0.001475, ratio=0.00
[2026-01-06T18:31:18.992791] IF vs bootstrap SE mismatch at rel_day 46: IF_se=9.388e-09, boot_se=0.00136, ratio=0.00
[2026-01-06T18:31:20.039650] IF vs bootstrap SE mismatch at rel_day 47: IF_se=9.096e-09, boot_se=0.00123, ratio=0.00
[2026-01-06T18:31:21.082639] IF vs bootstrap SE mismatch at rel_day 48: IF_se=9.169e-09, boot_se=0.001177, ratio=0.00
[2026-01-06T18:31:22.122064] IF vs bootstrap SE mismatch at rel_day 49: IF_se=9.117e-09, boot_se=0.001324, ratio=0.00
[2026-01-06T18:31:23.153634] IF vs bootstrap SE mismatch at rel_day 50: IF_se=8.928e-09, boot_se=0.001359, ratio=0.00
[2026-01-06T18:31:24.200395] IF vs bootstrap SE mismatch at rel_day 51: IF_se=8.582e-09, boot_se=0.00135, ratio=0.00
[2026-01-06T18:31:25.231789] IF vs bootstrap SE mismatch at rel_day 52: IF_se=8.758e-09, boot_se=0.001203, ratio=0.00
[2026-01-06T18:31:26.269420] IF vs bootstrap SE mismatch at rel_day 53: IF_se=8.249e-09, boot_se=0.001161, ratio=0.00
[2026-01-06T18:31:27.303830] IF vs bootstrap SE mismatch at rel_day 54: IF_se=8.12e-09, boot_se=0.001079, ratio=0.00
[2026-01-06T18:31:28.339296] IF vs bootstrap SE mismatch at rel_day 55: IF_se=8.556e-09, boot_se=0.001032, ratio=0.00
[2026-01-06T18:31:29.375770] IF vs bootstrap SE mismatch at rel_day 56: IF_se=7.872e-09, boot_se=0.001216, ratio=0.00
[2026-01-06T18:31:30.414352] IF vs bootstrap SE mismatch at rel_day 57: IF_se=7.866e-09, boot_se=0.001199, ratio=0.00
[2026-01-06T18:31:31.447918] IF vs bootstrap SE mismatch at rel_day 58: IF_se=7.861e-09, boot_se=0.001053, ratio=0.00
[2026-01-06T18:31:32.471953] IF vs bootstrap SE mismatch at rel_day 59: IF_se=8.301e-09, boot_se=0.0009958, ratio=0.00
[2026-01-06T18:31:33.529737] IF vs bootstrap SE mismatch at rel_day 60: IF_se=8.747e-09, boot_se=0.001103, ratio=0.00
[2026-01-06T18:32:30.053042] Imputed 1536 hazard cells using group means (or overall mean fallback)
[2026-01-06T18:32:30.161328] Vectorized assignment too large (cells=92090374), using chunked fallback
[2026-01-06T18:32:31.592107] Imputed 1536 hazard cells using group means (or overall mean fallback)
[2026-01-06T18:32:31.711844] Vectorized assignment too large (cells=92090374), using chunked fallback
[2026-01-06T18:32:33.268360] Imputed 1536 hazard cells using group means (or overall mean fallback)
[2026-01-06T18:32:33.391098] Vectorized assignment too large (cells=92090374), using chunked fallback
[2026-01-06T18:32:34.829338] Imputed 1536 hazard cells using group means (or overall mean fallback)
[2026-01-06T18:32:34.938840] Vectorized assignment too large (cells=92090374), using chunked fallback
[2026-01-06T18:32:36.376306] Imputed 1536 hazard cells using group means (or overall mean fallback)
[2026-01-06T18:32:36.492385] Vectorized assignment too large (cells=92090374), using chunked fallback
[2026-01-06T18:32:37.984630] Imputed 1536 hazard cells using group means (or overall mean fallback)
[2026-01-06T18:32:38.091326] Vectorized assignment too large (cells=92090374), using chunked fallback
[2026-01-06T18:32:39.526517] Imputed 1536 hazard cells using group means (or overall mean fallback)
[2026-01-06T18:32:39.644093] Vectorized assignment too large (cells=92090374), using chunked fallback
[2026-01-06T18:32:41.126538] Imputed 1536 hazard cells using group means (or overall mean fallback)
[2026-01-06T18:32:41.235228] Vectorized assignment too large (cells=92090374), using chunked fallback
[2026-01-06T18:32:42.666135] Imputed 1536 hazard cells using group means (or overall mean fallback)
[2026-01-06T18:32:42.823355] Vectorized assignment too large (cells=92090374), using chunked fallback
[2026-01-06T18:32:44.309272] Imputed 1536 hazard cells using group means (or overall mean fallback)
[2026-01-06T18:32:44.418077] Vectorized assignment too large (cells=92090374), using chunked fallback
[2026-01-06T18:32:45.835595] Imputed 1536 hazard cells using group means (or overall mean fallback)
[2026-01-06T18:32:45.954625] Vectorized assignment too large (cells=92090374), using chunked fallback
[2026-01-06T18:32:47.436450] Imputed 1536 hazard cells using group means (or overall mean fallback)
[2026-01-06T18:32:47.544744] Vectorized assignment too large (cells=92090374), using chunked fallback
[2026-01-06T18:32:48.983644] Imputed 1536 hazard cells using group means (or overall mean fallback)
[2026-01-06T18:32:49.101027] Vectorized assignment too large (cells=92090374), using chunked fallback
[2026-01-06T18:32:50.564918] Imputed 1536 hazard cells using group means (or overall mean fallback)
[2026-01-06T18:32:50.673170] Vectorized assignment too large (cells=92090374), using chunked fallback
[2026-01-06T18:32:52.122214] Imputed 1536 hazard cells using group means (or overall mean fallback)
[2026-01-06T18:32:52.238979] Vectorized assignment too large (cells=92090374), using chunked fallback
[2026-01-06T18:32:53.677909] Imputed 1536 hazard cells using group means (or overall mean fallback)
[2026-01-06T18:32:53.808260] Vectorized assignment too large (cells=92090374), using chunked fallback
[2026-01-06T18:32:55.588114] Imputed 1536 hazard cells using group means (or overall mean fallback)
[2026-01-06T18:32:55.713002] Vectorized assignment too large (cells=92090374), using chunked fallback
[2026-01-06T18:32:57.154908] Imputed 1536 hazard cells using group means (or overall mean fallback)
[2026-01-06T18:32:57.262291] Vectorized assignment too large (cells=92090374), using chunked fallback
[2026-01-06T18:32:58.697345] Imputed 1536 hazard cells using group means (or overall mean fallback)
[2026-01-06T18:32:58.836643] Vectorized assignment too large (cells=92090374), using chunked fallback
[2026-01-06T18:33:00.387011] Imputed 1536 hazard cells using group means (or overall mean fallback)
[2026-01-06T18:33:00.496919] Vectorized assignment too large (cells=92090374), using chunked fallback
[2026-01-06T18:33:04.047602] IF vs bootstrap SE mismatch at rel_day -29: IF_se=1.426e-09, boot_se=6.401e-05, ratio=0.00
[2026-01-06T18:33:04.473778] IF vs bootstrap SE mismatch at rel_day -28: IF_se=3.268e-09, boot_se=0.0001527, ratio=0.00
[2026-01-06T18:33:04.902436] IF vs bootstrap SE mismatch at rel_day -27: IF_se=5.454e-09, boot_se=0.0002373, ratio=0.00
[2026-01-06T18:33:05.326651] IF vs bootstrap SE mismatch at rel_day -26: IF_se=7.795e-09, boot_se=0.0003688, ratio=0.00
[2026-01-06T18:33:05.755853] IF vs bootstrap SE mismatch at rel_day -25: IF_se=1.023e-08, boot_se=0.0004381, ratio=0.00
[2026-01-06T18:33:06.185190] IF vs bootstrap SE mismatch at rel_day -24: IF_se=1.278e-08, boot_se=0.000527, ratio=0.00
[2026-01-06T18:33:06.617987] IF vs bootstrap SE mismatch at rel_day -23: IF_se=1.546e-08, boot_se=0.0006697, ratio=0.00
[2026-01-06T18:33:07.052631] IF vs bootstrap SE mismatch at rel_day -22: IF_se=1.827e-08, boot_se=0.0007533, ratio=0.00
[2026-01-06T18:33:07.495234] IF vs bootstrap SE mismatch at rel_day -21: IF_se=2.125e-08, boot_se=0.0008619, ratio=0.00
[2026-01-06T18:33:07.931242] IF vs bootstrap SE mismatch at rel_day -20: IF_se=2.435e-08, boot_se=0.001128, ratio=0.00
[2026-01-06T18:33:08.363111] IF vs bootstrap SE mismatch at rel_day -19: IF_se=2.759e-08, boot_se=0.001327, ratio=0.00
[2026-01-06T18:33:08.797832] IF vs bootstrap SE mismatch at rel_day -18: IF_se=3.096e-08, boot_se=0.001338, ratio=0.00
[2026-01-06T18:33:09.247003] IF vs bootstrap SE mismatch at rel_day -17: IF_se=3.449e-08, boot_se=0.00153, ratio=0.00
[2026-01-06T18:33:09.695311] IF vs bootstrap SE mismatch at rel_day -16: IF_se=3.816e-08, boot_se=0.00197, ratio=0.00
[2026-01-06T18:33:10.139678] IF vs bootstrap SE mismatch at rel_day -15: IF_se=4.196e-08, boot_se=0.001985, ratio=0.00
[2026-01-06T18:33:10.584259] IF vs bootstrap SE mismatch at rel_day -14: IF_se=4.59e-08, boot_se=0.001903, ratio=0.00
[2026-01-06T18:33:11.033690] IF vs bootstrap SE mismatch at rel_day -13: IF_se=4.996e-08, boot_se=0.002275, ratio=0.00
[2026-01-06T18:33:11.477445] IF vs bootstrap SE mismatch at rel_day -12: IF_se=5.413e-08, boot_se=0.002471, ratio=0.00
[2026-01-06T18:33:11.931348] IF vs bootstrap SE mismatch at rel_day -11: IF_se=5.84e-08, boot_se=0.00234, ratio=0.00
[2026-01-06T18:33:12.382911] IF vs bootstrap SE mismatch at rel_day -10: IF_se=6.276e-08, boot_se=0.002874, ratio=0.00
[2026-01-06T18:33:12.831627] IF vs bootstrap SE mismatch at rel_day -9: IF_se=6.722e-08, boot_se=0.002832, ratio=0.00
[2026-01-06T18:33:13.297327] IF vs bootstrap SE mismatch at rel_day -8: IF_se=7.178e-08, boot_se=0.00356, ratio=0.00
[2026-01-06T18:33:13.752029] IF vs bootstrap SE mismatch at rel_day -7: IF_se=7.643e-08, boot_se=0.003154, ratio=0.00
[2026-01-06T18:33:14.212517] IF vs bootstrap SE mismatch at rel_day -6: IF_se=8.116e-08, boot_se=0.00327, ratio=0.00
[2026-01-06T18:33:14.673751] IF vs bootstrap SE mismatch at rel_day -5: IF_se=8.599e-08, boot_se=0.003707, ratio=0.00
[2026-01-06T18:33:15.139947] IF vs bootstrap SE mismatch at rel_day -4: IF_se=9.089e-08, boot_se=0.00397, ratio=0.00
[2026-01-06T18:33:15.601749] IF vs bootstrap SE mismatch at rel_day -3: IF_se=9.588e-08, boot_se=0.003566, ratio=0.00
[2026-01-06T18:33:16.071750] IF vs bootstrap SE mismatch at rel_day -2: IF_se=1.009e-07, boot_se=0.004671, ratio=0.00
[2026-01-06T18:33:16.536103] IF vs bootstrap SE mismatch at rel_day -1: IF_se=1.061e-07, boot_se=0.004847, ratio=0.00
[2026-01-06T18:33:17.010138] IF vs bootstrap SE mismatch at rel_day 0: IF_se=1.028e-07, boot_se=0.004945, ratio=0.00
[2026-01-06T18:33:17.476540] IF vs bootstrap SE mismatch at rel_day 1: IF_se=9.684e-08, boot_se=0.00452, ratio=0.00
[2026-01-06T18:33:17.949705] IF vs bootstrap SE mismatch at rel_day 2: IF_se=9.611e-08, boot_se=0.004517, ratio=0.00
[2026-01-06T18:33:18.415336] IF vs bootstrap SE mismatch at rel_day 3: IF_se=9.997e-08, boot_se=0.00495, ratio=0.00
[2026-01-06T18:33:18.881246] IF vs bootstrap SE mismatch at rel_day 4: IF_se=1.017e-07, boot_se=0.004578, ratio=0.00
[2026-01-06T18:33:19.353345] IF vs bootstrap SE mismatch at rel_day 5: IF_se=1.024e-07, boot_se=0.004345, ratio=0.00
[2026-01-06T18:33:19.818356] IF vs bootstrap SE mismatch at rel_day 6: IF_se=1.032e-07, boot_se=0.005161, ratio=0.00
[2026-01-06T18:33:20.311143] IF vs bootstrap SE mismatch at rel_day 7: IF_se=1.006e-07, boot_se=0.004577, ratio=0.00
[2026-01-06T18:33:20.778512] IF vs bootstrap SE mismatch at rel_day 8: IF_se=1.012e-07, boot_se=0.00521, ratio=0.00
[2026-01-06T18:33:21.254349] IF vs bootstrap SE mismatch at rel_day 9: IF_se=1.017e-07, boot_se=0.005704, ratio=0.00
[2026-01-06T18:33:21.727991] IF vs bootstrap SE mismatch at rel_day 10: IF_se=1.034e-07, boot_se=0.004017, ratio=0.00
[2026-01-06T18:33:22.198113] IF vs bootstrap SE mismatch at rel_day 11: IF_se=9.728e-08, boot_se=0.004333, ratio=0.00
[2026-01-06T18:33:22.669632] IF vs bootstrap SE mismatch at rel_day 12: IF_se=9.513e-08, boot_se=0.004196, ratio=0.00
[2026-01-06T18:33:23.144744] IF vs bootstrap SE mismatch at rel_day 13: IF_se=9.638e-08, boot_se=0.003677, ratio=0.00
[2026-01-06T18:33:23.614791] IF vs bootstrap SE mismatch at rel_day 14: IF_se=9.288e-08, boot_se=0.003804, ratio=0.00
[2026-01-06T18:33:24.084802] IF vs bootstrap SE mismatch at rel_day 15: IF_se=9.397e-08, boot_se=0.003874, ratio=0.00
[2026-01-06T18:33:24.551390] IF vs bootstrap SE mismatch at rel_day 16: IF_se=9.142e-08, boot_se=0.004312, ratio=0.00
[2026-01-06T18:33:25.023458] IF vs bootstrap SE mismatch at rel_day 17: IF_se=9.364e-08, boot_se=0.004132, ratio=0.00
[2026-01-06T18:33:25.494152] IF vs bootstrap SE mismatch at rel_day 18: IF_se=9.475e-08, boot_se=0.003949, ratio=0.00
[2026-01-06T18:33:25.970746] IF vs bootstrap SE mismatch at rel_day 19: IF_se=9.347e-08, boot_se=0.004576, ratio=0.00
[2026-01-06T18:33:26.447833] IF vs bootstrap SE mismatch at rel_day 20: IF_se=9.207e-08, boot_se=0.003705, ratio=0.00
[2026-01-06T18:33:26.922864] IF vs bootstrap SE mismatch at rel_day 21: IF_se=9.177e-08, boot_se=0.004605, ratio=0.00
[2026-01-06T18:33:27.406442] IF vs bootstrap SE mismatch at rel_day 22: IF_se=8.887e-08, boot_se=0.003539, ratio=0.00
[2026-01-06T18:33:27.879028] IF vs bootstrap SE mismatch at rel_day 23: IF_se=9.084e-08, boot_se=0.004013, ratio=0.00
[2026-01-06T18:33:28.349933] IF vs bootstrap SE mismatch at rel_day 24: IF_se=9.037e-08, boot_se=0.003697, ratio=0.00
[2026-01-06T18:33:28.820307] IF vs bootstrap SE mismatch at rel_day 25: IF_se=8.855e-08, boot_se=0.004356, ratio=0.00
[2026-01-06T18:33:29.294230] IF vs bootstrap SE mismatch at rel_day 26: IF_se=8.915e-08, boot_se=0.003718, ratio=0.00
[2026-01-06T18:33:29.764142] IF vs bootstrap SE mismatch at rel_day 27: IF_se=8.716e-08, boot_se=0.004328, ratio=0.00
[2026-01-06T18:33:30.235435] IF vs bootstrap SE mismatch at rel_day 28: IF_se=8.495e-08, boot_se=0.003587, ratio=0.00
[2026-01-06T18:33:30.701611] IF vs bootstrap SE mismatch at rel_day 29: IF_se=8.791e-08, boot_se=0.003333, ratio=0.00
[2026-01-06T18:33:31.175011] IF vs bootstrap SE mismatch at rel_day 30: IF_se=8.837e-08, boot_se=0.004599, ratio=0.00
[2026-01-06T18:33:31.646972] IF vs bootstrap SE mismatch at rel_day 31: IF_se=8.62e-08, boot_se=0.004125, ratio=0.00
[2026-01-06T18:33:32.118151] IF vs bootstrap SE mismatch at rel_day 32: IF_se=8.648e-08, boot_se=0.003444, ratio=0.00
[2026-01-06T18:33:32.590697] IF vs bootstrap SE mismatch at rel_day 33: IF_se=7.982e-08, boot_se=0.003257, ratio=0.00
[2026-01-06T18:33:33.062379] IF vs bootstrap SE mismatch at rel_day 34: IF_se=8.246e-08, boot_se=0.00318, ratio=0.00
[2026-01-06T18:33:33.536990] IF vs bootstrap SE mismatch at rel_day 35: IF_se=8.379e-08, boot_se=0.0042, ratio=0.00
[2026-01-06T18:33:33.999714] IF vs bootstrap SE mismatch at rel_day 36: IF_se=8.098e-08, boot_se=0.004207, ratio=0.00
[2026-01-06T18:33:34.477547] IF vs bootstrap SE mismatch at rel_day 37: IF_se=8.357e-08, boot_se=0.003631, ratio=0.00
[2026-01-06T18:33:34.946387] IF vs bootstrap SE mismatch at rel_day 38: IF_se=8.35e-08, boot_se=0.003392, ratio=0.00
[2026-01-06T18:33:35.426655] IF vs bootstrap SE mismatch at rel_day 39: IF_se=8.198e-08, boot_se=0.003712, ratio=0.00
[2026-01-06T18:33:35.893756] IF vs bootstrap SE mismatch at rel_day 40: IF_se=7.884e-08, boot_se=0.00314, ratio=0.00
[2026-01-06T18:33:36.363184] IF vs bootstrap SE mismatch at rel_day 41: IF_se=7.979e-08, boot_se=0.003498, ratio=0.00
[2026-01-06T18:33:36.834657] IF vs bootstrap SE mismatch at rel_day 42: IF_se=7.934e-08, boot_se=0.003645, ratio=0.00
[2026-01-06T18:33:37.301719] IF vs bootstrap SE mismatch at rel_day 43: IF_se=7.735e-08, boot_se=0.003547, ratio=0.00
[2026-01-06T18:33:37.769626] IF vs bootstrap SE mismatch at rel_day 44: IF_se=7.201e-08, boot_se=0.003755, ratio=0.00
[2026-01-06T18:33:38.237933] IF vs bootstrap SE mismatch at rel_day 45: IF_se=7.091e-08, boot_se=0.00318, ratio=0.00
[2026-01-06T18:33:38.707881] IF vs bootstrap SE mismatch at rel_day 46: IF_se=7.137e-08, boot_se=0.003322, ratio=0.00
[2026-01-06T18:33:39.180878] IF vs bootstrap SE mismatch at rel_day 47: IF_se=6.683e-08, boot_se=0.002844, ratio=0.00
[2026-01-06T18:33:39.644706] IF vs bootstrap SE mismatch at rel_day 48: IF_se=6.874e-08, boot_se=0.003392, ratio=0.00
[2026-01-06T18:33:40.115397] IF vs bootstrap SE mismatch at rel_day 49: IF_se=7.073e-08, boot_se=0.002807, ratio=0.00
[2026-01-06T18:33:40.582880] IF vs bootstrap SE mismatch at rel_day 50: IF_se=7.437e-08, boot_se=0.003789, ratio=0.00
[2026-01-06T18:33:41.059875] IF vs bootstrap SE mismatch at rel_day 51: IF_se=7.345e-08, boot_se=0.003398, ratio=0.00
[2026-01-06T18:33:41.590362] IF vs bootstrap SE mismatch at rel_day 52: IF_se=7.243e-08, boot_se=0.003194, ratio=0.00
[2026-01-06T18:33:42.124569] IF vs bootstrap SE mismatch at rel_day 53: IF_se=6.966e-08, boot_se=0.003013, ratio=0.00
[2026-01-06T18:33:42.646714] IF vs bootstrap SE mismatch at rel_day 54: IF_se=6.828e-08, boot_se=0.002787, ratio=0.00
[2026-01-06T18:33:43.182633] IF vs bootstrap SE mismatch at rel_day 55: IF_se=6.849e-08, boot_se=0.003582, ratio=0.00
[2026-01-06T18:33:43.692875] IF vs bootstrap SE mismatch at rel_day 56: IF_se=6.871e-08, boot_se=0.003203, ratio=0.00
[2026-01-06T18:33:44.186596] IF vs bootstrap SE mismatch at rel_day 57: IF_se=6.894e-08, boot_se=0.002845, ratio=0.00
[2026-01-06T18:33:44.660931] IF vs bootstrap SE mismatch at rel_day 58: IF_se=6.746e-08, boot_se=0.002668, ratio=0.00
[2026-01-06T18:33:45.140823] IF vs bootstrap SE mismatch at rel_day 59: IF_se=6.758e-08, boot_se=0.002595, ratio=0.00
[2026-01-06T18:33:45.613127] IF vs bootstrap SE mismatch at rel_day 60: IF_se=6.939e-08, boot_se=0.002887, ratio=0.00
[2026-01-06T18:33:46.686460] IF vs bootstrap SE mismatch at rel_day -29: IF_se=1.145e-09, boot_se=5.568e-05, ratio=0.00
[2026-01-06T18:33:47.134050] IF vs bootstrap SE mismatch at rel_day -28: IF_se=2.455e-09, boot_se=0.0001128, ratio=0.00
[2026-01-06T18:33:47.576917] IF vs bootstrap SE mismatch at rel_day -27: IF_se=3.898e-09, boot_se=0.0001492, ratio=0.00
[2026-01-06T18:33:48.019287] IF vs bootstrap SE mismatch at rel_day -26: IF_se=5.56e-09, boot_se=0.000228, ratio=0.00
[2026-01-06T18:33:48.465687] IF vs bootstrap SE mismatch at rel_day -25: IF_se=7.557e-09, boot_se=0.0002697, ratio=0.00
[2026-01-06T18:33:48.908756] IF vs bootstrap SE mismatch at rel_day -24: IF_se=9.831e-09, boot_se=0.0004255, ratio=0.00
[2026-01-06T18:33:49.356871] IF vs bootstrap SE mismatch at rel_day -23: IF_se=1.228e-08, boot_se=0.0005418, ratio=0.00
[2026-01-06T18:33:49.809761] IF vs bootstrap SE mismatch at rel_day -22: IF_se=1.485e-08, boot_se=0.0005182, ratio=0.00
[2026-01-06T18:33:50.265712] IF vs bootstrap SE mismatch at rel_day -21: IF_se=1.754e-08, boot_se=0.0006653, ratio=0.00
[2026-01-06T18:33:50.718236] IF vs bootstrap SE mismatch at rel_day -20: IF_se=2.037e-08, boot_se=0.0008955, ratio=0.00
[2026-01-06T18:33:51.180955] IF vs bootstrap SE mismatch at rel_day -19: IF_se=2.333e-08, boot_se=0.0009925, ratio=0.00
[2026-01-06T18:33:51.640786] IF vs bootstrap SE mismatch at rel_day -18: IF_se=2.639e-08, boot_se=0.001334, ratio=0.00
[2026-01-06T18:33:52.093924] IF vs bootstrap SE mismatch at rel_day -17: IF_se=2.957e-08, boot_se=0.001338, ratio=0.00
[2026-01-06T18:33:52.552629] IF vs bootstrap SE mismatch at rel_day -16: IF_se=3.287e-08, boot_se=0.001415, ratio=0.00
[2026-01-06T18:33:53.010354] IF vs bootstrap SE mismatch at rel_day -15: IF_se=3.629e-08, boot_se=0.001431, ratio=0.00
[2026-01-06T18:33:53.517744] IF vs bootstrap SE mismatch at rel_day -14: IF_se=3.984e-08, boot_se=0.001839, ratio=0.00
[2026-01-06T18:33:54.009743] IF vs bootstrap SE mismatch at rel_day -13: IF_se=4.349e-08, boot_se=0.001647, ratio=0.00
[2026-01-06T18:33:54.532227] IF vs bootstrap SE mismatch at rel_day -12: IF_se=4.725e-08, boot_se=0.002092, ratio=0.00
[2026-01-06T18:33:54.993238] IF vs bootstrap SE mismatch at rel_day -11: IF_se=5.111e-08, boot_se=0.002071, ratio=0.00
[2026-01-06T18:33:55.454905] IF vs bootstrap SE mismatch at rel_day -10: IF_se=5.508e-08, boot_se=0.002463, ratio=0.00
[2026-01-06T18:33:55.915144] IF vs bootstrap SE mismatch at rel_day -9: IF_se=5.914e-08, boot_se=0.002289, ratio=0.00
[2026-01-06T18:33:56.384369] IF vs bootstrap SE mismatch at rel_day -8: IF_se=6.331e-08, boot_se=0.003656, ratio=0.00
[2026-01-06T18:33:56.850830] IF vs bootstrap SE mismatch at rel_day -7: IF_se=6.757e-08, boot_se=0.002882, ratio=0.00
[2026-01-06T18:33:57.318486] IF vs bootstrap SE mismatch at rel_day -6: IF_se=7.191e-08, boot_se=0.003178, ratio=0.00
[2026-01-06T18:33:57.775847] IF vs bootstrap SE mismatch at rel_day -5: IF_se=7.631e-08, boot_se=0.00384, ratio=0.00
[2026-01-06T18:33:58.245600] IF vs bootstrap SE mismatch at rel_day -4: IF_se=8.077e-08, boot_se=0.003538, ratio=0.00
[2026-01-06T18:33:58.706804] IF vs bootstrap SE mismatch at rel_day -3: IF_se=8.53e-08, boot_se=0.003732, ratio=0.00
[2026-01-06T18:33:59.177176] IF vs bootstrap SE mismatch at rel_day -2: IF_se=8.99e-08, boot_se=0.004141, ratio=0.00
[2026-01-06T18:33:59.646100] IF vs bootstrap SE mismatch at rel_day -1: IF_se=9.458e-08, boot_se=0.003178, ratio=0.00
[2026-01-06T18:34:00.116670] IF vs bootstrap SE mismatch at rel_day 0: IF_se=9.323e-08, boot_se=0.004274, ratio=0.00
[2026-01-06T18:34:00.604218] IF vs bootstrap SE mismatch at rel_day 1: IF_se=9.429e-08, boot_se=0.00335, ratio=0.00
[2026-01-06T18:34:01.077411] IF vs bootstrap SE mismatch at rel_day 2: IF_se=9.782e-08, boot_se=0.004986, ratio=0.00
[2026-01-06T18:34:01.558551] IF vs bootstrap SE mismatch at rel_day 3: IF_se=9.426e-08, boot_se=0.004, ratio=0.00
[2026-01-06T18:34:02.032798] IF vs bootstrap SE mismatch at rel_day 4: IF_se=8.896e-08, boot_se=0.004061, ratio=0.00
[2026-01-06T18:34:02.510451] IF vs bootstrap SE mismatch at rel_day 5: IF_se=8.973e-08, boot_se=0.003818, ratio=0.00
[2026-01-06T18:34:02.981359] IF vs bootstrap SE mismatch at rel_day 6: IF_se=9.183e-08, boot_se=0.004272, ratio=0.00
[2026-01-06T18:34:03.452073] IF vs bootstrap SE mismatch at rel_day 7: IF_se=9.527e-08, boot_se=0.003984, ratio=0.00
[2026-01-06T18:34:03.916982] IF vs bootstrap SE mismatch at rel_day 8: IF_se=9.137e-08, boot_se=0.00413, ratio=0.00
[2026-01-06T18:34:04.389754] IF vs bootstrap SE mismatch at rel_day 9: IF_se=9.223e-08, boot_se=0.004064, ratio=0.00
[2026-01-06T18:34:04.856631] IF vs bootstrap SE mismatch at rel_day 10: IF_se=9.311e-08, boot_se=0.004169, ratio=0.00
[2026-01-06T18:34:05.332448] IF vs bootstrap SE mismatch at rel_day 11: IF_se=9.403e-08, boot_se=0.004392, ratio=0.00
[2026-01-06T18:34:05.799889] IF vs bootstrap SE mismatch at rel_day 12: IF_se=9.246e-08, boot_se=0.003538, ratio=0.00
[2026-01-06T18:34:06.276680] IF vs bootstrap SE mismatch at rel_day 13: IF_se=8.942e-08, boot_se=0.003861, ratio=0.00
[2026-01-06T18:34:06.746827] IF vs bootstrap SE mismatch at rel_day 14: IF_se=8.872e-08, boot_se=0.004125, ratio=0.00
[2026-01-06T18:34:07.223646] IF vs bootstrap SE mismatch at rel_day 15: IF_se=8.796e-08, boot_se=0.003987, ratio=0.00
[2026-01-06T18:34:07.691936] IF vs bootstrap SE mismatch at rel_day 16: IF_se=8.847e-08, boot_se=0.003606, ratio=0.00
[2026-01-06T18:34:08.163177] IF vs bootstrap SE mismatch at rel_day 17: IF_se=8.766e-08, boot_se=0.004059, ratio=0.00
[2026-01-06T18:34:08.628255] IF vs bootstrap SE mismatch at rel_day 18: IF_se=8.541e-08, boot_se=0.003078, ratio=0.00
[2026-01-06T18:34:09.097820] IF vs bootstrap SE mismatch at rel_day 19: IF_se=8.573e-08, boot_se=0.003771, ratio=0.00
[2026-01-06T18:34:09.576120] IF vs bootstrap SE mismatch at rel_day 20: IF_se=8.328e-08, boot_se=0.003192, ratio=0.00
[2026-01-06T18:34:10.045295] IF vs bootstrap SE mismatch at rel_day 21: IF_se=8.059e-08, boot_se=0.003799, ratio=0.00
[2026-01-06T18:34:10.518361] IF vs bootstrap SE mismatch at rel_day 22: IF_se=8.35e-08, boot_se=0.003559, ratio=0.00
[2026-01-06T18:34:10.987536] IF vs bootstrap SE mismatch at rel_day 23: IF_se=8.787e-08, boot_se=0.003332, ratio=0.00
[2026-01-06T18:34:11.463380] IF vs bootstrap SE mismatch at rel_day 24: IF_se=9.102e-08, boot_se=0.004477, ratio=0.00
[2026-01-06T18:34:11.938756] IF vs bootstrap SE mismatch at rel_day 25: IF_se=9.301e-08, boot_se=0.004836, ratio=0.00
[2026-01-06T18:34:12.415650] IF vs bootstrap SE mismatch at rel_day 26: IF_se=8.865e-08, boot_se=0.004657, ratio=0.00
[2026-01-06T18:34:12.889288] IF vs bootstrap SE mismatch at rel_day 27: IF_se=8.787e-08, boot_se=0.004162, ratio=0.00
[2026-01-06T18:34:13.377896] IF vs bootstrap SE mismatch at rel_day 28: IF_se=8.703e-08, boot_se=0.003917, ratio=0.00
[2026-01-06T18:34:13.847881] IF vs bootstrap SE mismatch at rel_day 29: IF_se=8.473e-08, boot_se=0.004361, ratio=0.00
[2026-01-06T18:34:14.322043] IF vs bootstrap SE mismatch at rel_day 30: IF_se=8.504e-08, boot_se=0.00342, ratio=0.00
[2026-01-06T18:34:14.790942] IF vs bootstrap SE mismatch at rel_day 31: IF_se=8.398e-08, boot_se=0.003399, ratio=0.00
[2026-01-06T18:34:15.267408] IF vs bootstrap SE mismatch at rel_day 32: IF_se=8.139e-08, boot_se=0.003287, ratio=0.00
[2026-01-06T18:34:15.738300] IF vs bootstrap SE mismatch at rel_day 33: IF_se=8.002e-08, boot_se=0.003217, ratio=0.00
[2026-01-06T18:34:16.217933] IF vs bootstrap SE mismatch at rel_day 34: IF_se=8.005e-08, boot_se=0.003094, ratio=0.00
[2026-01-06T18:34:16.692607] IF vs bootstrap SE mismatch at rel_day 35: IF_se=8.155e-08, boot_se=0.003912, ratio=0.00
[2026-01-06T18:34:17.161728] IF vs bootstrap SE mismatch at rel_day 36: IF_se=8.313e-08, boot_se=0.004323, ratio=0.00
[2026-01-06T18:34:17.649320] IF vs bootstrap SE mismatch at rel_day 37: IF_se=8.755e-08, boot_se=0.004139, ratio=0.00
[2026-01-06T18:34:18.119149] IF vs bootstrap SE mismatch at rel_day 38: IF_se=8.941e-08, boot_se=0.003679, ratio=0.00
[2026-01-06T18:34:18.600288] IF vs bootstrap SE mismatch at rel_day 39: IF_se=9.003e-08, boot_se=0.003481, ratio=0.00
[2026-01-06T18:34:19.068701] IF vs bootstrap SE mismatch at rel_day 40: IF_se=8.664e-08, boot_se=0.003666, ratio=0.00
[2026-01-06T18:34:19.546931] IF vs bootstrap SE mismatch at rel_day 41: IF_se=9.103e-08, boot_se=0.003884, ratio=0.00
[2026-01-06T18:34:20.015939] IF vs bootstrap SE mismatch at rel_day 42: IF_se=8.768e-08, boot_se=0.003617, ratio=0.00
[2026-01-06T18:34:20.493208] IF vs bootstrap SE mismatch at rel_day 43: IF_se=8.806e-08, boot_se=0.004072, ratio=0.00
[2026-01-06T18:34:20.964325] IF vs bootstrap SE mismatch at rel_day 44: IF_se=8.978e-08, boot_se=0.004218, ratio=0.00
[2026-01-06T18:34:21.439351] IF vs bootstrap SE mismatch at rel_day 45: IF_se=8.891e-08, boot_se=0.005003, ratio=0.00
[2026-01-06T18:34:21.911077] IF vs bootstrap SE mismatch at rel_day 46: IF_se=8.657e-08, boot_se=0.004207, ratio=0.00
[2026-01-06T18:34:22.389013] IF vs bootstrap SE mismatch at rel_day 47: IF_se=8.944e-08, boot_se=0.003649, ratio=0.00
[2026-01-06T18:34:22.859561] IF vs bootstrap SE mismatch at rel_day 48: IF_se=8.706e-08, boot_se=0.002924, ratio=0.00
[2026-01-06T18:34:23.335238] IF vs bootstrap SE mismatch at rel_day 49: IF_se=8.297e-08, boot_se=0.00325, ratio=0.00
[2026-01-06T18:34:23.804552] IF vs bootstrap SE mismatch at rel_day 50: IF_se=8.418e-08, boot_se=0.0037, ratio=0.00
[2026-01-06T18:34:24.280343] IF vs bootstrap SE mismatch at rel_day 51: IF_se=8.541e-08, boot_se=0.003166, ratio=0.00
[2026-01-06T18:34:24.748951] IF vs bootstrap SE mismatch at rel_day 52: IF_se=8.098e-08, boot_se=0.003622, ratio=0.00
[2026-01-06T18:34:25.225570] IF vs bootstrap SE mismatch at rel_day 53: IF_se=8.197e-08, boot_se=0.003433, ratio=0.00
[2026-01-06T18:34:25.691942] IF vs bootstrap SE mismatch at rel_day 54: IF_se=7.854e-08, boot_se=0.003351, ratio=0.00
[2026-01-06T18:34:26.168219] IF vs bootstrap SE mismatch at rel_day 55: IF_se=7.626e-08, boot_se=0.003568, ratio=0.00
[2026-01-06T18:34:26.647964] IF vs bootstrap SE mismatch at rel_day 56: IF_se=7.691e-08, boot_se=0.00347, ratio=0.00
[2026-01-06T18:34:27.124788] IF vs bootstrap SE mismatch at rel_day 57: IF_se=7.601e-08, boot_se=0.004084, ratio=0.00
[2026-01-06T18:34:27.596582] IF vs bootstrap SE mismatch at rel_day 58: IF_se=7.176e-08, boot_se=0.003828, ratio=0.00
[2026-01-06T18:34:28.059665] IF vs bootstrap SE mismatch at rel_day 59: IF_se=7.039e-08, boot_se=0.002942, ratio=0.00
[2026-01-06T18:34:28.530197] IF vs bootstrap SE mismatch at rel_day 60: IF_se=7.06e-08, boot_se=0.002755, ratio=0.00
[2026-01-06T18:34:29.568148] IF vs bootstrap SE mismatch at rel_day -29: IF_se=1.334e-09, boot_se=7.129e-05, ratio=0.00
[2026-01-06T18:34:30.022843] IF vs bootstrap SE mismatch at rel_day -28: IF_se=2.852e-09, boot_se=0.0001314, ratio=0.00
[2026-01-06T18:34:30.461109] IF vs bootstrap SE mismatch at rel_day -27: IF_se=4.676e-09, boot_se=0.0002096, ratio=0.00
[2026-01-06T18:34:30.910858] IF vs bootstrap SE mismatch at rel_day -26: IF_se=6.839e-09, boot_se=0.0002819, ratio=0.00
[2026-01-06T18:34:31.358896] IF vs bootstrap SE mismatch at rel_day -25: IF_se=9.282e-09, boot_se=0.000403, ratio=0.00
[2026-01-06T18:34:31.806427] IF vs bootstrap SE mismatch at rel_day -24: IF_se=1.194e-08, boot_se=0.0005357, ratio=0.00
[2026-01-06T18:34:32.257984] IF vs bootstrap SE mismatch at rel_day -23: IF_se=1.483e-08, boot_se=0.0006654, ratio=0.00
[2026-01-06T18:34:32.704559] IF vs bootstrap SE mismatch at rel_day -22: IF_se=1.791e-08, boot_se=0.0008938, ratio=0.00
[2026-01-06T18:34:33.150995] IF vs bootstrap SE mismatch at rel_day -21: IF_se=2.118e-08, boot_se=0.0008764, ratio=0.00
[2026-01-06T18:34:33.606068] IF vs bootstrap SE mismatch at rel_day -20: IF_se=2.46e-08, boot_se=0.001035, ratio=0.00
[2026-01-06T18:34:34.058033] IF vs bootstrap SE mismatch at rel_day -19: IF_se=2.815e-08, boot_se=0.001181, ratio=0.00
[2026-01-06T18:34:34.509822] IF vs bootstrap SE mismatch at rel_day -18: IF_se=3.18e-08, boot_se=0.001414, ratio=0.00
[2026-01-06T18:34:34.965013] IF vs bootstrap SE mismatch at rel_day -17: IF_se=3.555e-08, boot_se=0.001332, ratio=0.00
[2026-01-06T18:34:35.424319] IF vs bootstrap SE mismatch at rel_day -16: IF_se=3.943e-08, boot_se=0.001594, ratio=0.00
[2026-01-06T18:34:35.875117] IF vs bootstrap SE mismatch at rel_day -15: IF_se=4.344e-08, boot_se=0.001894, ratio=0.00
[2026-01-06T18:34:36.335256] IF vs bootstrap SE mismatch at rel_day -14: IF_se=4.76e-08, boot_se=0.002027, ratio=0.00
[2026-01-06T18:34:36.789957] IF vs bootstrap SE mismatch at rel_day -13: IF_se=5.188e-08, boot_se=0.002594, ratio=0.00
[2026-01-06T18:34:37.245860] IF vs bootstrap SE mismatch at rel_day -12: IF_se=5.628e-08, boot_se=0.002599, ratio=0.00
[2026-01-06T18:34:37.712182] IF vs bootstrap SE mismatch at rel_day -11: IF_se=6.079e-08, boot_se=0.002802, ratio=0.00
[2026-01-06T18:34:38.174565] IF vs bootstrap SE mismatch at rel_day -10: IF_se=6.54e-08, boot_se=0.002954, ratio=0.00
[2026-01-06T18:34:38.642961] IF vs bootstrap SE mismatch at rel_day -9: IF_se=7.01e-08, boot_se=0.002611, ratio=0.00
[2026-01-06T18:34:39.103840] IF vs bootstrap SE mismatch at rel_day -8: IF_se=7.489e-08, boot_se=0.002966, ratio=0.00
[2026-01-06T18:34:39.570640] IF vs bootstrap SE mismatch at rel_day -7: IF_se=7.975e-08, boot_se=0.003781, ratio=0.00
[2026-01-06T18:34:40.039071] IF vs bootstrap SE mismatch at rel_day -6: IF_se=8.468e-08, boot_se=0.003911, ratio=0.00
[2026-01-06T18:34:40.510966] IF vs bootstrap SE mismatch at rel_day -5: IF_se=8.968e-08, boot_se=0.004219, ratio=0.00
[2026-01-06T18:34:40.978212] IF vs bootstrap SE mismatch at rel_day -4: IF_se=9.475e-08, boot_se=0.004623, ratio=0.00
[2026-01-06T18:34:41.453398] IF vs bootstrap SE mismatch at rel_day -3: IF_se=9.99e-08, boot_se=0.004929, ratio=0.00
[2026-01-06T18:34:41.932526] IF vs bootstrap SE mismatch at rel_day -2: IF_se=1.051e-07, boot_se=0.005021, ratio=0.00
[2026-01-06T18:34:42.434109] IF vs bootstrap SE mismatch at rel_day -1: IF_se=1.105e-07, boot_se=0.004982, ratio=0.00
[2026-01-06T18:34:42.920635] IF vs bootstrap SE mismatch at rel_day 0: IF_se=1.088e-07, boot_se=0.005003, ratio=0.00
[2026-01-06T18:34:43.430929] IF vs bootstrap SE mismatch at rel_day 1: IF_se=1.101e-07, boot_se=0.005376, ratio=0.00
[2026-01-06T18:34:43.965151] IF vs bootstrap SE mismatch at rel_day 2: IF_se=1.084e-07, boot_se=0.004846, ratio=0.00
[2026-01-06T18:34:44.511225] IF vs bootstrap SE mismatch at rel_day 3: IF_se=1.053e-07, boot_se=0.004386, ratio=0.00
[2026-01-06T18:34:45.078922] IF vs bootstrap SE mismatch at rel_day 4: IF_se=1.053e-07, boot_se=0.004926, ratio=0.00
[2026-01-06T18:34:45.591470] IF vs bootstrap SE mismatch at rel_day 5: IF_se=1.051e-07, boot_se=0.004545, ratio=0.00
[2026-01-06T18:34:46.093092] IF vs bootstrap SE mismatch at rel_day 6: IF_se=9.942e-08, boot_se=0.004423, ratio=0.00
[2026-01-06T18:34:46.577014] IF vs bootstrap SE mismatch at rel_day 7: IF_se=1.022e-07, boot_se=0.004457, ratio=0.00
[2026-01-06T18:34:47.059124] IF vs bootstrap SE mismatch at rel_day 8: IF_se=9.841e-08, boot_se=0.004963, ratio=0.00
[2026-01-06T18:34:47.537710] IF vs bootstrap SE mismatch at rel_day 9: IF_se=1e-07, boot_se=0.004682, ratio=0.00
[2026-01-06T18:34:48.015355] IF vs bootstrap SE mismatch at rel_day 10: IF_se=1.028e-07, boot_se=0.004379, ratio=0.00
[2026-01-06T18:34:48.494685] IF vs bootstrap SE mismatch at rel_day 11: IF_se=1.046e-07, boot_se=0.004671, ratio=0.00
[2026-01-06T18:34:48.969109] IF vs bootstrap SE mismatch at rel_day 12: IF_se=1.032e-07, boot_se=0.004933, ratio=0.00
[2026-01-06T18:34:49.445822] IF vs bootstrap SE mismatch at rel_day 13: IF_se=9.939e-08, boot_se=0.004141, ratio=0.00
[2026-01-06T18:34:49.919104] IF vs bootstrap SE mismatch at rel_day 14: IF_se=9.142e-08, boot_se=0.004609, ratio=0.00
[2026-01-06T18:34:50.397633] IF vs bootstrap SE mismatch at rel_day 15: IF_se=9.375e-08, boot_se=0.00354, ratio=0.00
[2026-01-06T18:34:50.869397] IF vs bootstrap SE mismatch at rel_day 16: IF_se=9.253e-08, boot_se=0.004781, ratio=0.00
[2026-01-06T18:34:51.371369] IF vs bootstrap SE mismatch at rel_day 17: IF_se=9.119e-08, boot_se=0.004092, ratio=0.00
[2026-01-06T18:34:51.851616] IF vs bootstrap SE mismatch at rel_day 18: IF_se=8.973e-08, boot_se=0.004025, ratio=0.00
[2026-01-06T18:34:52.327485] IF vs bootstrap SE mismatch at rel_day 19: IF_se=9.319e-08, boot_se=0.004235, ratio=0.00
[2026-01-06T18:34:52.812580] IF vs bootstrap SE mismatch at rel_day 20: IF_se=9.434e-08, boot_se=0.004108, ratio=0.00
[2026-01-06T18:34:53.309948] IF vs bootstrap SE mismatch at rel_day 21: IF_se=9.433e-08, boot_se=0.005029, ratio=0.00
[2026-01-06T18:34:53.816711] IF vs bootstrap SE mismatch at rel_day 22: IF_se=9.905e-08, boot_se=0.004823, ratio=0.00
[2026-01-06T18:34:54.324365] IF vs bootstrap SE mismatch at rel_day 23: IF_se=1.005e-07, boot_se=0.005066, ratio=0.00
[2026-01-06T18:34:54.864944] IF vs bootstrap SE mismatch at rel_day 24: IF_se=9.851e-08, boot_se=0.004809, ratio=0.00
[2026-01-06T18:34:55.346765] IF vs bootstrap SE mismatch at rel_day 25: IF_se=9.393e-08, boot_se=0.003755, ratio=0.00
[2026-01-06T18:34:55.858078] IF vs bootstrap SE mismatch at rel_day 26: IF_se=9.004e-08, boot_se=0.003995, ratio=0.00
[2026-01-06T18:34:56.358001] IF vs bootstrap SE mismatch at rel_day 27: IF_se=8.567e-08, boot_se=0.00364, ratio=0.00
[2026-01-06T18:34:56.884456] IF vs bootstrap SE mismatch at rel_day 28: IF_se=8.758e-08, boot_se=0.003661, ratio=0.00
[2026-01-06T18:34:57.398111] IF vs bootstrap SE mismatch at rel_day 29: IF_se=8.828e-08, boot_se=0.004172, ratio=0.00
[2026-01-06T18:34:57.913152] IF vs bootstrap SE mismatch at rel_day 30: IF_se=8.901e-08, boot_se=0.003913, ratio=0.00
[2026-01-06T18:34:58.416915] IF vs bootstrap SE mismatch at rel_day 31: IF_se=8.976e-08, boot_se=0.003044, ratio=0.00
[2026-01-06T18:34:58.920712] IF vs bootstrap SE mismatch at rel_day 32: IF_se=9.054e-08, boot_se=0.00385, ratio=0.00
[2026-01-06T18:34:59.430392] IF vs bootstrap SE mismatch at rel_day 33: IF_se=9.383e-08, boot_se=0.003484, ratio=0.00
[2026-01-06T18:34:59.940718] IF vs bootstrap SE mismatch at rel_day 34: IF_se=9.106e-08, boot_se=0.004122, ratio=0.00
[2026-01-06T18:35:00.449014] IF vs bootstrap SE mismatch at rel_day 35: IF_se=8.926e-08, boot_se=0.00427, ratio=0.00
[2026-01-06T18:35:00.956325] IF vs bootstrap SE mismatch at rel_day 36: IF_se=8.858e-08, boot_se=0.003748, ratio=0.00
[2026-01-06T18:35:01.442666] IF vs bootstrap SE mismatch at rel_day 37: IF_se=9.041e-08, boot_se=0.004026, ratio=0.00
[2026-01-06T18:35:01.930954] IF vs bootstrap SE mismatch at rel_day 38: IF_se=8.579e-08, boot_se=0.004554, ratio=0.00
[2026-01-06T18:35:02.439974] IF vs bootstrap SE mismatch at rel_day 39: IF_se=8.193e-08, boot_se=0.003575, ratio=0.00
[2026-01-06T18:35:02.954570] IF vs bootstrap SE mismatch at rel_day 40: IF_se=8.333e-08, boot_se=0.003649, ratio=0.00
[2026-01-06T18:35:03.477606] IF vs bootstrap SE mismatch at rel_day 41: IF_se=8.477e-08, boot_se=0.004185, ratio=0.00
[2026-01-06T18:35:03.976180] IF vs bootstrap SE mismatch at rel_day 42: IF_se=8.212e-08, boot_se=0.003909, ratio=0.00
[2026-01-06T18:35:04.484502] IF vs bootstrap SE mismatch at rel_day 43: IF_se=8.482e-08, boot_se=0.003719, ratio=0.00
[2026-01-06T18:35:04.965323] IF vs bootstrap SE mismatch at rel_day 44: IF_se=8.625e-08, boot_se=0.00426, ratio=0.00
[2026-01-06T18:35:05.506850] IF vs bootstrap SE mismatch at rel_day 45: IF_se=8.085e-08, boot_se=0.002995, ratio=0.00
[2026-01-06T18:35:06.015461] IF vs bootstrap SE mismatch at rel_day 46: IF_se=8.343e-08, boot_se=0.00375, ratio=0.00
[2026-01-06T18:35:06.527170] IF vs bootstrap SE mismatch at rel_day 47: IF_se=8.472e-08, boot_se=0.003905, ratio=0.00
[2026-01-06T18:35:07.005430] IF vs bootstrap SE mismatch at rel_day 48: IF_se=8.605e-08, boot_se=0.003316, ratio=0.00
[2026-01-06T18:35:07.510747] IF vs bootstrap SE mismatch at rel_day 49: IF_se=8.193e-08, boot_se=0.003241, ratio=0.00
[2026-01-06T18:35:08.004997] IF vs bootstrap SE mismatch at rel_day 50: IF_se=8.163e-08, boot_se=0.003654, ratio=0.00
[2026-01-06T18:35:08.509317] IF vs bootstrap SE mismatch at rel_day 51: IF_se=7.986e-08, boot_se=0.00333, ratio=0.00
[2026-01-06T18:35:09.013296] IF vs bootstrap SE mismatch at rel_day 52: IF_se=7.326e-08, boot_se=0.003375, ratio=0.00
[2026-01-06T18:35:09.526926] IF vs bootstrap SE mismatch at rel_day 53: IF_se=7.06e-08, boot_se=0.002887, ratio=0.00
[2026-01-06T18:35:10.006270] IF vs bootstrap SE mismatch at rel_day 54: IF_se=6.764e-08, boot_se=0.002628, ratio=0.00
[2026-01-06T18:35:10.507423] IF vs bootstrap SE mismatch at rel_day 55: IF_se=6.785e-08, boot_se=0.003192, ratio=0.00
[2026-01-06T18:35:11.002441] IF vs bootstrap SE mismatch at rel_day 56: IF_se=6.634e-08, boot_se=0.002905, ratio=0.00
[2026-01-06T18:35:11.485743] IF vs bootstrap SE mismatch at rel_day 57: IF_se=6.819e-08, boot_se=0.003307, ratio=0.00
[2026-01-06T18:35:11.982450] IF vs bootstrap SE mismatch at rel_day 58: IF_se=6.843e-08, boot_se=0.003373, ratio=0.00
[2026-01-06T18:35:12.492401] IF vs bootstrap SE mismatch at rel_day 59: IF_se=6.868e-08, boot_se=0.002934, ratio=0.00
[2026-01-06T18:35:12.996902] IF vs bootstrap SE mismatch at rel_day 60: IF_se=7.061e-08, boot_se=0.003076, ratio=0.00
[2026-01-06T18:35:14.055528] IF vs bootstrap SE mismatch at rel_day -29: IF_se=1.447e-09, boot_se=6.038e-05, ratio=0.00
[2026-01-06T18:35:14.497595] IF vs bootstrap SE mismatch at rel_day -28: IF_se=3.194e-09, boot_se=0.0001372, ratio=0.00
[2026-01-06T18:35:14.945164] IF vs bootstrap SE mismatch at rel_day -27: IF_se=5.216e-09, boot_se=0.000247, ratio=0.00
[2026-01-06T18:35:15.385302] IF vs bootstrap SE mismatch at rel_day -26: IF_se=7.429e-09, boot_se=0.0003208, ratio=0.00
[2026-01-06T18:35:15.830161] IF vs bootstrap SE mismatch at rel_day -25: IF_se=9.811e-09, boot_se=0.0004046, ratio=0.00
[2026-01-06T18:35:16.274552] IF vs bootstrap SE mismatch at rel_day -24: IF_se=1.236e-08, boot_se=0.0005594, ratio=0.00
[2026-01-06T18:35:16.740693] IF vs bootstrap SE mismatch at rel_day -23: IF_se=1.509e-08, boot_se=0.0005193, ratio=0.00
[2026-01-06T18:35:17.189570] IF vs bootstrap SE mismatch at rel_day -22: IF_se=1.803e-08, boot_se=0.0008339, ratio=0.00
[2026-01-06T18:35:17.642915] IF vs bootstrap SE mismatch at rel_day -21: IF_se=2.116e-08, boot_se=0.0009975, ratio=0.00
[2026-01-06T18:35:18.082944] IF vs bootstrap SE mismatch at rel_day -20: IF_se=2.445e-08, boot_se=0.001045, ratio=0.00
[2026-01-06T18:35:18.534140] IF vs bootstrap SE mismatch at rel_day -19: IF_se=2.789e-08, boot_se=0.001229, ratio=0.00
[2026-01-06T18:35:18.997247] IF vs bootstrap SE mismatch at rel_day -18: IF_se=3.15e-08, boot_se=0.001329, ratio=0.00
[2026-01-06T18:35:19.477331] IF vs bootstrap SE mismatch at rel_day -17: IF_se=3.53e-08, boot_se=0.001542, ratio=0.00
[2026-01-06T18:35:19.933299] IF vs bootstrap SE mismatch at rel_day -16: IF_se=3.926e-08, boot_se=0.001873, ratio=0.00
[2026-01-06T18:35:20.385933] IF vs bootstrap SE mismatch at rel_day -15: IF_se=4.338e-08, boot_se=0.001455, ratio=0.00
[2026-01-06T18:35:20.851799] IF vs bootstrap SE mismatch at rel_day -14: IF_se=4.765e-08, boot_se=0.001761, ratio=0.00
[2026-01-06T18:35:21.309522] IF vs bootstrap SE mismatch at rel_day -13: IF_se=5.206e-08, boot_se=0.002235, ratio=0.00
[2026-01-06T18:35:21.775264] IF vs bootstrap SE mismatch at rel_day -12: IF_se=5.66e-08, boot_se=0.002561, ratio=0.00
[2026-01-06T18:35:22.248983] IF vs bootstrap SE mismatch at rel_day -11: IF_se=6.127e-08, boot_se=0.002598, ratio=0.00
[2026-01-06T18:35:22.714978] IF vs bootstrap SE mismatch at rel_day -10: IF_se=6.606e-08, boot_se=0.002832, ratio=0.00
[2026-01-06T18:35:23.176158] IF vs bootstrap SE mismatch at rel_day -9: IF_se=7.098e-08, boot_se=0.003351, ratio=0.00
[2026-01-06T18:35:23.644481] IF vs bootstrap SE mismatch at rel_day -8: IF_se=7.601e-08, boot_se=0.002808, ratio=0.00
[2026-01-06T18:35:24.128093] IF vs bootstrap SE mismatch at rel_day -7: IF_se=8.115e-08, boot_se=0.003675, ratio=0.00
[2026-01-06T18:35:24.618274] IF vs bootstrap SE mismatch at rel_day -6: IF_se=8.638e-08, boot_se=0.003459, ratio=0.00
[2026-01-06T18:35:25.092905] IF vs bootstrap SE mismatch at rel_day -5: IF_se=9.171e-08, boot_se=0.003448, ratio=0.00
[2026-01-06T18:35:25.567936] IF vs bootstrap SE mismatch at rel_day -4: IF_se=9.713e-08, boot_se=0.003874, ratio=0.00
[2026-01-06T18:35:26.058236] IF vs bootstrap SE mismatch at rel_day -3: IF_se=1.027e-07, boot_se=0.004761, ratio=0.00
[2026-01-06T18:35:26.562063] IF vs bootstrap SE mismatch at rel_day -2: IF_se=1.083e-07, boot_se=0.004697, ratio=0.00
[2026-01-06T18:35:27.075668] IF vs bootstrap SE mismatch at rel_day -1: IF_se=1.14e-07, boot_se=0.004891, ratio=0.00
[2026-01-06T18:35:27.577425] IF vs bootstrap SE mismatch at rel_day 0: IF_se=1.117e-07, boot_se=0.005818, ratio=0.00
[2026-01-06T18:35:28.075451] IF vs bootstrap SE mismatch at rel_day 1: IF_se=1.102e-07, boot_se=0.004882, ratio=0.00
[2026-01-06T18:35:28.576512] IF vs bootstrap SE mismatch at rel_day 2: IF_se=1.117e-07, boot_se=0.004957, ratio=0.00
[2026-01-06T18:35:29.086817] IF vs bootstrap SE mismatch at rel_day 3: IF_se=1.133e-07, boot_se=0.004465, ratio=0.00
[2026-01-06T18:35:29.566851] IF vs bootstrap SE mismatch at rel_day 4: IF_se=1.15e-07, boot_se=0.006101, ratio=0.00
[2026-01-06T18:35:30.042299] IF vs bootstrap SE mismatch at rel_day 5: IF_se=1.157e-07, boot_se=0.005579, ratio=0.00
[2026-01-06T18:35:30.549592] IF vs bootstrap SE mismatch at rel_day 6: IF_se=1.143e-07, boot_se=0.005295, ratio=0.00
[2026-01-06T18:35:31.049104] IF vs bootstrap SE mismatch at rel_day 7: IF_se=1.128e-07, boot_se=0.004207, ratio=0.00
[2026-01-06T18:35:31.558917] IF vs bootstrap SE mismatch at rel_day 8: IF_se=1.132e-07, boot_se=0.004518, ratio=0.00
[2026-01-06T18:35:32.037112] IF vs bootstrap SE mismatch at rel_day 9: IF_se=1.156e-07, boot_se=0.004662, ratio=0.00
[2026-01-06T18:35:32.545155] IF vs bootstrap SE mismatch at rel_day 10: IF_se=1.141e-07, boot_se=0.004901, ratio=0.00
[2026-01-06T18:35:33.048453] IF vs bootstrap SE mismatch at rel_day 11: IF_se=1.082e-07, boot_se=0.005267, ratio=0.00
[2026-01-06T18:35:33.551708] IF vs bootstrap SE mismatch at rel_day 12: IF_se=1.093e-07, boot_se=0.004814, ratio=0.00
[2026-01-06T18:35:34.056842] IF vs bootstrap SE mismatch at rel_day 13: IF_se=1.06e-07, boot_se=0.005057, ratio=0.00
[2026-01-06T18:35:34.566081] IF vs bootstrap SE mismatch at rel_day 14: IF_se=1.035e-07, boot_se=0.004288, ratio=0.00
[2026-01-06T18:35:35.048364] IF vs bootstrap SE mismatch at rel_day 15: IF_se=1.065e-07, boot_se=0.005048, ratio=0.00
[2026-01-06T18:35:35.547006] IF vs bootstrap SE mismatch at rel_day 16: IF_se=1.029e-07, boot_se=0.00495, ratio=0.00
[2026-01-06T18:35:36.047254] IF vs bootstrap SE mismatch at rel_day 17: IF_se=1.012e-07, boot_se=0.00489, ratio=0.00
[2026-01-06T18:35:36.551140] IF vs bootstrap SE mismatch at rel_day 18: IF_se=1.017e-07, boot_se=0.00461, ratio=0.00
[2026-01-06T18:35:37.053228] IF vs bootstrap SE mismatch at rel_day 19: IF_se=9.873e-08, boot_se=0.004003, ratio=0.00
[2026-01-06T18:35:37.533681] IF vs bootstrap SE mismatch at rel_day 20: IF_se=9.539e-08, boot_se=0.00397, ratio=0.00
[2026-01-06T18:35:38.039535] IF vs bootstrap SE mismatch at rel_day 21: IF_se=9.668e-08, boot_se=0.004501, ratio=0.00
[2026-01-06T18:35:38.545799] IF vs bootstrap SE mismatch at rel_day 22: IF_se=9.68e-08, boot_se=0.00404, ratio=0.00
[2026-01-06T18:35:39.053204] IF vs bootstrap SE mismatch at rel_day 23: IF_se=9.69e-08, boot_se=0.004272, ratio=0.00
[2026-01-06T18:35:39.568198] IF vs bootstrap SE mismatch at rel_day 24: IF_se=9.697e-08, boot_se=0.004085, ratio=0.00
[2026-01-06T18:35:40.068365] IF vs bootstrap SE mismatch at rel_day 25: IF_se=9.069e-08, boot_se=0.004306, ratio=0.00
[2026-01-06T18:35:40.552273] IF vs bootstrap SE mismatch at rel_day 26: IF_se=9.024e-08, boot_se=0.004534, ratio=0.00
[2026-01-06T18:35:41.046927] IF vs bootstrap SE mismatch at rel_day 27: IF_se=9.233e-08, boot_se=0.003527, ratio=0.00
[2026-01-06T18:35:41.555504] IF vs bootstrap SE mismatch at rel_day 28: IF_se=9.064e-08, boot_se=0.004231, ratio=0.00
[2026-01-06T18:35:42.033812] IF vs bootstrap SE mismatch at rel_day 29: IF_se=9.397e-08, boot_se=0.003475, ratio=0.00
[2026-01-06T18:35:42.524383] IF vs bootstrap SE mismatch at rel_day 30: IF_se=9.491e-08, boot_se=0.003931, ratio=0.00
[2026-01-06T18:35:43.039468] IF vs bootstrap SE mismatch at rel_day 31: IF_se=9.587e-08, boot_se=0.004119, ratio=0.00
[2026-01-06T18:35:43.537654] IF vs bootstrap SE mismatch at rel_day 32: IF_se=9.686e-08, boot_se=0.004643, ratio=0.00
[2026-01-06T18:35:44.040050] IF vs bootstrap SE mismatch at rel_day 33: IF_se=1.003e-07, boot_se=0.00358, ratio=0.00
[2026-01-06T18:35:44.538432] IF vs bootstrap SE mismatch at rel_day 34: IF_se=1.003e-07, boot_se=0.005068, ratio=0.00
[2026-01-06T18:35:45.039115] IF vs bootstrap SE mismatch at rel_day 35: IF_se=9.657e-08, boot_se=0.004591, ratio=0.00
[2026-01-06T18:35:45.540762] IF vs bootstrap SE mismatch at rel_day 36: IF_se=9.369e-08, boot_se=0.003356, ratio=0.00
[2026-01-06T18:35:46.028177] IF vs bootstrap SE mismatch at rel_day 37: IF_se=8.913e-08, boot_se=0.003734, ratio=0.00
[2026-01-06T18:35:46.523946] IF vs bootstrap SE mismatch at rel_day 38: IF_se=8.945e-08, boot_se=0.003946, ratio=0.00
[2026-01-06T18:35:47.100250] IF vs bootstrap SE mismatch at rel_day 39: IF_se=8.566e-08, boot_se=0.004177, ratio=0.00
[2026-01-06T18:35:47.666908] IF vs bootstrap SE mismatch at rel_day 40: IF_se=8.427e-08, boot_se=0.003521, ratio=0.00
[2026-01-06T18:35:48.197003] IF vs bootstrap SE mismatch at rel_day 41: IF_se=7.826e-08, boot_se=0.004068, ratio=0.00
[2026-01-06T18:35:48.700964] IF vs bootstrap SE mismatch at rel_day 42: IF_se=7.612e-08, boot_se=0.003177, ratio=0.00
[2026-01-06T18:35:49.211468] IF vs bootstrap SE mismatch at rel_day 43: IF_se=7.373e-08, boot_se=0.002729, ratio=0.00
[2026-01-06T18:35:49.732518] IF vs bootstrap SE mismatch at rel_day 44: IF_se=7.108e-08, boot_se=0.002824, ratio=0.00
[2026-01-06T18:35:50.278068] IF vs bootstrap SE mismatch at rel_day 45: IF_se=7.157e-08, boot_se=0.003001, ratio=0.00
[2026-01-06T18:35:50.948744] IF vs bootstrap SE mismatch at rel_day 46: IF_se=7.373e-08, boot_se=0.002999, ratio=0.00
[2026-01-06T18:35:51.625544] IF vs bootstrap SE mismatch at rel_day 47: IF_se=7.596e-08, boot_se=0.003242, ratio=0.00
[2026-01-06T18:35:52.230832] IF vs bootstrap SE mismatch at rel_day 48: IF_se=7.352e-08, boot_se=0.003821, ratio=0.00
[2026-01-06T18:35:52.784685] IF vs bootstrap SE mismatch at rel_day 49: IF_se=7.573e-08, boot_se=0.003264, ratio=0.00
[2026-01-06T18:35:53.296853] IF vs bootstrap SE mismatch at rel_day 50: IF_se=7.324e-08, boot_se=0.003147, ratio=0.00
[2026-01-06T18:35:53.898120] IF vs bootstrap SE mismatch at rel_day 51: IF_se=7.38e-08, boot_se=0.003063, ratio=0.00
[2026-01-06T18:35:54.422167] IF vs bootstrap SE mismatch at rel_day 52: IF_se=7.598e-08, boot_se=0.003358, ratio=0.00
[2026-01-06T18:35:54.921442] IF vs bootstrap SE mismatch at rel_day 53: IF_se=7.823e-08, boot_se=0.003329, ratio=0.00
[2026-01-06T18:35:55.495226] IF vs bootstrap SE mismatch at rel_day 54: IF_se=7.749e-08, boot_se=0.003139, ratio=0.00
[2026-01-06T18:35:56.029341] IF vs bootstrap SE mismatch at rel_day 55: IF_se=8.123e-08, boot_se=0.004343, ratio=0.00
[2026-01-06T18:35:56.541433] IF vs bootstrap SE mismatch at rel_day 56: IF_se=7.917e-08, boot_se=0.003596, ratio=0.00
[2026-01-06T18:35:57.091986] IF vs bootstrap SE mismatch at rel_day 57: IF_se=7.53e-08, boot_se=0.003717, ratio=0.00
[2026-01-06T18:35:57.647828] IF vs bootstrap SE mismatch at rel_day 58: IF_se=6.917e-08, boot_se=0.0026, ratio=0.00
[2026-01-06T18:35:58.187246] IF vs bootstrap SE mismatch at rel_day 59: IF_se=7.264e-08, boot_se=0.003286, ratio=0.00
[2026-01-06T18:35:58.673909] IF vs bootstrap SE mismatch at rel_day 60: IF_se=7.126e-08, boot_se=0.002862, ratio=0.00
[2026-01-06T18:35:59.803428] IF vs bootstrap SE mismatch at rel_day -29: IF_se=1.435e-09, boot_se=5.699e-05, ratio=0.00
[2026-01-06T18:36:00.262445] IF vs bootstrap SE mismatch at rel_day -28: IF_se=3.043e-09, boot_se=0.0001651, ratio=0.00
[2026-01-06T18:36:00.713120] IF vs bootstrap SE mismatch at rel_day -27: IF_se=4.944e-09, boot_se=0.00021, ratio=0.00
[2026-01-06T18:36:01.185218] IF vs bootstrap SE mismatch at rel_day -26: IF_se=7.137e-09, boot_se=0.000298, ratio=0.00
[2026-01-06T18:36:01.667829] IF vs bootstrap SE mismatch at rel_day -25: IF_se=9.529e-09, boot_se=0.0004324, ratio=0.00
[2026-01-06T18:36:02.132497] IF vs bootstrap SE mismatch at rel_day -24: IF_se=1.211e-08, boot_se=0.000427, ratio=0.00
[2026-01-06T18:36:02.619381] IF vs bootstrap SE mismatch at rel_day -23: IF_se=1.492e-08, boot_se=0.0007756, ratio=0.00
[2026-01-06T18:36:03.088705] IF vs bootstrap SE mismatch at rel_day -22: IF_se=1.799e-08, boot_se=0.0008372, ratio=0.00
[2026-01-06T18:36:03.553296] IF vs bootstrap SE mismatch at rel_day -21: IF_se=2.128e-08, boot_se=0.001074, ratio=0.00
[2026-01-06T18:36:04.021329] IF vs bootstrap SE mismatch at rel_day -20: IF_se=2.478e-08, boot_se=0.001123, ratio=0.00
[2026-01-06T18:36:04.480213] IF vs bootstrap SE mismatch at rel_day -19: IF_se=2.843e-08, boot_se=0.001282, ratio=0.00
[2026-01-06T18:36:04.955036] IF vs bootstrap SE mismatch at rel_day -18: IF_se=3.219e-08, boot_se=0.001644, ratio=0.00
[2026-01-06T18:36:05.433039] IF vs bootstrap SE mismatch at rel_day -17: IF_se=3.606e-08, boot_se=0.00177, ratio=0.00
[2026-01-06T18:36:05.921477] IF vs bootstrap SE mismatch at rel_day -16: IF_se=4.006e-08, boot_se=0.001847, ratio=0.00
[2026-01-06T18:36:06.418553] IF vs bootstrap SE mismatch at rel_day -15: IF_se=4.42e-08, boot_se=0.001875, ratio=0.00
[2026-01-06T18:36:06.897717] IF vs bootstrap SE mismatch at rel_day -14: IF_se=4.847e-08, boot_se=0.002274, ratio=0.00
[2026-01-06T18:36:07.364314] IF vs bootstrap SE mismatch at rel_day -13: IF_se=5.286e-08, boot_se=0.002269, ratio=0.00
[2026-01-06T18:36:07.855869] IF vs bootstrap SE mismatch at rel_day -12: IF_se=5.736e-08, boot_se=0.002403, ratio=0.00
[2026-01-06T18:36:08.330775] IF vs bootstrap SE mismatch at rel_day -11: IF_se=6.197e-08, boot_se=0.002768, ratio=0.00
[2026-01-06T18:36:08.809853] IF vs bootstrap SE mismatch at rel_day -10: IF_se=6.669e-08, boot_se=0.002578, ratio=0.00
[2026-01-06T18:36:09.287677] IF vs bootstrap SE mismatch at rel_day -9: IF_se=7.152e-08, boot_se=0.003488, ratio=0.00
[2026-01-06T18:36:09.773150] IF vs bootstrap SE mismatch at rel_day -8: IF_se=7.645e-08, boot_se=0.003726, ratio=0.00
[2026-01-06T18:36:10.269628] IF vs bootstrap SE mismatch at rel_day -7: IF_se=8.15e-08, boot_se=0.003932, ratio=0.00
[2026-01-06T18:36:10.770041] IF vs bootstrap SE mismatch at rel_day -6: IF_se=8.665e-08, boot_se=0.003547, ratio=0.00
[2026-01-06T18:36:11.281847] IF vs bootstrap SE mismatch at rel_day -5: IF_se=9.189e-08, boot_se=0.003179, ratio=0.00
[2026-01-06T18:36:11.831805] IF vs bootstrap SE mismatch at rel_day -4: IF_se=9.723e-08, boot_se=0.004511, ratio=0.00
[2026-01-06T18:36:12.352812] IF vs bootstrap SE mismatch at rel_day -3: IF_se=1.027e-07, boot_se=0.005218, ratio=0.00
[2026-01-06T18:36:12.954551] IF vs bootstrap SE mismatch at rel_day -2: IF_se=1.082e-07, boot_se=0.004647, ratio=0.00
[2026-01-06T18:36:13.474064] IF vs bootstrap SE mismatch at rel_day -1: IF_se=1.137e-07, boot_se=0.004474, ratio=0.00
[2026-01-06T18:36:13.994690] IF vs bootstrap SE mismatch at rel_day 0: IF_se=1.114e-07, boot_se=0.004602, ratio=0.00
[2026-01-06T18:36:14.512633] IF vs bootstrap SE mismatch at rel_day 1: IF_se=1.13e-07, boot_se=0.004718, ratio=0.00
[2026-01-06T18:36:15.092781] IF vs bootstrap SE mismatch at rel_day 2: IF_se=1.116e-07, boot_se=0.004951, ratio=0.00
[2026-01-06T18:36:15.593311] IF vs bootstrap SE mismatch at rel_day 3: IF_se=1.11e-07, boot_se=0.004501, ratio=0.00
[2026-01-06T18:36:16.090443] IF vs bootstrap SE mismatch at rel_day 4: IF_se=1.145e-07, boot_se=0.005198, ratio=0.00
[2026-01-06T18:36:16.575429] IF vs bootstrap SE mismatch at rel_day 5: IF_se=1.12e-07, boot_se=0.005835, ratio=0.00
[2026-01-06T18:36:17.093878] IF vs bootstrap SE mismatch at rel_day 6: IF_se=1.081e-07, boot_se=0.004307, ratio=0.00
[2026-01-06T18:36:17.600687] IF vs bootstrap SE mismatch at rel_day 7: IF_se=1.049e-07, boot_se=0.004272, ratio=0.00
[2026-01-06T18:36:18.123315] IF vs bootstrap SE mismatch at rel_day 8: IF_se=1.013e-07, boot_se=0.004774, ratio=0.00
[2026-01-06T18:36:18.623608] IF vs bootstrap SE mismatch at rel_day 9: IF_se=1.03e-07, boot_se=0.005131, ratio=0.00
[2026-01-06T18:36:19.112177] IF vs bootstrap SE mismatch at rel_day 10: IF_se=1.059e-07, boot_se=0.004975, ratio=0.00
[2026-01-06T18:36:19.613249] IF vs bootstrap SE mismatch at rel_day 11: IF_se=1.078e-07, boot_se=0.003887, ratio=0.00
[2026-01-06T18:36:20.123735] IF vs bootstrap SE mismatch at rel_day 12: IF_se=1.086e-07, boot_se=0.004542, ratio=0.00
[2026-01-06T18:36:20.607692] IF vs bootstrap SE mismatch at rel_day 13: IF_se=9.946e-08, boot_se=0.004292, ratio=0.00
[2026-01-06T18:36:21.117711] IF vs bootstrap SE mismatch at rel_day 14: IF_se=9.964e-08, boot_se=0.00451, ratio=0.00
[2026-01-06T18:36:21.624289] IF vs bootstrap SE mismatch at rel_day 15: IF_se=9.978e-08, boot_se=0.004823, ratio=0.00
[2026-01-06T18:36:22.115792] IF vs bootstrap SE mismatch at rel_day 16: IF_se=9.988e-08, boot_se=0.005074, ratio=0.00
[2026-01-06T18:36:22.625175] IF vs bootstrap SE mismatch at rel_day 17: IF_se=9.76e-08, boot_se=0.004608, ratio=0.00
[2026-01-06T18:36:23.111861] IF vs bootstrap SE mismatch at rel_day 18: IF_se=9.381e-08, boot_se=0.004195, ratio=0.00
[2026-01-06T18:36:23.621675] IF vs bootstrap SE mismatch at rel_day 19: IF_se=9.458e-08, boot_se=0.00462, ratio=0.00
[2026-01-06T18:36:24.122370] IF vs bootstrap SE mismatch at rel_day 20: IF_se=9.164e-08, boot_se=0.00416, ratio=0.00
[2026-01-06T18:36:24.604191] IF vs bootstrap SE mismatch at rel_day 21: IF_se=8.567e-08, boot_se=0.004501, ratio=0.00
[2026-01-06T18:36:25.105284] IF vs bootstrap SE mismatch at rel_day 22: IF_se=8.167e-08, boot_se=0.004133, ratio=0.00
[2026-01-06T18:36:25.608412] IF vs bootstrap SE mismatch at rel_day 23: IF_se=8.012e-08, boot_se=0.003877, ratio=0.00
[2026-01-06T18:36:26.123020] IF vs bootstrap SE mismatch at rel_day 24: IF_se=7.843e-08, boot_se=0.00397, ratio=0.00
[2026-01-06T18:36:26.632755] IF vs bootstrap SE mismatch at rel_day 25: IF_se=7.957e-08, boot_se=0.002643, ratio=0.00
[2026-01-06T18:36:27.119291] IF vs bootstrap SE mismatch at rel_day 26: IF_se=7.783e-08, boot_se=0.003307, ratio=0.00
[2026-01-06T18:36:27.626476] IF vs bootstrap SE mismatch at rel_day 27: IF_se=7.896e-08, boot_se=0.003968, ratio=0.00
[2026-01-06T18:36:28.110692] IF vs bootstrap SE mismatch at rel_day 28: IF_se=7.868e-08, boot_se=0.003065, ratio=0.00
[2026-01-06T18:36:28.612665] IF vs bootstrap SE mismatch at rel_day 29: IF_se=7.838e-08, boot_se=0.003539, ratio=0.00
[2026-01-06T18:36:29.099103] IF vs bootstrap SE mismatch at rel_day 30: IF_se=7.954e-08, boot_se=0.003417, ratio=0.00
[2026-01-06T18:36:29.598492] IF vs bootstrap SE mismatch at rel_day 31: IF_se=7.78e-08, boot_se=0.003741, ratio=0.00
[2026-01-06T18:36:30.104457] IF vs bootstrap SE mismatch at rel_day 32: IF_se=7.589e-08, boot_se=0.0036, ratio=0.00
[2026-01-06T18:36:30.581739] IF vs bootstrap SE mismatch at rel_day 33: IF_se=7.69e-08, boot_se=0.00325, ratio=0.00
[2026-01-06T18:36:31.065990] IF vs bootstrap SE mismatch at rel_day 34: IF_se=7.645e-08, boot_se=0.002824, ratio=0.00
[2026-01-06T18:36:31.576780] IF vs bootstrap SE mismatch at rel_day 35: IF_se=7.747e-08, boot_se=0.003181, ratio=0.00
[2026-01-06T18:36:32.077362] IF vs bootstrap SE mismatch at rel_day 36: IF_se=8.002e-08, boot_se=0.0041, ratio=0.00
[2026-01-06T18:36:32.587646] IF vs bootstrap SE mismatch at rel_day 37: IF_se=7.676e-08, boot_se=0.003046, ratio=0.00
[2026-01-06T18:36:33.073182] IF vs bootstrap SE mismatch at rel_day 38: IF_se=7.776e-08, boot_se=0.003337, ratio=0.00
[2026-01-06T18:36:33.584538] IF vs bootstrap SE mismatch at rel_day 39: IF_se=7.729e-08, boot_se=0.003423, ratio=0.00
[2026-01-06T18:36:34.068190] IF vs bootstrap SE mismatch at rel_day 40: IF_se=7.83e-08, boot_se=0.003288, ratio=0.00
[2026-01-06T18:36:34.577423] IF vs bootstrap SE mismatch at rel_day 41: IF_se=7.934e-08, boot_se=0.003716, ratio=0.00
[2026-01-06T18:36:35.080214] IF vs bootstrap SE mismatch at rel_day 42: IF_se=8.188e-08, boot_se=0.003519, ratio=0.00
[2026-01-06T18:36:35.582371] IF vs bootstrap SE mismatch at rel_day 43: IF_se=8.31e-08, boot_se=0.003602, ratio=0.00
[2026-01-06T18:36:36.100777] IF vs bootstrap SE mismatch at rel_day 44: IF_se=8.009e-08, boot_se=0.002913, ratio=0.00
[2026-01-06T18:36:36.605922] IF vs bootstrap SE mismatch at rel_day 45: IF_se=7.972e-08, boot_se=0.004287, ratio=0.00
[2026-01-06T18:36:37.121418] IF vs bootstrap SE mismatch at rel_day 46: IF_se=7.931e-08, boot_se=0.00337, ratio=0.00
[2026-01-06T18:36:37.626656] IF vs bootstrap SE mismatch at rel_day 47: IF_se=8.034e-08, boot_se=0.004147, ratio=0.00
[2026-01-06T18:36:38.141569] IF vs bootstrap SE mismatch at rel_day 48: IF_se=8.142e-08, boot_se=0.003871, ratio=0.00
[2026-01-06T18:36:38.629667] IF vs bootstrap SE mismatch at rel_day 49: IF_se=7.508e-08, boot_se=0.003156, ratio=0.00
[2026-01-06T18:36:39.112040] IF vs bootstrap SE mismatch at rel_day 50: IF_se=7.426e-08, boot_se=0.002793, ratio=0.00
[2026-01-06T18:36:39.589713] IF vs bootstrap SE mismatch at rel_day 51: IF_se=7.338e-08, boot_se=0.003598, ratio=0.00
[2026-01-06T18:36:40.081675] IF vs bootstrap SE mismatch at rel_day 52: IF_se=7.242e-08, boot_se=0.003397, ratio=0.00
[2026-01-06T18:36:40.577672] IF vs bootstrap SE mismatch at rel_day 53: IF_se=7.461e-08, boot_se=0.002935, ratio=0.00
[2026-01-06T18:36:41.091977] IF vs bootstrap SE mismatch at rel_day 54: IF_se=7.534e-08, boot_se=0.003183, ratio=0.00
[2026-01-06T18:36:41.570815] IF vs bootstrap SE mismatch at rel_day 55: IF_se=6.966e-08, boot_se=0.002826, ratio=0.00
[2026-01-06T18:36:42.056975] IF vs bootstrap SE mismatch at rel_day 56: IF_se=6.84e-08, boot_se=0.003034, ratio=0.00
[2026-01-06T18:36:42.531403] IF vs bootstrap SE mismatch at rel_day 57: IF_se=7.049e-08, boot_se=0.003018, ratio=0.00
[2026-01-06T18:36:43.014641] IF vs bootstrap SE mismatch at rel_day 58: IF_se=7.102e-08, boot_se=0.003341, ratio=0.00
[2026-01-06T18:36:43.518184] IF vs bootstrap SE mismatch at rel_day 59: IF_se=7.16e-08, boot_se=0.00301, ratio=0.00
[2026-01-06T18:36:44.002737] IF vs bootstrap SE mismatch at rel_day 60: IF_se=7.383e-08, boot_se=0.003059, ratio=0.00
[2026-01-06T18:36:45.052886] IF vs bootstrap SE mismatch at rel_day -29: IF_se=1.236e-09, boot_se=4.997e-05, ratio=0.00
[2026-01-06T18:36:45.489277] IF vs bootstrap SE mismatch at rel_day -28: IF_se=2.717e-09, boot_se=0.0001289, ratio=0.00
[2026-01-06T18:36:45.926665] IF vs bootstrap SE mismatch at rel_day -27: IF_se=4.428e-09, boot_se=0.0002039, ratio=0.00
[2026-01-06T18:36:46.376187] IF vs bootstrap SE mismatch at rel_day -26: IF_se=6.402e-09, boot_se=0.0002713, ratio=0.00
[2026-01-06T18:36:46.830414] IF vs bootstrap SE mismatch at rel_day -25: IF_se=8.68e-09, boot_se=0.0004592, ratio=0.00
[2026-01-06T18:36:47.308576] IF vs bootstrap SE mismatch at rel_day -24: IF_se=1.129e-08, boot_se=0.0003987, ratio=0.00
[2026-01-06T18:36:47.776499] IF vs bootstrap SE mismatch at rel_day -23: IF_se=1.421e-08, boot_se=0.0006313, ratio=0.00
[2026-01-06T18:36:48.232241] IF vs bootstrap SE mismatch at rel_day -22: IF_se=1.739e-08, boot_se=0.0006566, ratio=0.00
[2026-01-06T18:36:48.682538] IF vs bootstrap SE mismatch at rel_day -21: IF_se=2.075e-08, boot_se=0.0009699, ratio=0.00
[2026-01-06T18:36:49.154077] IF vs bootstrap SE mismatch at rel_day -20: IF_se=2.428e-08, boot_se=0.001136, ratio=0.00
[2026-01-06T18:36:49.623086] IF vs bootstrap SE mismatch at rel_day -19: IF_se=2.793e-08, boot_se=0.001192, ratio=0.00
[2026-01-06T18:36:50.081225] IF vs bootstrap SE mismatch at rel_day -18: IF_se=3.169e-08, boot_se=0.001477, ratio=0.00
[2026-01-06T18:36:50.538236] IF vs bootstrap SE mismatch at rel_day -17: IF_se=3.553e-08, boot_se=0.001476, ratio=0.00
[2026-01-06T18:36:50.999795] IF vs bootstrap SE mismatch at rel_day -16: IF_se=3.948e-08, boot_se=0.001766, ratio=0.00
[2026-01-06T18:36:51.478130] IF vs bootstrap SE mismatch at rel_day -15: IF_se=4.352e-08, boot_se=0.001959, ratio=0.00
[2026-01-06T18:36:51.978596] IF vs bootstrap SE mismatch at rel_day -14: IF_se=4.766e-08, boot_se=0.002046, ratio=0.00
[2026-01-06T18:36:52.469120] IF vs bootstrap SE mismatch at rel_day -13: IF_se=5.189e-08, boot_se=0.002318, ratio=0.00
[2026-01-06T18:36:52.951156] IF vs bootstrap SE mismatch at rel_day -12: IF_se=5.621e-08, boot_se=0.002896, ratio=0.00
[2026-01-06T18:36:53.439644] IF vs bootstrap SE mismatch at rel_day -11: IF_se=6.064e-08, boot_se=0.002542, ratio=0.00
[2026-01-06T18:36:53.904327] IF vs bootstrap SE mismatch at rel_day -10: IF_se=6.518e-08, boot_se=0.002714, ratio=0.00
[2026-01-06T18:36:54.402661] IF vs bootstrap SE mismatch at rel_day -9: IF_se=6.983e-08, boot_se=0.003, ratio=0.00
[2026-01-06T18:36:54.871874] IF vs bootstrap SE mismatch at rel_day -8: IF_se=7.459e-08, boot_se=0.003405, ratio=0.00
[2026-01-06T18:36:55.371527] IF vs bootstrap SE mismatch at rel_day -7: IF_se=7.943e-08, boot_se=0.003695, ratio=0.00
[2026-01-06T18:36:55.861620] IF vs bootstrap SE mismatch at rel_day -6: IF_se=8.436e-08, boot_se=0.004323, ratio=0.00
[2026-01-06T18:36:56.371228] IF vs bootstrap SE mismatch at rel_day -5: IF_se=8.937e-08, boot_se=0.003565, ratio=0.00
[2026-01-06T18:36:56.848117] IF vs bootstrap SE mismatch at rel_day -4: IF_se=9.446e-08, boot_se=0.004212, ratio=0.00
[2026-01-06T18:36:57.333714] IF vs bootstrap SE mismatch at rel_day -3: IF_se=9.962e-08, boot_se=0.004685, ratio=0.00
[2026-01-06T18:36:57.843649] IF vs bootstrap SE mismatch at rel_day -2: IF_se=1.048e-07, boot_se=0.004358, ratio=0.00
[2026-01-06T18:36:58.346790] IF vs bootstrap SE mismatch at rel_day -1: IF_se=1.101e-07, boot_se=0.005161, ratio=0.00
[2026-01-06T18:36:58.847494] IF vs bootstrap SE mismatch at rel_day 0: IF_se=1.094e-07, boot_se=0.004547, ratio=0.00
[2026-01-06T18:36:59.329696] IF vs bootstrap SE mismatch at rel_day 1: IF_se=1.097e-07, boot_se=0.004689, ratio=0.00
[2026-01-06T18:36:59.839214] IF vs bootstrap SE mismatch at rel_day 2: IF_se=1.119e-07, boot_se=0.005189, ratio=0.00
[2026-01-06T18:37:00.339755] IF vs bootstrap SE mismatch at rel_day 3: IF_se=1.091e-07, boot_se=0.005505, ratio=0.00
[2026-01-06T18:37:00.822146] IF vs bootstrap SE mismatch at rel_day 4: IF_se=1.07e-07, boot_se=0.00446, ratio=0.00
[2026-01-06T18:37:01.311341] IF vs bootstrap SE mismatch at rel_day 5: IF_se=9.909e-08, boot_se=0.003676, ratio=0.00
[2026-01-06T18:37:01.792205] IF vs bootstrap SE mismatch at rel_day 6: IF_se=9.711e-08, boot_se=0.003746, ratio=0.00
[2026-01-06T18:37:02.297973] IF vs bootstrap SE mismatch at rel_day 7: IF_se=9.37e-08, boot_se=0.004089, ratio=0.00
[2026-01-06T18:37:02.780279] IF vs bootstrap SE mismatch at rel_day 8: IF_se=9.483e-08, boot_se=0.003997, ratio=0.00
[2026-01-06T18:37:03.268890] IF vs bootstrap SE mismatch at rel_day 9: IF_se=9.358e-08, boot_se=0.004196, ratio=0.00
[2026-01-06T18:37:03.765741] IF vs bootstrap SE mismatch at rel_day 10: IF_se=9.587e-08, boot_se=0.004165, ratio=0.00
[2026-01-06T18:37:04.249073] IF vs bootstrap SE mismatch at rel_day 11: IF_se=9.825e-08, boot_se=0.004161, ratio=0.00
[2026-01-06T18:37:04.756646] IF vs bootstrap SE mismatch at rel_day 12: IF_se=9.725e-08, boot_se=0.004356, ratio=0.00
[2026-01-06T18:37:05.263658] IF vs bootstrap SE mismatch at rel_day 13: IF_se=9.613e-08, boot_se=0.004421, ratio=0.00
[2026-01-06T18:37:05.767180] IF vs bootstrap SE mismatch at rel_day 14: IF_se=9.73e-08, boot_se=0.003743, ratio=0.00
[2026-01-06T18:37:06.256364] IF vs bootstrap SE mismatch at rel_day 15: IF_se=9.373e-08, boot_se=0.003757, ratio=0.00
[2026-01-06T18:37:06.757577] IF vs bootstrap SE mismatch at rel_day 16: IF_se=9.71e-08, boot_se=0.003866, ratio=0.00
[2026-01-06T18:37:07.265894] IF vs bootstrap SE mismatch at rel_day 17: IF_se=9.096e-08, boot_se=0.004073, ratio=0.00
[2026-01-06T18:37:07.764090] IF vs bootstrap SE mismatch at rel_day 18: IF_se=8.788e-08, boot_se=0.003671, ratio=0.00
[2026-01-06T18:37:08.252472] IF vs bootstrap SE mismatch at rel_day 19: IF_se=8.444e-08, boot_se=0.003639, ratio=0.00
[2026-01-06T18:37:08.748605] IF vs bootstrap SE mismatch at rel_day 20: IF_se=7.914e-08, boot_se=0.002901, ratio=0.00
[2026-01-06T18:37:09.233190] IF vs bootstrap SE mismatch at rel_day 21: IF_se=8.055e-08, boot_se=0.003611, ratio=0.00
[2026-01-06T18:37:09.712176] IF vs bootstrap SE mismatch at rel_day 22: IF_se=8.204e-08, boot_se=0.003344, ratio=0.00
[2026-01-06T18:37:10.217653] IF vs bootstrap SE mismatch at rel_day 23: IF_se=8.361e-08, boot_se=0.003059, ratio=0.00
[2026-01-06T18:37:10.727585] IF vs bootstrap SE mismatch at rel_day 24: IF_se=8.109e-08, boot_se=0.003782, ratio=0.00
[2026-01-06T18:37:11.239774] IF vs bootstrap SE mismatch at rel_day 25: IF_se=7.974e-08, boot_se=0.0038, ratio=0.00
[2026-01-06T18:37:11.721798] IF vs bootstrap SE mismatch at rel_day 26: IF_se=8.258e-08, boot_se=0.00359, ratio=0.00
[2026-01-06T18:37:12.216078] IF vs bootstrap SE mismatch at rel_day 27: IF_se=8.133e-08, boot_se=0.00437, ratio=0.00
[2026-01-06T18:37:12.710650] IF vs bootstrap SE mismatch at rel_day 28: IF_se=8.14e-08, boot_se=0.00345, ratio=0.00
[2026-01-06T18:37:13.198089] IF vs bootstrap SE mismatch at rel_day 29: IF_se=8.424e-08, boot_se=0.00416, ratio=0.00
[2026-01-06T18:37:13.700420] IF vs bootstrap SE mismatch at rel_day 30: IF_se=8.309e-08, boot_se=0.004552, ratio=0.00
[2026-01-06T18:37:14.220951] IF vs bootstrap SE mismatch at rel_day 31: IF_se=8.729e-08, boot_se=0.00406, ratio=0.00
[2026-01-06T18:37:14.732367] IF vs bootstrap SE mismatch at rel_day 32: IF_se=8.898e-08, boot_se=0.003621, ratio=0.00
[2026-01-06T18:37:15.253914] IF vs bootstrap SE mismatch at rel_day 33: IF_se=8.945e-08, boot_se=0.0042, ratio=0.00
[2026-01-06T18:37:15.758202] IF vs bootstrap SE mismatch at rel_day 34: IF_se=8.73e-08, boot_se=0.003973, ratio=0.00
[2026-01-06T18:37:16.277458] IF vs bootstrap SE mismatch at rel_day 35: IF_se=8.625e-08, boot_se=0.00396, ratio=0.00
[2026-01-06T18:37:16.759692] IF vs bootstrap SE mismatch at rel_day 36: IF_se=8.777e-08, boot_se=0.004154, ratio=0.00
[2026-01-06T18:37:17.281030] IF vs bootstrap SE mismatch at rel_day 37: IF_se=8.669e-08, boot_se=0.003945, ratio=0.00
[2026-01-06T18:37:17.761036] IF vs bootstrap SE mismatch at rel_day 38: IF_se=8.131e-08, boot_se=0.003901, ratio=0.00
[2026-01-06T18:37:18.251814] IF vs bootstrap SE mismatch at rel_day 39: IF_se=7.662e-08, boot_se=0.00363, ratio=0.00
[2026-01-06T18:37:18.750642] IF vs bootstrap SE mismatch at rel_day 40: IF_se=7.442e-08, boot_se=0.003202, ratio=0.00
[2026-01-06T18:37:19.253992] IF vs bootstrap SE mismatch at rel_day 41: IF_se=7.667e-08, boot_se=0.004019, ratio=0.00
[2026-01-06T18:37:19.748522] IF vs bootstrap SE mismatch at rel_day 42: IF_se=7.446e-08, boot_se=0.00388, ratio=0.00
[2026-01-06T18:37:20.265111] IF vs bootstrap SE mismatch at rel_day 43: IF_se=7.361e-08, boot_se=0.00306, ratio=0.00
[2026-01-06T18:37:20.773570] IF vs bootstrap SE mismatch at rel_day 44: IF_se=7.269e-08, boot_se=0.003364, ratio=0.00
[2026-01-06T18:37:21.289363] IF vs bootstrap SE mismatch at rel_day 45: IF_se=7.487e-08, boot_se=0.002838, ratio=0.00
[2026-01-06T18:37:21.768253] IF vs bootstrap SE mismatch at rel_day 46: IF_se=7.405e-08, boot_se=0.003706, ratio=0.00
[2026-01-06T18:37:22.265365] IF vs bootstrap SE mismatch at rel_day 47: IF_se=7.473e-08, boot_se=0.003338, ratio=0.00
[2026-01-06T18:37:22.753918] IF vs bootstrap SE mismatch at rel_day 48: IF_se=7.39e-08, boot_se=0.004077, ratio=0.00
[2026-01-06T18:37:23.254548] IF vs bootstrap SE mismatch at rel_day 49: IF_se=7.298e-08, boot_se=0.0029, ratio=0.00
[2026-01-06T18:37:23.753064] IF vs bootstrap SE mismatch at rel_day 50: IF_se=7.035e-08, boot_se=0.003547, ratio=0.00
[2026-01-06T18:37:24.252855] IF vs bootstrap SE mismatch at rel_day 51: IF_se=6.742e-08, boot_se=0.002863, ratio=0.00
[2026-01-06T18:37:24.734035] IF vs bootstrap SE mismatch at rel_day 52: IF_se=6.939e-08, boot_se=0.002923, ratio=0.00
[2026-01-06T18:37:25.246935] IF vs bootstrap SE mismatch at rel_day 53: IF_se=7.144e-08, boot_se=0.003294, ratio=0.00
[2026-01-06T18:37:25.742723] IF vs bootstrap SE mismatch at rel_day 54: IF_se=7.358e-08, boot_se=0.002973, ratio=0.00
[2026-01-06T18:37:26.229873] IF vs bootstrap SE mismatch at rel_day 55: IF_se=7.424e-08, boot_se=0.003802, ratio=0.00
[2026-01-06T18:37:26.721109] IF vs bootstrap SE mismatch at rel_day 56: IF_se=7.335e-08, boot_se=0.003138, ratio=0.00
[2026-01-06T18:37:27.204327] IF vs bootstrap SE mismatch at rel_day 57: IF_se=7.238e-08, boot_se=0.003134, ratio=0.00
[2026-01-06T18:37:27.704660] IF vs bootstrap SE mismatch at rel_day 58: IF_se=7.293e-08, boot_se=0.003555, ratio=0.00
[2026-01-06T18:37:28.186669] IF vs bootstrap SE mismatch at rel_day 59: IF_se=7.027e-08, boot_se=0.003532, ratio=0.00
[2026-01-06T18:37:28.687103] IF vs bootstrap SE mismatch at rel_day 60: IF_se=7.067e-08, boot_se=0.003088, ratio=0.00
[2026-01-06T18:37:29.749322] IF vs bootstrap SE mismatch at rel_day -29: IF_se=1.018e-09, boot_se=5.217e-05, ratio=0.00
[2026-01-06T18:37:30.186857] IF vs bootstrap SE mismatch at rel_day -28: IF_se=2.387e-09, boot_se=9.353e-05, ratio=0.00
[2026-01-06T18:37:30.627753] IF vs bootstrap SE mismatch at rel_day -27: IF_se=4.134e-09, boot_se=0.0001791, ratio=0.00
[2026-01-06T18:37:31.084652] IF vs bootstrap SE mismatch at rel_day -26: IF_se=6.212e-09, boot_se=0.0002682, ratio=0.00
[2026-01-06T18:37:31.533502] IF vs bootstrap SE mismatch at rel_day -25: IF_se=8.545e-09, boot_se=0.000334, ratio=0.00
[2026-01-06T18:37:31.981083] IF vs bootstrap SE mismatch at rel_day -24: IF_se=1.111e-08, boot_se=0.0005596, ratio=0.00
[2026-01-06T18:37:32.475004] IF vs bootstrap SE mismatch at rel_day -23: IF_se=1.391e-08, boot_se=0.0006492, ratio=0.00
[2026-01-06T18:37:32.939155] IF vs bootstrap SE mismatch at rel_day -22: IF_se=1.69e-08, boot_se=0.0008503, ratio=0.00
[2026-01-06T18:37:33.397925] IF vs bootstrap SE mismatch at rel_day -21: IF_se=2.008e-08, boot_se=0.0009073, ratio=0.00
[2026-01-06T18:37:33.849447] IF vs bootstrap SE mismatch at rel_day -20: IF_se=2.346e-08, boot_se=0.0009247, ratio=0.00
[2026-01-06T18:37:34.323545] IF vs bootstrap SE mismatch at rel_day -19: IF_se=2.701e-08, boot_se=0.001009, ratio=0.00
[2026-01-06T18:37:34.791645] IF vs bootstrap SE mismatch at rel_day -18: IF_se=3.073e-08, boot_se=0.001129, ratio=0.00
[2026-01-06T18:37:35.265085] IF vs bootstrap SE mismatch at rel_day -17: IF_se=3.462e-08, boot_se=0.001357, ratio=0.00
[2026-01-06T18:37:35.742429] IF vs bootstrap SE mismatch at rel_day -16: IF_se=3.866e-08, boot_se=0.001596, ratio=0.00
[2026-01-06T18:37:36.305930] IF vs bootstrap SE mismatch at rel_day -15: IF_se=4.286e-08, boot_se=0.001991, ratio=0.00
[2026-01-06T18:37:36.820286] IF vs bootstrap SE mismatch at rel_day -14: IF_se=4.721e-08, boot_se=0.002376, ratio=0.00
[2026-01-06T18:37:37.306124] IF vs bootstrap SE mismatch at rel_day -13: IF_se=5.169e-08, boot_se=0.00192, ratio=0.00
[2026-01-06T18:37:37.781263] IF vs bootstrap SE mismatch at rel_day -12: IF_se=5.628e-08, boot_se=0.00301, ratio=0.00
[2026-01-06T18:37:38.248546] IF vs bootstrap SE mismatch at rel_day -11: IF_se=6.097e-08, boot_se=0.001908, ratio=0.00
[2026-01-06T18:37:38.709771] IF vs bootstrap SE mismatch at rel_day -10: IF_se=6.576e-08, boot_se=0.003024, ratio=0.00
[2026-01-06T18:37:39.176941] IF vs bootstrap SE mismatch at rel_day -9: IF_se=7.065e-08, boot_se=0.002328, ratio=0.00
[2026-01-06T18:37:39.658163] IF vs bootstrap SE mismatch at rel_day -8: IF_se=7.563e-08, boot_se=0.003881, ratio=0.00
[2026-01-06T18:37:40.146303] IF vs bootstrap SE mismatch at rel_day -7: IF_se=8.07e-08, boot_se=0.003217, ratio=0.00
[2026-01-06T18:37:40.657381] IF vs bootstrap SE mismatch at rel_day -6: IF_se=8.585e-08, boot_se=0.003665, ratio=0.00
[2026-01-06T18:37:41.156982] IF vs bootstrap SE mismatch at rel_day -5: IF_se=9.108e-08, boot_se=0.003276, ratio=0.00
[2026-01-06T18:37:41.663648] IF vs bootstrap SE mismatch at rel_day -4: IF_se=9.638e-08, boot_se=0.003801, ratio=0.00
[2026-01-06T18:37:42.144038] IF vs bootstrap SE mismatch at rel_day -3: IF_se=1.018e-07, boot_se=0.005236, ratio=0.00
[2026-01-06T18:37:42.640002] IF vs bootstrap SE mismatch at rel_day -2: IF_se=1.072e-07, boot_se=0.004827, ratio=0.00
[2026-01-06T18:37:43.140973] IF vs bootstrap SE mismatch at rel_day -1: IF_se=1.127e-07, boot_se=0.004927, ratio=0.00
[2026-01-06T18:37:43.631526] IF vs bootstrap SE mismatch at rel_day 0: IF_se=1.143e-07, boot_se=0.004698, ratio=0.00
[2026-01-06T18:37:44.125593] IF vs bootstrap SE mismatch at rel_day 1: IF_se=1.139e-07, boot_se=0.004614, ratio=0.00
[2026-01-06T18:37:44.630972] IF vs bootstrap SE mismatch at rel_day 2: IF_se=1.134e-07, boot_se=0.004776, ratio=0.00
[2026-01-06T18:37:45.118590] IF vs bootstrap SE mismatch at rel_day 3: IF_se=1.118e-07, boot_se=0.006296, ratio=0.00
[2026-01-06T18:37:45.631423] IF vs bootstrap SE mismatch at rel_day 4: IF_se=1.131e-07, boot_se=0.003977, ratio=0.00
[2026-01-06T18:37:46.134302] IF vs bootstrap SE mismatch at rel_day 5: IF_se=1.102e-07, boot_se=0.00472, ratio=0.00
[2026-01-06T18:37:46.658825] IF vs bootstrap SE mismatch at rel_day 6: IF_se=1.103e-07, boot_se=0.004594, ratio=0.00
[2026-01-06T18:37:47.169338] IF vs bootstrap SE mismatch at rel_day 7: IF_se=1.093e-07, boot_se=0.005546, ratio=0.00
[2026-01-06T18:37:47.660953] IF vs bootstrap SE mismatch at rel_day 8: IF_se=1.07e-07, boot_se=0.005433, ratio=0.00
[2026-01-06T18:37:48.141625] IF vs bootstrap SE mismatch at rel_day 9: IF_se=1.045e-07, boot_se=0.004494, ratio=0.00
[2026-01-06T18:37:48.654459] IF vs bootstrap SE mismatch at rel_day 10: IF_se=1.039e-07, boot_se=0.005281, ratio=0.00
[2026-01-06T18:37:49.133314] IF vs bootstrap SE mismatch at rel_day 11: IF_se=9.982e-08, boot_se=0.00512, ratio=0.00
[2026-01-06T18:37:49.637699] IF vs bootstrap SE mismatch at rel_day 12: IF_se=9.88e-08, boot_se=0.004182, ratio=0.00
[2026-01-06T18:37:50.149650] IF vs bootstrap SE mismatch at rel_day 13: IF_se=9.401e-08, boot_se=0.004596, ratio=0.00
[2026-01-06T18:37:50.654270] IF vs bootstrap SE mismatch at rel_day 14: IF_se=8.987e-08, boot_se=0.003227, ratio=0.00
[2026-01-06T18:37:51.153300] IF vs bootstrap SE mismatch at rel_day 15: IF_se=8.922e-08, boot_se=0.003654, ratio=0.00
[2026-01-06T18:37:51.658728] IF vs bootstrap SE mismatch at rel_day 16: IF_se=8.848e-08, boot_se=0.004393, ratio=0.00
[2026-01-06T18:37:52.141114] IF vs bootstrap SE mismatch at rel_day 17: IF_se=9.029e-08, boot_se=0.003186, ratio=0.00
[2026-01-06T18:37:52.649253] IF vs bootstrap SE mismatch at rel_day 18: IF_se=8.693e-08, boot_se=0.003893, ratio=0.00
[2026-01-06T18:37:53.149895] IF vs bootstrap SE mismatch at rel_day 19: IF_se=8.456e-08, boot_se=0.003146, ratio=0.00
[2026-01-06T18:37:53.664933] IF vs bootstrap SE mismatch at rel_day 20: IF_se=8.611e-08, boot_se=0.003685, ratio=0.00
[2026-01-06T18:37:54.179432] IF vs bootstrap SE mismatch at rel_day 21: IF_se=8.363e-08, boot_se=0.003874, ratio=0.00
[2026-01-06T18:37:54.673079] IF vs bootstrap SE mismatch at rel_day 22: IF_se=8.088e-08, boot_se=0.003134, ratio=0.00
[2026-01-06T18:37:55.181114] IF vs bootstrap SE mismatch at rel_day 23: IF_se=8.081e-08, boot_se=0.003228, ratio=0.00
[2026-01-06T18:37:55.701972] IF vs bootstrap SE mismatch at rel_day 24: IF_se=8.074e-08, boot_se=0.003778, ratio=0.00
[2026-01-06T18:37:56.182360] IF vs bootstrap SE mismatch at rel_day 25: IF_se=8.212e-08, boot_se=0.003334, ratio=0.00
[2026-01-06T18:37:56.688109] IF vs bootstrap SE mismatch at rel_day 26: IF_se=8.217e-08, boot_se=0.003717, ratio=0.00
[2026-01-06T18:37:57.172122] IF vs bootstrap SE mismatch at rel_day 27: IF_se=8.079e-08, boot_se=0.004069, ratio=0.00
[2026-01-06T18:37:57.661116] IF vs bootstrap SE mismatch at rel_day 28: IF_se=8.076e-08, boot_se=0.003216, ratio=0.00
[2026-01-06T18:37:58.143726] IF vs bootstrap SE mismatch at rel_day 29: IF_se=8.499e-08, boot_se=0.003854, ratio=0.00
[2026-01-06T18:37:58.659723] IF vs bootstrap SE mismatch at rel_day 30: IF_se=8.526e-08, boot_se=0.0041, ratio=0.00
[2026-01-06T18:37:59.140303] IF vs bootstrap SE mismatch at rel_day 31: IF_se=8.415e-08, boot_se=0.003471, ratio=0.00
[2026-01-06T18:37:59.662954] IF vs bootstrap SE mismatch at rel_day 32: IF_se=8.711e-08, boot_se=0.003862, ratio=0.00
[2026-01-06T18:38:00.147137] IF vs bootstrap SE mismatch at rel_day 33: IF_se=8.337e-08, boot_se=0.003522, ratio=0.00
[2026-01-06T18:38:00.672164] IF vs bootstrap SE mismatch at rel_day 34: IF_se=8.208e-08, boot_se=0.002812, ratio=0.00
[2026-01-06T18:38:01.151514] IF vs bootstrap SE mismatch at rel_day 35: IF_se=8.067e-08, boot_se=0.003558, ratio=0.00
[2026-01-06T18:38:01.637801] IF vs bootstrap SE mismatch at rel_day 36: IF_se=7.914e-08, boot_se=0.003574, ratio=0.00
[2026-01-06T18:38:02.124541] IF vs bootstrap SE mismatch at rel_day 37: IF_se=7.896e-08, boot_se=0.003331, ratio=0.00
[2026-01-06T18:38:02.610691] IF vs bootstrap SE mismatch at rel_day 38: IF_se=8.172e-08, boot_se=0.003858, ratio=0.00
[2026-01-06T18:38:03.094856] IF vs bootstrap SE mismatch at rel_day 39: IF_se=8.027e-08, boot_se=0.003817, ratio=0.00
[2026-01-06T18:38:03.582334] IF vs bootstrap SE mismatch at rel_day 40: IF_se=8.306e-08, boot_se=0.003884, ratio=0.00
[2026-01-06T18:38:04.089001] IF vs bootstrap SE mismatch at rel_day 41: IF_se=8.172e-08, boot_se=0.004214, ratio=0.00
[2026-01-06T18:38:04.573898] IF vs bootstrap SE mismatch at rel_day 42: IF_se=8.024e-08, boot_se=0.003834, ratio=0.00
[2026-01-06T18:38:05.081044] IF vs bootstrap SE mismatch at rel_day 43: IF_se=8.156e-08, boot_se=0.002985, ratio=0.00
[2026-01-06T18:38:05.567164] IF vs bootstrap SE mismatch at rel_day 44: IF_se=8.434e-08, boot_se=0.003482, ratio=0.00
[2026-01-06T18:38:06.047269] IF vs bootstrap SE mismatch at rel_day 45: IF_se=8.72e-08, boot_se=0.003734, ratio=0.00
[2026-01-06T18:38:06.532093] IF vs bootstrap SE mismatch at rel_day 46: IF_se=8.745e-08, boot_se=0.004205, ratio=0.00
[2026-01-06T18:38:07.014675] IF vs bootstrap SE mismatch at rel_day 47: IF_se=8.768e-08, boot_se=0.004007, ratio=0.00
[2026-01-06T18:38:07.500867] IF vs bootstrap SE mismatch at rel_day 48: IF_se=8.79e-08, boot_se=0.00312, ratio=0.00
[2026-01-06T18:38:07.977716] IF vs bootstrap SE mismatch at rel_day 49: IF_se=8.536e-08, boot_se=0.00373, ratio=0.00
[2026-01-06T18:38:08.461101] IF vs bootstrap SE mismatch at rel_day 50: IF_se=8.251e-08, boot_se=0.003296, ratio=0.00
[2026-01-06T18:38:08.952348] IF vs bootstrap SE mismatch at rel_day 51: IF_se=8.079e-08, boot_se=0.00344, ratio=0.00
[2026-01-06T18:38:09.438578] IF vs bootstrap SE mismatch at rel_day 52: IF_se=7.886e-08, boot_se=0.003681, ratio=0.00
[2026-01-06T18:38:09.918293] IF vs bootstrap SE mismatch at rel_day 53: IF_se=7.824e-08, boot_se=0.003726, ratio=0.00
[2026-01-06T18:38:10.398508] IF vs bootstrap SE mismatch at rel_day 54: IF_se=7.442e-08, boot_se=0.003687, ratio=0.00
[2026-01-06T18:38:10.916918] IF vs bootstrap SE mismatch at rel_day 55: IF_se=7.5e-08, boot_se=0.003248, ratio=0.00
[2026-01-06T18:38:11.399909] IF vs bootstrap SE mismatch at rel_day 56: IF_se=7.56e-08, boot_se=0.003382, ratio=0.00
[2026-01-06T18:38:11.909411] IF vs bootstrap SE mismatch at rel_day 57: IF_se=7.625e-08, boot_se=0.00288, ratio=0.00
[2026-01-06T18:38:12.390637] IF vs bootstrap SE mismatch at rel_day 58: IF_se=7.379e-08, boot_se=0.002677, ratio=0.00
[2026-01-06T18:38:12.918957] IF vs bootstrap SE mismatch at rel_day 59: IF_se=7.108e-08, boot_se=0.00317, ratio=0.00
[2026-01-06T18:38:13.396821] IF vs bootstrap SE mismatch at rel_day 60: IF_se=7.146e-08, boot_se=0.003279, ratio=0.00
[2026-01-06T18:38:14.463579] IF vs bootstrap SE mismatch at rel_day -29: IF_se=1.239e-09, boot_se=5.028e-05, ratio=0.00
[2026-01-06T18:38:14.906056] IF vs bootstrap SE mismatch at rel_day -28: IF_se=2.724e-09, boot_se=0.000134, ratio=0.00
[2026-01-06T18:38:15.361834] IF vs bootstrap SE mismatch at rel_day -27: IF_se=4.439e-09, boot_se=0.0002252, ratio=0.00
[2026-01-06T18:38:15.811629] IF vs bootstrap SE mismatch at rel_day -26: IF_se=6.338e-09, boot_se=0.000239, ratio=0.00
[2026-01-06T18:38:16.277008] IF vs bootstrap SE mismatch at rel_day -25: IF_se=8.388e-09, boot_se=0.0003429, ratio=0.00
[2026-01-06T18:38:16.760943] IF vs bootstrap SE mismatch at rel_day -24: IF_se=1.054e-08, boot_se=0.0004472, ratio=0.00
[2026-01-06T18:38:17.230987] IF vs bootstrap SE mismatch at rel_day -23: IF_se=1.282e-08, boot_se=0.0005378, ratio=0.00
[2026-01-06T18:38:17.705907] IF vs bootstrap SE mismatch at rel_day -22: IF_se=1.527e-08, boot_se=0.0006413, ratio=0.00
[2026-01-06T18:38:18.159960] IF vs bootstrap SE mismatch at rel_day -21: IF_se=1.789e-08, boot_se=0.0006854, ratio=0.00
[2026-01-06T18:38:18.619434] IF vs bootstrap SE mismatch at rel_day -20: IF_se=2.068e-08, boot_se=0.0009778, ratio=0.00
[2026-01-06T18:38:19.093545] IF vs bootstrap SE mismatch at rel_day -19: IF_se=2.364e-08, boot_se=0.001031, ratio=0.00
[2026-01-06T18:38:19.559734] IF vs bootstrap SE mismatch at rel_day -18: IF_se=2.677e-08, boot_se=0.001152, ratio=0.00
[2026-01-06T18:38:20.033140] IF vs bootstrap SE mismatch at rel_day -17: IF_se=3.003e-08, boot_se=0.001343, ratio=0.00
[2026-01-06T18:38:20.497813] IF vs bootstrap SE mismatch at rel_day -16: IF_se=3.34e-08, boot_se=0.001422, ratio=0.00
[2026-01-06T18:38:20.985171] IF vs bootstrap SE mismatch at rel_day -15: IF_se=3.689e-08, boot_se=0.001422, ratio=0.00
[2026-01-06T18:38:21.448233] IF vs bootstrap SE mismatch at rel_day -14: IF_se=4.049e-08, boot_se=0.001753, ratio=0.00
[2026-01-06T18:38:21.921954] IF vs bootstrap SE mismatch at rel_day -13: IF_se=4.421e-08, boot_se=0.00176, ratio=0.00
[2026-01-06T18:38:22.387006] IF vs bootstrap SE mismatch at rel_day -12: IF_se=4.807e-08, boot_se=0.002447, ratio=0.00
[2026-01-06T18:38:22.880195] IF vs bootstrap SE mismatch at rel_day -11: IF_se=5.205e-08, boot_se=0.002359, ratio=0.00
[2026-01-06T18:38:23.347502] IF vs bootstrap SE mismatch at rel_day -10: IF_se=5.617e-08, boot_se=0.00256, ratio=0.00
[2026-01-06T18:38:23.847024] IF vs bootstrap SE mismatch at rel_day -9: IF_se=6.041e-08, boot_se=0.002684, ratio=0.00
[2026-01-06T18:38:24.338791] IF vs bootstrap SE mismatch at rel_day -8: IF_se=6.475e-08, boot_se=0.002727, ratio=0.00
[2026-01-06T18:38:24.842590] IF vs bootstrap SE mismatch at rel_day -7: IF_se=6.92e-08, boot_se=0.00285, ratio=0.00
[2026-01-06T18:38:25.341046] IF vs bootstrap SE mismatch at rel_day -6: IF_se=7.375e-08, boot_se=0.003406, ratio=0.00
[2026-01-06T18:38:25.843457] IF vs bootstrap SE mismatch at rel_day -5: IF_se=7.838e-08, boot_se=0.002989, ratio=0.00
[2026-01-06T18:38:26.333568] IF vs bootstrap SE mismatch at rel_day -4: IF_se=8.309e-08, boot_se=0.003556, ratio=0.00
[2026-01-06T18:38:26.843263] IF vs bootstrap SE mismatch at rel_day -3: IF_se=8.787e-08, boot_se=0.004324, ratio=0.00
[2026-01-06T18:38:27.327528] IF vs bootstrap SE mismatch at rel_day -2: IF_se=9.273e-08, boot_se=0.004718, ratio=0.00
[2026-01-06T18:38:27.820046] IF vs bootstrap SE mismatch at rel_day -1: IF_se=9.768e-08, boot_se=0.003773, ratio=0.00
[2026-01-06T18:38:28.303728] IF vs bootstrap SE mismatch at rel_day 0: IF_se=9.578e-08, boot_se=0.004697, ratio=0.00
[2026-01-06T18:38:28.824771] IF vs bootstrap SE mismatch at rel_day 1: IF_se=9.493e-08, boot_se=0.003611, ratio=0.00
[2026-01-06T18:38:29.304953] IF vs bootstrap SE mismatch at rel_day 2: IF_se=9.641e-08, boot_se=0.003514, ratio=0.00
[2026-01-06T18:38:29.816222] IF vs bootstrap SE mismatch at rel_day 3: IF_se=9.678e-08, boot_se=0.003976, ratio=0.00
[2026-01-06T18:38:30.314354] IF vs bootstrap SE mismatch at rel_day 4: IF_se=9.95e-08, boot_se=0.004669, ratio=0.00
[2026-01-06T18:38:30.805064] IF vs bootstrap SE mismatch at rel_day 5: IF_se=1.034e-07, boot_se=0.005287, ratio=0.00
[2026-01-06T18:38:31.301740] IF vs bootstrap SE mismatch at rel_day 6: IF_se=1.009e-07, boot_se=0.003683, ratio=0.00
[2026-01-06T18:38:31.801857] IF vs bootstrap SE mismatch at rel_day 7: IF_se=1.003e-07, boot_se=0.004343, ratio=0.00
[2026-01-06T18:38:32.298618] IF vs bootstrap SE mismatch at rel_day 8: IF_se=9.971e-08, boot_se=0.004762, ratio=0.00
[2026-01-06T18:38:32.805481] IF vs bootstrap SE mismatch at rel_day 9: IF_se=9.905e-08, boot_se=0.003301, ratio=0.00
[2026-01-06T18:38:33.283720] IF vs bootstrap SE mismatch at rel_day 10: IF_se=9.596e-08, boot_se=0.003673, ratio=0.00
[2026-01-06T18:38:33.792501] IF vs bootstrap SE mismatch at rel_day 11: IF_se=9.737e-08, boot_se=0.004067, ratio=0.00
[2026-01-06T18:38:34.292976] IF vs bootstrap SE mismatch at rel_day 12: IF_se=1.011e-07, boot_se=0.004329, ratio=0.00
[2026-01-06T18:38:34.812555] IF vs bootstrap SE mismatch at rel_day 13: IF_se=1.005e-07, boot_se=0.005329, ratio=0.00
[2026-01-06T18:38:35.291051] IF vs bootstrap SE mismatch at rel_day 14: IF_se=9.98e-08, boot_se=0.004823, ratio=0.00
[2026-01-06T18:38:35.813009] IF vs bootstrap SE mismatch at rel_day 15: IF_se=1.024e-07, boot_se=0.0042, ratio=0.00
[2026-01-06T18:38:36.323582] IF vs bootstrap SE mismatch at rel_day 16: IF_se=9.476e-08, boot_se=0.004469, ratio=0.00
[2026-01-06T18:38:36.815804] IF vs bootstrap SE mismatch at rel_day 17: IF_se=9.348e-08, boot_se=0.003718, ratio=0.00
[2026-01-06T18:38:37.299999] IF vs bootstrap SE mismatch at rel_day 18: IF_se=9.08e-08, boot_se=0.004086, ratio=0.00
[2026-01-06T18:38:37.788819] IF vs bootstrap SE mismatch at rel_day 19: IF_se=8.782e-08, boot_se=0.004388, ratio=0.00
[2026-01-06T18:38:38.277690] IF vs bootstrap SE mismatch at rel_day 20: IF_se=8.851e-08, boot_se=0.003986, ratio=0.00
[2026-01-06T18:38:38.778592] IF vs bootstrap SE mismatch at rel_day 21: IF_se=9.052e-08, boot_se=0.003919, ratio=0.00
[2026-01-06T18:38:39.283080] IF vs bootstrap SE mismatch at rel_day 22: IF_se=9.006e-08, boot_se=0.00349, ratio=0.00
[2026-01-06T18:38:39.768720] IF vs bootstrap SE mismatch at rel_day 23: IF_se=8.824e-08, boot_se=0.003327, ratio=0.00
[2026-01-06T18:38:40.244309] IF vs bootstrap SE mismatch at rel_day 24: IF_se=9.267e-08, boot_se=0.00419, ratio=0.00
[2026-01-06T18:38:40.749175] IF vs bootstrap SE mismatch at rel_day 25: IF_se=9.475e-08, boot_se=0.003779, ratio=0.00
[2026-01-06T18:38:41.254610] IF vs bootstrap SE mismatch at rel_day 26: IF_se=9.198e-08, boot_se=0.004196, ratio=0.00
[2026-01-06T18:38:41.744665] IF vs bootstrap SE mismatch at rel_day 27: IF_se=8.889e-08, boot_se=0.003976, ratio=0.00
[2026-01-06T18:38:42.242429] IF vs bootstrap SE mismatch at rel_day 28: IF_se=8.939e-08, boot_se=0.003248, ratio=0.00
[2026-01-06T18:38:42.730478] IF vs bootstrap SE mismatch at rel_day 29: IF_se=8.728e-08, boot_se=0.003689, ratio=0.00
[2026-01-06T18:38:43.236799] IF vs bootstrap SE mismatch at rel_day 30: IF_se=8.492e-08, boot_se=0.003711, ratio=0.00
[2026-01-06T18:38:43.740072] IF vs bootstrap SE mismatch at rel_day 31: IF_se=8.507e-08, boot_se=0.003816, ratio=0.00
[2026-01-06T18:38:44.242295] IF vs bootstrap SE mismatch at rel_day 32: IF_se=8.921e-08, boot_se=0.003807, ratio=0.00
[2026-01-06T18:38:44.766525] IF vs bootstrap SE mismatch at rel_day 33: IF_se=8.428e-08, boot_se=0.003484, ratio=0.00
[2026-01-06T18:38:45.248867] IF vs bootstrap SE mismatch at rel_day 34: IF_se=8.57e-08, boot_se=0.003999, ratio=0.00
[2026-01-06T18:38:45.765258] IF vs bootstrap SE mismatch at rel_day 35: IF_se=8.169e-08, boot_se=0.00504, ratio=0.00
[2026-01-06T18:38:46.246202] IF vs bootstrap SE mismatch at rel_day 36: IF_se=8.011e-08, boot_se=0.003562, ratio=0.00
[2026-01-06T18:38:46.762647] IF vs bootstrap SE mismatch at rel_day 37: IF_se=7.536e-08, boot_se=0.003657, ratio=0.00
[2026-01-06T18:38:47.276778] IF vs bootstrap SE mismatch at rel_day 38: IF_se=7.474e-08, boot_se=0.003214, ratio=0.00
[2026-01-06T18:38:47.797138] IF vs bootstrap SE mismatch at rel_day 39: IF_se=7.715e-08, boot_se=0.003636, ratio=0.00
[2026-01-06T18:38:48.277266] IF vs bootstrap SE mismatch at rel_day 40: IF_se=7.513e-08, boot_se=0.003531, ratio=0.00
[2026-01-06T18:38:48.767832] IF vs bootstrap SE mismatch at rel_day 41: IF_se=7.604e-08, boot_se=0.003218, ratio=0.00
[2026-01-06T18:38:49.244912] IF vs bootstrap SE mismatch at rel_day 42: IF_se=7.85e-08, boot_se=0.003194, ratio=0.00
[2026-01-06T18:38:49.741891] IF vs bootstrap SE mismatch at rel_day 43: IF_se=7.96e-08, boot_se=0.003184, ratio=0.00
[2026-01-06T18:38:50.240100] IF vs bootstrap SE mismatch at rel_day 44: IF_se=7.63e-08, boot_se=0.0025, ratio=0.00
[2026-01-06T18:38:50.726694] IF vs bootstrap SE mismatch at rel_day 45: IF_se=7.419e-08, boot_se=0.002979, ratio=0.00
[2026-01-06T18:38:51.232364] IF vs bootstrap SE mismatch at rel_day 46: IF_se=7.811e-08, boot_se=0.003753, ratio=0.00
[2026-01-06T18:38:51.719194] IF vs bootstrap SE mismatch at rel_day 47: IF_se=7.465e-08, boot_se=0.00338, ratio=0.00
[2026-01-06T18:38:52.202400] IF vs bootstrap SE mismatch at rel_day 48: IF_se=7.077e-08, boot_se=0.003166, ratio=0.00
[2026-01-06T18:38:52.705954] IF vs bootstrap SE mismatch at rel_day 49: IF_se=7.148e-08, boot_se=0.002772, ratio=0.00
[2026-01-06T18:38:53.204959] IF vs bootstrap SE mismatch at rel_day 50: IF_se=7.542e-08, boot_se=0.003402, ratio=0.00
[2026-01-06T18:38:53.697845] IF vs bootstrap SE mismatch at rel_day 51: IF_se=7.796e-08, boot_se=0.003743, ratio=0.00
[2026-01-06T18:38:54.178824] IF vs bootstrap SE mismatch at rel_day 52: IF_se=8.059e-08, boot_se=0.003501, ratio=0.00
[2026-01-06T18:38:54.670735] IF vs bootstrap SE mismatch at rel_day 53: IF_se=8.189e-08, boot_se=0.003922, ratio=0.00
[2026-01-06T18:38:55.165586] IF vs bootstrap SE mismatch at rel_day 54: IF_se=7.892e-08, boot_se=0.003498, ratio=0.00
[2026-01-06T18:38:55.676503] IF vs bootstrap SE mismatch at rel_day 55: IF_se=7.862e-08, boot_se=0.003788, ratio=0.00
[2026-01-06T18:38:56.173091] IF vs bootstrap SE mismatch at rel_day 56: IF_se=7.977e-08, boot_se=0.003262, ratio=0.00
[2026-01-06T18:38:56.725315] IF vs bootstrap SE mismatch at rel_day 57: IF_se=8.24e-08, boot_se=0.004064, ratio=0.00
[2026-01-06T18:38:57.267424] IF vs bootstrap SE mismatch at rel_day 58: IF_se=8.087e-08, boot_se=0.003638, ratio=0.00
[2026-01-06T18:38:57.840437] IF vs bootstrap SE mismatch at rel_day 59: IF_se=8.349e-08, boot_se=0.003967, ratio=0.00
[2026-01-06T18:38:58.355492] IF vs bootstrap SE mismatch at rel_day 60: IF_se=7.909e-08, boot_se=0.003338, ratio=0.00
[2026-01-06T18:38:59.442077] IF vs bootstrap SE mismatch at rel_day -29: IF_se=1.008e-09, boot_se=4.375e-05, ratio=0.00
[2026-01-06T18:38:59.900722] IF vs bootstrap SE mismatch at rel_day -28: IF_se=2.198e-09, boot_se=9.318e-05, ratio=0.00
[2026-01-06T18:39:00.378361] IF vs bootstrap SE mismatch at rel_day -27: IF_se=3.671e-09, boot_se=0.0001232, ratio=0.00
[2026-01-06T18:39:00.853452] IF vs bootstrap SE mismatch at rel_day -26: IF_se=5.546e-09, boot_se=0.0002762, ratio=0.00
[2026-01-06T18:39:01.317444] IF vs bootstrap SE mismatch at rel_day -25: IF_se=7.858e-09, boot_se=0.0003282, ratio=0.00
[2026-01-06T18:39:01.783499] IF vs bootstrap SE mismatch at rel_day -24: IF_se=1.05e-08, boot_se=0.0004728, ratio=0.00
[2026-01-06T18:39:02.250055] IF vs bootstrap SE mismatch at rel_day -23: IF_se=1.339e-08, boot_se=0.0007222, ratio=0.00
[2026-01-06T18:39:02.733728] IF vs bootstrap SE mismatch at rel_day -22: IF_se=1.651e-08, boot_se=0.0007259, ratio=0.00
[2026-01-06T18:39:03.199718] IF vs bootstrap SE mismatch at rel_day -21: IF_se=1.983e-08, boot_se=0.0008109, ratio=0.00
[2026-01-06T18:39:03.689966] IF vs bootstrap SE mismatch at rel_day -20: IF_se=2.333e-08, boot_se=0.001152, ratio=0.00
[2026-01-06T18:39:04.161277] IF vs bootstrap SE mismatch at rel_day -19: IF_se=2.701e-08, boot_se=0.001289, ratio=0.00
[2026-01-06T18:39:04.647200] IF vs bootstrap SE mismatch at rel_day -18: IF_se=3.084e-08, boot_se=0.001428, ratio=0.00
[2026-01-06T18:39:05.114766] IF vs bootstrap SE mismatch at rel_day -17: IF_se=3.481e-08, boot_se=0.001627, ratio=0.00
[2026-01-06T18:39:05.576387] IF vs bootstrap SE mismatch at rel_day -16: IF_se=3.892e-08, boot_se=0.001947, ratio=0.00
[2026-01-06T18:39:06.070137] IF vs bootstrap SE mismatch at rel_day -15: IF_se=4.317e-08, boot_se=0.001824, ratio=0.00
[2026-01-06T18:39:06.543023] IF vs bootstrap SE mismatch at rel_day -14: IF_se=4.756e-08, boot_se=0.002176, ratio=0.00
[2026-01-06T18:39:07.024984] IF vs bootstrap SE mismatch at rel_day -13: IF_se=5.207e-08, boot_se=0.002593, ratio=0.00
[2026-01-06T18:39:07.525590] IF vs bootstrap SE mismatch at rel_day -12: IF_se=5.667e-08, boot_se=0.002484, ratio=0.00
[2026-01-06T18:39:08.008884] IF vs bootstrap SE mismatch at rel_day -11: IF_se=6.135e-08, boot_se=0.002406, ratio=0.00
[2026-01-06T18:39:08.485434] IF vs bootstrap SE mismatch at rel_day -10: IF_se=6.611e-08, boot_se=0.002766, ratio=0.00
[2026-01-06T18:39:08.974387] IF vs bootstrap SE mismatch at rel_day -9: IF_se=7.095e-08, boot_se=0.002827, ratio=0.00
[2026-01-06T18:39:09.469637] IF vs bootstrap SE mismatch at rel_day -8: IF_se=7.586e-08, boot_se=0.003054, ratio=0.00
[2026-01-06T18:39:09.960333] IF vs bootstrap SE mismatch at rel_day -7: IF_se=8.085e-08, boot_se=0.004329, ratio=0.00
[2026-01-06T18:39:10.445337] IF vs bootstrap SE mismatch at rel_day -6: IF_se=8.59e-08, boot_se=0.003284, ratio=0.00
[2026-01-06T18:39:10.939734] IF vs bootstrap SE mismatch at rel_day -5: IF_se=9.101e-08, boot_se=0.003514, ratio=0.00
[2026-01-06T18:39:11.446296] IF vs bootstrap SE mismatch at rel_day -4: IF_se=9.619e-08, boot_se=0.005008, ratio=0.00
[2026-01-06T18:39:11.956039] IF vs bootstrap SE mismatch at rel_day -3: IF_se=1.014e-07, boot_se=0.00437, ratio=0.00
[2026-01-06T18:39:12.469296] IF vs bootstrap SE mismatch at rel_day -2: IF_se=1.067e-07, boot_se=0.003939, ratio=0.00
[2026-01-06T18:39:12.987106] IF vs bootstrap SE mismatch at rel_day -1: IF_se=1.121e-07, boot_se=0.004685, ratio=0.00
[2026-01-06T18:39:13.504929] IF vs bootstrap SE mismatch at rel_day 0: IF_se=1.136e-07, boot_se=0.005476, ratio=0.00
[2026-01-06T18:39:14.028774] IF vs bootstrap SE mismatch at rel_day 1: IF_se=1.161e-07, boot_se=0.005415, ratio=0.00
[2026-01-06T18:39:14.544839] IF vs bootstrap SE mismatch at rel_day 2: IF_se=1.167e-07, boot_se=0.004898, ratio=0.00
[2026-01-06T18:39:15.064172] IF vs bootstrap SE mismatch at rel_day 3: IF_se=1.123e-07, boot_se=0.005005, ratio=0.00
[2026-01-06T18:39:15.568139] IF vs bootstrap SE mismatch at rel_day 4: IF_se=1.074e-07, boot_se=0.005409, ratio=0.00
[2026-01-06T18:39:16.099751] IF vs bootstrap SE mismatch at rel_day 5: IF_se=1.072e-07, boot_se=0.004426, ratio=0.00
[2026-01-06T18:39:16.614006] IF vs bootstrap SE mismatch at rel_day 6: IF_se=1.048e-07, boot_se=0.00399, ratio=0.00
[2026-01-06T18:39:17.147793] IF vs bootstrap SE mismatch at rel_day 7: IF_se=1.021e-07, boot_se=0.002875, ratio=0.00
[2026-01-06T18:39:17.658905] IF vs bootstrap SE mismatch at rel_day 8: IF_se=1.002e-07, boot_se=0.004734, ratio=0.00
[2026-01-06T18:39:18.163069] IF vs bootstrap SE mismatch at rel_day 9: IF_se=9.683e-08, boot_se=0.003935, ratio=0.00
[2026-01-06T18:39:18.693591] IF vs bootstrap SE mismatch at rel_day 10: IF_se=9.551e-08, boot_se=0.004392, ratio=0.00
[2026-01-06T18:39:19.228368] IF vs bootstrap SE mismatch at rel_day 11: IF_se=9.278e-08, boot_se=0.004208, ratio=0.00
[2026-01-06T18:39:19.739723] IF vs bootstrap SE mismatch at rel_day 12: IF_se=9.099e-08, boot_se=0.004644, ratio=0.00
[2026-01-06T18:39:20.271514] IF vs bootstrap SE mismatch at rel_day 13: IF_se=8.768e-08, boot_se=0.004028, ratio=0.00
[2026-01-06T18:39:20.767094] IF vs bootstrap SE mismatch at rel_day 14: IF_se=7.974e-08, boot_se=0.003352, ratio=0.00
[2026-01-06T18:39:21.278416] IF vs bootstrap SE mismatch at rel_day 15: IF_se=7.652e-08, boot_se=0.003513, ratio=0.00
[2026-01-06T18:39:21.802023] IF vs bootstrap SE mismatch at rel_day 16: IF_se=8.041e-08, boot_se=0.003526, ratio=0.00
[2026-01-06T18:39:22.311594] IF vs bootstrap SE mismatch at rel_day 17: IF_se=8.161e-08, boot_se=0.003523, ratio=0.00
[2026-01-06T18:39:22.835688] IF vs bootstrap SE mismatch at rel_day 18: IF_se=8.148e-08, boot_se=0.003432, ratio=0.00
[2026-01-06T18:39:23.351194] IF vs bootstrap SE mismatch at rel_day 19: IF_se=8.133e-08, boot_se=0.004374, ratio=0.00
[2026-01-06T18:39:23.853082] IF vs bootstrap SE mismatch at rel_day 20: IF_se=7.68e-08, boot_se=0.003154, ratio=0.00
[2026-01-06T18:39:24.348097] IF vs bootstrap SE mismatch at rel_day 21: IF_se=7.63e-08, boot_se=0.003012, ratio=0.00
[2026-01-06T18:39:24.876839] IF vs bootstrap SE mismatch at rel_day 22: IF_se=7.728e-08, boot_se=0.003275, ratio=0.00
[2026-01-06T18:39:25.391064] IF vs bootstrap SE mismatch at rel_day 23: IF_se=7.684e-08, boot_se=0.003017, ratio=0.00
[2026-01-06T18:39:25.909811] IF vs bootstrap SE mismatch at rel_day 24: IF_se=7.639e-08, boot_se=0.002854, ratio=0.00
[2026-01-06T18:39:26.432034] IF vs bootstrap SE mismatch at rel_day 25: IF_se=7.438e-08, boot_se=0.003102, ratio=0.00
[2026-01-06T18:39:26.933800] IF vs bootstrap SE mismatch at rel_day 26: IF_se=7.059e-08, boot_se=0.002981, ratio=0.00
[2026-01-06T18:39:27.425909] IF vs bootstrap SE mismatch at rel_day 27: IF_se=6.971e-08, boot_se=0.002744, ratio=0.00
[2026-01-06T18:39:27.955623] IF vs bootstrap SE mismatch at rel_day 28: IF_se=7.206e-08, boot_se=0.003507, ratio=0.00
[2026-01-06T18:39:28.447946] IF vs bootstrap SE mismatch at rel_day 29: IF_se=7.296e-08, boot_se=0.00377, ratio=0.00
[2026-01-06T18:39:28.961694] IF vs bootstrap SE mismatch at rel_day 30: IF_se=7.698e-08, boot_se=0.003249, ratio=0.00
[2026-01-06T18:39:29.446396] IF vs bootstrap SE mismatch at rel_day 31: IF_se=7.515e-08, boot_se=0.00347, ratio=0.00
[2026-01-06T18:39:29.960347] IF vs bootstrap SE mismatch at rel_day 32: IF_se=7.47e-08, boot_se=0.003347, ratio=0.00
[2026-01-06T18:39:30.465088] IF vs bootstrap SE mismatch at rel_day 33: IF_se=7.421e-08, boot_se=0.003157, ratio=0.00
[2026-01-06T18:39:30.976459] IF vs bootstrap SE mismatch at rel_day 34: IF_se=7.674e-08, boot_se=0.003146, ratio=0.00
[2026-01-06T18:39:31.476156] IF vs bootstrap SE mismatch at rel_day 35: IF_se=7.934e-08, boot_se=0.00351, ratio=0.00
[2026-01-06T18:39:31.970827] IF vs bootstrap SE mismatch at rel_day 36: IF_se=8.06e-08, boot_se=0.003887, ratio=0.00
[2026-01-06T18:39:32.479023] IF vs bootstrap SE mismatch at rel_day 37: IF_se=8.048e-08, boot_se=0.003594, ratio=0.00
[2026-01-06T18:39:33.032422] IF vs bootstrap SE mismatch at rel_day 38: IF_se=8.177e-08, boot_se=0.003233, ratio=0.00
[2026-01-06T18:39:33.522445] IF vs bootstrap SE mismatch at rel_day 39: IF_se=8.447e-08, boot_se=0.004166, ratio=0.00
[2026-01-06T18:39:34.041315] IF vs bootstrap SE mismatch at rel_day 40: IF_se=8.591e-08, boot_se=0.002848, ratio=0.00
[2026-01-06T18:39:34.524766] IF vs bootstrap SE mismatch at rel_day 41: IF_se=8.999e-08, boot_se=0.004483, ratio=0.00
[2026-01-06T18:39:35.023980] IF vs bootstrap SE mismatch at rel_day 42: IF_se=8.373e-08, boot_se=0.004245, ratio=0.00
[2026-01-06T18:39:35.530782] IF vs bootstrap SE mismatch at rel_day 43: IF_se=8.225e-08, boot_se=0.003338, ratio=0.00
[2026-01-06T18:39:36.035475] IF vs bootstrap SE mismatch at rel_day 44: IF_se=7.767e-08, boot_se=0.004027, ratio=0.00
[2026-01-06T18:39:36.550880] IF vs bootstrap SE mismatch at rel_day 45: IF_se=7.706e-08, boot_se=0.002896, ratio=0.00
[2026-01-06T18:39:37.071783] IF vs bootstrap SE mismatch at rel_day 46: IF_se=7.637e-08, boot_se=0.003316, ratio=0.00
[2026-01-06T18:39:37.590074] IF vs bootstrap SE mismatch at rel_day 47: IF_se=7.712e-08, boot_se=0.003967, ratio=0.00
[2026-01-06T18:39:38.119061] IF vs bootstrap SE mismatch at rel_day 48: IF_se=7.789e-08, boot_se=0.003134, ratio=0.00
[2026-01-06T18:39:38.614852] IF vs bootstrap SE mismatch at rel_day 49: IF_se=7.72e-08, boot_se=0.003535, ratio=0.00
[2026-01-06T18:39:39.137335] IF vs bootstrap SE mismatch at rel_day 50: IF_se=7.641e-08, boot_se=0.003157, ratio=0.00
[2026-01-06T18:39:39.622960] IF vs bootstrap SE mismatch at rel_day 51: IF_se=7.241e-08, boot_se=0.003285, ratio=0.00
[2026-01-06T18:39:40.147392] IF vs bootstrap SE mismatch at rel_day 52: IF_se=7.118e-08, boot_se=0.003112, ratio=0.00
[2026-01-06T18:39:40.652882] IF vs bootstrap SE mismatch at rel_day 53: IF_se=6.643e-08, boot_se=0.002958, ratio=0.00
[2026-01-06T18:39:41.184474] IF vs bootstrap SE mismatch at rel_day 54: IF_se=6.463e-08, boot_se=0.002697, ratio=0.00
[2026-01-06T18:39:41.696412] IF vs bootstrap SE mismatch at rel_day 55: IF_se=6.449e-08, boot_se=0.002758, ratio=0.00
[2026-01-06T18:39:42.199442] IF vs bootstrap SE mismatch at rel_day 56: IF_se=6.612e-08, boot_se=0.003126, ratio=0.00
[2026-01-06T18:39:42.688622] IF vs bootstrap SE mismatch at rel_day 57: IF_se=6.432e-08, boot_se=0.002318, ratio=0.00
[2026-01-06T18:39:43.202089] IF vs bootstrap SE mismatch at rel_day 58: IF_se=6.235e-08, boot_se=0.002972, ratio=0.00
[2026-01-06T18:39:43.718246] IF vs bootstrap SE mismatch at rel_day 59: IF_se=6.396e-08, boot_se=0.002947, ratio=0.00
[2026-01-06T18:39:44.213503] IF vs bootstrap SE mismatch at rel_day 60: IF_se=6.742e-08, boot_se=0.002699, ratio=0.00
[2026-01-06T18:39:45.290426] IF vs bootstrap SE mismatch at rel_day -29: IF_se=1.133e-09, boot_se=4.683e-05, ratio=0.00
[2026-01-06T18:39:45.742012] IF vs bootstrap SE mismatch at rel_day -28: IF_se=2.729e-09, boot_se=0.000136, ratio=0.00
[2026-01-06T18:39:46.195160] IF vs bootstrap SE mismatch at rel_day -27: IF_se=4.589e-09, boot_se=0.0002189, ratio=0.00
[2026-01-06T18:39:46.651248] IF vs bootstrap SE mismatch at rel_day -26: IF_se=6.549e-09, boot_se=0.0002888, ratio=0.00
[2026-01-06T18:39:47.119028] IF vs bootstrap SE mismatch at rel_day -25: IF_se=8.645e-09, boot_se=0.0003978, ratio=0.00
[2026-01-06T18:39:47.574878] IF vs bootstrap SE mismatch at rel_day -24: IF_se=1.089e-08, boot_se=0.0005435, ratio=0.00
[2026-01-06T18:39:48.062811] IF vs bootstrap SE mismatch at rel_day -23: IF_se=1.328e-08, boot_se=0.0005905, ratio=0.00
[2026-01-06T18:39:48.542288] IF vs bootstrap SE mismatch at rel_day -22: IF_se=1.583e-08, boot_se=0.0007536, ratio=0.00
[2026-01-06T18:39:49.008641] IF vs bootstrap SE mismatch at rel_day -21: IF_se=1.854e-08, boot_se=0.001013, ratio=0.00
[2026-01-06T18:39:49.488849] IF vs bootstrap SE mismatch at rel_day -20: IF_se=2.141e-08, boot_se=0.0009368, ratio=0.00
[2026-01-06T18:39:49.973916] IF vs bootstrap SE mismatch at rel_day -19: IF_se=2.444e-08, boot_se=0.001086, ratio=0.00
[2026-01-06T18:39:50.467750] IF vs bootstrap SE mismatch at rel_day -18: IF_se=2.759e-08, boot_se=0.001134, ratio=0.00
[2026-01-06T18:39:50.959325] IF vs bootstrap SE mismatch at rel_day -17: IF_se=3.086e-08, boot_se=0.001337, ratio=0.00
[2026-01-06T18:39:51.451819] IF vs bootstrap SE mismatch at rel_day -16: IF_se=3.425e-08, boot_se=0.001281, ratio=0.00
[2026-01-06T18:39:51.928332] IF vs bootstrap SE mismatch at rel_day -15: IF_se=3.776e-08, boot_se=0.001815, ratio=0.00
[2026-01-06T18:39:52.437399] IF vs bootstrap SE mismatch at rel_day -14: IF_se=4.14e-08, boot_se=0.002014, ratio=0.00
[2026-01-06T18:39:52.917999] IF vs bootstrap SE mismatch at rel_day -13: IF_se=4.518e-08, boot_se=0.002034, ratio=0.00
[2026-01-06T18:39:53.427311] IF vs bootstrap SE mismatch at rel_day -12: IF_se=4.909e-08, boot_se=0.001839, ratio=0.00
[2026-01-06T18:39:53.936060] IF vs bootstrap SE mismatch at rel_day -11: IF_se=5.312e-08, boot_se=0.002525, ratio=0.00
[2026-01-06T18:39:54.429408] IF vs bootstrap SE mismatch at rel_day -10: IF_se=5.725e-08, boot_se=0.002488, ratio=0.00
[2026-01-06T18:39:54.911654] IF vs bootstrap SE mismatch at rel_day -9: IF_se=6.147e-08, boot_se=0.003189, ratio=0.00
[2026-01-06T18:39:55.401306] IF vs bootstrap SE mismatch at rel_day -8: IF_se=6.577e-08, boot_se=0.002696, ratio=0.00
[2026-01-06T18:39:55.905656] IF vs bootstrap SE mismatch at rel_day -7: IF_se=7.014e-08, boot_se=0.002833, ratio=0.00
[2026-01-06T18:39:56.404348] IF vs bootstrap SE mismatch at rel_day -6: IF_se=7.459e-08, boot_se=0.003114, ratio=0.00
[2026-01-06T18:39:56.909708] IF vs bootstrap SE mismatch at rel_day -5: IF_se=7.912e-08, boot_se=0.003337, ratio=0.00
[2026-01-06T18:39:57.404706] IF vs bootstrap SE mismatch at rel_day -4: IF_se=8.373e-08, boot_se=0.004448, ratio=0.00
[2026-01-06T18:39:57.924836] IF vs bootstrap SE mismatch at rel_day -3: IF_se=8.842e-08, boot_se=0.003939, ratio=0.00
[2026-01-06T18:39:58.442675] IF vs bootstrap SE mismatch at rel_day -2: IF_se=9.319e-08, boot_se=0.003539, ratio=0.00
[2026-01-06T18:39:58.936401] IF vs bootstrap SE mismatch at rel_day -1: IF_se=9.803e-08, boot_se=0.004325, ratio=0.00
[2026-01-06T18:39:59.461970] IF vs bootstrap SE mismatch at rel_day 0: IF_se=9.72e-08, boot_se=0.00378, ratio=0.00
[2026-01-06T18:39:59.979931] IF vs bootstrap SE mismatch at rel_day 1: IF_se=9.138e-08, boot_se=0.003731, ratio=0.00
[2026-01-06T18:40:00.572532] IF vs bootstrap SE mismatch at rel_day 2: IF_se=9.495e-08, boot_se=0.003901, ratio=0.00
[2026-01-06T18:40:01.146640] IF vs bootstrap SE mismatch at rel_day 3: IF_se=9.746e-08, boot_se=0.004424, ratio=0.00
[2026-01-06T18:40:01.657468] IF vs bootstrap SE mismatch at rel_day 4: IF_se=9.654e-08, boot_se=0.004627, ratio=0.00
[2026-01-06T18:40:02.157174] IF vs bootstrap SE mismatch at rel_day 5: IF_se=9.793e-08, boot_se=0.003968, ratio=0.00
[2026-01-06T18:40:02.692309] IF vs bootstrap SE mismatch at rel_day 6: IF_se=9.823e-08, boot_se=0.004854, ratio=0.00
[2026-01-06T18:40:03.217917] IF vs bootstrap SE mismatch at rel_day 7: IF_se=9.618e-08, boot_se=0.004213, ratio=0.00
[2026-01-06T18:40:03.727968] IF vs bootstrap SE mismatch at rel_day 8: IF_se=9.635e-08, boot_se=0.00334, ratio=0.00
[2026-01-06T18:40:04.245943] IF vs bootstrap SE mismatch at rel_day 9: IF_se=9.411e-08, boot_se=0.004306, ratio=0.00
[2026-01-06T18:40:04.762497] IF vs bootstrap SE mismatch at rel_day 10: IF_se=9.536e-08, boot_se=0.004464, ratio=0.00
[2026-01-06T18:40:05.249296] IF vs bootstrap SE mismatch at rel_day 11: IF_se=9.667e-08, boot_se=0.003975, ratio=0.00
[2026-01-06T18:40:05.732058] IF vs bootstrap SE mismatch at rel_day 12: IF_se=9.686e-08, boot_se=0.004171, ratio=0.00
[2026-01-06T18:40:06.220022] IF vs bootstrap SE mismatch at rel_day 13: IF_se=9.585e-08, boot_se=0.00441, ratio=0.00
[2026-01-06T18:40:06.728674] IF vs bootstrap SE mismatch at rel_day 14: IF_se=9.474e-08, boot_se=0.003533, ratio=0.00
[2026-01-06T18:40:07.251758] IF vs bootstrap SE mismatch at rel_day 15: IF_se=8.974e-08, boot_se=0.003953, ratio=0.00
[2026-01-06T18:40:07.765005] IF vs bootstrap SE mismatch at rel_day 16: IF_se=8.541e-08, boot_se=0.003065, ratio=0.00
[2026-01-06T18:40:08.255070] IF vs bootstrap SE mismatch at rel_day 17: IF_se=8.609e-08, boot_se=0.003965, ratio=0.00
[2026-01-06T18:40:08.736339] IF vs bootstrap SE mismatch at rel_day 18: IF_se=8.945e-08, boot_se=0.003769, ratio=0.00
[2026-01-06T18:40:09.248070] IF vs bootstrap SE mismatch at rel_day 19: IF_se=9.038e-08, boot_se=0.004868, ratio=0.00
[2026-01-06T18:40:09.765871] IF vs bootstrap SE mismatch at rel_day 20: IF_se=9.263e-08, boot_se=0.004189, ratio=0.00
[2026-01-06T18:40:10.258103] IF vs bootstrap SE mismatch at rel_day 21: IF_se=9.619e-08, boot_se=0.003966, ratio=0.00
[2026-01-06T18:40:10.767494] IF vs bootstrap SE mismatch at rel_day 22: IF_se=9.509e-08, boot_se=0.004455, ratio=0.00
[2026-01-06T18:40:11.251537] IF vs bootstrap SE mismatch at rel_day 23: IF_se=9.51e-08, boot_se=0.004208, ratio=0.00
[2026-01-06T18:40:11.768310] IF vs bootstrap SE mismatch at rel_day 24: IF_se=9.135e-08, boot_se=0.004014, ratio=0.00
[2026-01-06T18:40:12.292157] IF vs bootstrap SE mismatch at rel_day 25: IF_se=9.229e-08, boot_se=0.004264, ratio=0.00
[2026-01-06T18:40:12.803694] IF vs bootstrap SE mismatch at rel_day 26: IF_se=9.326e-08, boot_se=0.004853, ratio=0.00
[2026-01-06T18:40:13.335249] IF vs bootstrap SE mismatch at rel_day 27: IF_se=9.548e-08, boot_se=0.005014, ratio=0.00
[2026-01-06T18:40:13.833041] IF vs bootstrap SE mismatch at rel_day 28: IF_se=9.537e-08, boot_se=0.003951, ratio=0.00
[2026-01-06T18:40:14.350210] IF vs bootstrap SE mismatch at rel_day 29: IF_se=9.643e-08, boot_se=0.004192, ratio=0.00
[2026-01-06T18:40:14.858030] IF vs bootstrap SE mismatch at rel_day 30: IF_se=9.263e-08, boot_se=0.004248, ratio=0.00
[2026-01-06T18:40:15.394988] IF vs bootstrap SE mismatch at rel_day 31: IF_se=9.347e-08, boot_se=0.00424, ratio=0.00
[2026-01-06T18:40:15.902185] IF vs bootstrap SE mismatch at rel_day 32: IF_se=9.433e-08, boot_se=0.003504, ratio=0.00
[2026-01-06T18:40:16.396014] IF vs bootstrap SE mismatch at rel_day 33: IF_se=8.89e-08, boot_se=0.004065, ratio=0.00
[2026-01-06T18:40:16.903270] IF vs bootstrap SE mismatch at rel_day 34: IF_se=8.681e-08, boot_se=0.004316, ratio=0.00
[2026-01-06T18:40:17.421982] IF vs bootstrap SE mismatch at rel_day 35: IF_se=8.585e-08, boot_se=0.003477, ratio=0.00
[2026-01-06T18:40:17.936716] IF vs bootstrap SE mismatch at rel_day 36: IF_se=8.342e-08, boot_se=0.004114, ratio=0.00
[2026-01-06T18:40:18.427500] IF vs bootstrap SE mismatch at rel_day 37: IF_se=8.496e-08, boot_se=0.004128, ratio=0.00
[2026-01-06T18:40:18.907404] IF vs bootstrap SE mismatch at rel_day 38: IF_se=8.381e-08, boot_se=0.003469, ratio=0.00
[2026-01-06T18:40:19.419323] IF vs bootstrap SE mismatch at rel_day 39: IF_se=8.395e-08, boot_se=0.003256, ratio=0.00
[2026-01-06T18:40:19.924818] IF vs bootstrap SE mismatch at rel_day 40: IF_se=8.408e-08, boot_se=0.003833, ratio=0.00
[2026-01-06T18:40:20.429820] IF vs bootstrap SE mismatch at rel_day 41: IF_se=8.28e-08, boot_se=0.003745, ratio=0.00
[2026-01-06T18:40:20.910721] IF vs bootstrap SE mismatch at rel_day 42: IF_se=8.281e-08, boot_se=0.003953, ratio=0.00
[2026-01-06T18:40:21.422026] IF vs bootstrap SE mismatch at rel_day 43: IF_se=8.421e-08, boot_se=0.003356, ratio=0.00
[2026-01-06T18:40:21.933180] IF vs bootstrap SE mismatch at rel_day 44: IF_se=8.427e-08, boot_se=0.004196, ratio=0.00
[2026-01-06T18:40:22.441278] IF vs bootstrap SE mismatch at rel_day 45: IF_se=8.15e-08, boot_se=0.00357, ratio=0.00
[2026-01-06T18:40:22.942839] IF vs bootstrap SE mismatch at rel_day 46: IF_se=8.276e-08, boot_se=0.003323, ratio=0.00
[2026-01-06T18:40:23.430085] IF vs bootstrap SE mismatch at rel_day 47: IF_se=8.123e-08, boot_se=0.003656, ratio=0.00
[2026-01-06T18:40:23.927020] IF vs bootstrap SE mismatch at rel_day 48: IF_se=7.653e-08, boot_se=0.003338, ratio=0.00
[2026-01-06T18:40:24.412973] IF vs bootstrap SE mismatch at rel_day 49: IF_se=7.277e-08, boot_se=0.003198, ratio=0.00
[2026-01-06T18:40:24.890758] IF vs bootstrap SE mismatch at rel_day 50: IF_se=7.345e-08, boot_se=0.003277, ratio=0.00
[2026-01-06T18:40:25.380198] IF vs bootstrap SE mismatch at rel_day 51: IF_se=7.573e-08, boot_se=0.003312, ratio=0.00
[2026-01-06T18:40:25.885924] IF vs bootstrap SE mismatch at rel_day 52: IF_se=7.807e-08, boot_se=0.00293, ratio=0.00
[2026-01-06T18:40:26.371511] IF vs bootstrap SE mismatch at rel_day 53: IF_se=8.047e-08, boot_se=0.00307, ratio=0.00
[2026-01-06T18:40:26.849892] IF vs bootstrap SE mismatch at rel_day 54: IF_se=8.294e-08, boot_se=0.002844, ratio=0.00
[2026-01-06T18:40:27.338257] IF vs bootstrap SE mismatch at rel_day 55: IF_se=8.407e-08, boot_se=0.003021, ratio=0.00
[2026-01-06T18:40:27.835638] IF vs bootstrap SE mismatch at rel_day 56: IF_se=7.953e-08, boot_se=0.003768, ratio=0.00
[2026-01-06T18:40:28.334424] IF vs bootstrap SE mismatch at rel_day 57: IF_se=7.589e-08, boot_se=0.003687, ratio=0.00
[2026-01-06T18:40:28.827385] IF vs bootstrap SE mismatch at rel_day 58: IF_se=7.497e-08, boot_se=0.003581, ratio=0.00
[2026-01-06T18:40:29.305776] IF vs bootstrap SE mismatch at rel_day 59: IF_se=7.396e-08, boot_se=0.003329, ratio=0.00
[2026-01-06T18:40:29.800551] IF vs bootstrap SE mismatch at rel_day 60: IF_se=7.6e-08, boot_se=0.003415, ratio=0.00
[2026-01-06T18:40:30.843325] IF vs bootstrap SE mismatch at rel_day -29: IF_se=1.441e-09, boot_se=6.687e-05, ratio=0.00
[2026-01-06T18:40:31.286165] IF vs bootstrap SE mismatch at rel_day -28: IF_se=3.14e-09, boot_se=0.0001127, ratio=0.00
[2026-01-06T18:40:31.728097] IF vs bootstrap SE mismatch at rel_day -27: IF_se=5.144e-09, boot_se=0.0002531, ratio=0.00
[2026-01-06T18:40:32.176859] IF vs bootstrap SE mismatch at rel_day -26: IF_se=7.398e-09, boot_se=0.0002602, ratio=0.00
[2026-01-06T18:40:32.628170] IF vs bootstrap SE mismatch at rel_day -25: IF_se=9.863e-09, boot_se=0.0004395, ratio=0.00
[2026-01-06T18:40:33.080158] IF vs bootstrap SE mismatch at rel_day -24: IF_se=1.249e-08, boot_se=0.0006498, ratio=0.00
[2026-01-06T18:40:33.550908] IF vs bootstrap SE mismatch at rel_day -23: IF_se=1.524e-08, boot_se=0.0006565, ratio=0.00
[2026-01-06T18:40:34.026391] IF vs bootstrap SE mismatch at rel_day -22: IF_se=1.811e-08, boot_se=0.0008638, ratio=0.00
[2026-01-06T18:40:34.485320] IF vs bootstrap SE mismatch at rel_day -21: IF_se=2.11e-08, boot_se=0.000949, ratio=0.00
[2026-01-06T18:40:34.941290] IF vs bootstrap SE mismatch at rel_day -20: IF_se=2.427e-08, boot_se=0.001133, ratio=0.00
[2026-01-06T18:40:35.416564] IF vs bootstrap SE mismatch at rel_day -19: IF_se=2.765e-08, boot_se=0.001129, ratio=0.00
[2026-01-06T18:40:35.875177] IF vs bootstrap SE mismatch at rel_day -18: IF_se=3.12e-08, boot_se=0.001454, ratio=0.00
[2026-01-06T18:40:36.354562] IF vs bootstrap SE mismatch at rel_day -17: IF_se=3.49e-08, boot_se=0.001456, ratio=0.00
[2026-01-06T18:40:36.823215] IF vs bootstrap SE mismatch at rel_day -16: IF_se=3.871e-08, boot_se=0.001901, ratio=0.00
[2026-01-06T18:40:37.304977] IF vs bootstrap SE mismatch at rel_day -15: IF_se=4.265e-08, boot_se=0.002071, ratio=0.00
[2026-01-06T18:40:37.769499] IF vs bootstrap SE mismatch at rel_day -14: IF_se=4.672e-08, boot_se=0.00184, ratio=0.00
[2026-01-06T18:40:38.258589] IF vs bootstrap SE mismatch at rel_day -13: IF_se=5.092e-08, boot_se=0.001996, ratio=0.00
[2026-01-06T18:40:38.728269] IF vs bootstrap SE mismatch at rel_day -12: IF_se=5.525e-08, boot_se=0.002601, ratio=0.00
[2026-01-06T18:40:39.221367] IF vs bootstrap SE mismatch at rel_day -11: IF_se=5.968e-08, boot_se=0.002246, ratio=0.00
[2026-01-06T18:40:39.687892] IF vs bootstrap SE mismatch at rel_day -10: IF_se=6.423e-08, boot_se=0.003228, ratio=0.00
[2026-01-06T18:40:40.158989] IF vs bootstrap SE mismatch at rel_day -9: IF_se=6.887e-08, boot_se=0.002669, ratio=0.00
[2026-01-06T18:40:40.666432] IF vs bootstrap SE mismatch at rel_day -8: IF_se=7.36e-08, boot_se=0.00311, ratio=0.00
[2026-01-06T18:40:41.154318] IF vs bootstrap SE mismatch at rel_day -7: IF_se=7.841e-08, boot_se=0.003468, ratio=0.00
[2026-01-06T18:40:41.644435] IF vs bootstrap SE mismatch at rel_day -6: IF_se=8.331e-08, boot_se=0.004042, ratio=0.00
[2026-01-06T18:40:42.123767] IF vs bootstrap SE mismatch at rel_day -5: IF_se=8.828e-08, boot_se=0.004815, ratio=0.00
[2026-01-06T18:40:42.634573] IF vs bootstrap SE mismatch at rel_day -4: IF_se=9.333e-08, boot_se=0.003626, ratio=0.00
[2026-01-06T18:40:43.135439] IF vs bootstrap SE mismatch at rel_day -3: IF_se=9.844e-08, boot_se=0.004094, ratio=0.00
[2026-01-06T18:40:43.631891] IF vs bootstrap SE mismatch at rel_day -2: IF_se=1.036e-07, boot_se=0.004465, ratio=0.00
[2026-01-06T18:40:44.135288] IF vs bootstrap SE mismatch at rel_day -1: IF_se=1.089e-07, boot_se=0.004969, ratio=0.00
[2026-01-06T18:40:44.665614] IF vs bootstrap SE mismatch at rel_day 0: IF_se=1.057e-07, boot_se=0.004786, ratio=0.00
[2026-01-06T18:40:45.151708] IF vs bootstrap SE mismatch at rel_day 1: IF_se=1.045e-07, boot_se=0.004781, ratio=0.00
[2026-01-06T18:40:45.650570] IF vs bootstrap SE mismatch at rel_day 2: IF_se=1.031e-07, boot_se=0.004993, ratio=0.00
[2026-01-06T18:40:46.162289] IF vs bootstrap SE mismatch at rel_day 3: IF_se=1.027e-07, boot_se=0.004573, ratio=0.00
[2026-01-06T18:40:46.664614] IF vs bootstrap SE mismatch at rel_day 4: IF_se=1.022e-07, boot_se=0.004232, ratio=0.00
[2026-01-06T18:40:47.165689] IF vs bootstrap SE mismatch at rel_day 5: IF_se=1.05e-07, boot_se=0.005367, ratio=0.00
[2026-01-06T18:40:47.685286] IF vs bootstrap SE mismatch at rel_day 6: IF_se=1.058e-07, boot_se=0.004284, ratio=0.00
[2026-01-06T18:40:48.192062] IF vs bootstrap SE mismatch at rel_day 7: IF_se=1.076e-07, boot_se=0.004465, ratio=0.00
[2026-01-06T18:40:48.685183] IF vs bootstrap SE mismatch at rel_day 8: IF_se=1.062e-07, boot_se=0.005235, ratio=0.00
[2026-01-06T18:40:49.197720] IF vs bootstrap SE mismatch at rel_day 9: IF_se=9.782e-08, boot_se=0.00419, ratio=0.00
[2026-01-06T18:40:49.687786] IF vs bootstrap SE mismatch at rel_day 10: IF_se=9.427e-08, boot_se=0.003891, ratio=0.00
[2026-01-06T18:40:50.202825] IF vs bootstrap SE mismatch at rel_day 11: IF_se=9.532e-08, boot_se=0.004831, ratio=0.00
[2026-01-06T18:40:50.725829] IF vs bootstrap SE mismatch at rel_day 12: IF_se=9.761e-08, boot_se=0.003388, ratio=0.00
[2026-01-06T18:40:51.236845] IF vs bootstrap SE mismatch at rel_day 13: IF_se=9.881e-08, boot_se=0.004774, ratio=0.00
[2026-01-06T18:40:51.760336] IF vs bootstrap SE mismatch at rel_day 14: IF_se=9.278e-08, boot_se=0.003865, ratio=0.00
[2026-01-06T18:40:52.286127] IF vs bootstrap SE mismatch at rel_day 15: IF_se=9.112e-08, boot_se=0.004159, ratio=0.00
[2026-01-06T18:40:52.799758] IF vs bootstrap SE mismatch at rel_day 16: IF_se=8.525e-08, boot_se=0.003965, ratio=0.00
[2026-01-06T18:40:53.317323] IF vs bootstrap SE mismatch at rel_day 17: IF_se=8.831e-08, boot_se=0.003761, ratio=0.00
[2026-01-06T18:40:53.855303] IF vs bootstrap SE mismatch at rel_day 18: IF_se=8.481e-08, boot_se=0.003757, ratio=0.00
[2026-01-06T18:40:54.363411] IF vs bootstrap SE mismatch at rel_day 19: IF_se=8.512e-08, boot_se=0.00391, ratio=0.00
[2026-01-06T18:40:54.875662] IF vs bootstrap SE mismatch at rel_day 20: IF_se=8.404e-08, boot_se=0.00377, ratio=0.00
[2026-01-06T18:40:55.390917] IF vs bootstrap SE mismatch at rel_day 21: IF_se=8.701e-08, boot_se=0.004068, ratio=0.00
[2026-01-06T18:40:55.901918] IF vs bootstrap SE mismatch at rel_day 22: IF_se=8.467e-08, boot_se=0.003864, ratio=0.00
[2026-01-06T18:40:56.419294] IF vs bootstrap SE mismatch at rel_day 23: IF_se=8.348e-08, boot_se=0.003322, ratio=0.00
[2026-01-06T18:40:56.906685] IF vs bootstrap SE mismatch at rel_day 24: IF_se=8.36e-08, boot_se=0.004286, ratio=0.00
[2026-01-06T18:40:57.417916] IF vs bootstrap SE mismatch at rel_day 25: IF_se=8.513e-08, boot_se=0.004149, ratio=0.00
[2026-01-06T18:40:57.905047] IF vs bootstrap SE mismatch at rel_day 26: IF_se=8.674e-08, boot_se=0.003591, ratio=0.00
[2026-01-06T18:40:58.411328] IF vs bootstrap SE mismatch at rel_day 27: IF_se=8.711e-08, boot_se=0.003518, ratio=0.00
[2026-01-06T18:40:58.893104] IF vs bootstrap SE mismatch at rel_day 28: IF_se=8.478e-08, boot_se=0.003089, ratio=0.00
[2026-01-06T18:40:59.397765] IF vs bootstrap SE mismatch at rel_day 29: IF_se=8.503e-08, boot_se=0.003966, ratio=0.00
[2026-01-06T18:40:59.881808] IF vs bootstrap SE mismatch at rel_day 30: IF_se=8.529e-08, boot_se=0.003646, ratio=0.00
[2026-01-06T18:41:00.390557] IF vs bootstrap SE mismatch at rel_day 31: IF_se=8.558e-08, boot_se=0.003532, ratio=0.00
[2026-01-06T18:41:00.875179] IF vs bootstrap SE mismatch at rel_day 32: IF_se=8.166e-08, boot_se=0.003751, ratio=0.00
[2026-01-06T18:41:01.397998] IF vs bootstrap SE mismatch at rel_day 33: IF_se=8.313e-08, boot_se=0.003449, ratio=0.00
[2026-01-06T18:41:01.896268] IF vs bootstrap SE mismatch at rel_day 34: IF_se=8.183e-08, boot_se=0.003025, ratio=0.00
[2026-01-06T18:41:02.391503] IF vs bootstrap SE mismatch at rel_day 35: IF_se=8.47e-08, boot_se=0.003901, ratio=0.00
[2026-01-06T18:41:02.894622] IF vs bootstrap SE mismatch at rel_day 36: IF_se=8.352e-08, boot_se=0.003556, ratio=0.00
[2026-01-06T18:41:03.392027] IF vs bootstrap SE mismatch at rel_day 37: IF_se=8.077e-08, boot_se=0.003447, ratio=0.00
[2026-01-06T18:41:03.876433] IF vs bootstrap SE mismatch at rel_day 38: IF_se=8.214e-08, boot_se=0.003766, ratio=0.00
[2026-01-06T18:41:04.360826] IF vs bootstrap SE mismatch at rel_day 39: IF_se=8.357e-08, boot_se=0.003315, ratio=0.00
[2026-01-06T18:41:04.860591] IF vs bootstrap SE mismatch at rel_day 40: IF_se=8.078e-08, boot_se=0.003249, ratio=0.00
[2026-01-06T18:41:05.365793] IF vs bootstrap SE mismatch at rel_day 41: IF_se=7.916e-08, boot_se=0.003613, ratio=0.00
[2026-01-06T18:41:05.866535] IF vs bootstrap SE mismatch at rel_day 42: IF_se=7.889e-08, boot_se=0.003626, ratio=0.00
[2026-01-06T18:41:06.343965] IF vs bootstrap SE mismatch at rel_day 43: IF_se=8.009e-08, boot_se=0.004004, ratio=0.00
[2026-01-06T18:41:06.861874] IF vs bootstrap SE mismatch at rel_day 44: IF_se=7.988e-08, boot_se=0.003183, ratio=0.00
[2026-01-06T18:41:07.373012] IF vs bootstrap SE mismatch at rel_day 45: IF_se=8.11e-08, boot_se=0.003797, ratio=0.00
[2026-01-06T18:41:07.875915] IF vs bootstrap SE mismatch at rel_day 46: IF_se=8.237e-08, boot_se=0.003576, ratio=0.00
[2026-01-06T18:41:08.377763] IF vs bootstrap SE mismatch at rel_day 47: IF_se=8.226e-08, boot_se=0.003507, ratio=0.00
[2026-01-06T18:41:08.874265] IF vs bootstrap SE mismatch at rel_day 48: IF_se=8.494e-08, boot_se=0.00378, ratio=0.00
[2026-01-06T18:41:09.382858] IF vs bootstrap SE mismatch at rel_day 49: IF_se=8.632e-08, boot_se=0.003541, ratio=0.00
[2026-01-06T18:41:09.881133] IF vs bootstrap SE mismatch at rel_day 50: IF_se=8.909e-08, boot_se=0.004144, ratio=0.00
[2026-01-06T18:41:10.393322] IF vs bootstrap SE mismatch at rel_day 51: IF_se=9.062e-08, boot_se=0.004041, ratio=0.00
[2026-01-06T18:41:10.899506] IF vs bootstrap SE mismatch at rel_day 52: IF_se=8.958e-08, boot_se=0.004523, ratio=0.00
[2026-01-06T18:41:11.382523] IF vs bootstrap SE mismatch at rel_day 53: IF_se=8.143e-08, boot_se=0.003208, ratio=0.00
[2026-01-06T18:41:11.883869] IF vs bootstrap SE mismatch at rel_day 54: IF_se=7.645e-08, boot_se=0.003621, ratio=0.00
[2026-01-06T18:41:12.397826] IF vs bootstrap SE mismatch at rel_day 55: IF_se=6.901e-08, boot_se=0.002501, ratio=0.00
[2026-01-06T18:41:12.874246] IF vs bootstrap SE mismatch at rel_day 56: IF_se=6.922e-08, boot_se=0.003106, ratio=0.00
[2026-01-06T18:41:13.385080] IF vs bootstrap SE mismatch at rel_day 57: IF_se=7.114e-08, boot_se=0.003397, ratio=0.00
[2026-01-06T18:41:13.889521] IF vs bootstrap SE mismatch at rel_day 58: IF_se=7.149e-08, boot_se=0.003338, ratio=0.00
[2026-01-06T18:41:14.406140] IF vs bootstrap SE mismatch at rel_day 59: IF_se=6.848e-08, boot_se=0.002978, ratio=0.00
[2026-01-06T18:41:14.912330] IF vs bootstrap SE mismatch at rel_day 60: IF_se=6.868e-08, boot_se=0.002813, ratio=0.00
[2026-01-06T18:41:15.957546] IF vs bootstrap SE mismatch at rel_day -29: IF_se=1.133e-09, boot_se=5.303e-05, ratio=0.00
[2026-01-06T18:41:16.394749] IF vs bootstrap SE mismatch at rel_day -28: IF_se=2.632e-09, boot_se=0.0001187, ratio=0.00
[2026-01-06T18:41:16.834663] IF vs bootstrap SE mismatch at rel_day -27: IF_se=4.327e-09, boot_se=0.0001838, ratio=0.00
[2026-01-06T18:41:17.284198] IF vs bootstrap SE mismatch at rel_day -26: IF_se=6.182e-09, boot_se=0.000275, ratio=0.00
[2026-01-06T18:41:17.734609] IF vs bootstrap SE mismatch at rel_day -25: IF_se=8.244e-09, boot_se=0.0003414, ratio=0.00
[2026-01-06T18:41:18.181501] IF vs bootstrap SE mismatch at rel_day -24: IF_se=1.055e-08, boot_se=0.0003891, ratio=0.00
[2026-01-06T18:41:18.635734] IF vs bootstrap SE mismatch at rel_day -23: IF_se=1.312e-08, boot_se=0.0005074, ratio=0.00
[2026-01-06T18:41:19.115496] IF vs bootstrap SE mismatch at rel_day -22: IF_se=1.589e-08, boot_se=0.0006895, ratio=0.00
[2026-01-06T18:41:19.590817] IF vs bootstrap SE mismatch at rel_day -21: IF_se=1.884e-08, boot_se=0.000921, ratio=0.00
[2026-01-06T18:41:20.047858] IF vs bootstrap SE mismatch at rel_day -20: IF_se=2.196e-08, boot_se=0.0009916, ratio=0.00
[2026-01-06T18:41:20.511062] IF vs bootstrap SE mismatch at rel_day -19: IF_se=2.521e-08, boot_se=0.001257, ratio=0.00
[2026-01-06T18:41:20.966800] IF vs bootstrap SE mismatch at rel_day -18: IF_se=2.857e-08, boot_se=0.001134, ratio=0.00
[2026-01-06T18:41:21.430817] IF vs bootstrap SE mismatch at rel_day -17: IF_se=3.206e-08, boot_se=0.001225, ratio=0.00
[2026-01-06T18:41:21.902063] IF vs bootstrap SE mismatch at rel_day -16: IF_se=3.567e-08, boot_se=0.001394, ratio=0.00
[2026-01-06T18:41:22.387798] IF vs bootstrap SE mismatch at rel_day -15: IF_se=3.941e-08, boot_se=0.001761, ratio=0.00
[2026-01-06T18:41:22.878929] IF vs bootstrap SE mismatch at rel_day -14: IF_se=4.326e-08, boot_se=0.002073, ratio=0.00
[2026-01-06T18:41:23.342396] IF vs bootstrap SE mismatch at rel_day -13: IF_se=4.725e-08, boot_se=0.002015, ratio=0.00
[2026-01-06T18:41:23.833344] IF vs bootstrap SE mismatch at rel_day -12: IF_se=5.137e-08, boot_se=0.00248, ratio=0.00
[2026-01-06T18:41:24.295593] IF vs bootstrap SE mismatch at rel_day -11: IF_se=5.563e-08, boot_se=0.002417, ratio=0.00
[2026-01-06T18:41:24.765659] IF vs bootstrap SE mismatch at rel_day -10: IF_se=6.002e-08, boot_se=0.002585, ratio=0.00
[2026-01-06T18:41:25.238840] IF vs bootstrap SE mismatch at rel_day -9: IF_se=6.454e-08, boot_se=0.002805, ratio=0.00
[2026-01-06T18:41:25.711651] IF vs bootstrap SE mismatch at rel_day -8: IF_se=6.917e-08, boot_se=0.002797, ratio=0.00
[2026-01-06T18:41:26.186305] IF vs bootstrap SE mismatch at rel_day -7: IF_se=7.389e-08, boot_se=0.003694, ratio=0.00
[2026-01-06T18:41:26.664104] IF vs bootstrap SE mismatch at rel_day -6: IF_se=7.87e-08, boot_se=0.003247, ratio=0.00
[2026-01-06T18:41:27.154950] IF vs bootstrap SE mismatch at rel_day -5: IF_se=8.359e-08, boot_se=0.004592, ratio=0.00
[2026-01-06T18:41:27.642694] IF vs bootstrap SE mismatch at rel_day -4: IF_se=8.856e-08, boot_se=0.003934, ratio=0.00
[2026-01-06T18:41:28.139469] IF vs bootstrap SE mismatch at rel_day -3: IF_se=9.36e-08, boot_se=0.004259, ratio=0.00
[2026-01-06T18:41:28.622748] IF vs bootstrap SE mismatch at rel_day -2: IF_se=9.872e-08, boot_se=0.004294, ratio=0.00
[2026-01-06T18:41:29.127294] IF vs bootstrap SE mismatch at rel_day -1: IF_se=1.039e-07, boot_se=0.004642, ratio=0.00
[2026-01-06T18:41:29.633958] IF vs bootstrap SE mismatch at rel_day 0: IF_se=1.038e-07, boot_se=0.005177, ratio=0.00
[2026-01-06T18:41:30.139161] IF vs bootstrap SE mismatch at rel_day 1: IF_se=1.014e-07, boot_se=0.004382, ratio=0.00
[2026-01-06T18:41:30.655923] IF vs bootstrap SE mismatch at rel_day 2: IF_se=1.066e-07, boot_se=0.004527, ratio=0.00
[2026-01-06T18:41:31.173265] IF vs bootstrap SE mismatch at rel_day 3: IF_se=1.055e-07, boot_se=0.004515, ratio=0.00
[2026-01-06T18:41:31.693749] IF vs bootstrap SE mismatch at rel_day 4: IF_se=1.065e-07, boot_se=0.003915, ratio=0.00
[2026-01-06T18:41:32.207050] IF vs bootstrap SE mismatch at rel_day 5: IF_se=1.02e-07, boot_se=0.003906, ratio=0.00
[2026-01-06T18:41:32.721487] IF vs bootstrap SE mismatch at rel_day 6: IF_se=1.004e-07, boot_se=0.00382, ratio=0.00
[2026-01-06T18:41:33.207302] IF vs bootstrap SE mismatch at rel_day 7: IF_se=1.021e-07, boot_se=0.004148, ratio=0.00
[2026-01-06T18:41:33.713493] IF vs bootstrap SE mismatch at rel_day 8: IF_se=1.004e-07, boot_se=0.004748, ratio=0.00
[2026-01-06T18:41:34.246281] IF vs bootstrap SE mismatch at rel_day 9: IF_se=1.01e-07, boot_se=0.003507, ratio=0.00
[2026-01-06T18:41:34.759837] IF vs bootstrap SE mismatch at rel_day 10: IF_se=1.037e-07, boot_se=0.004336, ratio=0.00
[2026-01-06T18:41:35.273870] IF vs bootstrap SE mismatch at rel_day 11: IF_se=1.044e-07, boot_se=0.004407, ratio=0.00
[2026-01-06T18:41:35.765887] IF vs bootstrap SE mismatch at rel_day 12: IF_se=1.018e-07, boot_se=0.004462, ratio=0.00
[2026-01-06T18:41:36.282389] IF vs bootstrap SE mismatch at rel_day 13: IF_se=1.011e-07, boot_se=0.005318, ratio=0.00
[2026-01-06T18:41:36.792065] IF vs bootstrap SE mismatch at rel_day 14: IF_se=1.026e-07, boot_se=0.005792, ratio=0.00
[2026-01-06T18:41:37.302797] IF vs bootstrap SE mismatch at rel_day 15: IF_se=9.97e-08, boot_se=0.004048, ratio=0.00
[2026-01-06T18:41:37.819976] IF vs bootstrap SE mismatch at rel_day 16: IF_se=9.397e-08, boot_se=0.004195, ratio=0.00
[2026-01-06T18:41:38.324225] IF vs bootstrap SE mismatch at rel_day 17: IF_se=9.253e-08, boot_se=0.003986, ratio=0.00
[2026-01-06T18:41:38.834954] IF vs bootstrap SE mismatch at rel_day 18: IF_se=8.702e-08, boot_se=0.003646, ratio=0.00
[2026-01-06T18:41:39.336718] IF vs bootstrap SE mismatch at rel_day 19: IF_se=8.35e-08, boot_se=0.003461, ratio=0.00
[2026-01-06T18:41:39.863307] IF vs bootstrap SE mismatch at rel_day 20: IF_se=8.518e-08, boot_se=0.004374, ratio=0.00
[2026-01-06T18:41:40.365916] IF vs bootstrap SE mismatch at rel_day 21: IF_se=8.824e-08, boot_se=0.00344, ratio=0.00
[2026-01-06T18:41:40.889617] IF vs bootstrap SE mismatch at rel_day 22: IF_se=8.748e-08, boot_se=0.004474, ratio=0.00
[2026-01-06T18:41:41.389291] IF vs bootstrap SE mismatch at rel_day 23: IF_se=8.797e-08, boot_se=0.004091, ratio=0.00
[2026-01-06T18:41:41.904541] IF vs bootstrap SE mismatch at rel_day 24: IF_se=8.845e-08, boot_se=0.004012, ratio=0.00
[2026-01-06T18:41:42.394442] IF vs bootstrap SE mismatch at rel_day 25: IF_se=9.023e-08, boot_se=0.004273, ratio=0.00
[2026-01-06T18:41:42.918794] IF vs bootstrap SE mismatch at rel_day 26: IF_se=8.686e-08, boot_se=0.003533, ratio=0.00
[2026-01-06T18:41:43.428032] IF vs bootstrap SE mismatch at rel_day 27: IF_se=8.716e-08, boot_se=0.004047, ratio=0.00
[2026-01-06T18:41:43.955480] IF vs bootstrap SE mismatch at rel_day 28: IF_se=8.746e-08, boot_se=0.004884, ratio=0.00
[2026-01-06T18:41:44.466613] IF vs bootstrap SE mismatch at rel_day 29: IF_se=8.504e-08, boot_se=0.004159, ratio=0.00
[2026-01-06T18:41:44.967006] IF vs bootstrap SE mismatch at rel_day 30: IF_se=8.513e-08, boot_se=0.003854, ratio=0.00
[2026-01-06T18:41:45.479274] IF vs bootstrap SE mismatch at rel_day 31: IF_se=8.38e-08, boot_se=0.003464, ratio=0.00
[2026-01-06T18:41:46.005751] IF vs bootstrap SE mismatch at rel_day 32: IF_se=8.373e-08, boot_se=0.003516, ratio=0.00
[2026-01-06T18:41:46.512911] IF vs bootstrap SE mismatch at rel_day 33: IF_se=8.501e-08, boot_se=0.003525, ratio=0.00
[2026-01-06T18:41:47.025952] IF vs bootstrap SE mismatch at rel_day 34: IF_se=8.218e-08, boot_se=0.003307, ratio=0.00
[2026-01-06T18:41:47.510846] IF vs bootstrap SE mismatch at rel_day 35: IF_se=7.902e-08, boot_se=0.00316, ratio=0.00
[2026-01-06T18:41:48.027483] IF vs bootstrap SE mismatch at rel_day 36: IF_se=7.852e-08, boot_se=0.003498, ratio=0.00
[2026-01-06T18:41:48.505508] IF vs bootstrap SE mismatch at rel_day 37: IF_se=7.646e-08, boot_se=0.003387, ratio=0.00
[2026-01-06T18:41:49.017785] IF vs bootstrap SE mismatch at rel_day 38: IF_se=7.418e-08, boot_se=0.003195, ratio=0.00
[2026-01-06T18:41:49.512894] IF vs bootstrap SE mismatch at rel_day 39: IF_se=7.001e-08, boot_se=0.002648, ratio=0.00
[2026-01-06T18:41:50.003392] IF vs bootstrap SE mismatch at rel_day 40: IF_se=6.877e-08, boot_se=0.002918, ratio=0.00
[2026-01-06T18:41:50.519174] IF vs bootstrap SE mismatch at rel_day 41: IF_se=6.916e-08, boot_se=0.003588, ratio=0.00
[2026-01-06T18:41:51.024494] IF vs bootstrap SE mismatch at rel_day 42: IF_se=7.126e-08, boot_se=0.0031, ratio=0.00
[2026-01-06T18:41:51.533089] IF vs bootstrap SE mismatch at rel_day 43: IF_se=7.184e-08, boot_se=0.003336, ratio=0.00
[2026-01-06T18:41:52.037750] IF vs bootstrap SE mismatch at rel_day 44: IF_se=6.917e-08, boot_se=0.003397, ratio=0.00
[2026-01-06T18:41:52.534204] IF vs bootstrap SE mismatch at rel_day 45: IF_se=7.132e-08, boot_se=0.002922, ratio=0.00
[2026-01-06T18:41:53.038373] IF vs bootstrap SE mismatch at rel_day 46: IF_se=7.032e-08, boot_se=0.002828, ratio=0.00
[2026-01-06T18:41:53.564204] IF vs bootstrap SE mismatch at rel_day 47: IF_se=7.255e-08, boot_se=0.003083, ratio=0.00
[2026-01-06T18:41:54.055271] IF vs bootstrap SE mismatch at rel_day 48: IF_se=7.488e-08, boot_se=0.00351, ratio=0.00
[2026-01-06T18:41:54.555258] IF vs bootstrap SE mismatch at rel_day 49: IF_se=7.576e-08, boot_se=0.003228, ratio=0.00
[2026-01-06T18:41:55.069373] IF vs bootstrap SE mismatch at rel_day 50: IF_se=7.196e-08, boot_se=0.00356, ratio=0.00
[2026-01-06T18:41:55.546845] IF vs bootstrap SE mismatch at rel_day 51: IF_se=7.427e-08, boot_se=0.004066, ratio=0.00
[2026-01-06T18:41:56.065850] IF vs bootstrap SE mismatch at rel_day 52: IF_se=7.512e-08, boot_se=0.003182, ratio=0.00
[2026-01-06T18:41:56.565537] IF vs bootstrap SE mismatch at rel_day 53: IF_se=7.602e-08, boot_se=0.003404, ratio=0.00
[2026-01-06T18:41:57.081724] IF vs bootstrap SE mismatch at rel_day 54: IF_se=7.542e-08, boot_se=0.003654, ratio=0.00
[2026-01-06T18:41:57.586823] IF vs bootstrap SE mismatch at rel_day 55: IF_se=7.632e-08, boot_se=0.003207, ratio=0.00
[2026-01-06T18:41:58.098362] IF vs bootstrap SE mismatch at rel_day 56: IF_se=7.726e-08, boot_se=0.003618, ratio=0.00
[2026-01-06T18:41:58.577868] IF vs bootstrap SE mismatch at rel_day 57: IF_se=7.674e-08, boot_se=0.002905, ratio=0.00
[2026-01-06T18:41:59.099632] IF vs bootstrap SE mismatch at rel_day 58: IF_se=7.769e-08, boot_se=0.003266, ratio=0.00
[2026-01-06T18:41:59.579143] IF vs bootstrap SE mismatch at rel_day 59: IF_se=7.868e-08, boot_se=0.003912, ratio=0.00
[2026-01-06T18:42:00.094715] IF vs bootstrap SE mismatch at rel_day 60: IF_se=8.116e-08, boot_se=0.003715, ratio=0.00
[2026-01-06T18:42:01.145280] IF vs bootstrap SE mismatch at rel_day -29: IF_se=7.182e-10, boot_se=3.121e-05, ratio=0.00
[2026-01-06T18:42:01.594059] IF vs bootstrap SE mismatch at rel_day -28: IF_se=1.759e-09, boot_se=7.942e-05, ratio=0.00
[2026-01-06T18:42:02.051546] IF vs bootstrap SE mismatch at rel_day -27: IF_se=3.171e-09, boot_se=0.0001378, ratio=0.00
[2026-01-06T18:42:02.500108] IF vs bootstrap SE mismatch at rel_day -26: IF_se=4.844e-09, boot_se=0.0001948, ratio=0.00
[2026-01-06T18:42:02.973844] IF vs bootstrap SE mismatch at rel_day -25: IF_se=6.774e-09, boot_se=0.0003205, ratio=0.00
[2026-01-06T18:42:03.449134] IF vs bootstrap SE mismatch at rel_day -24: IF_se=8.968e-09, boot_se=0.0003847, ratio=0.00
[2026-01-06T18:42:03.929772] IF vs bootstrap SE mismatch at rel_day -23: IF_se=1.136e-08, boot_se=0.0004876, ratio=0.00
[2026-01-06T18:42:04.388183] IF vs bootstrap SE mismatch at rel_day -22: IF_se=1.394e-08, boot_se=0.0006379, ratio=0.00
[2026-01-06T18:42:04.858715] IF vs bootstrap SE mismatch at rel_day -21: IF_se=1.669e-08, boot_se=0.0007436, ratio=0.00
[2026-01-06T18:42:05.339750] IF vs bootstrap SE mismatch at rel_day -20: IF_se=1.962e-08, boot_se=0.0006961, ratio=0.00
[2026-01-06T18:42:05.828806] IF vs bootstrap SE mismatch at rel_day -19: IF_se=2.272e-08, boot_se=0.00102, ratio=0.00
[2026-01-06T18:42:06.290924] IF vs bootstrap SE mismatch at rel_day -18: IF_se=2.598e-08, boot_se=0.001073, ratio=0.00
[2026-01-06T18:42:06.789254] IF vs bootstrap SE mismatch at rel_day -17: IF_se=2.937e-08, boot_se=0.001277, ratio=0.00
[2026-01-06T18:42:07.250044] IF vs bootstrap SE mismatch at rel_day -16: IF_se=3.292e-08, boot_se=0.001271, ratio=0.00
[2026-01-06T18:42:07.736010] IF vs bootstrap SE mismatch at rel_day -15: IF_se=3.661e-08, boot_se=0.001805, ratio=0.00
[2026-01-06T18:42:08.187845] IF vs bootstrap SE mismatch at rel_day -14: IF_se=4.044e-08, boot_se=0.001713, ratio=0.00
[2026-01-06T18:42:08.665223] IF vs bootstrap SE mismatch at rel_day -13: IF_se=4.438e-08, boot_se=0.001647, ratio=0.00
[2026-01-06T18:42:09.151109] IF vs bootstrap SE mismatch at rel_day -12: IF_se=4.844e-08, boot_se=0.002153, ratio=0.00
[2026-01-06T18:42:09.629738] IF vs bootstrap SE mismatch at rel_day -11: IF_se=5.26e-08, boot_se=0.002047, ratio=0.00
[2026-01-06T18:42:10.100284] IF vs bootstrap SE mismatch at rel_day -10: IF_se=5.687e-08, boot_se=0.002588, ratio=0.00
[2026-01-06T18:42:10.567723] IF vs bootstrap SE mismatch at rel_day -9: IF_se=6.127e-08, boot_se=0.002803, ratio=0.00
[2026-01-06T18:42:11.040692] IF vs bootstrap SE mismatch at rel_day -8: IF_se=6.58e-08, boot_se=0.002645, ratio=0.00
[2026-01-06T18:42:11.528427] IF vs bootstrap SE mismatch at rel_day -7: IF_se=7.045e-08, boot_se=0.003005, ratio=0.00
[2026-01-06T18:42:12.001853] IF vs bootstrap SE mismatch at rel_day -6: IF_se=7.522e-08, boot_se=0.003063, ratio=0.00
[2026-01-06T18:42:12.496247] IF vs bootstrap SE mismatch at rel_day -5: IF_se=8.009e-08, boot_se=0.003288, ratio=0.00
[2026-01-06T18:42:12.974872] IF vs bootstrap SE mismatch at rel_day -4: IF_se=8.505e-08, boot_se=0.004333, ratio=0.00
[2026-01-06T18:42:13.452710] IF vs bootstrap SE mismatch at rel_day -3: IF_se=9.01e-08, boot_se=0.004241, ratio=0.00
[2026-01-06T18:42:13.949794] IF vs bootstrap SE mismatch at rel_day -2: IF_se=9.526e-08, boot_se=0.004086, ratio=0.00
[2026-01-06T18:42:14.452477] IF vs bootstrap SE mismatch at rel_day -1: IF_se=1.005e-07, boot_se=0.005538, ratio=0.00
[2026-01-06T18:42:14.970153] IF vs bootstrap SE mismatch at rel_day 0: IF_se=1.036e-07, boot_se=0.004224, ratio=0.00
[2026-01-06T18:42:15.457503] IF vs bootstrap SE mismatch at rel_day 1: IF_se=1.047e-07, boot_se=0.005011, ratio=0.00
[2026-01-06T18:42:15.947403] IF vs bootstrap SE mismatch at rel_day 2: IF_se=1.047e-07, boot_se=0.004835, ratio=0.00
[2026-01-06T18:42:16.447856] IF vs bootstrap SE mismatch at rel_day 3: IF_se=1.069e-07, boot_se=0.004265, ratio=0.00
[2026-01-06T18:42:16.938430] IF vs bootstrap SE mismatch at rel_day 4: IF_se=1.048e-07, boot_se=0.0049, ratio=0.00
[2026-01-06T18:42:17.440784] IF vs bootstrap SE mismatch at rel_day 5: IF_se=1.048e-07, boot_se=0.004458, ratio=0.00
[2026-01-06T18:42:17.928223] IF vs bootstrap SE mismatch at rel_day 6: IF_se=1.069e-07, boot_se=0.004796, ratio=0.00
[2026-01-06T18:42:18.423536] IF vs bootstrap SE mismatch at rel_day 7: IF_se=1.059e-07, boot_se=0.004385, ratio=0.00
[2026-01-06T18:42:18.910423] IF vs bootstrap SE mismatch at rel_day 8: IF_se=1.069e-07, boot_se=0.004709, ratio=0.00
[2026-01-06T18:42:19.391933] IF vs bootstrap SE mismatch at rel_day 9: IF_se=1.036e-07, boot_se=0.004354, ratio=0.00
[2026-01-06T18:42:19.904608] IF vs bootstrap SE mismatch at rel_day 10: IF_se=1.055e-07, boot_se=0.004032, ratio=0.00
[2026-01-06T18:42:20.408303] IF vs bootstrap SE mismatch at rel_day 11: IF_se=1.053e-07, boot_se=0.004187, ratio=0.00
[2026-01-06T18:42:20.901816] IF vs bootstrap SE mismatch at rel_day 12: IF_se=1.051e-07, boot_se=0.004896, ratio=0.00
[2026-01-06T18:42:21.408559] IF vs bootstrap SE mismatch at rel_day 13: IF_se=1.026e-07, boot_se=0.004687, ratio=0.00
[2026-01-06T18:42:21.908246] IF vs bootstrap SE mismatch at rel_day 14: IF_se=1.01e-07, boot_se=0.004356, ratio=0.00
[2026-01-06T18:42:22.428697] IF vs bootstrap SE mismatch at rel_day 15: IF_se=1.026e-07, boot_se=0.004383, ratio=0.00
[2026-01-06T18:42:22.941861] IF vs bootstrap SE mismatch at rel_day 16: IF_se=1.054e-07, boot_se=0.004441, ratio=0.00
[2026-01-06T18:42:23.456191] IF vs bootstrap SE mismatch at rel_day 17: IF_se=1.05e-07, boot_se=0.004529, ratio=0.00
[2026-01-06T18:42:23.947072] IF vs bootstrap SE mismatch at rel_day 18: IF_se=1.034e-07, boot_se=0.004182, ratio=0.00
[2026-01-06T18:42:24.449489] IF vs bootstrap SE mismatch at rel_day 19: IF_se=9.923e-08, boot_se=0.004632, ratio=0.00
[2026-01-06T18:42:24.964908] IF vs bootstrap SE mismatch at rel_day 20: IF_se=9.456e-08, boot_se=0.004558, ratio=0.00
[2026-01-06T18:42:25.454255] IF vs bootstrap SE mismatch at rel_day 21: IF_se=9.181e-08, boot_se=0.004183, ratio=0.00
[2026-01-06T18:42:25.938545] IF vs bootstrap SE mismatch at rel_day 22: IF_se=9.006e-08, boot_se=0.003829, ratio=0.00
[2026-01-06T18:42:26.421080] IF vs bootstrap SE mismatch at rel_day 23: IF_se=9.074e-08, boot_se=0.004094, ratio=0.00
[2026-01-06T18:42:26.936175] IF vs bootstrap SE mismatch at rel_day 24: IF_se=9.396e-08, boot_se=0.004586, ratio=0.00
[2026-01-06T18:42:27.412015] IF vs bootstrap SE mismatch at rel_day 25: IF_se=8.979e-08, boot_se=0.004105, ratio=0.00
[2026-01-06T18:42:27.929224] IF vs bootstrap SE mismatch at rel_day 26: IF_se=8.507e-08, boot_se=0.003992, ratio=0.00
[2026-01-06T18:42:28.428849] IF vs bootstrap SE mismatch at rel_day 27: IF_se=8.258e-08, boot_se=0.003334, ratio=0.00
[2026-01-06T18:42:28.920797] IF vs bootstrap SE mismatch at rel_day 28: IF_se=8.547e-08, boot_se=0.003473, ratio=0.00
[2026-01-06T18:42:29.431596] IF vs bootstrap SE mismatch at rel_day 29: IF_se=8.845e-08, boot_se=0.003517, ratio=0.00
[2026-01-06T18:42:29.947969] IF vs bootstrap SE mismatch at rel_day 30: IF_se=9.022e-08, boot_se=0.004279, ratio=0.00
[2026-01-06T18:42:30.458523] IF vs bootstrap SE mismatch at rel_day 31: IF_se=8.683e-08, boot_se=0.003689, ratio=0.00
[2026-01-06T18:42:30.975081] IF vs bootstrap SE mismatch at rel_day 32: IF_se=8.443e-08, boot_se=0.004056, ratio=0.00
[2026-01-06T18:42:31.459673] IF vs bootstrap SE mismatch at rel_day 33: IF_se=8.177e-08, boot_se=0.003653, ratio=0.00
[2026-01-06T18:42:31.963664] IF vs bootstrap SE mismatch at rel_day 34: IF_se=8.027e-08, boot_se=0.003293, ratio=0.00
[2026-01-06T18:42:32.468827] IF vs bootstrap SE mismatch at rel_day 35: IF_se=8.3e-08, boot_se=0.003925, ratio=0.00
[2026-01-06T18:42:32.982762] IF vs bootstrap SE mismatch at rel_day 36: IF_se=8.446e-08, boot_se=0.00423, ratio=0.00
[2026-01-06T18:42:33.492030] IF vs bootstrap SE mismatch at rel_day 37: IF_se=8.322e-08, boot_se=0.00349, ratio=0.00
[2026-01-06T18:42:34.004818] IF vs bootstrap SE mismatch at rel_day 38: IF_se=7.591e-08, boot_se=0.003339, ratio=0.00
[2026-01-06T18:42:34.487224] IF vs bootstrap SE mismatch at rel_day 39: IF_se=7.7e-08, boot_se=0.003484, ratio=0.00
[2026-01-06T18:42:34.997955] IF vs bootstrap SE mismatch at rel_day 40: IF_se=7.817e-08, boot_se=0.003485, ratio=0.00
[2026-01-06T18:42:35.484020] IF vs bootstrap SE mismatch at rel_day 41: IF_se=7.942e-08, boot_se=0.004038, ratio=0.00
[2026-01-06T18:42:35.987972] IF vs bootstrap SE mismatch at rel_day 42: IF_se=8.074e-08, boot_se=0.00366, ratio=0.00
[2026-01-06T18:42:36.488967] IF vs bootstrap SE mismatch at rel_day 43: IF_se=8.068e-08, boot_se=0.003466, ratio=0.00
[2026-01-06T18:42:37.001024] IF vs bootstrap SE mismatch at rel_day 44: IF_se=8.206e-08, boot_se=0.003589, ratio=0.00
[2026-01-06T18:42:37.480164] IF vs bootstrap SE mismatch at rel_day 45: IF_se=8.207e-08, boot_se=0.003872, ratio=0.00
[2026-01-06T18:42:37.997771] IF vs bootstrap SE mismatch at rel_day 46: IF_se=8.206e-08, boot_se=0.003638, ratio=0.00
[2026-01-06T18:42:38.486683] IF vs bootstrap SE mismatch at rel_day 47: IF_se=8.622e-08, boot_se=0.003827, ratio=0.00
[2026-01-06T18:42:38.998837] IF vs bootstrap SE mismatch at rel_day 48: IF_se=8.506e-08, boot_se=0.003643, ratio=0.00
[2026-01-06T18:42:39.484892] IF vs bootstrap SE mismatch at rel_day 49: IF_se=8.234e-08, boot_se=0.003411, ratio=0.00
[2026-01-06T18:42:39.964585] IF vs bootstrap SE mismatch at rel_day 50: IF_se=8.363e-08, boot_se=0.00347, ratio=0.00
[2026-01-06T18:42:40.470925] IF vs bootstrap SE mismatch at rel_day 51: IF_se=8.067e-08, boot_se=0.002961, ratio=0.00
[2026-01-06T18:42:40.948784] IF vs bootstrap SE mismatch at rel_day 52: IF_se=7.734e-08, boot_se=0.003075, ratio=0.00
[2026-01-06T18:42:41.435832] IF vs bootstrap SE mismatch at rel_day 53: IF_se=7.671e-08, boot_se=0.003038, ratio=0.00
[2026-01-06T18:42:41.935813] IF vs bootstrap SE mismatch at rel_day 54: IF_se=7.753e-08, boot_se=0.003743, ratio=0.00
[2026-01-06T18:42:42.439881] IF vs bootstrap SE mismatch at rel_day 55: IF_se=7.836e-08, boot_se=0.003294, ratio=0.00
[2026-01-06T18:42:42.950760] IF vs bootstrap SE mismatch at rel_day 56: IF_se=7.922e-08, boot_se=0.003869, ratio=0.00
[2026-01-06T18:42:43.442484] IF vs bootstrap SE mismatch at rel_day 57: IF_se=8.156e-08, boot_se=0.003733, ratio=0.00
[2026-01-06T18:42:43.952750] IF vs bootstrap SE mismatch at rel_day 58: IF_se=8.255e-08, boot_se=0.003319, ratio=0.00
[2026-01-06T18:42:44.454964] IF vs bootstrap SE mismatch at rel_day 59: IF_se=7.77e-08, boot_se=0.003202, ratio=0.00
[2026-01-06T18:42:44.953940] IF vs bootstrap SE mismatch at rel_day 60: IF_se=7.533e-08, boot_se=0.002683, ratio=0.00
[2026-01-06T18:42:46.002918] IF vs bootstrap SE mismatch at rel_day -29: IF_se=1.245e-09, boot_se=5.246e-05, ratio=0.00
[2026-01-06T18:42:46.435964] IF vs bootstrap SE mismatch at rel_day -28: IF_se=2.64e-09, boot_se=0.0001154, ratio=0.00
[2026-01-06T18:42:46.876945] IF vs bootstrap SE mismatch at rel_day -27: IF_se=4.311e-09, boot_se=0.0002186, ratio=0.00
[2026-01-06T18:42:47.323808] IF vs bootstrap SE mismatch at rel_day -26: IF_se=6.201e-09, boot_se=0.0002532, ratio=0.00
[2026-01-06T18:42:47.794283] IF vs bootstrap SE mismatch at rel_day -25: IF_se=8.239e-09, boot_se=0.0003686, ratio=0.00
[2026-01-06T18:42:48.246446] IF vs bootstrap SE mismatch at rel_day -24: IF_se=1.045e-08, boot_se=0.0005567, ratio=0.00
[2026-01-06T18:42:48.692155] IF vs bootstrap SE mismatch at rel_day -23: IF_se=1.287e-08, boot_se=0.0006048, ratio=0.00
[2026-01-06T18:42:49.143202] IF vs bootstrap SE mismatch at rel_day -22: IF_se=1.549e-08, boot_se=0.0006353, ratio=0.00
[2026-01-06T18:42:49.606230] IF vs bootstrap SE mismatch at rel_day -21: IF_se=1.831e-08, boot_se=0.0007633, ratio=0.00
[2026-01-06T18:42:50.055834] IF vs bootstrap SE mismatch at rel_day -20: IF_se=2.134e-08, boot_se=0.0009496, ratio=0.00
[2026-01-06T18:42:50.523448] IF vs bootstrap SE mismatch at rel_day -19: IF_se=2.457e-08, boot_se=0.001076, ratio=0.00
[2026-01-06T18:42:50.979631] IF vs bootstrap SE mismatch at rel_day -18: IF_se=2.795e-08, boot_se=0.000982, ratio=0.00
[2026-01-06T18:42:51.432895] IF vs bootstrap SE mismatch at rel_day -17: IF_se=3.146e-08, boot_se=0.001332, ratio=0.00
[2026-01-06T18:42:51.887722] IF vs bootstrap SE mismatch at rel_day -16: IF_se=3.511e-08, boot_se=0.001876, ratio=0.00
[2026-01-06T18:42:52.349035] IF vs bootstrap SE mismatch at rel_day -15: IF_se=3.889e-08, boot_se=0.001969, ratio=0.00
[2026-01-06T18:42:52.810486] IF vs bootstrap SE mismatch at rel_day -14: IF_se=4.281e-08, boot_se=0.001769, ratio=0.00
[2026-01-06T18:42:53.277413] IF vs bootstrap SE mismatch at rel_day -13: IF_se=4.685e-08, boot_se=0.002326, ratio=0.00
[2026-01-06T18:42:53.757877] IF vs bootstrap SE mismatch at rel_day -12: IF_se=5.1e-08, boot_se=0.002438, ratio=0.00
[2026-01-06T18:42:54.224538] IF vs bootstrap SE mismatch at rel_day -11: IF_se=5.526e-08, boot_se=0.00261, ratio=0.00
[2026-01-06T18:42:54.718873] IF vs bootstrap SE mismatch at rel_day -10: IF_se=5.962e-08, boot_se=0.00262, ratio=0.00
[2026-01-06T18:42:55.192736] IF vs bootstrap SE mismatch at rel_day -9: IF_se=6.407e-08, boot_se=0.002936, ratio=0.00
[2026-01-06T18:42:55.683737] IF vs bootstrap SE mismatch at rel_day -8: IF_se=6.861e-08, boot_se=0.003562, ratio=0.00
[2026-01-06T18:42:56.155880] IF vs bootstrap SE mismatch at rel_day -7: IF_se=7.323e-08, boot_se=0.003424, ratio=0.00
[2026-01-06T18:42:56.626801] IF vs bootstrap SE mismatch at rel_day -6: IF_se=7.793e-08, boot_se=0.003616, ratio=0.00
[2026-01-06T18:42:57.106424] IF vs bootstrap SE mismatch at rel_day -5: IF_se=8.271e-08, boot_se=0.003599, ratio=0.00
[2026-01-06T18:42:57.601156] IF vs bootstrap SE mismatch at rel_day -4: IF_se=8.756e-08, boot_se=0.003778, ratio=0.00
[2026-01-06T18:42:58.102558] IF vs bootstrap SE mismatch at rel_day -3: IF_se=9.248e-08, boot_se=0.004075, ratio=0.00
[2026-01-06T18:42:58.599543] IF vs bootstrap SE mismatch at rel_day -2: IF_se=9.747e-08, boot_se=0.003685, ratio=0.00
[2026-01-06T18:42:59.088398] IF vs bootstrap SE mismatch at rel_day -1: IF_se=1.025e-07, boot_se=0.003631, ratio=0.00
[2026-01-06T18:42:59.599291] IF vs bootstrap SE mismatch at rel_day 0: IF_se=1.01e-07, boot_se=0.005241, ratio=0.00
[2026-01-06T18:43:00.107207] IF vs bootstrap SE mismatch at rel_day 1: IF_se=1.028e-07, boot_se=0.004312, ratio=0.00
[2026-01-06T18:43:00.604899] IF vs bootstrap SE mismatch at rel_day 2: IF_se=1.012e-07, boot_se=0.004323, ratio=0.00
[2026-01-06T18:43:01.135960] IF vs bootstrap SE mismatch at rel_day 3: IF_se=1.04e-07, boot_se=0.005278, ratio=0.00
[2026-01-06T18:43:01.618661] IF vs bootstrap SE mismatch at rel_day 4: IF_se=1.058e-07, boot_se=0.005061, ratio=0.00
[2026-01-06T18:43:02.132601] IF vs bootstrap SE mismatch at rel_day 5: IF_se=1.044e-07, boot_se=0.004597, ratio=0.00
[2026-01-06T18:43:02.636766] IF vs bootstrap SE mismatch at rel_day 6: IF_se=1.017e-07, boot_se=0.004312, ratio=0.00
[2026-01-06T18:43:03.143665] IF vs bootstrap SE mismatch at rel_day 7: IF_se=1.033e-07, boot_se=0.003597, ratio=0.00
[2026-01-06T18:43:03.657625] IF vs bootstrap SE mismatch at rel_day 8: IF_se=9.802e-08, boot_se=0.004478, ratio=0.00
[2026-01-06T18:43:04.148566] IF vs bootstrap SE mismatch at rel_day 9: IF_se=9.329e-08, boot_se=0.004492, ratio=0.00
[2026-01-06T18:43:04.646270] IF vs bootstrap SE mismatch at rel_day 10: IF_se=9.672e-08, boot_se=0.003961, ratio=0.00
[2026-01-06T18:43:05.158227] IF vs bootstrap SE mismatch at rel_day 11: IF_se=9.427e-08, boot_se=0.004157, ratio=0.00
[2026-01-06T18:43:05.666741] IF vs bootstrap SE mismatch at rel_day 12: IF_se=9.649e-08, boot_se=0.00424, ratio=0.00
[2026-01-06T18:43:06.156969] IF vs bootstrap SE mismatch at rel_day 13: IF_se=9.271e-08, boot_se=0.003436, ratio=0.00
[2026-01-06T18:43:06.659240] IF vs bootstrap SE mismatch at rel_day 14: IF_se=8.847e-08, boot_se=0.004518, ratio=0.00
[2026-01-06T18:43:07.181923] IF vs bootstrap SE mismatch at rel_day 15: IF_se=8.775e-08, boot_se=0.004041, ratio=0.00
[2026-01-06T18:43:07.702365] IF vs bootstrap SE mismatch at rel_day 16: IF_se=8.695e-08, boot_se=0.003612, ratio=0.00
[2026-01-06T18:43:08.221661] IF vs bootstrap SE mismatch at rel_day 17: IF_se=8.606e-08, boot_se=0.003726, ratio=0.00
[2026-01-06T18:43:08.702910] IF vs bootstrap SE mismatch at rel_day 18: IF_se=8.644e-08, boot_se=0.003757, ratio=0.00
[2026-01-06T18:43:09.189034] IF vs bootstrap SE mismatch at rel_day 19: IF_se=8.681e-08, boot_se=0.003849, ratio=0.00
[2026-01-06T18:43:09.668293] IF vs bootstrap SE mismatch at rel_day 20: IF_se=8.308e-08, boot_se=0.004505, ratio=0.00
[2026-01-06T18:43:10.151980] IF vs bootstrap SE mismatch at rel_day 21: IF_se=8.458e-08, boot_se=0.003407, ratio=0.00
[2026-01-06T18:43:10.651222] IF vs bootstrap SE mismatch at rel_day 22: IF_se=8.477e-08, boot_se=0.003666, ratio=0.00
[2026-01-06T18:43:11.134180] IF vs bootstrap SE mismatch at rel_day 23: IF_se=8.357e-08, boot_se=0.003211, ratio=0.00
[2026-01-06T18:43:11.637764] IF vs bootstrap SE mismatch at rel_day 24: IF_se=8.366e-08, boot_se=0.003722, ratio=0.00
[2026-01-06T18:43:12.137274] IF vs bootstrap SE mismatch at rel_day 25: IF_se=8.374e-08, boot_se=0.003278, ratio=0.00
[2026-01-06T18:43:12.643367] IF vs bootstrap SE mismatch at rel_day 26: IF_se=8.242e-08, boot_se=0.003685, ratio=0.00
[2026-01-06T18:43:13.162604] IF vs bootstrap SE mismatch at rel_day 27: IF_se=8.1e-08, boot_se=0.003606, ratio=0.00
[2026-01-06T18:43:13.670678] IF vs bootstrap SE mismatch at rel_day 28: IF_se=8.237e-08, boot_se=0.003403, ratio=0.00
[2026-01-06T18:43:14.185031] IF vs bootstrap SE mismatch at rel_day 29: IF_se=8.243e-08, boot_se=0.003425, ratio=0.00
[2026-01-06T18:43:14.684846] IF vs bootstrap SE mismatch at rel_day 30: IF_se=8.251e-08, boot_se=0.00422, ratio=0.00
[2026-01-06T18:43:15.173729] IF vs bootstrap SE mismatch at rel_day 31: IF_se=8.541e-08, boot_se=0.00384, ratio=0.00
[2026-01-06T18:43:15.653290] IF vs bootstrap SE mismatch at rel_day 32: IF_se=8.435e-08, boot_se=0.0036, ratio=0.00
[2026-01-06T18:43:16.166613] IF vs bootstrap SE mismatch at rel_day 33: IF_se=8.321e-08, boot_se=0.003965, ratio=0.00
[2026-01-06T18:43:16.641542] IF vs bootstrap SE mismatch at rel_day 34: IF_se=8.197e-08, boot_se=0.003533, ratio=0.00
[2026-01-06T18:43:17.140257] IF vs bootstrap SE mismatch at rel_day 35: IF_se=8.063e-08, boot_se=0.003665, ratio=0.00
[2026-01-06T18:43:17.642642] IF vs bootstrap SE mismatch at rel_day 36: IF_se=8.209e-08, boot_se=0.003705, ratio=0.00
[2026-01-06T18:43:18.122502] IF vs bootstrap SE mismatch at rel_day 37: IF_se=7.782e-08, boot_se=0.00302, ratio=0.00
[2026-01-06T18:43:18.617939] IF vs bootstrap SE mismatch at rel_day 38: IF_se=7.915e-08, boot_se=0.004067, ratio=0.00
[2026-01-06T18:43:19.119434] IF vs bootstrap SE mismatch at rel_day 39: IF_se=7.909e-08, boot_se=0.003833, ratio=0.00
[2026-01-06T18:43:19.624134] IF vs bootstrap SE mismatch at rel_day 40: IF_se=8.194e-08, boot_se=0.003456, ratio=0.00
[2026-01-06T18:43:20.136535] IF vs bootstrap SE mismatch at rel_day 41: IF_se=8.061e-08, boot_se=0.002963, ratio=0.00
[2026-01-06T18:43:20.640551] IF vs bootstrap SE mismatch at rel_day 42: IF_se=7.765e-08, boot_se=0.002915, ratio=0.00
[2026-01-06T18:43:21.150846] IF vs bootstrap SE mismatch at rel_day 43: IF_se=7.894e-08, boot_se=0.003663, ratio=0.00
[2026-01-06T18:43:21.648026] IF vs bootstrap SE mismatch at rel_day 44: IF_se=8.028e-08, boot_se=0.004013, ratio=0.00
[2026-01-06T18:43:22.147941] IF vs bootstrap SE mismatch at rel_day 45: IF_se=8.451e-08, boot_se=0.004941, ratio=0.00
[2026-01-06T18:43:22.631627] IF vs bootstrap SE mismatch at rel_day 46: IF_se=8.744e-08, boot_se=0.00388, ratio=0.00
[2026-01-06T18:43:23.117956] IF vs bootstrap SE mismatch at rel_day 47: IF_se=8.78e-08, boot_se=0.00389, ratio=0.00
[2026-01-06T18:43:23.614385] IF vs bootstrap SE mismatch at rel_day 48: IF_se=8.946e-08, boot_se=0.00364, ratio=0.00
[2026-01-06T18:43:24.120621] IF vs bootstrap SE mismatch at rel_day 49: IF_se=8.719e-08, boot_se=0.003972, ratio=0.00
[2026-01-06T18:43:24.623355] IF vs bootstrap SE mismatch at rel_day 50: IF_se=9.135e-08, boot_se=0.003697, ratio=0.00
[2026-01-06T18:43:25.136599] IF vs bootstrap SE mismatch at rel_day 51: IF_se=9.05e-08, boot_se=0.004284, ratio=0.00
[2026-01-06T18:43:25.628764] IF vs bootstrap SE mismatch at rel_day 52: IF_se=8.953e-08, boot_se=0.003465, ratio=0.00
[2026-01-06T18:43:26.111175] IF vs bootstrap SE mismatch at rel_day 53: IF_se=9.234e-08, boot_se=0.003534, ratio=0.00
[2026-01-06T18:43:26.603358] IF vs bootstrap SE mismatch at rel_day 54: IF_se=8.749e-08, boot_se=0.003732, ratio=0.00
[2026-01-06T18:43:27.081827] IF vs bootstrap SE mismatch at rel_day 55: IF_se=8.191e-08, boot_se=0.003014, ratio=0.00
[2026-01-06T18:43:27.557813] IF vs bootstrap SE mismatch at rel_day 56: IF_se=7.387e-08, boot_se=0.003777, ratio=0.00
[2026-01-06T18:43:28.041809] IF vs bootstrap SE mismatch at rel_day 57: IF_se=7.276e-08, boot_se=0.002598, ratio=0.00
[2026-01-06T18:43:28.549057] IF vs bootstrap SE mismatch at rel_day 58: IF_se=6.987e-08, boot_se=0.003305, ratio=0.00
[2026-01-06T18:43:29.046611] IF vs bootstrap SE mismatch at rel_day 59: IF_se=7.009e-08, boot_se=0.002921, ratio=0.00
[2026-01-06T18:43:29.532474] IF vs bootstrap SE mismatch at rel_day 60: IF_se=6.863e-08, boot_se=0.003261, ratio=0.00
[2026-01-06T18:43:30.592919] IF vs bootstrap SE mismatch at rel_day -29: IF_se=1.252e-09, boot_se=6.228e-05, ratio=0.00
[2026-01-06T18:43:31.041652] IF vs bootstrap SE mismatch at rel_day -28: IF_se=2.655e-09, boot_se=0.0001283, ratio=0.00
[2026-01-06T18:43:31.484321] IF vs bootstrap SE mismatch at rel_day -27: IF_se=4.335e-09, boot_se=0.000192, ratio=0.00
[2026-01-06T18:43:31.949505] IF vs bootstrap SE mismatch at rel_day -26: IF_se=6.319e-09, boot_se=0.0002379, ratio=0.00
[2026-01-06T18:43:32.414531] IF vs bootstrap SE mismatch at rel_day -25: IF_se=8.639e-09, boot_se=0.0004084, ratio=0.00
[2026-01-06T18:43:32.892100] IF vs bootstrap SE mismatch at rel_day -24: IF_se=1.126e-08, boot_se=0.000481, ratio=0.00
[2026-01-06T18:43:33.370744] IF vs bootstrap SE mismatch at rel_day -23: IF_se=1.41e-08, boot_se=0.0005965, ratio=0.00
[2026-01-06T18:43:33.822301] IF vs bootstrap SE mismatch at rel_day -22: IF_se=1.712e-08, boot_se=0.0007746, ratio=0.00
[2026-01-06T18:43:34.300586] IF vs bootstrap SE mismatch at rel_day -21: IF_se=2.031e-08, boot_se=0.0009479, ratio=0.00
[2026-01-06T18:43:34.768382] IF vs bootstrap SE mismatch at rel_day -20: IF_se=2.366e-08, boot_se=0.001009, ratio=0.00
[2026-01-06T18:43:35.249815] IF vs bootstrap SE mismatch at rel_day -19: IF_se=2.715e-08, boot_se=0.00118, ratio=0.00
[2026-01-06T18:43:35.721639] IF vs bootstrap SE mismatch at rel_day -18: IF_se=3.074e-08, boot_se=0.001128, ratio=0.00
[2026-01-06T18:43:36.183211] IF vs bootstrap SE mismatch at rel_day -17: IF_se=3.444e-08, boot_se=0.001439, ratio=0.00
[2026-01-06T18:43:36.635294] IF vs bootstrap SE mismatch at rel_day -16: IF_se=3.822e-08, boot_se=0.00153, ratio=0.00
[2026-01-06T18:43:37.090894] IF vs bootstrap SE mismatch at rel_day -15: IF_se=4.209e-08, boot_se=0.002109, ratio=0.00
[2026-01-06T18:43:37.588694] IF vs bootstrap SE mismatch at rel_day -14: IF_se=4.606e-08, boot_se=0.00197, ratio=0.00
[2026-01-06T18:43:38.073100] IF vs bootstrap SE mismatch at rel_day -13: IF_se=5.014e-08, boot_se=0.002045, ratio=0.00
[2026-01-06T18:43:38.559644] IF vs bootstrap SE mismatch at rel_day -12: IF_se=5.431e-08, boot_se=0.002594, ratio=0.00
[2026-01-06T18:43:39.033069] IF vs bootstrap SE mismatch at rel_day -11: IF_se=5.857e-08, boot_se=0.00246, ratio=0.00
[2026-01-06T18:43:39.503059] IF vs bootstrap SE mismatch at rel_day -10: IF_se=6.293e-08, boot_se=0.002415, ratio=0.00
[2026-01-06T18:43:39.974824] IF vs bootstrap SE mismatch at rel_day -9: IF_se=6.741e-08, boot_se=0.002604, ratio=0.00
[2026-01-06T18:43:40.444285] IF vs bootstrap SE mismatch at rel_day -8: IF_se=7.197e-08, boot_se=0.00287, ratio=0.00
[2026-01-06T18:43:40.914613] IF vs bootstrap SE mismatch at rel_day -7: IF_se=7.664e-08, boot_se=0.003831, ratio=0.00
[2026-01-06T18:43:41.389338] IF vs bootstrap SE mismatch at rel_day -6: IF_se=8.139e-08, boot_se=0.003037, ratio=0.00
[2026-01-06T18:43:41.890602] IF vs bootstrap SE mismatch at rel_day -5: IF_se=8.624e-08, boot_se=0.003535, ratio=0.00
[2026-01-06T18:43:42.406605] IF vs bootstrap SE mismatch at rel_day -4: IF_se=9.116e-08, boot_se=0.003842, ratio=0.00
[2026-01-06T18:43:42.909353] IF vs bootstrap SE mismatch at rel_day -3: IF_se=9.616e-08, boot_se=0.00464, ratio=0.00
[2026-01-06T18:43:43.425059] IF vs bootstrap SE mismatch at rel_day -2: IF_se=1.012e-07, boot_se=0.005067, ratio=0.00
[2026-01-06T18:43:43.903819] IF vs bootstrap SE mismatch at rel_day -1: IF_se=1.064e-07, boot_se=0.004682, ratio=0.00
[2026-01-06T18:43:44.392048] IF vs bootstrap SE mismatch at rel_day 0: IF_se=1.051e-07, boot_se=0.005093, ratio=0.00
[2026-01-06T18:43:44.867356] IF vs bootstrap SE mismatch at rel_day 1: IF_se=1.07e-07, boot_se=0.004898, ratio=0.00
[2026-01-06T18:43:45.390096] IF vs bootstrap SE mismatch at rel_day 2: IF_se=1.057e-07, boot_se=0.004788, ratio=0.00
[2026-01-06T18:43:45.897317] IF vs bootstrap SE mismatch at rel_day 3: IF_se=1.042e-07, boot_se=0.004677, ratio=0.00
[2026-01-06T18:43:46.408356] IF vs bootstrap SE mismatch at rel_day 4: IF_se=9.79e-08, boot_se=0.003818, ratio=0.00
[2026-01-06T18:43:46.906916] IF vs bootstrap SE mismatch at rel_day 5: IF_se=9.687e-08, boot_se=0.004584, ratio=0.00
[2026-01-06T18:43:47.401322] IF vs bootstrap SE mismatch at rel_day 6: IF_se=9.695e-08, boot_se=0.004083, ratio=0.00
[2026-01-06T18:43:47.900846] IF vs bootstrap SE mismatch at rel_day 7: IF_se=9.579e-08, boot_se=0.004003, ratio=0.00
[2026-01-06T18:43:48.390640] IF vs bootstrap SE mismatch at rel_day 8: IF_se=9.198e-08, boot_se=0.004474, ratio=0.00
[2026-01-06T18:43:48.885833] IF vs bootstrap SE mismatch at rel_day 9: IF_se=9.163e-08, boot_se=0.003457, ratio=0.00
[2026-01-06T18:43:49.392601] IF vs bootstrap SE mismatch at rel_day 10: IF_se=9.504e-08, boot_se=0.004524, ratio=0.00
[2026-01-06T18:43:49.896814] IF vs bootstrap SE mismatch at rel_day 11: IF_se=9.366e-08, boot_se=0.004124, ratio=0.00
[2026-01-06T18:43:50.414716] IF vs bootstrap SE mismatch at rel_day 12: IF_se=9.588e-08, boot_se=0.005043, ratio=0.00
[2026-01-06T18:43:50.929405] IF vs bootstrap SE mismatch at rel_day 13: IF_se=9.938e-08, boot_se=0.004234, ratio=0.00
[2026-01-06T18:43:51.445387] IF vs bootstrap SE mismatch at rel_day 14: IF_se=9.338e-08, boot_se=0.003826, ratio=0.00
[2026-01-06T18:43:51.958663] IF vs bootstrap SE mismatch at rel_day 15: IF_se=9.175e-08, boot_se=0.003923, ratio=0.00
[2026-01-06T18:43:52.441600] IF vs bootstrap SE mismatch at rel_day 16: IF_se=9.505e-08, boot_se=0.004295, ratio=0.00
[2026-01-06T18:43:52.954024] IF vs bootstrap SE mismatch at rel_day 17: IF_se=9.226e-08, boot_se=0.004721, ratio=0.00
[2026-01-06T18:43:53.439842] IF vs bootstrap SE mismatch at rel_day 18: IF_se=9.047e-08, boot_se=0.004232, ratio=0.00
[2026-01-06T18:43:53.936981] IF vs bootstrap SE mismatch at rel_day 19: IF_se=8.578e-08, boot_se=0.00387, ratio=0.00
[2026-01-06T18:43:54.422422] IF vs bootstrap SE mismatch at rel_day 20: IF_se=8.333e-08, boot_se=0.004042, ratio=0.00
[2026-01-06T18:43:54.899977] IF vs bootstrap SE mismatch at rel_day 21: IF_se=8.49e-08, boot_se=0.003521, ratio=0.00
[2026-01-06T18:43:55.387878] IF vs bootstrap SE mismatch at rel_day 22: IF_se=8.09e-08, boot_se=0.00395, ratio=0.00
[2026-01-06T18:43:55.885223] IF vs bootstrap SE mismatch at rel_day 23: IF_se=8.089e-08, boot_se=0.004027, ratio=0.00
[2026-01-06T18:43:56.370139] IF vs bootstrap SE mismatch at rel_day 24: IF_se=8.09e-08, boot_se=0.003749, ratio=0.00
[2026-01-06T18:43:56.880527] IF vs bootstrap SE mismatch at rel_day 25: IF_se=8.236e-08, boot_se=0.003796, ratio=0.00
[2026-01-06T18:43:57.396393] IF vs bootstrap SE mismatch at rel_day 26: IF_se=8.103e-08, boot_se=0.00341, ratio=0.00
[2026-01-06T18:43:57.911156] IF vs bootstrap SE mismatch at rel_day 27: IF_se=8.393e-08, boot_se=0.003957, ratio=0.00
[2026-01-06T18:43:58.425074] IF vs bootstrap SE mismatch at rel_day 28: IF_se=8.693e-08, boot_se=0.003989, ratio=0.00
[2026-01-06T18:43:58.902061] IF vs bootstrap SE mismatch at rel_day 29: IF_se=8.87e-08, boot_se=0.003166, ratio=0.00
[2026-01-06T18:43:59.387789] IF vs bootstrap SE mismatch at rel_day 30: IF_se=8.787e-08, boot_se=0.004219, ratio=0.00
[2026-01-06T18:43:59.868180] IF vs bootstrap SE mismatch at rel_day 31: IF_se=8.831e-08, boot_se=0.003634, ratio=0.00
[2026-01-06T18:44:00.360329] IF vs bootstrap SE mismatch at rel_day 32: IF_se=8.743e-08, boot_se=0.003749, ratio=0.00
[2026-01-06T18:44:00.860240] IF vs bootstrap SE mismatch at rel_day 33: IF_se=8.367e-08, boot_se=0.003564, ratio=0.00
[2026-01-06T18:44:01.355991] IF vs bootstrap SE mismatch at rel_day 34: IF_se=8.522e-08, boot_se=0.003524, ratio=0.00
[2026-01-06T18:44:01.862604] IF vs bootstrap SE mismatch at rel_day 35: IF_se=8.819e-08, boot_se=0.004172, ratio=0.00
[2026-01-06T18:44:02.370402] IF vs bootstrap SE mismatch at rel_day 36: IF_se=8.728e-08, boot_se=0.003707, ratio=0.00
[2026-01-06T18:44:02.843941] IF vs bootstrap SE mismatch at rel_day 37: IF_se=8.629e-08, boot_se=0.003952, ratio=0.00
[2026-01-06T18:44:03.490968] IF vs bootstrap SE mismatch at rel_day 38: IF_se=8.093e-08, boot_se=0.00366, ratio=0.00
[2026-01-06T18:44:03.991395] IF vs bootstrap SE mismatch at rel_day 39: IF_se=7.937e-08, boot_se=0.003455, ratio=0.00
[2026-01-06T18:44:04.522218] IF vs bootstrap SE mismatch at rel_day 40: IF_se=8.213e-08, boot_se=0.004393, ratio=0.00
[2026-01-06T18:44:05.021943] IF vs bootstrap SE mismatch at rel_day 41: IF_se=8.068e-08, boot_se=0.0035, ratio=0.00
[2026-01-06T18:44:05.559734] IF vs bootstrap SE mismatch at rel_day 42: IF_se=8.487e-08, boot_se=0.003511, ratio=0.00
[2026-01-06T18:44:06.056825] IF vs bootstrap SE mismatch at rel_day 43: IF_se=8.219e-08, boot_se=0.003001, ratio=0.00
[2026-01-06T18:44:06.564594] IF vs bootstrap SE mismatch at rel_day 44: IF_se=8.215e-08, boot_se=0.004581, ratio=0.00
[2026-01-06T18:44:07.067831] IF vs bootstrap SE mismatch at rel_day 45: IF_se=8.21e-08, boot_se=0.003592, ratio=0.00
[2026-01-06T18:44:07.581082] IF vs bootstrap SE mismatch at rel_day 46: IF_se=8.202e-08, boot_se=0.00402, ratio=0.00
[2026-01-06T18:44:08.075103] IF vs bootstrap SE mismatch at rel_day 47: IF_se=8.335e-08, boot_se=0.003034, ratio=0.00
[2026-01-06T18:44:08.559844] IF vs bootstrap SE mismatch at rel_day 48: IF_se=8.332e-08, boot_se=0.003476, ratio=0.00
[2026-01-06T18:44:09.070171] IF vs bootstrap SE mismatch at rel_day 49: IF_se=8.326e-08, boot_se=0.003374, ratio=0.00
[2026-01-06T18:44:09.581857] IF vs bootstrap SE mismatch at rel_day 50: IF_se=8.458e-08, boot_se=0.00392, ratio=0.00
[2026-01-06T18:44:10.079371] IF vs bootstrap SE mismatch at rel_day 51: IF_se=8.314e-08, boot_se=0.003802, ratio=0.00
[2026-01-06T18:44:10.578900] IF vs bootstrap SE mismatch at rel_day 52: IF_se=8.153e-08, boot_se=0.003676, ratio=0.00
[2026-01-06T18:44:11.086204] IF vs bootstrap SE mismatch at rel_day 53: IF_se=7.824e-08, boot_se=0.003203, ratio=0.00
[2026-01-06T18:44:11.589447] IF vs bootstrap SE mismatch at rel_day 54: IF_se=8.068e-08, boot_se=0.003743, ratio=0.00
[2026-01-06T18:44:12.079751] IF vs bootstrap SE mismatch at rel_day 55: IF_se=7.876e-08, boot_se=0.00334, ratio=0.00
[2026-01-06T18:44:12.595475] IF vs bootstrap SE mismatch at rel_day 56: IF_se=7.818e-08, boot_se=0.003307, ratio=0.00
[2026-01-06T18:44:13.068854] IF vs bootstrap SE mismatch at rel_day 57: IF_se=8.055e-08, boot_se=0.003406, ratio=0.00
[2026-01-06T18:44:13.593944] IF vs bootstrap SE mismatch at rel_day 58: IF_se=8.007e-08, boot_se=0.003439, ratio=0.00
[2026-01-06T18:44:14.098106] IF vs bootstrap SE mismatch at rel_day 59: IF_se=8.248e-08, boot_se=0.003428, ratio=0.00
[2026-01-06T18:44:14.593099] IF vs bootstrap SE mismatch at rel_day 60: IF_se=7.912e-08, boot_se=0.003623, ratio=0.00
[2026-01-06T18:44:15.665944] IF vs bootstrap SE mismatch at rel_day -29: IF_se=1.336e-09, boot_se=5.612e-05, ratio=0.00
[2026-01-06T18:44:16.139953] IF vs bootstrap SE mismatch at rel_day -28: IF_se=3.07e-09, boot_se=0.0001126, ratio=0.00
[2026-01-06T18:44:16.606721] IF vs bootstrap SE mismatch at rel_day -27: IF_se=5.122e-09, boot_se=0.0001877, ratio=0.00
[2026-01-06T18:44:17.068772] IF vs bootstrap SE mismatch at rel_day -26: IF_se=7.383e-09, boot_se=0.0003272, ratio=0.00
[2026-01-06T18:44:17.546345] IF vs bootstrap SE mismatch at rel_day -25: IF_se=9.825e-09, boot_se=0.0004397, ratio=0.00
[2026-01-06T18:44:18.026360] IF vs bootstrap SE mismatch at rel_day -24: IF_se=1.241e-08, boot_se=0.0005712, ratio=0.00
[2026-01-06T18:44:18.508938] IF vs bootstrap SE mismatch at rel_day -23: IF_se=1.516e-08, boot_se=0.0008109, ratio=0.00
[2026-01-06T18:44:18.989285] IF vs bootstrap SE mismatch at rel_day -22: IF_se=1.805e-08, boot_se=0.0009889, ratio=0.00
[2026-01-06T18:44:19.477014] IF vs bootstrap SE mismatch at rel_day -21: IF_se=2.107e-08, boot_se=0.001017, ratio=0.00
[2026-01-06T18:44:19.944483] IF vs bootstrap SE mismatch at rel_day -20: IF_se=2.421e-08, boot_se=0.001337, ratio=0.00
[2026-01-06T18:44:20.425434] IF vs bootstrap SE mismatch at rel_day -19: IF_se=2.746e-08, boot_se=0.00131, ratio=0.00
[2026-01-06T18:44:20.879539] IF vs bootstrap SE mismatch at rel_day -18: IF_se=3.087e-08, boot_se=0.001288, ratio=0.00
[2026-01-06T18:44:21.340913] IF vs bootstrap SE mismatch at rel_day -17: IF_se=3.445e-08, boot_se=0.001296, ratio=0.00
[2026-01-06T18:44:21.807929] IF vs bootstrap SE mismatch at rel_day -16: IF_se=3.818e-08, boot_se=0.001975, ratio=0.00
[2026-01-06T18:44:22.272188] IF vs bootstrap SE mismatch at rel_day -15: IF_se=4.207e-08, boot_se=0.002007, ratio=0.00
[2026-01-06T18:44:22.762708] IF vs bootstrap SE mismatch at rel_day -14: IF_se=4.609e-08, boot_se=0.002083, ratio=0.00
[2026-01-06T18:44:23.223554] IF vs bootstrap SE mismatch at rel_day -13: IF_se=5.023e-08, boot_se=0.002344, ratio=0.00
[2026-01-06T18:44:23.697402] IF vs bootstrap SE mismatch at rel_day -12: IF_se=5.449e-08, boot_se=0.002506, ratio=0.00
[2026-01-06T18:44:24.158800] IF vs bootstrap SE mismatch at rel_day -11: IF_se=5.887e-08, boot_se=0.00262, ratio=0.00
[2026-01-06T18:44:24.626787] IF vs bootstrap SE mismatch at rel_day -10: IF_se=6.337e-08, boot_se=0.002483, ratio=0.00
[2026-01-06T18:44:25.105344] IF vs bootstrap SE mismatch at rel_day -9: IF_se=6.796e-08, boot_se=0.003317, ratio=0.00
[2026-01-06T18:44:25.594892] IF vs bootstrap SE mismatch at rel_day -8: IF_se=7.266e-08, boot_se=0.003727, ratio=0.00
[2026-01-06T18:44:26.074080] IF vs bootstrap SE mismatch at rel_day -7: IF_se=7.744e-08, boot_se=0.002939, ratio=0.00
[2026-01-06T18:44:26.580103] IF vs bootstrap SE mismatch at rel_day -6: IF_se=8.232e-08, boot_se=0.003611, ratio=0.00
[2026-01-06T18:44:27.079963] IF vs bootstrap SE mismatch at rel_day -5: IF_se=8.729e-08, boot_se=0.003514, ratio=0.00
[2026-01-06T18:44:27.583524] IF vs bootstrap SE mismatch at rel_day -4: IF_se=9.234e-08, boot_se=0.003945, ratio=0.00
[2026-01-06T18:44:28.087694] IF vs bootstrap SE mismatch at rel_day -3: IF_se=9.748e-08, boot_se=0.004163, ratio=0.00
[2026-01-06T18:44:28.593389] IF vs bootstrap SE mismatch at rel_day -2: IF_se=1.027e-07, boot_se=0.004281, ratio=0.00
[2026-01-06T18:44:29.110901] IF vs bootstrap SE mismatch at rel_day -1: IF_se=1.08e-07, boot_se=0.004627, ratio=0.00
[2026-01-06T18:44:29.618410] IF vs bootstrap SE mismatch at rel_day 0: IF_se=1.061e-07, boot_se=0.005491, ratio=0.00
[2026-01-06T18:44:30.108213] IF vs bootstrap SE mismatch at rel_day 1: IF_se=1.018e-07, boot_se=0.004727, ratio=0.00
[2026-01-06T18:44:30.611522] IF vs bootstrap SE mismatch at rel_day 2: IF_se=1.027e-07, boot_se=0.004393, ratio=0.00
[2026-01-06T18:44:31.096603] IF vs bootstrap SE mismatch at rel_day 3: IF_se=1.025e-07, boot_se=0.003656, ratio=0.00
[2026-01-06T18:44:31.602390] IF vs bootstrap SE mismatch at rel_day 4: IF_se=1.034e-07, boot_se=0.004657, ratio=0.00
[2026-01-06T18:44:32.104608] IF vs bootstrap SE mismatch at rel_day 5: IF_se=1.054e-07, boot_se=0.004771, ratio=0.00
[2026-01-06T18:44:32.618039] IF vs bootstrap SE mismatch at rel_day 6: IF_se=1.031e-07, boot_se=0.004688, ratio=0.00
[2026-01-06T18:44:33.122629] IF vs bootstrap SE mismatch at rel_day 7: IF_se=1.051e-07, boot_se=0.004988, ratio=0.00
[2026-01-06T18:44:33.650251] IF vs bootstrap SE mismatch at rel_day 8: IF_se=1.082e-07, boot_se=0.00445, ratio=0.00
[2026-01-06T18:44:34.165643] IF vs bootstrap SE mismatch at rel_day 9: IF_se=1.083e-07, boot_se=0.005138, ratio=0.00
[2026-01-06T18:44:34.652066] IF vs bootstrap SE mismatch at rel_day 10: IF_se=1.073e-07, boot_se=0.005102, ratio=0.00
[2026-01-06T18:44:35.139635] IF vs bootstrap SE mismatch at rel_day 11: IF_se=1.006e-07, boot_se=0.004151, ratio=0.00
[2026-01-06T18:44:35.628623] IF vs bootstrap SE mismatch at rel_day 12: IF_se=1.012e-07, boot_se=0.005135, ratio=0.00
[2026-01-06T18:44:36.128490] IF vs bootstrap SE mismatch at rel_day 13: IF_se=9.721e-08, boot_se=0.003769, ratio=0.00
[2026-01-06T18:44:36.635491] IF vs bootstrap SE mismatch at rel_day 14: IF_se=9.867e-08, boot_se=0.00436, ratio=0.00
[2026-01-06T18:44:37.139130] IF vs bootstrap SE mismatch at rel_day 15: IF_se=9.669e-08, boot_se=0.004197, ratio=0.00
[2026-01-06T18:44:37.629587] IF vs bootstrap SE mismatch at rel_day 16: IF_se=9.806e-08, boot_se=0.004722, ratio=0.00
[2026-01-06T18:44:38.111693] IF vs bootstrap SE mismatch at rel_day 17: IF_se=9.714e-08, boot_se=0.004964, ratio=0.00
[2026-01-06T18:44:38.613605] IF vs bootstrap SE mismatch at rel_day 18: IF_se=9.368e-08, boot_se=0.003626, ratio=0.00
[2026-01-06T18:44:39.111404] IF vs bootstrap SE mismatch at rel_day 19: IF_se=9.355e-08, boot_se=0.004737, ratio=0.00
[2026-01-06T18:44:39.611526] IF vs bootstrap SE mismatch at rel_day 20: IF_se=9.459e-08, boot_se=0.004515, ratio=0.00
[2026-01-06T18:44:40.096708] IF vs bootstrap SE mismatch at rel_day 21: IF_se=9.567e-08, boot_se=0.004103, ratio=0.00
[2026-01-06T18:44:40.581799] IF vs bootstrap SE mismatch at rel_day 22: IF_se=9.436e-08, boot_se=0.004572, ratio=0.00
[2026-01-06T18:44:41.091465] IF vs bootstrap SE mismatch at rel_day 23: IF_se=9.165e-08, boot_se=0.004284, ratio=0.00
[2026-01-06T18:44:41.617930] IF vs bootstrap SE mismatch at rel_day 24: IF_se=9.119e-08, boot_se=0.00365, ratio=0.00
[2026-01-06T18:44:42.137083] IF vs bootstrap SE mismatch at rel_day 25: IF_se=9.066e-08, boot_se=0.003806, ratio=0.00
[2026-01-06T18:44:42.656091] IF vs bootstrap SE mismatch at rel_day 26: IF_se=8.877e-08, boot_se=0.004532, ratio=0.00
[2026-01-06T18:44:43.177993] IF vs bootstrap SE mismatch at rel_day 27: IF_se=9.186e-08, boot_se=0.004088, ratio=0.00
[2026-01-06T18:44:43.670249] IF vs bootstrap SE mismatch at rel_day 28: IF_se=9.132e-08, boot_se=0.003642, ratio=0.00
[2026-01-06T18:44:44.188150] IF vs bootstrap SE mismatch at rel_day 29: IF_se=8.811e-08, boot_se=0.003448, ratio=0.00
[2026-01-06T18:44:44.704739] IF vs bootstrap SE mismatch at rel_day 30: IF_se=8.853e-08, boot_se=0.003665, ratio=0.00
[2026-01-06T18:44:45.239856] IF vs bootstrap SE mismatch at rel_day 31: IF_se=8.764e-08, boot_se=0.003552, ratio=0.00
[2026-01-06T18:44:45.748526] IF vs bootstrap SE mismatch at rel_day 32: IF_se=8.799e-08, boot_se=0.003823, ratio=0.00
[2026-01-06T18:44:46.248442] IF vs bootstrap SE mismatch at rel_day 33: IF_se=8.569e-08, boot_se=0.003101, ratio=0.00
[2026-01-06T18:44:46.769170] IF vs bootstrap SE mismatch at rel_day 34: IF_se=8.174e-08, boot_se=0.003155, ratio=0.00
[2026-01-06T18:44:47.276579] IF vs bootstrap SE mismatch at rel_day 35: IF_se=7.876e-08, boot_se=0.002894, ratio=0.00
[2026-01-06T18:44:47.784259] IF vs bootstrap SE mismatch at rel_day 36: IF_se=7.698e-08, boot_se=0.003106, ratio=0.00
[2026-01-06T18:44:48.282080] IF vs bootstrap SE mismatch at rel_day 37: IF_se=7.502e-08, boot_se=0.003203, ratio=0.00
[2026-01-06T18:44:48.797319] IF vs bootstrap SE mismatch at rel_day 38: IF_se=7.6e-08, boot_se=0.003207, ratio=0.00
[2026-01-06T18:44:49.269594] IF vs bootstrap SE mismatch at rel_day 39: IF_se=7.238e-08, boot_se=0.003203, ratio=0.00
[2026-01-06T18:44:49.777888] IF vs bootstrap SE mismatch at rel_day 40: IF_se=7.164e-08, boot_se=0.00324, ratio=0.00
[2026-01-06T18:44:50.255862] IF vs bootstrap SE mismatch at rel_day 41: IF_se=7.563e-08, boot_se=0.003262, ratio=0.00
[2026-01-06T18:44:50.742886] IF vs bootstrap SE mismatch at rel_day 42: IF_se=7.672e-08, boot_se=0.00308, ratio=0.00
[2026-01-06T18:44:51.242375] IF vs bootstrap SE mismatch at rel_day 43: IF_se=7.934e-08, boot_se=0.003415, ratio=0.00
[2026-01-06T18:44:51.778264] IF vs bootstrap SE mismatch at rel_day 44: IF_se=7.617e-08, boot_se=0.003339, ratio=0.00
[2026-01-06T18:44:52.263864] IF vs bootstrap SE mismatch at rel_day 45: IF_se=7.877e-08, boot_se=0.003379, ratio=0.00
[2026-01-06T18:44:52.779553] IF vs bootstrap SE mismatch at rel_day 46: IF_se=7.999e-08, boot_se=0.003226, ratio=0.00
[2026-01-06T18:44:53.288424] IF vs bootstrap SE mismatch at rel_day 47: IF_se=8.269e-08, boot_se=0.003915, ratio=0.00
[2026-01-06T18:44:53.809073] IF vs bootstrap SE mismatch at rel_day 48: IF_se=8.409e-08, boot_se=0.003644, ratio=0.00
[2026-01-06T18:44:54.302722] IF vs bootstrap SE mismatch at rel_day 49: IF_se=8.135e-08, boot_se=0.003282, ratio=0.00
[2026-01-06T18:44:54.829932] IF vs bootstrap SE mismatch at rel_day 50: IF_se=7.976e-08, boot_se=0.003375, ratio=0.00
[2026-01-06T18:44:55.304211] IF vs bootstrap SE mismatch at rel_day 51: IF_se=8.234e-08, boot_se=0.002664, ratio=0.00
[2026-01-06T18:44:55.812112] IF vs bootstrap SE mismatch at rel_day 52: IF_se=8.36e-08, boot_se=0.00401, ratio=0.00
[2026-01-06T18:44:56.302244] IF vs bootstrap SE mismatch at rel_day 53: IF_se=8.209e-08, boot_se=0.003601, ratio=0.00
[2026-01-06T18:44:56.801802] IF vs bootstrap SE mismatch at rel_day 54: IF_se=7.894e-08, boot_se=0.003509, ratio=0.00
[2026-01-06T18:44:57.305862] IF vs bootstrap SE mismatch at rel_day 55: IF_se=7.692e-08, boot_se=0.003004, ratio=0.00
[2026-01-06T18:44:57.785785] IF vs bootstrap SE mismatch at rel_day 56: IF_se=7.773e-08, boot_se=0.00348, ratio=0.00
[2026-01-06T18:44:58.280050] IF vs bootstrap SE mismatch at rel_day 57: IF_se=7.856e-08, boot_se=0.003281, ratio=0.00
[2026-01-06T18:44:58.784498] IF vs bootstrap SE mismatch at rel_day 58: IF_se=7.939e-08, boot_se=0.003537, ratio=0.00
[2026-01-06T18:44:59.261418] IF vs bootstrap SE mismatch at rel_day 59: IF_se=7.877e-08, boot_se=0.003193, ratio=0.00
[2026-01-06T18:44:59.759959] IF vs bootstrap SE mismatch at rel_day 60: IF_se=7.807e-08, boot_se=0.003592, ratio=0.00
[2026-01-06T18:45:00.822188] IF vs bootstrap SE mismatch at rel_day -29: IF_se=8.719e-10, boot_se=3.135e-05, ratio=0.00
[2026-01-06T18:45:01.265117] IF vs bootstrap SE mismatch at rel_day -28: IF_se=2.194e-09, boot_se=9.195e-05, ratio=0.00
[2026-01-06T18:45:01.749156] IF vs bootstrap SE mismatch at rel_day -27: IF_se=3.866e-09, boot_se=0.0001622, ratio=0.00
[2026-01-06T18:45:02.212294] IF vs bootstrap SE mismatch at rel_day -26: IF_se=5.826e-09, boot_se=0.0002579, ratio=0.00
[2026-01-06T18:45:02.683409] IF vs bootstrap SE mismatch at rel_day -25: IF_se=8.037e-09, boot_se=0.0003207, ratio=0.00
[2026-01-06T18:45:03.127535] IF vs bootstrap SE mismatch at rel_day -24: IF_se=1.045e-08, boot_se=0.0005133, ratio=0.00
[2026-01-06T18:45:03.580052] IF vs bootstrap SE mismatch at rel_day -23: IF_se=1.306e-08, boot_se=0.0006001, ratio=0.00
[2026-01-06T18:45:04.066776] IF vs bootstrap SE mismatch at rel_day -22: IF_se=1.587e-08, boot_se=0.0007405, ratio=0.00
[2026-01-06T18:45:04.556536] IF vs bootstrap SE mismatch at rel_day -21: IF_se=1.884e-08, boot_se=0.0006676, ratio=0.00
[2026-01-06T18:45:05.030490] IF vs bootstrap SE mismatch at rel_day -20: IF_se=2.197e-08, boot_se=0.001037, ratio=0.00
[2026-01-06T18:45:05.512651] IF vs bootstrap SE mismatch at rel_day -19: IF_se=2.524e-08, boot_se=0.001246, ratio=0.00
[2026-01-06T18:45:05.993979] IF vs bootstrap SE mismatch at rel_day -18: IF_se=2.864e-08, boot_se=0.001095, ratio=0.00
[2026-01-06T18:45:06.480630] IF vs bootstrap SE mismatch at rel_day -17: IF_se=3.219e-08, boot_se=0.001602, ratio=0.00
[2026-01-06T18:45:06.952510] IF vs bootstrap SE mismatch at rel_day -16: IF_se=3.587e-08, boot_se=0.001715, ratio=0.00
[2026-01-06T18:45:07.435866] IF vs bootstrap SE mismatch at rel_day -15: IF_se=3.968e-08, boot_se=0.001803, ratio=0.00
[2026-01-06T18:45:07.933825] IF vs bootstrap SE mismatch at rel_day -14: IF_se=4.359e-08, boot_se=0.001641, ratio=0.00
[2026-01-06T18:45:08.399680] IF vs bootstrap SE mismatch at rel_day -13: IF_se=4.762e-08, boot_se=0.002337, ratio=0.00
[2026-01-06T18:45:08.876243] IF vs bootstrap SE mismatch at rel_day -12: IF_se=5.174e-08, boot_se=0.002243, ratio=0.00
[2026-01-06T18:45:09.364706] IF vs bootstrap SE mismatch at rel_day -11: IF_se=5.596e-08, boot_se=0.002144, ratio=0.00
[2026-01-06T18:45:09.836095] IF vs bootstrap SE mismatch at rel_day -10: IF_se=6.026e-08, boot_se=0.002934, ratio=0.00
[2026-01-06T18:45:10.308042] IF vs bootstrap SE mismatch at rel_day -9: IF_se=6.465e-08, boot_se=0.003111, ratio=0.00
[2026-01-06T18:45:10.800253] IF vs bootstrap SE mismatch at rel_day -8: IF_se=6.912e-08, boot_se=0.003002, ratio=0.00
[2026-01-06T18:45:11.288931] IF vs bootstrap SE mismatch at rel_day -7: IF_se=7.366e-08, boot_se=0.003506, ratio=0.00
[2026-01-06T18:45:11.771210] IF vs bootstrap SE mismatch at rel_day -6: IF_se=7.828e-08, boot_se=0.00363, ratio=0.00
[2026-01-06T18:45:12.269829] IF vs bootstrap SE mismatch at rel_day -5: IF_se=8.296e-08, boot_se=0.003699, ratio=0.00
[2026-01-06T18:45:12.760604] IF vs bootstrap SE mismatch at rel_day -4: IF_se=8.771e-08, boot_se=0.003161, ratio=0.00
[2026-01-06T18:45:13.238940] IF vs bootstrap SE mismatch at rel_day -3: IF_se=9.253e-08, boot_se=0.003779, ratio=0.00
[2026-01-06T18:45:13.727149] IF vs bootstrap SE mismatch at rel_day -2: IF_se=9.741e-08, boot_se=0.004453, ratio=0.00
[2026-01-06T18:45:14.246710] IF vs bootstrap SE mismatch at rel_day -1: IF_se=1.024e-07, boot_se=0.004283, ratio=0.00
[2026-01-06T18:45:14.738634] IF vs bootstrap SE mismatch at rel_day 0: IF_se=1.042e-07, boot_se=0.004294, ratio=0.00
[2026-01-06T18:45:15.241702] IF vs bootstrap SE mismatch at rel_day 1: IF_se=1.016e-07, boot_se=0.004655, ratio=0.00
[2026-01-06T18:45:15.769597] IF vs bootstrap SE mismatch at rel_day 2: IF_se=1.022e-07, boot_se=0.00401, ratio=0.00
[2026-01-06T18:45:16.255277] IF vs bootstrap SE mismatch at rel_day 3: IF_se=9.945e-08, boot_se=0.004421, ratio=0.00
[2026-01-06T18:45:16.743929] IF vs bootstrap SE mismatch at rel_day 4: IF_se=9.98e-08, boot_se=0.004395, ratio=0.00
[2026-01-06T18:45:17.245881] IF vs bootstrap SE mismatch at rel_day 5: IF_se=9.9e-08, boot_se=0.004234, ratio=0.00
[2026-01-06T18:45:17.756713] IF vs bootstrap SE mismatch at rel_day 6: IF_se=9.692e-08, boot_se=0.004117, ratio=0.00
[2026-01-06T18:45:18.239748] IF vs bootstrap SE mismatch at rel_day 7: IF_se=9.339e-08, boot_se=0.004379, ratio=0.00
[2026-01-06T18:45:18.730977] IF vs bootstrap SE mismatch at rel_day 8: IF_se=9.676e-08, boot_se=0.00377, ratio=0.00
[2026-01-06T18:45:19.211187] IF vs bootstrap SE mismatch at rel_day 9: IF_se=9.191e-08, boot_se=0.004316, ratio=0.00
[2026-01-06T18:45:19.702707] IF vs bootstrap SE mismatch at rel_day 10: IF_se=9.396e-08, boot_se=0.004216, ratio=0.00
[2026-01-06T18:45:20.185221] IF vs bootstrap SE mismatch at rel_day 11: IF_se=8.995e-08, boot_se=0.003628, ratio=0.00
[2026-01-06T18:45:20.690249] IF vs bootstrap SE mismatch at rel_day 12: IF_se=8.806e-08, boot_se=0.003654, ratio=0.00
[2026-01-06T18:45:21.189890] IF vs bootstrap SE mismatch at rel_day 13: IF_se=8.462e-08, boot_se=0.002982, ratio=0.00
[2026-01-06T18:45:21.700959] IF vs bootstrap SE mismatch at rel_day 14: IF_se=8.491e-08, boot_se=0.003639, ratio=0.00
[2026-01-06T18:45:22.185402] IF vs bootstrap SE mismatch at rel_day 15: IF_se=8.52e-08, boot_se=0.004073, ratio=0.00
[2026-01-06T18:45:22.675050] IF vs bootstrap SE mismatch at rel_day 16: IF_se=8.278e-08, boot_se=0.004134, ratio=0.00
[2026-01-06T18:45:23.179953] IF vs bootstrap SE mismatch at rel_day 17: IF_se=8.29e-08, boot_se=0.004083, ratio=0.00
[2026-01-06T18:45:23.682022] IF vs bootstrap SE mismatch at rel_day 18: IF_se=8.303e-08, boot_se=0.003532, ratio=0.00
[2026-01-06T18:45:24.164405] IF vs bootstrap SE mismatch at rel_day 19: IF_se=8.037e-08, boot_se=0.003502, ratio=0.00
[2026-01-06T18:45:24.668189] IF vs bootstrap SE mismatch at rel_day 20: IF_se=8.034e-08, boot_se=0.003316, ratio=0.00
[2026-01-06T18:45:25.150345] IF vs bootstrap SE mismatch at rel_day 21: IF_se=8.174e-08, boot_se=0.00333, ratio=0.00
[2026-01-06T18:45:25.655108] IF vs bootstrap SE mismatch at rel_day 22: IF_se=8.324e-08, boot_se=0.003307, ratio=0.00
[2026-01-06T18:45:26.159873] IF vs bootstrap SE mismatch at rel_day 23: IF_se=8.067e-08, boot_se=0.003623, ratio=0.00
[2026-01-06T18:45:26.676999] IF vs bootstrap SE mismatch at rel_day 24: IF_se=8.215e-08, boot_se=0.003107, ratio=0.00
[2026-01-06T18:45:27.176604] IF vs bootstrap SE mismatch at rel_day 25: IF_se=7.949e-08, boot_se=0.003851, ratio=0.00
[2026-01-06T18:45:27.665730] IF vs bootstrap SE mismatch at rel_day 26: IF_se=8.093e-08, boot_se=0.003328, ratio=0.00
[2026-01-06T18:45:28.180673] IF vs bootstrap SE mismatch at rel_day 27: IF_se=7.817e-08, boot_se=0.003715, ratio=0.00
[2026-01-06T18:45:28.688185] IF vs bootstrap SE mismatch at rel_day 28: IF_se=7.811e-08, boot_se=0.003876, ratio=0.00
[2026-01-06T18:45:29.205430] IF vs bootstrap SE mismatch at rel_day 29: IF_se=8.235e-08, boot_se=0.003212, ratio=0.00
[2026-01-06T18:45:29.726605] IF vs bootstrap SE mismatch at rel_day 30: IF_se=7.832e-08, boot_se=0.00321, ratio=0.00
[2026-01-06T18:45:30.241128] IF vs bootstrap SE mismatch at rel_day 31: IF_se=8.119e-08, boot_se=0.003876, ratio=0.00
[2026-01-06T18:45:30.750779] IF vs bootstrap SE mismatch at rel_day 32: IF_se=8.278e-08, boot_se=0.003542, ratio=0.00
[2026-01-06T18:45:31.239160] IF vs bootstrap SE mismatch at rel_day 33: IF_se=8.446e-08, boot_se=0.00335, ratio=0.00
[2026-01-06T18:45:31.758423] IF vs bootstrap SE mismatch at rel_day 34: IF_se=8.211e-08, boot_se=0.003681, ratio=0.00
[2026-01-06T18:45:32.248541] IF vs bootstrap SE mismatch at rel_day 35: IF_se=8.509e-08, boot_se=0.003935, ratio=0.00
[2026-01-06T18:45:32.767574] IF vs bootstrap SE mismatch at rel_day 36: IF_se=8.551e-08, boot_se=0.004046, ratio=0.00
[2026-01-06T18:45:33.287876] IF vs bootstrap SE mismatch at rel_day 37: IF_se=8.727e-08, boot_se=0.003745, ratio=0.00
[2026-01-06T18:45:33.807658] IF vs bootstrap SE mismatch at rel_day 38: IF_se=8.779e-08, boot_se=0.003948, ratio=0.00
[2026-01-06T18:45:34.307717] IF vs bootstrap SE mismatch at rel_day 39: IF_se=8.43e-08, boot_se=0.004054, ratio=0.00
[2026-01-06T18:45:34.796153] IF vs bootstrap SE mismatch at rel_day 40: IF_se=8.455e-08, boot_se=0.00337, ratio=0.00
[2026-01-06T18:45:35.303346] IF vs bootstrap SE mismatch at rel_day 41: IF_se=8.478e-08, boot_se=0.003964, ratio=0.00
[2026-01-06T18:45:35.793063] IF vs bootstrap SE mismatch at rel_day 42: IF_se=8.635e-08, boot_se=0.003955, ratio=0.00
[2026-01-06T18:45:36.299882] IF vs bootstrap SE mismatch at rel_day 43: IF_se=8.795e-08, boot_se=0.00402, ratio=0.00
[2026-01-06T18:45:36.807077] IF vs bootstrap SE mismatch at rel_day 44: IF_se=8.83e-08, boot_se=0.004036, ratio=0.00
[2026-01-06T18:45:37.303681] IF vs bootstrap SE mismatch at rel_day 45: IF_se=8.991e-08, boot_se=0.003234, ratio=0.00
[2026-01-06T18:45:37.824578] IF vs bootstrap SE mismatch at rel_day 46: IF_se=8.771e-08, boot_se=0.003558, ratio=0.00
[2026-01-06T18:45:38.303573] IF vs bootstrap SE mismatch at rel_day 47: IF_se=8.249e-08, boot_se=0.003491, ratio=0.00
[2026-01-06T18:45:38.818342] IF vs bootstrap SE mismatch at rel_day 48: IF_se=8.229e-08, boot_se=0.003223, ratio=0.00
[2026-01-06T18:45:39.326815] IF vs bootstrap SE mismatch at rel_day 49: IF_se=8.061e-08, boot_se=0.003514, ratio=0.00
[2026-01-06T18:45:39.813191] IF vs bootstrap SE mismatch at rel_day 50: IF_se=7.875e-08, boot_se=0.00355, ratio=0.00
[2026-01-06T18:45:40.322157] IF vs bootstrap SE mismatch at rel_day 51: IF_se=7.36e-08, boot_se=0.003837, ratio=0.00
[2026-01-06T18:45:40.838997] IF vs bootstrap SE mismatch at rel_day 52: IF_se=7.099e-08, boot_se=0.003491, ratio=0.00
[2026-01-06T18:45:41.323552] IF vs bootstrap SE mismatch at rel_day 53: IF_se=7.301e-08, boot_se=0.003032, ratio=0.00
[2026-01-06T18:45:41.811648] IF vs bootstrap SE mismatch at rel_day 54: IF_se=7.511e-08, boot_se=0.00334, ratio=0.00
[2026-01-06T18:45:42.313642] IF vs bootstrap SE mismatch at rel_day 55: IF_se=7.423e-08, boot_se=0.003373, ratio=0.00
[2026-01-06T18:45:42.832323] IF vs bootstrap SE mismatch at rel_day 56: IF_se=7.328e-08, boot_se=0.00342, ratio=0.00
[2026-01-06T18:45:43.339845] IF vs bootstrap SE mismatch at rel_day 57: IF_se=7.384e-08, boot_se=0.003319, ratio=0.00
[2026-01-06T18:45:43.855570] IF vs bootstrap SE mismatch at rel_day 58: IF_se=7.125e-08, boot_se=0.003218, ratio=0.00
[2026-01-06T18:45:44.366810] IF vs bootstrap SE mismatch at rel_day 59: IF_se=6.489e-08, boot_se=0.003253, ratio=0.00
[2026-01-06T18:45:44.881024] IF vs bootstrap SE mismatch at rel_day 60: IF_se=6.492e-08, boot_se=0.002886, ratio=0.00
[2026-01-06T18:45:45.939237] IF vs bootstrap SE mismatch at rel_day -29: IF_se=1.126e-09, boot_se=4.776e-05, ratio=0.00
[2026-01-06T18:45:46.381397] IF vs bootstrap SE mismatch at rel_day -28: IF_se=2.466e-09, boot_se=0.0001247, ratio=0.00
[2026-01-06T18:45:46.849744] IF vs bootstrap SE mismatch at rel_day -27: IF_se=4.212e-09, boot_se=0.0002039, ratio=0.00
[2026-01-06T18:45:47.330348] IF vs bootstrap SE mismatch at rel_day -26: IF_se=6.246e-09, boot_se=0.0002825, ratio=0.00
[2026-01-06T18:45:47.784185] IF vs bootstrap SE mismatch at rel_day -25: IF_se=8.422e-09, boot_se=0.0004206, ratio=0.00
[2026-01-06T18:45:48.237448] IF vs bootstrap SE mismatch at rel_day -24: IF_se=1.07e-08, boot_se=0.0005475, ratio=0.00
[2026-01-06T18:45:48.712470] IF vs bootstrap SE mismatch at rel_day -23: IF_se=1.312e-08, boot_se=0.0006839, ratio=0.00
[2026-01-06T18:45:49.194759] IF vs bootstrap SE mismatch at rel_day -22: IF_se=1.569e-08, boot_se=0.0006586, ratio=0.00
[2026-01-06T18:45:49.684312] IF vs bootstrap SE mismatch at rel_day -21: IF_se=1.84e-08, boot_se=0.0009161, ratio=0.00
[2026-01-06T18:45:50.143549] IF vs bootstrap SE mismatch at rel_day -20: IF_se=2.126e-08, boot_se=0.0008913, ratio=0.00
[2026-01-06T18:45:50.599221] IF vs bootstrap SE mismatch at rel_day -19: IF_se=2.428e-08, boot_se=0.001072, ratio=0.00
[2026-01-06T18:45:51.068340] IF vs bootstrap SE mismatch at rel_day -18: IF_se=2.747e-08, boot_se=0.001433, ratio=0.00
[2026-01-06T18:45:51.572756] IF vs bootstrap SE mismatch at rel_day -17: IF_se=3.081e-08, boot_se=0.001366, ratio=0.00
[2026-01-06T18:45:52.066713] IF vs bootstrap SE mismatch at rel_day -16: IF_se=3.428e-08, boot_se=0.001506, ratio=0.00
[2026-01-06T18:45:52.555496] IF vs bootstrap SE mismatch at rel_day -15: IF_se=3.79e-08, boot_se=0.001628, ratio=0.00
[2026-01-06T18:45:53.028317] IF vs bootstrap SE mismatch at rel_day -14: IF_se=4.164e-08, boot_se=0.001934, ratio=0.00
[2026-01-06T18:45:53.517217] IF vs bootstrap SE mismatch at rel_day -13: IF_se=4.551e-08, boot_se=0.001969, ratio=0.00
[2026-01-06T18:45:53.990341] IF vs bootstrap SE mismatch at rel_day -12: IF_se=4.948e-08, boot_se=0.002348, ratio=0.00
[2026-01-06T18:45:54.471215] IF vs bootstrap SE mismatch at rel_day -11: IF_se=5.356e-08, boot_se=0.002148, ratio=0.00
[2026-01-06T18:45:54.948121] IF vs bootstrap SE mismatch at rel_day -10: IF_se=5.773e-08, boot_se=0.002354, ratio=0.00
[2026-01-06T18:45:55.418648] IF vs bootstrap SE mismatch at rel_day -9: IF_se=6.2e-08, boot_se=0.002336, ratio=0.00
[2026-01-06T18:45:55.897246] IF vs bootstrap SE mismatch at rel_day -8: IF_se=6.638e-08, boot_se=0.002856, ratio=0.00
[2026-01-06T18:45:56.369383] IF vs bootstrap SE mismatch at rel_day -7: IF_se=7.084e-08, boot_se=0.00301, ratio=0.00
[2026-01-06T18:45:56.855793] IF vs bootstrap SE mismatch at rel_day -6: IF_se=7.539e-08, boot_se=0.002985, ratio=0.00
[2026-01-06T18:45:57.354496] IF vs bootstrap SE mismatch at rel_day -5: IF_se=8.001e-08, boot_se=0.003379, ratio=0.00
[2026-01-06T18:45:57.861398] IF vs bootstrap SE mismatch at rel_day -4: IF_se=8.469e-08, boot_se=0.003805, ratio=0.00
[2026-01-06T18:45:58.340410] IF vs bootstrap SE mismatch at rel_day -3: IF_se=8.943e-08, boot_se=0.004181, ratio=0.00
[2026-01-06T18:45:58.849100] IF vs bootstrap SE mismatch at rel_day -2: IF_se=9.424e-08, boot_se=0.003523, ratio=0.00
[2026-01-06T18:45:59.361744] IF vs bootstrap SE mismatch at rel_day -1: IF_se=9.911e-08, boot_se=0.004756, ratio=0.00
[2026-01-06T18:45:59.890744] IF vs bootstrap SE mismatch at rel_day 0: IF_se=9.844e-08, boot_se=0.004477, ratio=0.00
[2026-01-06T18:46:00.407248] IF vs bootstrap SE mismatch at rel_day 1: IF_se=9.885e-08, boot_se=0.004687, ratio=0.00
[2026-01-06T18:46:00.902908] IF vs bootstrap SE mismatch at rel_day 2: IF_se=9.337e-08, boot_se=0.003518, ratio=0.00
[2026-01-06T18:46:01.390248] IF vs bootstrap SE mismatch at rel_day 3: IF_se=9.577e-08, boot_se=0.004298, ratio=0.00
[2026-01-06T18:46:01.915521] IF vs bootstrap SE mismatch at rel_day 4: IF_se=9.826e-08, boot_se=0.003735, ratio=0.00
[2026-01-06T18:46:02.402992] IF vs bootstrap SE mismatch at rel_day 5: IF_se=1.008e-07, boot_se=0.003909, ratio=0.00
[2026-01-06T18:46:02.920823] IF vs bootstrap SE mismatch at rel_day 6: IF_se=9.779e-08, boot_se=0.005229, ratio=0.00
[2026-01-06T18:46:03.419272] IF vs bootstrap SE mismatch at rel_day 7: IF_se=9.795e-08, boot_se=0.003915, ratio=0.00
[2026-01-06T18:46:03.904523] IF vs bootstrap SE mismatch at rel_day 8: IF_se=1.004e-07, boot_se=0.003829, ratio=0.00
[2026-01-06T18:46:04.388891] IF vs bootstrap SE mismatch at rel_day 9: IF_se=9.6e-08, boot_se=0.004393, ratio=0.00
[2026-01-06T18:46:04.877639] IF vs bootstrap SE mismatch at rel_day 10: IF_se=9.229e-08, boot_se=0.004105, ratio=0.00
[2026-01-06T18:46:05.378715] IF vs bootstrap SE mismatch at rel_day 11: IF_se=9.191e-08, boot_se=0.003597, ratio=0.00
[2026-01-06T18:46:05.868103] IF vs bootstrap SE mismatch at rel_day 12: IF_se=9.148e-08, boot_se=0.00341, ratio=0.00
[2026-01-06T18:46:06.380871] IF vs bootstrap SE mismatch at rel_day 13: IF_se=8.844e-08, boot_se=0.00405, ratio=0.00
[2026-01-06T18:46:06.891099] IF vs bootstrap SE mismatch at rel_day 14: IF_se=8.639e-08, boot_se=0.003442, ratio=0.00
[2026-01-06T18:46:07.376359] IF vs bootstrap SE mismatch at rel_day 15: IF_se=8.413e-08, boot_se=0.00353, ratio=0.00
[2026-01-06T18:46:07.895335] IF vs bootstrap SE mismatch at rel_day 16: IF_se=8.574e-08, boot_se=0.003644, ratio=0.00
[2026-01-06T18:46:08.395780] IF vs bootstrap SE mismatch at rel_day 17: IF_se=8.478e-08, boot_se=0.00408, ratio=0.00
[2026-01-06T18:46:08.920775] IF vs bootstrap SE mismatch at rel_day 18: IF_se=8.51e-08, boot_se=0.004412, ratio=0.00
[2026-01-06T18:46:09.429531] IF vs bootstrap SE mismatch at rel_day 19: IF_se=7.992e-08, boot_se=0.0032, ratio=0.00
[2026-01-06T18:46:09.936083] IF vs bootstrap SE mismatch at rel_day 20: IF_se=7.993e-08, boot_se=0.003969, ratio=0.00
[2026-01-06T18:46:10.418184] IF vs bootstrap SE mismatch at rel_day 21: IF_se=7.554e-08, boot_se=0.003314, ratio=0.00
[2026-01-06T18:46:10.931801] IF vs bootstrap SE mismatch at rel_day 22: IF_se=7.827e-08, boot_se=0.003688, ratio=0.00
[2026-01-06T18:46:11.423561] IF vs bootstrap SE mismatch at rel_day 23: IF_se=7.823e-08, boot_se=0.003853, ratio=0.00
[2026-01-06T18:46:11.942425] IF vs bootstrap SE mismatch at rel_day 24: IF_se=8.249e-08, boot_se=0.003733, ratio=0.00
[2026-01-06T18:46:12.455014] IF vs bootstrap SE mismatch at rel_day 25: IF_se=8.415e-08, boot_se=0.0044, ratio=0.00
[2026-01-06T18:46:12.977555] IF vs bootstrap SE mismatch at rel_day 26: IF_se=8.587e-08, boot_se=0.003976, ratio=0.00
[2026-01-06T18:46:13.461068] IF vs bootstrap SE mismatch at rel_day 27: IF_se=8.365e-08, boot_se=0.004356, ratio=0.00
[2026-01-06T18:46:13.950902] IF vs bootstrap SE mismatch at rel_day 28: IF_se=8.12e-08, boot_se=0.003614, ratio=0.00
[2026-01-06T18:46:14.453115] IF vs bootstrap SE mismatch at rel_day 29: IF_se=8.136e-08, boot_se=0.003818, ratio=0.00
[2026-01-06T18:46:14.960300] IF vs bootstrap SE mismatch at rel_day 30: IF_se=8.294e-08, boot_se=0.003236, ratio=0.00
[2026-01-06T18:46:15.465382] IF vs bootstrap SE mismatch at rel_day 31: IF_se=8.46e-08, boot_se=0.004036, ratio=0.00
[2026-01-06T18:46:15.955702] IF vs bootstrap SE mismatch at rel_day 32: IF_se=8.226e-08, boot_se=0.00381, ratio=0.00
[2026-01-06T18:46:16.432652] IF vs bootstrap SE mismatch at rel_day 33: IF_se=8.525e-08, boot_se=0.004058, ratio=0.00
[2026-01-06T18:46:16.925537] IF vs bootstrap SE mismatch at rel_day 34: IF_se=8.701e-08, boot_se=0.003942, ratio=0.00
[2026-01-06T18:46:17.403398] IF vs bootstrap SE mismatch at rel_day 35: IF_se=8.884e-08, boot_se=0.003689, ratio=0.00
[2026-01-06T18:46:17.912836] IF vs bootstrap SE mismatch at rel_day 36: IF_se=8.416e-08, boot_se=0.00381, ratio=0.00
[2026-01-06T18:46:18.413679] IF vs bootstrap SE mismatch at rel_day 37: IF_se=8.713e-08, boot_se=0.004054, ratio=0.00
[2026-01-06T18:46:18.901734] IF vs bootstrap SE mismatch at rel_day 38: IF_se=8.888e-08, boot_se=0.003508, ratio=0.00
[2026-01-06T18:46:19.386317] IF vs bootstrap SE mismatch at rel_day 39: IF_se=8.679e-08, boot_se=0.00366, ratio=0.00
[2026-01-06T18:46:19.877993] IF vs bootstrap SE mismatch at rel_day 40: IF_se=8.846e-08, boot_se=0.003811, ratio=0.00
[2026-01-06T18:46:20.373682] IF vs bootstrap SE mismatch at rel_day 41: IF_se=8.491e-08, boot_se=0.004045, ratio=0.00
[2026-01-06T18:46:20.874663] IF vs bootstrap SE mismatch at rel_day 42: IF_se=8.641e-08, boot_se=0.003846, ratio=0.00
[2026-01-06T18:46:21.361121] IF vs bootstrap SE mismatch at rel_day 43: IF_se=8.529e-08, boot_se=0.004231, ratio=0.00
[2026-01-06T18:46:21.848771] IF vs bootstrap SE mismatch at rel_day 44: IF_se=8.405e-08, boot_se=0.003323, ratio=0.00
[2026-01-06T18:46:22.333304] IF vs bootstrap SE mismatch at rel_day 45: IF_se=8.267e-08, boot_se=0.003463, ratio=0.00
[2026-01-06T18:46:22.821138] IF vs bootstrap SE mismatch at rel_day 46: IF_se=7.825e-08, boot_se=0.003686, ratio=0.00
[2026-01-06T18:46:23.327133] IF vs bootstrap SE mismatch at rel_day 47: IF_se=7.925e-08, boot_se=0.003431, ratio=0.00
[2026-01-06T18:46:23.806808] IF vs bootstrap SE mismatch at rel_day 48: IF_se=7.737e-08, boot_se=0.003608, ratio=0.00
[2026-01-06T18:46:24.316287] IF vs bootstrap SE mismatch at rel_day 49: IF_se=7.682e-08, boot_se=0.002885, ratio=0.00
[2026-01-06T18:46:24.809685] IF vs bootstrap SE mismatch at rel_day 50: IF_se=7.773e-08, boot_se=0.002944, ratio=0.00
[2026-01-06T18:46:25.302123] IF vs bootstrap SE mismatch at rel_day 51: IF_se=7.414e-08, boot_se=0.003775, ratio=0.00
[2026-01-06T18:46:25.782350] IF vs bootstrap SE mismatch at rel_day 52: IF_se=7.333e-08, boot_se=0.00301, ratio=0.00
[2026-01-06T18:46:26.281993] IF vs bootstrap SE mismatch at rel_day 53: IF_se=7.404e-08, boot_se=0.002745, ratio=0.00
[2026-01-06T18:46:26.788941] IF vs bootstrap SE mismatch at rel_day 54: IF_se=7.631e-08, boot_se=0.003855, ratio=0.00
[2026-01-06T18:46:27.284022] IF vs bootstrap SE mismatch at rel_day 55: IF_se=8.013e-08, boot_se=0.00397, ratio=0.00
[2026-01-06T18:46:27.769835] IF vs bootstrap SE mismatch at rel_day 56: IF_se=7.829e-08, boot_se=0.003324, ratio=0.00
[2026-01-06T18:46:28.259919] IF vs bootstrap SE mismatch at rel_day 57: IF_se=7.625e-08, boot_se=0.003059, ratio=0.00
[2026-01-06T18:46:28.894280] IF vs bootstrap SE mismatch at rel_day 58: IF_se=7.24e-08, boot_se=0.002898, ratio=0.00
[2026-01-06T18:46:29.395855] IF vs bootstrap SE mismatch at rel_day 59: IF_se=6.452e-08, boot_se=0.002817, ratio=0.00
[2026-01-06T18:46:29.908018] IF vs bootstrap SE mismatch at rel_day 60: IF_se=6.806e-08, boot_se=0.003207, ratio=0.00
[2026-01-06T18:46:31.075336] IF vs bootstrap SE mismatch at rel_day -29: IF_se=1.015e-09, boot_se=5.531e-05, ratio=0.00
[2026-01-06T18:46:31.550385] IF vs bootstrap SE mismatch at rel_day -28: IF_se=2.435e-09, boot_se=9.784e-05, ratio=0.00
[2026-01-06T18:46:31.975435] IF vs bootstrap SE mismatch at rel_day -27: IF_se=4.186e-09, boot_se=0.0001895, ratio=0.00
[2026-01-06T18:46:32.402939] IF vs bootstrap SE mismatch at rel_day -26: IF_se=6.134e-09, boot_se=0.0002826, ratio=0.00
[2026-01-06T18:46:32.838767] IF vs bootstrap SE mismatch at rel_day -25: IF_se=8.279e-09, boot_se=0.0003491, ratio=0.00
[2026-01-06T18:46:33.272995] IF vs bootstrap SE mismatch at rel_day -24: IF_se=1.061e-08, boot_se=0.0004934, ratio=0.00
[2026-01-06T18:46:33.705506] IF vs bootstrap SE mismatch at rel_day -23: IF_se=1.31e-08, boot_se=0.0006361, ratio=0.00
[2026-01-06T18:46:34.143458] IF vs bootstrap SE mismatch at rel_day -22: IF_se=1.574e-08, boot_se=0.0005895, ratio=0.00
[2026-01-06T18:46:34.574822] IF vs bootstrap SE mismatch at rel_day -21: IF_se=1.85e-08, boot_se=0.0008027, ratio=0.00
[2026-01-06T18:46:35.014798] IF vs bootstrap SE mismatch at rel_day -20: IF_se=2.141e-08, boot_se=0.0009181, ratio=0.00
[2026-01-06T18:46:35.457546] IF vs bootstrap SE mismatch at rel_day -19: IF_se=2.445e-08, boot_se=0.001103, ratio=0.00
[2026-01-06T18:46:35.901622] IF vs bootstrap SE mismatch at rel_day -18: IF_se=2.763e-08, boot_se=0.001184, ratio=0.00
[2026-01-06T18:46:36.343118] IF vs bootstrap SE mismatch at rel_day -17: IF_se=3.093e-08, boot_se=0.001313, ratio=0.00
[2026-01-06T18:46:36.786893] IF vs bootstrap SE mismatch at rel_day -16: IF_se=3.436e-08, boot_se=0.001593, ratio=0.00
[2026-01-06T18:46:37.235270] IF vs bootstrap SE mismatch at rel_day -15: IF_se=3.792e-08, boot_se=0.001825, ratio=0.00
[2026-01-06T18:46:37.685149] IF vs bootstrap SE mismatch at rel_day -14: IF_se=4.163e-08, boot_se=0.001608, ratio=0.00
[2026-01-06T18:46:38.151437] IF vs bootstrap SE mismatch at rel_day -13: IF_se=4.546e-08, boot_se=0.002266, ratio=0.00
[2026-01-06T18:46:38.597866] IF vs bootstrap SE mismatch at rel_day -12: IF_se=4.942e-08, boot_se=0.002194, ratio=0.00
[2026-01-06T18:46:39.051399] IF vs bootstrap SE mismatch at rel_day -11: IF_se=5.348e-08, boot_se=0.002699, ratio=0.00
[2026-01-06T18:46:39.504288] IF vs bootstrap SE mismatch at rel_day -10: IF_se=5.764e-08, boot_se=0.002288, ratio=0.00
[2026-01-06T18:46:39.960798] IF vs bootstrap SE mismatch at rel_day -9: IF_se=6.19e-08, boot_se=0.002974, ratio=0.00
[2026-01-06T18:46:40.412068] IF vs bootstrap SE mismatch at rel_day -8: IF_se=6.626e-08, boot_se=0.003158, ratio=0.00
[2026-01-06T18:46:40.867656] IF vs bootstrap SE mismatch at rel_day -7: IF_se=7.072e-08, boot_se=0.003388, ratio=0.00
[2026-01-06T18:46:41.333756] IF vs bootstrap SE mismatch at rel_day -6: IF_se=7.528e-08, boot_se=0.00354, ratio=0.00
[2026-01-06T18:46:41.796375] IF vs bootstrap SE mismatch at rel_day -5: IF_se=7.993e-08, boot_se=0.003695, ratio=0.00
[2026-01-06T18:46:42.261471] IF vs bootstrap SE mismatch at rel_day -4: IF_se=8.467e-08, boot_se=0.004451, ratio=0.00
[2026-01-06T18:46:42.724204] IF vs bootstrap SE mismatch at rel_day -3: IF_se=8.95e-08, boot_se=0.003958, ratio=0.00
[2026-01-06T18:46:43.193787] IF vs bootstrap SE mismatch at rel_day -2: IF_se=9.44e-08, boot_se=0.004306, ratio=0.00
[2026-01-06T18:46:43.659071] IF vs bootstrap SE mismatch at rel_day -1: IF_se=9.939e-08, boot_se=0.004356, ratio=0.00
[2026-01-06T18:46:44.124049] IF vs bootstrap SE mismatch at rel_day 0: IF_se=9.993e-08, boot_se=0.004497, ratio=0.00
[2026-01-06T18:46:44.589292] IF vs bootstrap SE mismatch at rel_day 1: IF_se=9.698e-08, boot_se=0.00363, ratio=0.00
[2026-01-06T18:46:45.055625] IF vs bootstrap SE mismatch at rel_day 2: IF_se=9.732e-08, boot_se=0.004797, ratio=0.00
[2026-01-06T18:46:45.517568] IF vs bootstrap SE mismatch at rel_day 3: IF_se=9.884e-08, boot_se=0.003689, ratio=0.00
[2026-01-06T18:46:45.988555] IF vs bootstrap SE mismatch at rel_day 4: IF_se=9.689e-08, boot_se=0.004629, ratio=0.00
[2026-01-06T18:46:46.453645] IF vs bootstrap SE mismatch at rel_day 5: IF_se=9.833e-08, boot_se=0.00483, ratio=0.00
[2026-01-06T18:46:46.924170] IF vs bootstrap SE mismatch at rel_day 6: IF_se=9.865e-08, boot_se=0.004311, ratio=0.00
[2026-01-06T18:46:47.399620] IF vs bootstrap SE mismatch at rel_day 7: IF_se=9.897e-08, boot_se=0.004356, ratio=0.00
[2026-01-06T18:46:47.868951] IF vs bootstrap SE mismatch at rel_day 8: IF_se=1.004e-07, boot_se=0.004617, ratio=0.00
[2026-01-06T18:46:48.347921] IF vs bootstrap SE mismatch at rel_day 9: IF_se=9.85e-08, boot_se=0.004139, ratio=0.00
[2026-01-06T18:46:48.814621] IF vs bootstrap SE mismatch at rel_day 10: IF_se=9.872e-08, boot_se=0.004548, ratio=0.00
[2026-01-06T18:46:49.279852] IF vs bootstrap SE mismatch at rel_day 11: IF_se=9.891e-08, boot_se=0.004424, ratio=0.00
[2026-01-06T18:46:49.744384] IF vs bootstrap SE mismatch at rel_day 12: IF_se=9.791e-08, boot_se=0.003922, ratio=0.00
[2026-01-06T18:46:50.212052] IF vs bootstrap SE mismatch at rel_day 13: IF_se=9.679e-08, boot_se=0.004642, ratio=0.00
[2026-01-06T18:46:50.677086] IF vs bootstrap SE mismatch at rel_day 14: IF_se=9.309e-08, boot_se=0.004206, ratio=0.00
[2026-01-06T18:46:51.146992] IF vs bootstrap SE mismatch at rel_day 15: IF_se=9.023e-08, boot_se=0.003604, ratio=0.00
[2026-01-06T18:46:51.612597] IF vs bootstrap SE mismatch at rel_day 16: IF_se=9.095e-08, boot_se=0.004152, ratio=0.00
[2026-01-06T18:46:52.081572] IF vs bootstrap SE mismatch at rel_day 17: IF_se=9.17e-08, boot_se=0.004473, ratio=0.00
[2026-01-06T18:46:52.544014] IF vs bootstrap SE mismatch at rel_day 18: IF_se=9.121e-08, boot_se=0.002894, ratio=0.00
[2026-01-06T18:46:53.014413] IF vs bootstrap SE mismatch at rel_day 19: IF_se=9.066e-08, boot_se=0.003931, ratio=0.00
[2026-01-06T18:46:53.478770] IF vs bootstrap SE mismatch at rel_day 20: IF_se=9.004e-08, boot_se=0.004244, ratio=0.00
[2026-01-06T18:46:53.950063] IF vs bootstrap SE mismatch at rel_day 21: IF_se=8.536e-08, boot_se=0.003533, ratio=0.00
[2026-01-06T18:46:54.409572] IF vs bootstrap SE mismatch at rel_day 22: IF_se=8.288e-08, boot_se=0.00347, ratio=0.00
[2026-01-06T18:46:54.875161] IF vs bootstrap SE mismatch at rel_day 23: IF_se=8.298e-08, boot_se=0.00321, ratio=0.00
[2026-01-06T18:46:55.356014] IF vs bootstrap SE mismatch at rel_day 24: IF_se=8.448e-08, boot_se=0.004123, ratio=0.00
[2026-01-06T18:46:55.847639] IF vs bootstrap SE mismatch at rel_day 25: IF_se=8.187e-08, boot_se=0.003033, ratio=0.00
[2026-01-06T18:46:56.316417] IF vs bootstrap SE mismatch at rel_day 26: IF_se=7.898e-08, boot_se=0.003812, ratio=0.00
[2026-01-06T18:46:56.782406] IF vs bootstrap SE mismatch at rel_day 27: IF_se=8.027e-08, boot_se=0.003448, ratio=0.00
[2026-01-06T18:46:57.248803] IF vs bootstrap SE mismatch at rel_day 28: IF_se=8.162e-08, boot_se=0.003071, ratio=0.00
[2026-01-06T18:46:57.713333] IF vs bootstrap SE mismatch at rel_day 29: IF_se=8.305e-08, boot_se=0.003217, ratio=0.00
[2026-01-06T18:46:58.183459] IF vs bootstrap SE mismatch at rel_day 30: IF_se=8.174e-08, boot_se=0.003448, ratio=0.00
[2026-01-06T18:46:58.644071] IF vs bootstrap SE mismatch at rel_day 31: IF_se=8.456e-08, boot_se=0.002974, ratio=0.00
[2026-01-06T18:46:59.105811] IF vs bootstrap SE mismatch at rel_day 32: IF_se=8.474e-08, boot_se=0.003623, ratio=0.00
[2026-01-06T18:46:59.563174] IF vs bootstrap SE mismatch at rel_day 33: IF_se=8.491e-08, boot_se=0.003168, ratio=0.00
[2026-01-06T18:47:00.040589] IF vs bootstrap SE mismatch at rel_day 34: IF_se=8.367e-08, boot_se=0.004063, ratio=0.00
[2026-01-06T18:47:00.494419] IF vs bootstrap SE mismatch at rel_day 35: IF_se=8.23e-08, boot_se=0.003134, ratio=0.00
[2026-01-06T18:47:00.951721] IF vs bootstrap SE mismatch at rel_day 36: IF_se=7.931e-08, boot_se=0.003284, ratio=0.00
[2026-01-06T18:47:01.420807] IF vs bootstrap SE mismatch at rel_day 37: IF_se=7.749e-08, boot_se=0.003707, ratio=0.00
[2026-01-06T18:47:01.889956] IF vs bootstrap SE mismatch at rel_day 38: IF_se=7.999e-08, boot_se=0.003942, ratio=0.00
[2026-01-06T18:47:02.356295] IF vs bootstrap SE mismatch at rel_day 39: IF_se=8.258e-08, boot_se=0.00385, ratio=0.00
[2026-01-06T18:47:02.816435] IF vs bootstrap SE mismatch at rel_day 40: IF_se=8.385e-08, boot_se=0.004273, ratio=0.00
[2026-01-06T18:47:03.278901] IF vs bootstrap SE mismatch at rel_day 41: IF_se=7.947e-08, boot_se=0.00343, ratio=0.00
[2026-01-06T18:47:03.731228] IF vs bootstrap SE mismatch at rel_day 42: IF_se=7.605e-08, boot_se=0.003236, ratio=0.00
[2026-01-06T18:47:04.190247] IF vs bootstrap SE mismatch at rel_day 43: IF_se=7.844e-08, boot_se=0.003478, ratio=0.00
[2026-01-06T18:47:04.651366] IF vs bootstrap SE mismatch at rel_day 44: IF_se=7.644e-08, boot_se=0.00399, ratio=0.00
[2026-01-06T18:47:05.108415] IF vs bootstrap SE mismatch at rel_day 45: IF_se=7.884e-08, boot_se=0.00348, ratio=0.00
[2026-01-06T18:47:05.560128] IF vs bootstrap SE mismatch at rel_day 46: IF_se=7.687e-08, boot_se=0.003288, ratio=0.00
[2026-01-06T18:47:06.025765] IF vs bootstrap SE mismatch at rel_day 47: IF_se=7.47e-08, boot_se=0.002797, ratio=0.00
[2026-01-06T18:47:06.483002] IF vs bootstrap SE mismatch at rel_day 48: IF_se=7.854e-08, boot_se=0.003512, ratio=0.00
[2026-01-06T18:47:06.937147] IF vs bootstrap SE mismatch at rel_day 49: IF_se=7.804e-08, boot_se=0.003342, ratio=0.00
[2026-01-06T18:47:07.407872] IF vs bootstrap SE mismatch at rel_day 50: IF_se=7.595e-08, boot_se=0.003276, ratio=0.00
[2026-01-06T18:47:07.867734] IF vs bootstrap SE mismatch at rel_day 51: IF_se=7.828e-08, boot_se=0.003552, ratio=0.00
[2026-01-06T18:47:08.326286] IF vs bootstrap SE mismatch at rel_day 52: IF_se=7.921e-08, boot_se=0.003554, ratio=0.00
[2026-01-06T18:47:08.782761] IF vs bootstrap SE mismatch at rel_day 53: IF_se=7.564e-08, boot_se=0.003875, ratio=0.00
[2026-01-06T18:47:09.249413] IF vs bootstrap SE mismatch at rel_day 54: IF_se=6.993e-08, boot_se=0.00298, ratio=0.00
[2026-01-06T18:47:09.701576] IF vs bootstrap SE mismatch at rel_day 55: IF_se=7.196e-08, boot_se=0.002733, ratio=0.00
[2026-01-06T18:47:10.163747] IF vs bootstrap SE mismatch at rel_day 56: IF_se=7.082e-08, boot_se=0.003167, ratio=0.00
[2026-01-06T18:47:10.610903] IF vs bootstrap SE mismatch at rel_day 57: IF_se=6.955e-08, boot_se=0.002725, ratio=0.00
[2026-01-06T18:47:11.072317] IF vs bootstrap SE mismatch at rel_day 58: IF_se=6.64e-08, boot_se=0.003348, ratio=0.00
[2026-01-06T18:47:11.527721] IF vs bootstrap SE mismatch at rel_day 59: IF_se=6.995e-08, boot_se=0.003455, ratio=0.00
[2026-01-06T18:47:11.981556] IF vs bootstrap SE mismatch at rel_day 60: IF_se=7.025e-08, boot_se=0.002994, ratio=0.00
[2026-01-06T18:47:12.964285] IF vs bootstrap SE mismatch at rel_day -29: IF_se=1.515e-09, boot_se=6.611e-05, ratio=0.00
[2026-01-06T18:47:13.397196] IF vs bootstrap SE mismatch at rel_day -28: IF_se=3.233e-09, boot_se=0.0001411, ratio=0.00
[2026-01-06T18:47:13.817035] IF vs bootstrap SE mismatch at rel_day -27: IF_se=5.199e-09, boot_se=0.0002051, ratio=0.00
[2026-01-06T18:47:14.244138] IF vs bootstrap SE mismatch at rel_day -26: IF_se=7.455e-09, boot_se=0.0003892, ratio=0.00
[2026-01-06T18:47:14.671365] IF vs bootstrap SE mismatch at rel_day -25: IF_se=9.984e-09, boot_se=0.0004683, ratio=0.00
[2026-01-06T18:47:15.104271] IF vs bootstrap SE mismatch at rel_day -24: IF_se=1.27e-08, boot_se=0.0005086, ratio=0.00
[2026-01-06T18:47:15.539275] IF vs bootstrap SE mismatch at rel_day -23: IF_se=1.558e-08, boot_se=0.0006674, ratio=0.00
[2026-01-06T18:47:15.966104] IF vs bootstrap SE mismatch at rel_day -22: IF_se=1.863e-08, boot_se=0.0007729, ratio=0.00
[2026-01-06T18:47:16.400789] IF vs bootstrap SE mismatch at rel_day -21: IF_se=2.188e-08, boot_se=0.001171, ratio=0.00
[2026-01-06T18:47:16.831584] IF vs bootstrap SE mismatch at rel_day -20: IF_se=2.53e-08, boot_se=0.001172, ratio=0.00
[2026-01-06T18:47:17.269766] IF vs bootstrap SE mismatch at rel_day -19: IF_se=2.886e-08, boot_se=0.001146, ratio=0.00
[2026-01-06T18:47:17.705674] IF vs bootstrap SE mismatch at rel_day -18: IF_se=3.254e-08, boot_se=0.001655, ratio=0.00
[2026-01-06T18:47:18.151868] IF vs bootstrap SE mismatch at rel_day -17: IF_se=3.637e-08, boot_se=0.001489, ratio=0.00
[2026-01-06T18:47:18.590192] IF vs bootstrap SE mismatch at rel_day -16: IF_se=4.033e-08, boot_se=0.001408, ratio=0.00
[2026-01-06T18:47:19.036307] IF vs bootstrap SE mismatch at rel_day -15: IF_se=4.44e-08, boot_se=0.001682, ratio=0.00
[2026-01-06T18:47:19.474153] IF vs bootstrap SE mismatch at rel_day -14: IF_se=4.859e-08, boot_se=0.002366, ratio=0.00
[2026-01-06T18:47:19.916084] IF vs bootstrap SE mismatch at rel_day -13: IF_se=5.289e-08, boot_se=0.002207, ratio=0.00
[2026-01-06T18:47:20.369201] IF vs bootstrap SE mismatch at rel_day -12: IF_se=5.73e-08, boot_se=0.002445, ratio=0.00
[2026-01-06T18:47:20.817148] IF vs bootstrap SE mismatch at rel_day -11: IF_se=6.18e-08, boot_se=0.002387, ratio=0.00
[2026-01-06T18:47:21.271700] IF vs bootstrap SE mismatch at rel_day -10: IF_se=6.642e-08, boot_se=0.002702, ratio=0.00
[2026-01-06T18:47:21.722943] IF vs bootstrap SE mismatch at rel_day -9: IF_se=7.113e-08, boot_se=0.002934, ratio=0.00
[2026-01-06T18:47:22.177343] IF vs bootstrap SE mismatch at rel_day -8: IF_se=7.594e-08, boot_se=0.003169, ratio=0.00
[2026-01-06T18:47:22.627961] IF vs bootstrap SE mismatch at rel_day -7: IF_se=8.084e-08, boot_se=0.003397, ratio=0.00
[2026-01-06T18:47:23.092482] IF vs bootstrap SE mismatch at rel_day -6: IF_se=8.582e-08, boot_se=0.003514, ratio=0.00
[2026-01-06T18:47:23.563189] IF vs bootstrap SE mismatch at rel_day -5: IF_se=9.087e-08, boot_se=0.003837, ratio=0.00
[2026-01-06T18:47:24.027368] IF vs bootstrap SE mismatch at rel_day -4: IF_se=9.601e-08, boot_se=0.003838, ratio=0.00
[2026-01-06T18:47:24.484346] IF vs bootstrap SE mismatch at rel_day -3: IF_se=1.012e-07, boot_se=0.005696, ratio=0.00
[2026-01-06T18:47:24.941080] IF vs bootstrap SE mismatch at rel_day -2: IF_se=1.065e-07, boot_se=0.005859, ratio=0.00
[2026-01-06T18:47:25.415122] IF vs bootstrap SE mismatch at rel_day -1: IF_se=1.119e-07, boot_se=0.005242, ratio=0.00
[2026-01-06T18:47:25.869755] IF vs bootstrap SE mismatch at rel_day 0: IF_se=1.083e-07, boot_se=0.004673, ratio=0.00
[2026-01-06T18:47:26.340308] IF vs bootstrap SE mismatch at rel_day 1: IF_se=1.085e-07, boot_se=0.004743, ratio=0.00
[2026-01-06T18:47:26.802834] IF vs bootstrap SE mismatch at rel_day 2: IF_se=1.087e-07, boot_se=0.005051, ratio=0.00
[2026-01-06T18:47:27.269267] IF vs bootstrap SE mismatch at rel_day 3: IF_se=1.046e-07, boot_se=0.004552, ratio=0.00
[2026-01-06T18:47:27.732699] IF vs bootstrap SE mismatch at rel_day 4: IF_se=1.045e-07, boot_se=0.004576, ratio=0.00
[2026-01-06T18:47:28.206944] IF vs bootstrap SE mismatch at rel_day 5: IF_se=1.065e-07, boot_se=0.004802, ratio=0.00
[2026-01-06T18:47:28.671067] IF vs bootstrap SE mismatch at rel_day 6: IF_se=1.064e-07, boot_se=0.004213, ratio=0.00
[2026-01-06T18:47:29.152371] IF vs bootstrap SE mismatch at rel_day 7: IF_se=1.019e-07, boot_se=0.004417, ratio=0.00
[2026-01-06T18:47:29.615178] IF vs bootstrap SE mismatch at rel_day 8: IF_se=1.003e-07, boot_se=0.004231, ratio=0.00
[2026-01-06T18:47:30.086339] IF vs bootstrap SE mismatch at rel_day 9: IF_se=9.967e-08, boot_se=0.003699, ratio=0.00
[2026-01-06T18:47:30.544037] IF vs bootstrap SE mismatch at rel_day 10: IF_se=1.024e-07, boot_se=0.004252, ratio=0.00
[2026-01-06T18:47:31.011154] IF vs bootstrap SE mismatch at rel_day 11: IF_se=1.007e-07, boot_se=0.00489, ratio=0.00
[2026-01-06T18:47:31.471617] IF vs bootstrap SE mismatch at rel_day 12: IF_se=9.656e-08, boot_se=0.004702, ratio=0.00
[2026-01-06T18:47:31.933137] IF vs bootstrap SE mismatch at rel_day 13: IF_se=9.791e-08, boot_se=0.004246, ratio=0.00
[2026-01-06T18:47:32.409227] IF vs bootstrap SE mismatch at rel_day 14: IF_se=9.816e-08, boot_se=0.004316, ratio=0.00
[2026-01-06T18:47:32.902453] IF vs bootstrap SE mismatch at rel_day 15: IF_se=9.603e-08, boot_se=0.004636, ratio=0.00
[2026-01-06T18:47:33.374536] IF vs bootstrap SE mismatch at rel_day 16: IF_se=9.61e-08, boot_se=0.004124, ratio=0.00
[2026-01-06T18:47:33.835704] IF vs bootstrap SE mismatch at rel_day 17: IF_se=9.495e-08, boot_se=0.004188, ratio=0.00
[2026-01-06T18:47:34.302951] IF vs bootstrap SE mismatch at rel_day 18: IF_se=9.369e-08, boot_se=0.00415, ratio=0.00
[2026-01-06T18:47:34.766723] IF vs bootstrap SE mismatch at rel_day 19: IF_se=8.979e-08, boot_se=0.003355, ratio=0.00
[2026-01-06T18:47:35.234549] IF vs bootstrap SE mismatch at rel_day 20: IF_se=9.192e-08, boot_se=0.003829, ratio=0.00
[2026-01-06T18:47:35.695800] IF vs bootstrap SE mismatch at rel_day 21: IF_se=9.167e-08, boot_se=0.004886, ratio=0.00
[2026-01-06T18:47:36.165167] IF vs bootstrap SE mismatch at rel_day 22: IF_se=9.14e-08, boot_se=0.004336, ratio=0.00
[2026-01-06T18:47:36.625409] IF vs bootstrap SE mismatch at rel_day 23: IF_se=9.362e-08, boot_se=0.00443, ratio=0.00
[2026-01-06T18:47:37.088168] IF vs bootstrap SE mismatch at rel_day 24: IF_se=9.099e-08, boot_se=0.003924, ratio=0.00
[2026-01-06T18:47:37.543279] IF vs bootstrap SE mismatch at rel_day 25: IF_se=8.808e-08, boot_se=0.004054, ratio=0.00
[2026-01-06T18:47:38.001190] IF vs bootstrap SE mismatch at rel_day 26: IF_se=8.882e-08, boot_se=0.003961, ratio=0.00
[2026-01-06T18:47:38.469540] IF vs bootstrap SE mismatch at rel_day 27: IF_se=8.697e-08, boot_se=0.003271, ratio=0.00
[2026-01-06T18:47:38.922458] IF vs bootstrap SE mismatch at rel_day 28: IF_se=8.762e-08, boot_se=0.005069, ratio=0.00
[2026-01-06T18:47:39.400077] IF vs bootstrap SE mismatch at rel_day 29: IF_se=8.562e-08, boot_se=0.003446, ratio=0.00
[2026-01-06T18:47:39.850994] IF vs bootstrap SE mismatch at rel_day 30: IF_se=8.615e-08, boot_se=0.003488, ratio=0.00
[2026-01-06T18:47:40.309915] IF vs bootstrap SE mismatch at rel_day 31: IF_se=8.932e-08, boot_se=0.004098, ratio=0.00
[2026-01-06T18:47:40.765350] IF vs bootstrap SE mismatch at rel_day 32: IF_se=9.003e-08, boot_se=0.004558, ratio=0.00
[2026-01-06T18:47:41.228467] IF vs bootstrap SE mismatch at rel_day 33: IF_se=9.202e-08, boot_se=0.004218, ratio=0.00
[2026-01-06T18:47:41.686192] IF vs bootstrap SE mismatch at rel_day 34: IF_se=9.03e-08, boot_se=0.0042, ratio=0.00
[2026-01-06T18:47:42.144046] IF vs bootstrap SE mismatch at rel_day 35: IF_se=9.096e-08, boot_se=0.004151, ratio=0.00
[2026-01-06T18:47:42.596050] IF vs bootstrap SE mismatch at rel_day 36: IF_se=9.034e-08, boot_se=0.003721, ratio=0.00
[2026-01-06T18:47:43.051619] IF vs bootstrap SE mismatch at rel_day 37: IF_se=9.092e-08, boot_se=0.004029, ratio=0.00
[2026-01-06T18:47:43.520178] IF vs bootstrap SE mismatch at rel_day 38: IF_se=8.626e-08, boot_se=0.004158, ratio=0.00
[2026-01-06T18:47:43.971229] IF vs bootstrap SE mismatch at rel_day 39: IF_se=8.647e-08, boot_se=0.003957, ratio=0.00
[2026-01-06T18:47:44.432041] IF vs bootstrap SE mismatch at rel_day 40: IF_se=8.665e-08, boot_se=0.003852, ratio=0.00
[2026-01-06T18:47:44.883986] IF vs bootstrap SE mismatch at rel_day 41: IF_se=8.546e-08, boot_se=0.004091, ratio=0.00
[2026-01-06T18:47:45.346252] IF vs bootstrap SE mismatch at rel_day 42: IF_se=8.549e-08, boot_se=0.003553, ratio=0.00
[2026-01-06T18:47:45.802233] IF vs bootstrap SE mismatch at rel_day 43: IF_se=8.548e-08, boot_se=0.003569, ratio=0.00
[2026-01-06T18:47:46.260918] IF vs bootstrap SE mismatch at rel_day 44: IF_se=8.679e-08, boot_se=0.004142, ratio=0.00
[2026-01-06T18:47:46.720386] IF vs bootstrap SE mismatch at rel_day 45: IF_se=8.266e-08, boot_se=0.003902, ratio=0.00
[2026-01-06T18:47:47.177561] IF vs bootstrap SE mismatch at rel_day 46: IF_se=8.233e-08, boot_se=0.003675, ratio=0.00
[2026-01-06T18:47:47.630953] IF vs bootstrap SE mismatch at rel_day 47: IF_se=7.753e-08, boot_se=0.00332, ratio=0.00
[2026-01-06T18:47:48.081631] IF vs bootstrap SE mismatch at rel_day 48: IF_se=7.362e-08, boot_se=0.003401, ratio=0.00
[2026-01-06T18:47:48.544528] IF vs bootstrap SE mismatch at rel_day 49: IF_se=7.084e-08, boot_se=0.002563, ratio=0.00
[2026-01-06T18:47:48.995181] IF vs bootstrap SE mismatch at rel_day 50: IF_se=6.774e-08, boot_se=0.003028, ratio=0.00
[2026-01-06T18:47:49.455540] IF vs bootstrap SE mismatch at rel_day 51: IF_se=6.241e-08, boot_se=0.00319, ratio=0.00
[2026-01-06T18:47:49.906349] IF vs bootstrap SE mismatch at rel_day 52: IF_se=6.211e-08, boot_se=0.003349, ratio=0.00
[2026-01-06T18:47:50.367109] IF vs bootstrap SE mismatch at rel_day 53: IF_se=6.548e-08, boot_se=0.003065, ratio=0.00
[2026-01-06T18:47:50.819174] IF vs bootstrap SE mismatch at rel_day 54: IF_se=6.892e-08, boot_se=0.002988, ratio=0.00
[2026-01-06T18:47:51.280197] IF vs bootstrap SE mismatch at rel_day 55: IF_se=6.911e-08, boot_se=0.003166, ratio=0.00
[2026-01-06T18:47:51.737393] IF vs bootstrap SE mismatch at rel_day 56: IF_se=6.759e-08, boot_se=0.002643, ratio=0.00
[2026-01-06T18:47:52.198199] IF vs bootstrap SE mismatch at rel_day 57: IF_se=6.768e-08, boot_se=0.003142, ratio=0.00
[2026-01-06T18:47:52.656087] IF vs bootstrap SE mismatch at rel_day 58: IF_se=6.602e-08, boot_se=0.00294, ratio=0.00
[2026-01-06T18:47:53.116106] IF vs bootstrap SE mismatch at rel_day 59: IF_se=6.775e-08, boot_se=0.003421, ratio=0.00
[2026-01-06T18:47:53.580650] IF vs bootstrap SE mismatch at rel_day 60: IF_se=6.245e-08, boot_se=0.002463, ratio=0.00
