age_group,sex,n_at_risk,n_vacc,calendar_day,hazard
"[0,40)",0,73575,6,2020-12-27,8.154943934760448e-05
"[0,40)",1,69474,8,2020-12-27,0.00011515099173791634
"[40,60)",0,47838,4,2020-12-27,8.361553576654542e-05
"[40,60)",1,46172,16,2020-12-27,0.0003465303647232089
"[60,80)",0,31837,4,2020-12-27,0.00012563997864120362
"[60,80)",1,38484,6,2020-12-27,0.00015590894917368256
"[80,200)",0,4557,1,2020-12-27,0.00021944261575597982
"[80,200)",1,8835,0,2020-12-27,0.0
,0,3368,0,2020-12-27,0.0
,1,2930,0,2020-12-27,0.0
"[0,40)",0,73575,16,2020-12-28,0.00021746517159361195
"[0,40)",1,69474,11,2020-12-28,0.00015833261363963497
"[40,60)",0,47838,14,2020-12-28,0.000292654375182909
"[40,60)",1,46170,16,2020-12-28,0.00034654537578514185
"[60,80)",0,31832,2,2020-12-28,6.282985674792661e-05
"[60,80)",1,38481,5,2020-12-28,0.00012993425326784648
"[80,200)",0,4553,1,2020-12-28,0.00021963540522732265
"[80,200)",1,8834,0,2020-12-28,0.0
,0,3368,0,2020-12-28,0.0
,1,2930,0,2020-12-28,0.0
"[0,40)",0,73575,10,2020-12-29,0.00013591573224600747
"[0,40)",1,69474,18,2020-12-29,0.00025908973141031176
"[40,60)",0,47838,9,2020-12-29,0.0001881349554747272
"[40,60)",1,46170,35,2020-12-29,0.0007580680095299979
"[60,80)",0,31830,7,2020-12-29,0.00021991831605403707
"[60,80)",1,38480,11,2020-12-29,0.0002858627858627859
"[80,200)",0,4548,1,2020-12-29,0.00021987686895338611
"[80,200)",1,8830,7,2020-12-29,0.0007927519818799547
,0,3368,0,2020-12-29,0.0
,1,2930,0,2020-12-29,0.0
"[0,40)",0,73575,9,2020-12-30,0.00012232415902140674
"[0,40)",1,69473,21,2020-12-30,0.00030227570423042047
"[40,60)",0,47838,15,2020-12-30,0.00031355825912454536
"[40,60)",1,46169,41,2020-12-30,0.0008880417596222574
"[60,80)",0,31826,6,2020-12-30,0.00018852510525985044
"[60,80)",1,38478,10,2020-12-30,0.00025988876760746403
"[80,200)",0,4545,1,2020-12-30,0.00022002200220022002
"[80,200)",1,8826,8,2020-12-30,0.0009064128710627691
,0,3368,0,2020-12-30,0.0
,1,2930,0,2020-12-30,0.0
"[0,40)",0,73575,6,2020-12-31,8.154943934760448e-05
"[0,40)",1,69473,2,2020-12-31,2.878816230765909e-05
"[40,60)",0,47836,2,2020-12-31,4.1809515845806506e-05
"[40,60)",1,46169,15,2020-12-31,0.00032489332669106974
"[60,80)",0,31825,10,2020-12-31,0.00031421838177533385
"[60,80)",1,38473,8,2020-12-31,0.00020793803446572922
"[80,200)",0,4542,2,2020-12-31,0.00044033465433729633
"[80,200)",1,8822,3,2020-12-31,0.00034005894355021535
,0,3368,0,2020-12-31,0.0
,1,2930,0,2020-12-31,0.0
"[0,40)",0,72996,1,2021-01-01,1.3699380787988383e-05
"[0,40)",1,68782,0,2021-01-01,0.0
"[40,60)",0,48372,1,2021-01-01,2.0673116679070536e-05
"[40,60)",1,46551,2,2021-01-01,4.29636312861163e-05
"[60,80)",0,32834,0,2021-01-01,0.0
"[60,80)",1,39139,1,2021-01-01,2.554996295255372e-05
"[80,200)",0,5339,0,2021-01-01,0.0
"[80,200)",1,10025,0,2021-01-01,0.0
,0,1598,0,2021-01-01,0.0
,1,1361,0,2021-01-01,0.0
"[0,40)",0,72996,7,2021-01-02,9.589566551591868e-05
"[0,40)",1,68782,4,2021-01-02,5.8154749789189035e-05
"[40,60)",0,48370,5,2021-01-02,0.00010336985734959685
"[40,60)",1,46550,11,2021-01-02,0.00023630504833512352
"[60,80)",0,32832,3,2021-01-02,9.137426900584795e-05
"[60,80)",1,39138,5,2021-01-02,0.00012775307884920026
"[80,200)",0,5333,0,2021-01-02,0.0
"[80,200)",1,10015,0,2021-01-02,0.0
,0,1598,0,2021-01-02,0.0
,1,1361,0,2021-01-02,0.0
"[0,40)",0,72996,1,2021-01-03,1.3699380787988383e-05
"[0,40)",1,68782,5,2021-01-03,7.269343723648629e-05
"[40,60)",0,48368,8,2021-01-03,0.00016539861065167054
"[40,60)",1,46550,7,2021-01-03,0.00015037593984962405
"[60,80)",0,32826,3,2021-01-03,9.139097057210747e-05
"[60,80)",1,39136,0,2021-01-03,0.0
"[80,200)",0,5328,0,2021-01-03,0.0
"[80,200)",1,10011,0,2021-01-03,0.0
,0,1598,0,2021-01-03,0.0
,1,1361,0,2021-01-03,0.0
"[0,40)",0,72996,7,2021-01-04,9.589566551591868e-05
"[0,40)",1,68782,17,2021-01-04,0.00024715768660405336
"[40,60)",0,48366,16,2021-01-04,0.00033081090021916225
"[40,60)",1,46550,38,2021-01-04,0.0008163265306122449
"[60,80)",0,32820,9,2021-01-04,0.0002742230347349177
"[60,80)",1,39134,14,2021-01-04,0.00035774518321664023
"[80,200)",0,5326,0,2021-01-04,0.0
"[80,200)",1,10008,1,2021-01-04,9.992006394884092e-05
,0,1598,0,2021-01-04,0.0
,1,1361,0,2021-01-04,0.0
"[0,40)",0,72996,15,2021-01-05,0.00020549071181982575
"[0,40)",1,68782,17,2021-01-05,0.00024715768660405336
"[40,60)",0,48366,18,2021-01-05,0.0003721622627465575
"[40,60)",1,46550,46,2021-01-05,0.0009881847475832438
"[60,80)",0,32815,3,2021-01-05,9.142160597287826e-05
"[60,80)",1,39128,20,2021-01-05,0.0005111429155591903
"[80,200)",0,5323,0,2021-01-05,0.0
"[80,200)",1,10002,0,2021-01-05,0.0
,0,1598,0,2021-01-05,0.0
,1,1361,0,2021-01-05,0.0
"[0,40)",0,72996,13,2021-01-06,0.00017809195024384898
"[0,40)",1,68782,31,2021-01-06,0.000450699310866215
"[40,60)",0,48365,18,2021-01-06,0.00037216995761397704
"[40,60)",1,46547,81,2021-01-06,0.001740176595698971
"[60,80)",0,32810,14,2021-01-06,0.0004266991770801585
"[60,80)",1,39122,18,2021-01-06,0.0004600991769336946
"[80,200)",0,5317,0,2021-01-06,0.0
"[80,200)",1,9997,0,2021-01-06,0.0
,0,1598,0,2021-01-06,0.0
,1,1361,0,2021-01-06,0.0
"[0,40)",0,72996,17,2021-01-07,0.0002328894733958025
"[0,40)",1,68781,51,2021-01-07,0.0007414838400139573
"[40,60)",0,48364,20,2021-01-07,0.0004135307253328922
"[40,60)",1,46546,82,2021-01-07,0.001761698105100331
"[60,80)",0,32807,15,2021-01-07,0.0004572194958393026
"[60,80)",1,39122,34,2021-01-07,0.0008690762230969787
"[80,200)",0,5315,6,2021-01-07,0.0011288805268109125
"[80,200)",1,9994,4,2021-01-07,0.00040024014408645187
,0,1598,0,2021-01-07,0.0
,1,1361,0,2021-01-07,0.0
"[0,40)",0,72996,24,2021-01-08,0.0003287851389117212
"[0,40)",1,68781,46,2021-01-08,0.000668789345894942
"[40,60)",0,48364,35,2021-01-08,0.0007236787693325614
"[40,60)",1,46546,139,2021-01-08,0.00298629312937739
"[60,80)",0,32799,15,2021-01-08,0.000457331016189518
"[60,80)",1,39121,38,2021-01-08,0.0009713453132588635
"[80,200)",0,5311,3,2021-01-08,0.000564865373752589
"[80,200)",1,9990,21,2021-01-08,0.002102102102102102
,0,1598,0,2021-01-08,0.0
,1,1361,0,2021-01-08,0.0
"[0,40)",0,72996,7,2021-01-09,9.589566551591868e-05
"[0,40)",1,68781,11,2021-01-09,0.00015992788706183393
"[40,60)",0,48364,13,2021-01-09,0.00026879497146637993
"[40,60)",1,46546,20,2021-01-09,0.00042968246465861727
"[60,80)",0,32793,6,2021-01-09,0.00018296587686396487
"[60,80)",1,39120,12,2021-01-09,0.00030674846625766873
"[80,200)",0,5308,3,2021-01-09,0.0005651846269781462
"[80,200)",1,9987,8,2021-01-09,0.0008010413537598879
,0,1598,0,2021-01-09,0.0
,1,1361,0,2021-01-09,0.0
"[0,40)",0,72996,6,2021-01-10,8.21962847279303e-05
"[0,40)",1,68781,7,2021-01-10,0.00010177229176662159
"[40,60)",0,48364,8,2021-01-10,0.0001654122901331569
"[40,60)",1,46546,10,2021-01-10,0.00021484123232930864
"[60,80)",0,32790,1,2021-01-10,3.0497102775236353e-05
"[60,80)",1,39116,10,2021-01-10,0.00025564986194907455
"[80,200)",0,5307,1,2021-01-10,0.0001884303749764462
"[80,200)",1,9983,0,2021-01-10,0.0
,0,1598,0,2021-01-10,0.0
,1,1361,0,2021-01-10,0.0
"[0,40)",0,72996,20,2021-01-11,0.00027398761575976767
"[0,40)",1,68781,45,2021-01-11,0.0006542504470711388
"[40,60)",0,48363,55,2021-01-11,0.0011372330087050019
"[40,60)",1,46546,98,2021-01-11,0.002105444076827225
"[60,80)",0,32785,19,2021-01-11,0.000579533323166082
"[60,80)",1,39110,30,2021-01-11,0.000767067246228586
"[80,200)",0,5303,2,2021-01-11,0.0003771450122572129
"[80,200)",1,9976,10,2021-01-11,0.0010024057738572574
,0,1598,0,2021-01-11,0.0
,1,1361,0,2021-01-11,0.0
"[0,40)",0,72995,33,2021-01-12,0.0004520857592985821
"[0,40)",1,68780,59,2021-01-12,0.0008578075021808665
"[40,60)",0,48362,43,2021-01-12,0.0008891278276332658
"[40,60)",1,46546,131,2021-01-12,0.002814420143513943
"[60,80)",0,32780,30,2021-01-12,0.0009151921903599756
"[60,80)",1,39106,48,2021-01-12,0.0012274331304659132
"[80,200)",0,5299,10,2021-01-12,0.0018871485185884128
"[80,200)",1,9969,50,2021-01-12,0.005015548199418196
,0,1598,0,2021-01-12,0.0
,1,1361,0,2021-01-12,0.0
"[0,40)",0,72995,29,2021-01-13,0.0003972874854442085
"[0,40)",1,68780,53,2021-01-13,0.0007705728409421344
"[40,60)",0,48361,40,2021-01-13,0.0008271127561464817
"[40,60)",1,46546,131,2021-01-13,0.002814420143513943
"[60,80)",0,32778,39,2021-01-13,0.00118982244188175
"[60,80)",1,39104,59,2021-01-13,0.00150879705400982
"[80,200)",0,5297,14,2021-01-13,0.002643005474797055
"[80,200)",1,9963,41,2021-01-13,0.00411522633744856
,0,1598,0,2021-01-13,0.0
,1,1361,0,2021-01-13,0.0
"[0,40)",0,72995,32,2021-01-14,0.0004383861908349887
"[0,40)",1,68780,48,2021-01-14,0.0006978772899098575
"[40,60)",0,48361,39,2021-01-14,0.0008064349372428197
"[40,60)",1,46546,143,2021-01-14,0.0030722296223091136
"[60,80)",0,32774,35,2021-01-14,0.0010679196924391287
"[60,80)",1,39101,73,2021-01-14,0.0018669599242986112
"[80,200)",0,5295,21,2021-01-14,0.00396600566572238
"[80,200)",1,9959,54,2021-01-14,0.005422231147705593
,0,1598,0,2021-01-14,0.0
,1,1361,0,2021-01-14,0.0
"[0,40)",0,72995,24,2021-01-15,0.0003287896431262415
"[0,40)",1,68780,46,2021-01-15,0.0006687990694969468
"[40,60)",0,48360,46,2021-01-15,0.0009511993382961125
"[40,60)",1,46545,142,2021-01-15,0.0030508110430765927
"[60,80)",0,32767,30,2021-01-15,0.0009155552842799158
"[60,80)",1,39098,71,2021-01-15,0.0018159496649444984
"[80,200)",0,5289,15,2021-01-15,0.0028360748723766306
"[80,200)",1,9954,52,2021-01-15,0.005224030540486237
,0,1598,0,2021-01-15,0.0
,1,1361,0,2021-01-15,0.0
"[0,40)",0,72995,4,2021-01-16,5.4798273854373585e-05
"[0,40)",1,68780,10,2021-01-16,0.00014539110206455364
"[40,60)",0,48360,9,2021-01-16,0.00018610421836228288
"[40,60)",1,46545,20,2021-01-16,0.0004296916962079708
"[60,80)",0,32760,7,2021-01-16,0.00021367521367521368
"[60,80)",1,39097,14,2021-01-16,0.000358083740440443
"[80,200)",0,5283,12,2021-01-16,0.002271436683702442
"[80,200)",1,9949,29,2021-01-16,0.002914865815659865
,0,1598,0,2021-01-16,0.0
,1,1361,0,2021-01-16,0.0
"[0,40)",0,72995,2,2021-01-17,2.7399136927186793e-05
"[0,40)",1,68780,2,2021-01-17,2.907822041291073e-05
"[40,60)",0,48360,2,2021-01-17,4.1356492969396195e-05
"[40,60)",1,46545,10,2021-01-17,0.0002148458481039854
"[60,80)",0,32757,2,2021-01-17,6.105565222700491e-05
"[60,80)",1,39096,9,2021-01-17,0.00023020257826887662
"[80,200)",0,5281,12,2021-01-17,0.0022722969134633592
"[80,200)",1,9946,31,2021-01-17,0.0031168308867886587
,0,1598,0,2021-01-17,0.0
,1,1361,0,2021-01-17,0.0
"[0,40)",0,72995,15,2021-01-18,0.00020549352695390096
"[0,40)",1,68780,36,2021-01-18,0.0005234079674323931
"[40,60)",0,48360,25,2021-01-18,0.0005169561621174524
"[40,60)",1,46544,99,2021-01-18,0.0021270195943623236
"[60,80)",0,32752,16,2021-01-18,0.0004885197850512946
"[60,80)",1,39090,40,2021-01-18,0.0010232796111537478
"[80,200)",0,5279,44,2021-01-18,0.008334911915135442
"[80,200)",1,9941,97,2021-01-18,0.0097575696609999
,0,1598,0,2021-01-18,0.0
,1,1361,0,2021-01-18,0.0
"[0,40)",0,72995,12,2021-01-19,0.00016439482156312076
"[0,40)",1,68780,22,2021-01-19,0.000319860424542018
"[40,60)",0,48359,24,2021-01-19,0.0004962881780020265
"[40,60)",1,46544,88,2021-01-19,0.0018906840838776211
"[60,80)",0,32745,22,2021-01-19,0.000671858298976943
"[60,80)",1,39086,38,2021-01-19,0.0009722151153865834
"[80,200)",0,5278,52,2021-01-19,0.009852216748768473
"[80,200)",1,9936,109,2021-01-19,0.010970209339774557
,0,1598,0,2021-01-19,0.0
,1,1361,0,2021-01-19,0.0
"[0,40)",0,72995,8,2021-01-20,0.00010959654770874717
"[0,40)",1,68779,23,2021-01-20,0.0003344043966908504
"[40,60)",0,48359,19,2021-01-20,0.00039289480758493764
"[40,60)",1,46544,92,2021-01-20,0.0019766242695084223
"[60,80)",0,32743,20,2021-01-20,0.0006108175793299331
"[60,80)",1,39086,51,2021-01-20,0.0013048150232819935
"[80,200)",0,5274,67,2021-01-20,0.012703830109973455
"[80,200)",1,9928,125,2021-01-20,0.012590652699435939
,0,1598,0,2021-01-20,0.0
,1,1361,0,2021-01-20,0.0
"[0,40)",0,72995,9,2021-01-21,0.00012329611617234058
"[0,40)",1,68779,39,2021-01-21,0.0005670335422149203
"[40,60)",0,48357,24,2021-01-21,0.0004963087040138967
"[40,60)",1,46544,82,2021-01-21,0.0017617738054314198
"[60,80)",0,32737,22,2021-01-21,0.0006720224822066775
"[60,80)",1,39082,41,2021-01-21,0.0010490763011104856
"[80,200)",0,5272,82,2021-01-21,0.015553869499241275
"[80,200)",1,9924,173,2021-01-21,0.01743248690044337
,0,1598,0,2021-01-21,0.0
,1,1361,0,2021-01-21,0.0
"[0,40)",0,72995,7,2021-01-22,9.589697924515377e-05
"[0,40)",1,68779,16,2021-01-22,0.00023262914552406986
"[40,60)",0,48355,19,2021-01-22,0.0003929273084479371
"[40,60)",1,46543,71,2021-01-22,0.0015254710697634446
"[60,80)",0,32734,14,2021-01-22,0.00042768986375022914
"[60,80)",1,39079,39,2021-01-22,0.0009979784539010722
"[80,200)",0,5268,97,2021-01-22,0.018413059984813972
"[80,200)",1,9916,165,2021-01-22,0.016639774102460668
,0,1598,0,2021-01-22,0.0
,1,1361,0,2021-01-22,0.0
"[0,40)",0,72995,0,2021-01-23,0.0
"[0,40)",1,68779,2,2021-01-23,2.9078643190508732e-05
"[40,60)",0,48355,3,2021-01-23,6.204115396546376e-05
"[40,60)",1,46542,8,2021-01-23,0.0001718877572944867
"[60,80)",0,32728,0,2021-01-23,0.0
"[60,80)",1,39076,4,2021-01-23,0.00010236462278636504
"[80,200)",0,5266,38,2021-01-23,0.0072161033042157235
"[80,200)",1,9913,45,2021-01-23,0.00453949359427015
,0,1598,0,2021-01-23,0.0
,1,1361,0,2021-01-23,0.0
"[0,40)",0,72995,0,2021-01-24,0.0
"[0,40)",1,68779,1,2021-01-24,1.4539321595254366e-05
"[40,60)",0,48355,1,2021-01-24,2.0680384655154586e-05
"[40,60)",1,46542,2,2021-01-24,4.297193932362168e-05
"[60,80)",0,32725,3,2021-01-24,9.167303284950343e-05
"[60,80)",1,39071,4,2021-01-24,0.00010237772260756059
"[80,200)",0,5264,27,2021-01-24,0.005129179331306991
"[80,200)",1,9909,36,2021-01-24,0.0036330608537693005
,0,1598,0,2021-01-24,0.0
,1,1361,0,2021-01-24,0.0
"[0,40)",0,72995,6,2021-01-25,8.219741078156038e-05
"[0,40)",1,68778,12,2021-01-25,0.00017447439588240426
"[40,60)",0,48353,6,2021-01-25,0.00012408744028291936
"[40,60)",1,46542,33,2021-01-25,0.0007090369988397577
"[60,80)",0,32720,9,2021-01-25,0.0002750611246943765
"[60,80)",1,39065,19,2021-01-25,0.0004863688723921669
"[80,200)",0,5262,59,2021-01-25,0.01121246674268339
"[80,200)",1,9902,112,2021-01-25,0.011310846293678045
,0,1598,0,2021-01-25,0.0
,1,1361,0,2021-01-25,0.0
"[0,40)",0,72994,6,2021-01-26,8.219853686604378e-05
"[0,40)",1,68778,14,2021-01-26,0.00020355346186280495
"[40,60)",0,48353,9,2021-01-26,0.00018613116042437905
"[40,60)",1,46542,52,2021-01-26,0.0011172704224141636
"[60,80)",0,32716,11,2021-01-26,0.00033622692260667564
"[60,80)",1,39063,32,2021-01-26,0.000819189514374216
"[80,200)",0,5257,76,2021-01-26,0.014456914590070383
"[80,200)",1,9895,113,2021-01-26,0.011419909044972209
,0,1598,0,2021-01-26,0.0
,1,1361,0,2021-01-26,0.0
"[0,40)",0,72994,11,2021-01-27,0.00015069731758774694
"[0,40)",1,68778,12,2021-01-27,0.00017447439588240426
"[40,60)",0,48352,10,2021-01-27,0.00020681667769688948
"[40,60)",1,46542,34,2021-01-27,0.0007305229685015685
"[60,80)",0,32712,3,2021-01-27,9.170946441672781e-05
"[60,80)",1,39061,34,2021-01-27,0.0008704334246435063
"[80,200)",0,5250,52,2021-01-27,0.009904761904761904
"[80,200)",1,9892,92,2021-01-27,0.009300444803881924
,0,1598,0,2021-01-27,0.0
,1,1361,0,2021-01-27,0.0
"[0,40)",0,72994,4,2021-01-28,5.479902457736252e-05
"[0,40)",1,68778,8,2021-01-28,0.00011631626392160284
"[40,60)",0,48350,3,2021-01-28,6.204756980351603e-05
"[40,60)",1,46542,35,2021-01-28,0.0007520089381633793
"[60,80)",0,32708,2,2021-01-28,6.114711997064938e-05
"[60,80)",1,39060,13,2021-01-28,0.00033282130056323605
"[80,200)",0,5243,47,2021-01-28,0.008964333396910166
"[80,200)",1,9888,77,2021-01-28,0.007787216828478965
,0,1598,0,2021-01-28,0.0
,1,1361,0,2021-01-28,0.0
"[0,40)",0,72994,4,2021-01-29,5.479902457736252e-05
"[0,40)",1,68778,4,2021-01-29,5.815813196080142e-05
"[40,60)",0,48348,8,2021-01-29,0.0001654670306941342
"[40,60)",1,46541,29,2021-01-29,0.0006231065082400464
"[60,80)",0,32706,3,2021-01-29,9.1726288754357e-05
"[60,80)",1,39056,13,2021-01-29,0.0003328553871364195
"[80,200)",0,5243,44,2021-01-29,0.008392141903490368
"[80,200)",1,9887,76,2021-01-29,0.0076868615353494485
,0,1598,0,2021-01-29,0.0
,1,1361,0,2021-01-29,0.0
"[0,40)",0,72994,0,2021-01-30,0.0
"[0,40)",1,68778,0,2021-01-30,0.0
"[40,60)",0,48348,0,2021-01-30,0.0
"[40,60)",1,46541,2,2021-01-30,4.297286263724458e-05
"[60,80)",0,32701,1,2021-01-30,3.058010458395768e-05
"[60,80)",1,39051,3,2021-01-30,7.682261657832066e-05
"[80,200)",0,5241,1,2021-01-30,0.00019080328181644724
"[80,200)",1,9881,14,2021-01-30,0.001416860641635462
,0,1598,0,2021-01-30,0.0
,1,1361,0,2021-01-30,0.0
"[0,40)",0,72994,0,2021-01-31,0.0
"[0,40)",1,68778,0,2021-01-31,0.0
"[40,60)",0,48347,2,2021-01-31,4.136761329555091e-05
"[40,60)",1,46541,1,2021-01-31,2.148643131862229e-05
"[60,80)",0,32697,2,2021-01-31,6.11676912254947e-05
"[60,80)",1,39047,3,2021-01-31,7.683048633697851e-05
"[80,200)",0,5238,5,2021-01-31,0.0009545628102329134
"[80,200)",1,9875,8,2021-01-31,0.0008101265822784811
,0,1598,0,2021-01-31,0.0
,1,1361,0,2021-01-31,0.0
"[0,40)",0,72994,2,2021-02-01,2.739951228868126e-05
"[0,40)",1,68778,13,2021-02-01,0.00018901392887260462
"[40,60)",0,48345,4,2021-02-01,8.273864929155031e-05
"[40,60)",1,46540,15,2021-02-01,0.00032230339492909325
"[60,80)",0,32693,5,2021-02-01,0.00015293793778484692
"[60,80)",1,39044,7,2021-02-01,0.00017928490933306014
"[80,200)",0,5233,31,2021-02-01,0.005923944200267533
"[80,200)",1,9871,42,2021-02-01,0.004254888055921386
,0,1598,0,2021-02-01,0.0
,1,1361,0,2021-02-01,0.0
"[0,40)",0,72994,1,2021-02-02,1.369975614434063e-05
"[0,40)",1,68778,7,2021-02-02,0.00010177673093140248
"[40,60)",0,48344,3,2021-02-02,6.205527056097964e-05
"[40,60)",1,46540,15,2021-02-02,0.00032230339492909325
"[60,80)",0,32691,6,2021-02-02,0.00018353675323483528
"[60,80)",1,39042,8,2021-02-02,0.0002049075354746171
"[80,200)",0,5230,27,2021-02-02,0.0051625239005736135
"[80,200)",1,9868,52,2021-02-02,0.00526955816781516
,0,1598,0,2021-02-02,0.0
,1,1361,0,2021-02-02,0.0
"[0,40)",0,72994,3,2021-02-03,4.109926843302189e-05
"[0,40)",1,68778,5,2021-02-03,7.269766495100177e-05
"[40,60)",0,48341,7,2021-02-03,0.00014480461719865124
"[40,60)",1,46540,12,2021-02-03,0.0002578427159432746
"[60,80)",0,32688,5,2021-02-03,0.00015296133137542828
"[60,80)",1,39040,13,2021-02-03,0.0003329918032786885
"[80,200)",0,5230,42,2021-02-03,0.00803059273422562
"[80,200)",1,9864,63,2021-02-03,0.006386861313868613
,0,1598,0,2021-02-03,0.0
,1,1361,0,2021-02-03,0.0
"[0,40)",0,72994,5,2021-02-04,6.849878072170315e-05
"[0,40)",1,68778,6,2021-02-04,8.723719794120213e-05
"[40,60)",0,48340,4,2021-02-04,8.274720728175425e-05
"[40,60)",1,46540,20,2021-02-04,0.0004297378599054577
"[60,80)",0,32686,5,2021-02-04,0.0001529706908156397
"[60,80)",1,39038,11,2021-02-04,0.0002817767303652851
"[80,200)",0,5227,36,2021-02-04,0.006887315859957911
"[80,200)",1,9858,54,2021-02-04,0.005477784540474742
,0,1598,0,2021-02-04,0.0
,1,1361,0,2021-02-04,0.0
"[0,40)",0,72994,5,2021-02-05,6.849878072170315e-05
"[0,40)",1,68778,5,2021-02-05,7.269766495100177e-05
"[40,60)",0,48340,3,2021-02-05,6.206040546131568e-05
"[40,60)",1,46540,25,2021-02-05,0.0005371723248818221
"[60,80)",0,32683,14,2021-02-05,0.00042835724994645533
"[60,80)",1,39037,12,2021-02-05,0.00030740067115813205
"[80,200)",0,5225,33,2021-02-05,0.00631578947368421
"[80,200)",1,9858,77,2021-02-05,0.007810914992899168
,0,1598,0,2021-02-05,0.0
,1,1361,0,2021-02-05,0.0
"[0,40)",0,72994,0,2021-02-06,0.0
"[0,40)",1,68778,0,2021-02-06,0.0
"[40,60)",0,48340,0,2021-02-06,0.0
"[40,60)",1,46539,0,2021-02-06,0.0
"[60,80)",0,32676,1,2021-02-06,3.0603501040519036e-05
"[60,80)",1,39034,0,2021-02-06,0.0
"[80,200)",0,5220,6,2021-02-06,0.0011494252873563218
"[80,200)",1,9855,10,2021-02-06,0.0010147133434804667
,0,1598,0,2021-02-06,0.0
,1,1361,0,2021-02-06,0.0
"[0,40)",0,72994,0,2021-02-07,0.0
"[0,40)",1,68778,0,2021-02-07,0.0
"[40,60)",0,48339,0,2021-02-07,0.0
"[40,60)",1,46538,2,2021-02-07,4.297563281619322e-05
"[60,80)",0,32672,1,2021-02-07,3.060724779627816e-05
"[60,80)",1,39032,0,2021-02-07,0.0
"[80,200)",0,5218,6,2021-02-07,0.0011498658489842851
"[80,200)",1,9850,10,2021-02-07,0.0010152284263959391
,0,1598,0,2021-02-07,0.0
,1,1361,0,2021-02-07,0.0
"[0,40)",0,72994,3,2021-02-08,4.109926843302189e-05
"[0,40)",1,68778,5,2021-02-08,7.269766495100177e-05
"[40,60)",0,48339,6,2021-02-08,0.00012412337863836653
"[40,60)",1,46538,20,2021-02-08,0.0004297563281619322
"[60,80)",0,32667,6,2021-02-08,0.0001836715951878042
"[60,80)",1,39027,9,2021-02-08,0.0002306095779844723
"[80,200)",0,5215,17,2021-02-08,0.0032598274209012464
"[80,200)",1,9845,60,2021-02-08,0.006094464195022855
,0,1598,0,2021-02-08,0.0
,1,1361,0,2021-02-08,0.0
"[0,40)",0,72994,8,2021-02-09,0.00010959804915472504
"[0,40)",1,68778,7,2021-02-09,0.00010177673093140248
"[40,60)",0,48338,12,2021-02-09,0.0002482518929206835
"[40,60)",1,46538,26,2021-02-09,0.0005586832266105119
"[60,80)",0,32660,12,2021-02-09,0.00036742192284139623
"[60,80)",1,39024,10,2021-02-09,0.00025625256252562525
"[80,200)",0,5210,30,2021-02-09,0.005758157389635317
"[80,200)",1,9843,73,2021-02-09,0.007416438077821802
,0,1598,0,2021-02-09,0.0
,1,1361,0,2021-02-09,0.0
"[0,40)",0,72994,5,2021-02-10,6.849878072170315e-05
"[0,40)",1,68778,9,2021-02-10,0.00013085579691180318
"[40,60)",0,48337,18,2021-02-10,0.0003723855431656909
"[40,60)",1,46538,29,2021-02-10,0.0006231466758348016
"[60,80)",0,32652,10,2021-02-10,0.00030625995344848707
"[60,80)",1,39024,13,2021-02-10,0.0003331283312833128
"[80,200)",0,5208,36,2021-02-10,0.0069124423963133645
"[80,200)",1,9843,58,2021-02-10,0.0058925124453926645
,0,1598,0,2021-02-10,0.0
,1,1361,0,2021-02-10,0.0
"[0,40)",0,72994,6,2021-02-11,8.219853686604378e-05
"[0,40)",1,68778,10,2021-02-11,0.00014539532990200354
"[40,60)",0,48336,8,2021-02-11,0.00016550810989738498
"[40,60)",1,46538,26,2021-02-11,0.0005586832266105119
"[60,80)",0,32646,5,2021-02-11,0.00015315812044354592
"[60,80)",1,39021,20,2021-02-11,0.0005125445273058097
"[80,200)",0,5205,44,2021-02-11,0.00845341018251681
"[80,200)",1,9837,54,2021-02-11,0.0054894784995425435
,0,1598,0,2021-02-11,0.0
,1,1361,0,2021-02-11,0.0
"[0,40)",0,72994,6,2021-02-12,8.219853686604378e-05
"[0,40)",1,68778,10,2021-02-12,0.00014539532990200354
"[40,60)",0,48336,10,2021-02-12,0.00020688513737173123
"[40,60)",1,46538,26,2021-02-12,0.0005586832266105119
"[60,80)",0,32640,4,2021-02-12,0.00012254901960784314
"[60,80)",1,39021,18,2021-02-12,0.00046129007457522875
"[80,200)",0,5203,38,2021-02-12,0.007303478762252546
"[80,200)",1,9833,69,2021-02-12,0.007017187023288925
,0,1598,0,2021-02-12,0.0
,1,1361,0,2021-02-12,0.0
"[0,40)",0,72994,1,2021-02-13,1.369975614434063e-05
"[0,40)",1,68778,6,2021-02-13,8.723719794120213e-05
"[40,60)",0,48335,4,2021-02-13,8.275576704251577e-05
"[40,60)",1,46538,4,2021-02-13,8.595126563238644e-05
"[60,80)",0,32638,2,2021-02-13,6.127826459954654e-05
"[60,80)",1,39014,4,2021-02-13,0.00010252729789306403
"[80,200)",0,5201,14,2021-02-13,0.0026917900403768506
"[80,200)",1,9830,18,2021-02-13,0.0018311291963377416
,0,1598,0,2021-02-13,0.0
,1,1361,0,2021-02-13,0.0
"[0,40)",0,72994,1,2021-02-14,1.369975614434063e-05
"[0,40)",1,68777,2,2021-02-14,2.9079488782587203e-05
"[40,60)",0,48333,1,2021-02-14,2.0689797860674902e-05
"[40,60)",1,46537,5,2021-02-14,0.00010744139072136149
"[60,80)",0,32635,1,2021-02-14,3.064194882794546e-05
"[60,80)",1,39010,1,2021-02-14,2.563445270443476e-05
"[80,200)",0,5196,9,2021-02-14,0.0017321016166281756
"[80,200)",1,9828,12,2021-02-14,0.001221001221001221
,0,1598,0,2021-02-14,0.0
,1,1361,0,2021-02-14,0.0
"[0,40)",0,72994,6,2021-02-15,8.219853686604378e-05
"[0,40)",1,68777,18,2021-02-15,0.00026171539904328484
"[40,60)",0,48333,9,2021-02-15,0.0001862081807460741
"[40,60)",1,46537,30,2021-02-15,0.000644648344328169
"[60,80)",0,32632,6,2021-02-15,0.00018386859524393233
"[60,80)",1,39006,13,2021-02-15,0.00033328205917038404
"[80,200)",0,5193,43,2021-02-15,0.008280377431157327
"[80,200)",1,9825,64,2021-02-15,0.006513994910941475
,0,1598,0,2021-02-15,0.0
,1,1361,0,2021-02-15,0.0
"[0,40)",0,72994,4,2021-02-16,5.479902457736252e-05
"[0,40)",1,68777,21,2021-02-16,0.0003053346322171656
"[40,60)",0,48331,15,2021-02-16,0.0003103598104736091
"[40,60)",1,46537,30,2021-02-16,0.000644648344328169
"[60,80)",0,32628,5,2021-02-16,0.00015324261370601937
"[60,80)",1,39002,21,2021-02-16,0.0005384339264653095
"[80,200)",0,5189,58,2021-02-16,0.011177490846020427
"[80,200)",1,9823,119,2021-02-16,0.012114425328311107
,0,1598,0,2021-02-16,0.0
,1,1361,0,2021-02-16,0.0
"[0,40)",0,72994,12,2021-02-17,0.00016439707373208757
"[0,40)",1,68777,20,2021-02-17,0.00029079488782587205
"[40,60)",0,48331,17,2021-02-17,0.00035174111853675694
"[40,60)",1,46536,31,2021-02-17,0.0006661509369090597
"[60,80)",0,32623,11,2021-02-17,0.00033718542132851054
"[60,80)",1,39000,27,2021-02-17,0.0006923076923076923
"[80,200)",0,5186,62,2021-02-17,0.01195526417277285
"[80,200)",1,9819,117,2021-02-17,0.011915673693858845
,0,1598,0,2021-02-17,0.0
,1,1361,0,2021-02-17,0.0
"[0,40)",0,72994,9,2021-02-18,0.00012329780529906568
"[0,40)",1,68777,13,2021-02-18,0.0001890166770868168
"[40,60)",0,48330,13,2021-02-18,0.00026898406786674944
"[40,60)",1,46536,39,2021-02-18,0.0008380608561113977
"[60,80)",0,32618,19,2021-02-18,0.0005825004598687841
"[60,80)",1,38997,27,2021-02-18,0.0006923609508423724
"[80,200)",0,5184,94,2021-02-18,0.018132716049382717
"[80,200)",1,9818,140,2021-02-18,0.014259523324506009
,0,1598,0,2021-02-18,0.0
,1,1361,0,2021-02-18,0.0
"[0,40)",0,72994,5,2021-02-19,6.849878072170315e-05
"[0,40)",1,68777,21,2021-02-19,0.0003053346322171656
"[40,60)",0,48330,16,2021-02-19,0.00033105731429753776
"[40,60)",1,46536,43,2021-02-19,0.0009240158157125666
"[60,80)",0,32613,26,2021-02-19,0.0007972280992242357
"[60,80)",1,38995,22,2021-02-19,0.0005641748942172073
"[80,200)",0,5178,78,2021-02-19,0.015063731170336037
"[80,200)",1,9816,141,2021-02-19,0.014364303178484108
,0,1598,0,2021-02-19,0.0
,1,1361,0,2021-02-19,0.0
"[0,40)",0,72994,0,2021-02-20,0.0
"[0,40)",1,68777,5,2021-02-20,7.269872195646801e-05
"[40,60)",0,48328,2,2021-02-20,4.138387684158252e-05
"[40,60)",1,46534,5,2021-02-20,0.00010744831735935015
"[60,80)",0,32609,4,2021-02-20,0.0001226655217884633
"[60,80)",1,38992,2,2021-02-20,5.1292572835453425e-05
"[80,200)",0,5177,7,2021-02-20,0.0013521344407958276
"[80,200)",1,9812,21,2021-02-20,0.0021402364451691804
,0,1598,0,2021-02-20,0.0
,1,1361,0,2021-02-20,0.0
"[0,40)",0,72994,1,2021-02-21,1.369975614434063e-05
"[0,40)",1,68777,1,2021-02-21,1.4539744391293602e-05
"[40,60)",0,48328,2,2021-02-21,4.138387684158252e-05
"[40,60)",1,46534,3,2021-02-21,6.446899041561009e-05
"[60,80)",0,32604,1,2021-02-21,3.067108330266225e-05
"[60,80)",1,38991,3,2021-02-21,7.694083249980765e-05
"[80,200)",0,5175,6,2021-02-21,0.0011594202898550724
"[80,200)",1,9809,16,2021-02-21,0.0016311550616780507
,0,1598,0,2021-02-21,0.0
,1,1361,0,2021-02-21,0.0
"[0,40)",0,72994,11,2021-02-22,0.00015069731758774694
"[0,40)",1,68777,16,2021-02-22,0.00023263591026069763
"[40,60)",0,48328,17,2021-02-22,0.00035176295315345144
"[40,60)",1,46533,34,2021-02-22,0.0007306642597726345
"[60,80)",0,32598,8,2021-02-22,0.00024541382906926803
"[60,80)",1,38988,19,2021-02-22,0.0004873294346978557
"[80,200)",0,5171,72,2021-02-22,0.013923805840263006
"[80,200)",1,9806,136,2021-02-22,0.013869059759331021
,0,1598,0,2021-02-22,0.0
,1,1361,0,2021-02-22,0.0
"[0,40)",0,72994,11,2021-02-23,0.00015069731758774694
"[0,40)",1,68777,29,2021-02-23,0.00042165258734751444
"[40,60)",0,48327,20,2021-02-23,0.0004138473317193287
"[40,60)",1,46532,55,2021-02-23,0.0011819822917562108
"[60,80)",0,32593,19,2021-02-23,0.0005829472586138128
"[60,80)",1,38986,23,2021-02-23,0.0005899553685938542
"[80,200)",0,5168,98,2021-02-23,0.018962848297213623
"[80,200)",1,9802,147,2021-02-23,0.014996939400122424
,0,1598,0,2021-02-23,0.0
,1,1361,0,2021-02-23,0.0
"[0,40)",0,72994,17,2021-02-24,0.00023289585445379073
"[0,40)",1,68777,27,2021-02-24,0.0003925730985649272
"[40,60)",0,48325,19,2021-02-24,0.0003931712364200724
"[40,60)",1,46530,56,2021-02-24,0.001203524607779927
"[60,80)",0,32588,25,2021-02-24,0.0007671535534552596
"[60,80)",1,38985,37,2021-02-24,0.000949082980633577
"[80,200)",0,5167,85,2021-02-24,0.016450551577317594
"[80,200)",1,9797,143,2021-02-24,0.014596304991323875
,0,1598,0,2021-02-24,0.0
,1,1361,0,2021-02-24,0.0
"[0,40)",0,72994,15,2021-02-25,0.00020549634216510945
"[0,40)",1,68777,27,2021-02-25,0.0003925730985649272
"[40,60)",0,48324,40,2021-02-25,0.0008277460475126231
"[40,60)",1,46528,80,2021-02-25,0.0017193947730398899
"[60,80)",0,32581,34,2021-02-25,0.0010435529910070287
"[60,80)",1,38983,63,2021-02-25,0.001616089064463997
"[80,200)",0,5162,110,2021-02-25,0.021309569934134055
"[80,200)",1,9797,195,2021-02-25,0.019904052260896192
,0,1598,0,2021-02-25,0.0
,1,1361,0,2021-02-25,0.0
"[0,40)",0,72994,17,2021-02-26,0.00023289585445379073
"[0,40)",1,68777,25,2021-02-26,0.00036349360978234
"[40,60)",0,48323,21,2021-02-26,0.0004345756679014134
"[40,60)",1,46528,54,2021-02-26,0.0011605914718019257
"[60,80)",0,32575,37,2021-02-26,0.0011358403683806601
"[60,80)",1,38980,57,2021-02-26,0.0014622883530015392
"[80,200)",0,5161,88,2021-02-26,0.017050959116450302
"[80,200)",1,9794,156,2021-02-26,0.01592811925668777
,0,1598,0,2021-02-26,0.0
,1,1361,0,2021-02-26,0.0
"[0,40)",0,72994,2,2021-02-27,2.739951228868126e-05
"[0,40)",1,68777,7,2021-02-27,0.00010177821073905521
"[40,60)",0,48322,1,2021-02-27,2.069450767766235e-05
"[40,60)",1,46527,18,2021-02-27,0.0003868721387581404
"[60,80)",0,32572,6,2021-02-27,0.00018420729460886652
"[60,80)",1,38976,5,2021-02-27,0.0001282840722495895
"[80,200)",0,5158,21,2021-02-27,0.00407134548274525
"[80,200)",1,9793,35,2021-02-27,0.0035739814152966403
,0,1598,0,2021-02-27,0.0
,1,1361,0,2021-02-27,0.0
"[0,40)",0,72994,1,2021-02-28,1.369975614434063e-05
"[0,40)",1,68777,2,2021-02-28,2.9079488782587203e-05
"[40,60)",0,48321,7,2021-02-28,0.00014486455164421265
"[40,60)",1,46527,21,2021-02-28,0.0004513508285511638
"[60,80)",0,32569,2,2021-02-28,6.140808744511652e-05
"[60,80)",1,38976,6,2021-02-28,0.0001539408866995074
"[80,200)",0,5158,15,2021-02-28,0.0029081039162466072
"[80,200)",1,9788,23,2021-02-28,0.00234981610134859
,0,1598,0,2021-02-28,0.0
,1,1361,0,2021-02-28,0.0
"[0,40)",0,72994,16,2021-03-01,0.00021919609830945008
"[0,40)",1,68777,37,2021-03-01,0.0005379705424778632
"[40,60)",0,48320,41,2021-03-01,0.0008485099337748345
"[40,60)",1,46527,115,2021-03-01,0.002471683108732564
"[60,80)",0,32563,57,2021-03-01,0.0017504529680926204
"[60,80)",1,38975,91,2021-03-01,0.0023348300192431045
"[80,200)",0,5156,101,2021-03-01,0.019588828549262995
"[80,200)",1,9785,167,2021-03-01,0.017066939192641798
,0,1598,0,2021-03-01,0.0
,1,1361,0,2021-03-01,0.0
"[0,40)",0,72993,14,2021-03-02,0.00019179921362322416
"[0,40)",1,68777,42,2021-03-02,0.0006106692644343312
"[40,60)",0,48319,62,2021-03-02,0.0012831391378132825
"[40,60)",1,46527,170,2021-03-02,0.0036537924216046595
"[60,80)",0,32562,98,2021-03-02,0.003009643142313126
"[60,80)",1,38972,183,2021-03-02,0.004695678948989018
"[80,200)",0,5151,86,2021-03-02,0.0166957872257814
"[80,200)",1,9783,150,2021-03-02,0.015332720024532351
,0,1598,0,2021-03-02,0.0
,1,1361,0,2021-03-02,0.0
"[0,40)",0,72992,31,2021-03-03,0.0004247040771591407
"[0,40)",1,68777,53,2021-03-03,0.0007706064527385609
"[40,60)",0,48318,54,2021-03-03,0.0011175959269837327
"[40,60)",1,46527,168,2021-03-03,0.0036108066284093105
"[60,80)",0,32558,129,2021-03-03,0.003962159837827876
"[60,80)",1,38970,220,2021-03-03,0.0056453682319733125
"[80,200)",0,5149,89,2021-03-03,0.017284909691202176
"[80,200)",1,9780,172,2021-03-03,0.017586912065439674
,0,1598,0,2021-03-03,0.0
,1,1361,0,2021-03-03,0.0
"[0,40)",0,72992,16,2021-03-04,0.00021920210434020167
"[0,40)",1,68777,43,2021-03-04,0.0006252090088256249
"[40,60)",0,48318,41,2021-03-04,0.0008485450556728341
"[40,60)",1,46527,165,2021-03-04,0.0035463279386162873
"[60,80)",0,32554,165,2021-03-04,0.005068501566627757
"[60,80)",1,38968,276,2021-03-04,0.007082734551426812
"[80,200)",0,5141,105,2021-03-04,0.020424042015172145
"[80,200)",1,9776,190,2021-03-04,0.019435351882160393
,0,1598,0,2021-03-04,0.0
,1,1361,0,2021-03-04,0.0
"[0,40)",0,72992,19,2021-03-05,0.0002603024989039895
"[0,40)",1,68777,38,2021-03-05,0.0005525102868691569
"[40,60)",0,48318,29,2021-03-05,0.0006001904052320046
"[40,60)",1,46527,153,2021-03-05,0.003288413179444194
"[60,80)",0,32550,163,2021-03-05,0.00500768049155146
"[60,80)",1,38966,237,2021-03-05,0.006082225529949186
"[80,200)",0,5137,69,2021-03-05,0.013431964181428849
"[80,200)",1,9773,131,2021-03-05,0.013404277089941677
,0,1598,0,2021-03-05,0.0
,1,1361,0,2021-03-05,0.0
"[0,40)",0,72992,5,2021-03-06,6.850065760631302e-05
"[0,40)",1,68777,19,2021-03-06,0.00027625514343457844
"[40,60)",0,48315,32,2021-03-06,0.0006623201904170547
"[40,60)",1,46524,63,2021-03-06,0.0013541397988135156
"[60,80)",0,32546,57,2021-03-06,0.0017513672955201869
"[60,80)",1,38965,88,2021-03-06,0.002258437058899012
"[80,200)",0,5134,27,2021-03-06,0.005259057265290222
"[80,200)",1,9771,40,2021-03-06,0.0040937468017603115
,0,1598,0,2021-03-06,0.0
,1,1361,0,2021-03-06,0.0
"[0,40)",0,72991,5,2021-03-07,6.850159608718883e-05
"[0,40)",1,68777,21,2021-03-07,0.0003053346322171656
"[40,60)",0,48315,29,2021-03-07,0.0006002276725654559
"[40,60)",1,46522,51,2021-03-07,0.0010962555350156914
"[60,80)",0,32536,69,2021-03-07,0.0021207278091959674
"[60,80)",1,38965,103,2021-03-07,0.0026433979212113433
"[80,200)",0,5131,20,2021-03-07,0.0038978756577665173
"[80,200)",1,9766,33,2021-03-07,0.003379070243702642
,0,1598,0,2021-03-07,0.0
,1,1361,0,2021-03-07,0.0
"[0,40)",0,72989,16,2021-03-08,0.00021921111400347997
"[0,40)",1,68777,37,2021-03-08,0.0005379705424778632
"[40,60)",0,48313,56,2021-03-08,0.0011591083145323206
"[40,60)",1,46522,125,2021-03-08,0.002686900821116891
"[60,80)",0,32531,168,2021-03-08,0.005164304816943838
"[60,80)",1,38962,259,2021-03-08,0.006647502694933525
"[80,200)",0,5130,74,2021-03-08,0.01442495126705653
"[80,200)",1,9760,113,2021-03-08,0.011577868852459016
,0,1598,0,2021-03-08,0.0
,1,1361,0,2021-03-08,0.0
"[0,40)",0,72989,21,2021-03-09,0.00028771458712956746
"[0,40)",1,68777,38,2021-03-09,0.0005525102868691569
"[40,60)",0,48312,67,2021-03-09,0.0013868190097698295
"[40,60)",1,46521,180,2021-03-09,0.003869220352099052
"[60,80)",0,32526,237,2021-03-09,0.007286478509500092
"[60,80)",1,38959,357,2021-03-09,0.009163479555430067
"[80,200)",0,5127,82,2021-03-09,0.015993758533255315
"[80,200)",1,9756,117,2021-03-09,0.011992619926199263
,0,1598,0,2021-03-09,0.0
,1,1361,0,2021-03-09,0.0
"[0,40)",0,72989,36,2021-03-10,0.00049322500650783
"[0,40)",1,68777,61,2021-03-10,0.0008869244078689096
"[40,60)",0,48312,39,2021-03-10,0.0008072528564331843
"[40,60)",1,46521,151,2021-03-10,0.003245845962038649
"[60,80)",0,32517,255,2021-03-10,0.007842051849801641
"[60,80)",1,38956,413,2021-03-10,0.010601704487113667
"[80,200)",0,5123,102,2021-03-10,0.019910208861994926
"[80,200)",1,9752,148,2021-03-10,0.015176374077112387
,0,1598,0,2021-03-10,0.0
,1,1361,0,2021-03-10,0.0
"[0,40)",0,72989,19,2021-03-11,0.0002603131978791325
"[0,40)",1,68777,72,2021-03-11,0.0010468615961731393
"[40,60)",0,48312,62,2021-03-11,0.001283325053816857
"[40,60)",1,46521,177,2021-03-11,0.0038047333462307344
"[60,80)",0,32514,338,2021-03-11,0.010395521929015194
"[60,80)",1,38954,456,2021-03-11,0.01170611490475946
"[80,200)",0,5119,79,2021-03-11,0.015432701699550693
"[80,200)",1,9748,147,2021-03-11,0.015080016413623307
,0,1598,0,2021-03-11,0.0
,1,1361,0,2021-03-11,0.0
"[0,40)",0,72989,29,2021-03-12,0.00039732014413130747
"[0,40)",1,68777,43,2021-03-12,0.0006252090088256249
"[40,60)",0,48312,52,2021-03-12,0.0010763371419109124
"[40,60)",1,46521,175,2021-03-12,0.0037617420089851895
"[60,80)",0,32508,301,2021-03-12,0.009259259259259259
"[60,80)",1,38948,388,2021-03-12,0.009962000616206224
"[80,200)",0,5118,71,2021-03-12,0.013872606486908948
"[80,200)",1,9744,101,2021-03-12,0.01036535303776683
,0,1598,0,2021-03-12,0.0
,1,1361,0,2021-03-12,0.0
"[0,40)",0,72989,5,2021-03-13,6.85034731260875e-05
"[0,40)",1,68777,23,2021-03-13,0.0003344141209997528
"[40,60)",0,48310,19,2021-03-13,0.00039329331401366177
"[40,60)",1,46521,86,2021-03-13,0.0018486275015584359
"[60,80)",0,32505,148,2021-03-13,0.004553145669896939
"[60,80)",1,38943,188,2021-03-13,0.004827568497547698
"[80,200)",0,5116,19,2021-03-13,0.003713838936669273
"[80,200)",1,9741,43,2021-03-13,0.004414331177497177
,0,1598,0,2021-03-13,0.0
,1,1361,0,2021-03-13,0.0
"[0,40)",0,72989,4,2021-03-14,5.480277850086999e-05
"[0,40)",1,68777,13,2021-03-14,0.0001890166770868168
"[40,60)",0,48310,17,2021-03-14,0.00035189401780169735
"[40,60)",1,46517,41,2021-03-14,0.0008813981985080723
"[60,80)",0,32498,89,2021-03-14,0.002738630069542741
"[60,80)",1,38940,152,2021-03-14,0.003903441191576785
"[80,200)",0,5108,20,2021-03-14,0.003915426781519186
"[80,200)",1,9739,26,2021-03-14,0.0026696786117671218
,0,1598,0,2021-03-14,0.0
,1,1361,0,2021-03-14,0.0
"[0,40)",0,72989,22,2021-03-15,0.00030141528175478495
"[0,40)",1,68777,51,2021-03-15,0.0007415269639559737
"[40,60)",0,48309,42,2021-03-15,0.0008694032167919022
"[40,60)",1,46517,96,2021-03-15,0.002063761635531096
"[60,80)",0,32489,232,2021-03-15,0.007140878451168088
"[60,80)",1,38935,357,2021-03-15,0.009169128033902659
"[80,200)",0,5104,36,2021-03-15,0.007053291536050157
"[80,200)",1,9734,46,2021-03-15,0.004725703718923361
,0,1598,0,2021-03-15,0.0
,1,1361,0,2021-03-15,0.0
"[0,40)",0,72989,22,2021-03-16,0.00030141528175478495
"[0,40)",1,68777,43,2021-03-16,0.0006252090088256249
"[40,60)",0,48307,46,2021-03-16,0.0009522429461568717
"[40,60)",1,46517,163,2021-03-16,0.003504095276995507
"[60,80)",0,32486,322,2021-03-16,0.009911962075971188
"[60,80)",1,38933,417,2021-03-16,0.010710708139624483
"[80,200)",0,5100,39,2021-03-16,0.007647058823529412
"[80,200)",1,9730,73,2021-03-16,0.00750256937307297
,0,1598,0,2021-03-16,0.0
,1,1361,0,2021-03-16,0.0
"[0,40)",0,72989,18,2021-03-17,0.000246612503253915
"[0,40)",1,68777,49,2021-03-17,0.0007124474751733865
"[40,60)",0,48307,51,2021-03-17,0.0010557476142174012
"[40,60)",1,46517,137,2021-03-17,0.0029451598340391686
"[60,80)",0,32480,296,2021-03-17,0.009113300492610837
"[60,80)",1,38933,429,2021-03-17,0.011018929956592094
"[80,200)",0,5099,52,2021-03-17,0.010198078054520495
"[80,200)",1,9726,86,2021-03-17,0.008842278428953321
,0,1598,0,2021-03-17,0.0
,1,1361,0,2021-03-17,0.0
"[0,40)",0,72988,18,2021-03-18,0.00024661588206280485
"[0,40)",1,68777,50,2021-03-18,0.00072698721956468
"[40,60)",0,48306,63,2021-03-18,0.001304185815426655
"[40,60)",1,46517,123,2021-03-18,0.002644194595524217
"[60,80)",0,32473,312,2021-03-18,0.009607982015828534
"[60,80)",1,38926,421,2021-03-18,0.010815393310383805
"[80,200)",0,5096,42,2021-03-18,0.008241758241758242
"[80,200)",1,9719,82,2021-03-18,0.008437082004321432
,0,1598,0,2021-03-18,0.0
,1,1361,0,2021-03-18,0.0
"[0,40)",0,72988,21,2021-03-19,0.0002877185290732723
"[0,40)",1,68777,45,2021-03-19,0.0006542884976082121
"[40,60)",0,48304,61,2021-03-19,0.0012628353759523022
"[40,60)",1,46516,180,2021-03-19,0.003869636254192106
"[60,80)",0,32470,264,2021-03-19,0.008130582075762243
"[60,80)",1,38922,354,2021-03-19,0.009095113303530137
"[80,200)",0,5094,41,2021-03-19,0.008048684727129957
"[80,200)",1,9712,83,2021-03-19,0.008546128500823723
,0,1598,0,2021-03-19,0.0
,1,1361,0,2021-03-19,0.0
"[0,40)",0,72988,16,2021-03-20,0.00021921411738915985
"[0,40)",1,68777,19,2021-03-20,0.00027625514343457844
"[40,60)",0,48302,27,2021-03-20,0.0005589830648834417
"[40,60)",1,46516,71,2021-03-20,0.0015263565224868862
"[60,80)",0,32466,114,2021-03-20,0.0035113657364627612
"[60,80)",1,38922,163,2021-03-20,0.004187862905297775
"[80,200)",0,5092,17,2021-03-20,0.0033385703063629223
"[80,200)",1,9711,28,2021-03-20,0.002883328184533004
,0,1598,0,2021-03-20,0.0
,1,1361,0,2021-03-20,0.0
"[0,40)",0,72988,2,2021-03-21,2.7401764673644982e-05
"[0,40)",1,68777,13,2021-03-21,0.0001890166770868168
"[40,60)",0,48301,12,2021-03-21,0.0002484420612409681
"[40,60)",1,46515,31,2021-03-21,0.0006664516822530367
"[60,80)",0,32460,54,2021-03-21,0.0016635859519408503
"[60,80)",1,38920,73,2021-03-21,0.0018756423432682425
"[80,200)",0,5091,8,2021-03-21,0.001571400510705166
"[80,200)",1,9710,10,2021-03-21,0.0010298661174047373
,0,1598,0,2021-03-21,0.0
,1,1361,0,2021-03-21,0.0
"[0,40)",0,72987,11,2021-03-22,0.00015071177058928302
"[0,40)",1,68777,33,2021-03-22,0.00047981156491268886
"[40,60)",0,48301,33,2021-03-22,0.0006832156684126623
"[40,60)",1,46515,106,2021-03-22,0.0022788347844781252
"[60,80)",0,32456,207,2021-03-22,0.0063778654177964016
"[60,80)",1,38918,261,2021-03-22,0.0067064083457526085
"[80,200)",0,5090,37,2021-03-22,0.007269155206286837
"[80,200)",1,9707,47,2021-03-22,0.004841866694138251
,0,1598,0,2021-03-22,0.0
,1,1361,0,2021-03-22,0.0
"[0,40)",0,72986,31,2021-03-23,0.00042473899103937743
"[0,40)",1,68777,38,2021-03-23,0.0005525102868691569
"[40,60)",0,48301,35,2021-03-23,0.0007246226786194903
"[40,60)",1,46515,93,2021-03-23,0.00199935504675911
"[60,80)",0,32447,227,2021-03-23,0.006996024285758314
"[60,80)",1,38917,280,2021-03-23,0.00719479918801552
"[80,200)",0,5085,35,2021-03-23,0.00688298918387414
"[80,200)",1,9703,61,2021-03-23,0.0062867154488302586
,0,1598,0,2021-03-23,0.0
,1,1361,0,2021-03-23,0.0
"[0,40)",0,72986,39,2021-03-24,0.0005343490532430877
"[0,40)",1,68776,32,2021-03-24,0.00046527858555309994
"[40,60)",0,48298,45,2021-03-24,0.0009317155989896062
"[40,60)",1,46515,108,2021-03-24,0.0023218316672041278
"[60,80)",0,32443,219,2021-03-24,0.00675030052707826
"[60,80)",1,38914,285,2021-03-24,0.007323842318959758
"[80,200)",0,5080,36,2021-03-24,0.007086614173228346
"[80,200)",1,9700,48,2021-03-24,0.004948453608247422
,0,1598,0,2021-03-24,0.0
,1,1361,0,2021-03-24,0.0
"[0,40)",0,72986,25,2021-03-25,0.00034253144438659467
"[0,40)",1,68776,36,2021-03-25,0.0005234384087472374
"[40,60)",0,48298,43,2021-03-25,0.0008903060168122904
"[40,60)",1,46515,77,2021-03-25,0.001655379984951091
"[60,80)",0,32437,216,2021-03-25,0.006659062182076025
"[60,80)",1,38910,280,2021-03-25,0.00719609354921614
"[80,200)",0,5080,35,2021-03-25,0.006889763779527559
"[80,200)",1,9698,69,2021-03-25,0.007114869045163951
,0,1598,0,2021-03-25,0.0
,1,1361,0,2021-03-25,0.0
"[0,40)",0,72986,22,2021-03-26,0.00030142767106020334
"[0,40)",1,68776,40,2021-03-26,0.0005815982319413749
"[40,60)",0,48298,57,2021-03-26,0.0011801730920535012
"[40,60)",1,46515,106,2021-03-26,0.0022788347844781252
"[60,80)",0,32434,212,2021-03-26,0.006536350743047419
"[60,80)",1,38905,224,2021-03-26,0.0057576147024804005
"[80,200)",0,5079,28,2021-03-26,0.005512896239417208
"[80,200)",1,9696,48,2021-03-26,0.0049504950495049506
,0,1598,0,2021-03-26,0.0
,1,1361,0,2021-03-26,0.0
"[0,40)",0,72986,11,2021-03-27,0.00015071383553010167
"[0,40)",1,68776,9,2021-03-27,0.00013085960218680936
"[40,60)",0,48297,13,2021-03-27,0.0002691678572168044
"[40,60)",1,46514,19,2021-03-27,0.0004084791675624543
"[60,80)",0,32434,80,2021-03-27,0.0024665474502065733
"[60,80)",1,38903,99,2021-03-27,0.0025447908901627125
"[80,200)",0,5079,8,2021-03-27,0.0015751132112620594
"[80,200)",1,9692,12,2021-03-27,0.0012381345439537762
,0,1598,0,2021-03-27,0.0
,1,1361,0,2021-03-27,0.0
"[0,40)",0,72986,3,2021-03-28,4.110377332639136e-05
"[0,40)",1,68776,2,2021-03-28,2.9079911597068747e-05
"[40,60)",0,48296,12,2021-03-28,0.00024846778201093256
"[40,60)",1,46513,23,2021-03-28,0.0004944854126803259
"[60,80)",0,32430,56,2021-03-28,0.0017267961763798951
"[60,80)",1,38901,64,2021-03-28,0.0016452019228297473
"[80,200)",0,5079,2,2021-03-28,0.00039377830281551486
"[80,200)",1,9688,3,2021-03-28,0.00030966143682906687
,0,1598,0,2021-03-28,0.0
,1,1361,0,2021-03-28,0.0
"[0,40)",0,72986,23,2021-03-29,0.0003151289288356671
"[0,40)",1,68776,27,2021-03-29,0.0003925788065604281
"[40,60)",0,48294,51,2021-03-29,0.0010560318051931917
"[40,60)",1,46513,60,2021-03-29,0.0012899619461225894
"[60,80)",0,32428,158,2021-03-29,0.004872332552115456
"[60,80)",1,38896,228,2021-03-29,0.005861785273549979
"[80,200)",0,5075,24,2021-03-29,0.004729064039408867
"[80,200)",1,9682,48,2021-03-29,0.004957653377401363
,0,1598,0,2021-03-29,0.0
,1,1361,0,2021-03-29,0.0
"[0,40)",0,72986,19,2021-03-30,0.00026032389773381195
"[0,40)",1,68776,27,2021-03-30,0.0003925788065604281
"[40,60)",0,48294,58,2021-03-30,0.0012009773470824533
"[40,60)",1,46511,107,2021-03-30,0.0023005310571692717
"[60,80)",0,32424,203,2021-03-30,0.006260794473229706
"[60,80)",1,38892,266,2021-03-30,0.006839452843772498
"[80,200)",0,5073,29,2021-03-30,0.005716538537354623
"[80,200)",1,9677,63,2021-03-30,0.006510282112224863
,0,1598,0,2021-03-30,0.0
,1,1361,0,2021-03-30,0.0
"[0,40)",0,72986,16,2021-03-31,0.0002192201244074206
"[0,40)",1,68776,30,2021-03-31,0.0004361986739560312
"[40,60)",0,48293,64,2021-03-31,0.0013252438241567101
"[40,60)",1,46511,81,2021-03-31,0.0017415235105673926
"[60,80)",0,32417,168,2021-03-31,0.005182465990066941
"[60,80)",1,38889,236,2021-03-31,0.006068554089845458
"[80,200)",0,5072,22,2021-03-31,0.004337539432176656
"[80,200)",1,9673,53,2021-03-31,0.005479168820427995
,0,1598,0,2021-03-31,0.0
,1,1361,0,2021-03-31,0.0
"[0,40)",0,72986,32,2021-04-01,0.0004384402488148412
"[0,40)",1,68776,37,2021-04-01,0.0005379783645457718
"[40,60)",0,48292,67,2021-04-01,0.0013873933570777769
"[40,60)",1,46511,77,2021-04-01,0.001655522349551719
"[60,80)",0,32414,245,2021-04-01,0.007558462392793237
"[60,80)",1,38886,251,2021-04-01,0.00645476521112997
"[80,200)",0,5070,32,2021-04-01,0.00631163708086785
"[80,200)",1,9669,35,2021-04-01,0.0036198159065053263
,0,1598,0,2021-04-01,0.0
,1,1361,0,2021-04-01,0.0
"[0,40)",0,72986,9,2021-04-02,0.0001233113199791741
"[0,40)",1,68776,9,2021-04-02,0.00013085960218680936
"[40,60)",0,48292,20,2021-04-02,0.0004141472707694856
"[40,60)",1,46511,18,2021-04-02,0.0003870052245705317
"[60,80)",0,32407,57,2021-04-02,0.0017588792544820564
"[60,80)",1,38882,62,2021-04-02,0.0015945681806491436
"[80,200)",0,5069,9,2021-04-02,0.0017754981258630894
"[80,200)",1,9666,12,2021-04-02,0.0012414649286157666
,0,1598,0,2021-04-02,0.0
,1,1361,0,2021-04-02,0.0
"[0,40)",0,72986,3,2021-04-03,4.110377332639136e-05
"[0,40)",1,68776,6,2021-04-03,8.723973479120623e-05
"[40,60)",0,48290,10,2021-04-03,0.0002070822116380203
"[40,60)",1,46511,15,2021-04-03,0.0003225043538087764
"[60,80)",0,32404,31,2021-04-03,0.0009566720158005184
"[60,80)",1,38882,38,2021-04-03,0.0009773159816881848
"[80,200)",0,5067,1,2021-04-03,0.00019735543714229328
"[80,200)",1,9662,7,2021-04-03,0.000724487683709377
,0,1598,0,2021-04-03,0.0
,1,1361,0,2021-04-03,0.0
"[0,40)",0,72986,4,2021-04-04,5.480503110185515e-05
"[0,40)",1,68776,9,2021-04-04,0.00013085960218680936
"[40,60)",0,48290,5,2021-04-04,0.00010354110581901015
"[40,60)",1,46508,6,2021-04-04,0.00012901006278489722
"[60,80)",0,32402,26,2021-04-04,0.000802419603728165
"[60,80)",1,38877,26,2021-04-04,0.0006687758829127762
"[80,200)",0,5065,2,2021-04-04,0.0003948667324777887
"[80,200)",1,9660,6,2021-04-04,0.0006211180124223603
,0,1598,0,2021-04-04,0.0
,1,1361,0,2021-04-04,0.0
"[0,40)",0,72986,4,2021-04-05,5.480503110185515e-05
"[0,40)",1,68776,8,2021-04-05,0.00011631964638827499
"[40,60)",0,48290,3,2021-04-05,6.21246634914061e-05
"[40,60)",1,46508,6,2021-04-05,0.00012901006278489722
"[60,80)",0,32399,14,2021-04-05,0.0004321121022253773
"[60,80)",1,38872,28,2021-04-05,0.0007203128215682239
"[80,200)",0,5063,3,2021-04-05,0.0005925340707090658
"[80,200)",1,9655,7,2021-04-05,0.0007250129466597618
,0,1598,0,2021-04-05,0.0
,1,1361,0,2021-04-05,0.0
"[0,40)",0,72986,9,2021-04-06,0.0001233113199791741
"[0,40)",1,68776,14,2021-04-06,0.0002035593811794812
"[40,60)",0,48289,31,2021-04-06,0.0006419681500962952
"[40,60)",1,46506,51,2021-04-06,0.0010966326925557993
"[60,80)",0,32396,155,2021-04-06,0.004784541301395234
"[60,80)",1,38869,181,2021-04-06,0.004656667266973681
"[80,200)",0,5061,32,2021-04-06,0.006322861094645327
"[80,200)",1,9653,26,2021-04-06,0.002693463172070859
,0,1598,0,2021-04-06,0.0
,1,1361,0,2021-04-06,0.0
"[0,40)",0,72986,17,2021-04-07,0.00023292138218288438
"[0,40)",1,68776,25,2021-04-07,0.0003634988949633593
"[40,60)",0,48289,49,2021-04-07,0.0010147238501522085
"[40,60)",1,46506,82,2021-04-07,0.0017632133488152066
"[60,80)",0,32391,219,2021-04-07,0.006761137352968417
"[60,80)",1,38867,262,2021-04-07,0.006740937041706332
"[80,200)",0,5061,25,2021-04-07,0.0049397352301916615
"[80,200)",1,9651,58,2021-04-07,0.006009739923324008
,0,1598,0,2021-04-07,0.0
,1,1361,0,2021-04-07,0.0
"[0,40)",0,72985,27,2021-04-08,0.00036993902856751387
"[0,40)",1,68776,45,2021-04-08,0.0006542980109340467
"[40,60)",0,48287,81,2021-04-08,0.0016774701265350922
"[40,60)",1,46506,91,2021-04-08,0.001956736765148583
"[60,80)",0,32388,372,2021-04-08,0.01148573545757688
"[60,80)",1,38867,429,2021-04-08,0.01103764118661075
"[80,200)",0,5060,33,2021-04-08,0.006521739130434782
"[80,200)",1,9649,73,2021-04-08,0.007565550834283345
,0,1598,0,2021-04-08,0.0
,1,1361,0,2021-04-08,0.0
"[0,40)",0,72985,45,2021-04-09,0.0006165650476125231
"[0,40)",1,68776,52,2021-04-09,0.0007560777015237874
"[40,60)",0,48287,102,2021-04-09,0.002112369788970116
"[40,60)",1,46506,122,2021-04-09,0.0026233174214079905
"[60,80)",0,32382,317,2021-04-09,0.009789389166821073
"[60,80)",1,38863,443,2021-04-09,0.011399017059928466
"[80,200)",0,5059,25,2021-04-09,0.00494168808064835
"[80,200)",1,9644,67,2021-04-09,0.006947324761509747
,0,1598,0,2021-04-09,0.0
,1,1361,0,2021-04-09,0.0
"[0,40)",0,72984,20,2021-04-10,0.00027403266469363147
"[0,40)",1,68776,24,2021-04-10,0.0003489589391648249
"[40,60)",0,48287,42,2021-04-10,0.0008697993248700478
"[40,60)",1,46506,70,2021-04-10,0.0015051821270373716
"[60,80)",0,32379,131,2021-04-10,0.004045832175175268
"[60,80)",1,38860,164,2021-04-10,0.004220277920741122
"[80,200)",0,5059,9,2021-04-10,0.0017790077090334058
"[80,200)",1,9641,21,2021-04-10,0.002178197282439581
,0,1598,0,2021-04-10,0.0
,1,1361,0,2021-04-10,0.0
"[0,40)",0,72984,8,2021-04-11,0.00010961306587745259
"[0,40)",1,68776,8,2021-04-11,0.00011631964638827499
"[40,60)",0,48286,18,2021-04-11,0.00037277885929669054
"[40,60)",1,46506,33,2021-04-11,0.0007095858598890466
"[60,80)",0,32374,82,2021-04-11,0.00253289676901217
"[60,80)",1,38857,111,2021-04-11,0.002856628149368196
"[80,200)",0,5059,8,2021-04-11,0.001581340185807472
"[80,200)",1,9639,14,2021-04-11,0.0014524328249818446
,0,1598,0,2021-04-11,0.0
,1,1361,0,2021-04-11,0.0
"[0,40)",0,72984,29,2021-04-12,0.00039734736380576567
"[0,40)",1,68776,41,2021-04-12,0.0005961381877399093
"[40,60)",0,48284,71,2021-04-12,0.001470466407091376
"[40,60)",1,46506,89,2021-04-12,0.0019137315615189439
"[60,80)",0,32368,363,2021-04-12,0.011214780029658922
"[60,80)",1,38857,487,2021-04-12,0.012533134312993797
"[80,200)",0,5058,31,2021-04-12,0.006128904705417161
"[80,200)",1,9638,48,2021-04-12,0.0049802863664660715
,0,1598,0,2021-04-12,0.0
,1,1361,0,2021-04-12,0.0
"[0,40)",0,72984,34,2021-04-13,0.0004658555299791735
"[0,40)",1,68776,46,2021-04-13,0.0006688379667325812
"[40,60)",0,48283,78,2021-04-13,0.0016154754261334216
"[40,60)",1,46506,113,2021-04-13,0.0024297940050746142
"[60,80)",0,32366,352,2021-04-13,0.010875610208243219
"[60,80)",1,38855,458,2021-04-13,0.011787414747136791
"[80,200)",0,5056,24,2021-04-13,0.004746835443037975
"[80,200)",1,9637,43,2021-04-13,0.004461969492580679
,0,1598,0,2021-04-13,0.0
,1,1361,0,2021-04-13,0.0
"[0,40)",0,72984,29,2021-04-14,0.00039734736380576567
"[0,40)",1,68776,37,2021-04-14,0.0005379783645457718
"[40,60)",0,48281,86,2021-04-14,0.001781238996706779
"[40,60)",1,46506,119,2021-04-14,0.0025588096159635315
"[60,80)",0,32362,391,2021-04-14,0.01208207156541623
"[60,80)",1,38850,475,2021-04-14,0.012226512226512226
"[80,200)",0,5054,23,2021-04-14,0.004550850811238623
"[80,200)",1,9635,44,2021-04-14,0.004566683964711988
,0,1598,0,2021-04-14,0.0
,1,1361,0,2021-04-14,0.0
"[0,40)",0,72984,47,2021-04-15,0.000643976762030034
"[0,40)",1,68776,51,2021-04-15,0.000741537745725253
"[40,60)",0,48281,125,2021-04-15,0.002589010169631946
"[40,60)",1,46506,150,2021-04-15,0.003225390272222939
"[60,80)",0,32356,469,2021-04-15,0.014494993200642849
"[60,80)",1,38847,544,2021-04-15,0.014003655365922723
"[80,200)",0,5052,28,2021-04-15,0.0055423594615993665
"[80,200)",1,9632,45,2021-04-15,0.004671926910299004
,0,1598,0,2021-04-15,0.0
,1,1361,0,2021-04-15,0.0
"[0,40)",0,72984,31,2021-04-16,0.0004247506302751288
"[0,40)",1,68776,70,2021-04-16,0.001017796905897406
"[40,60)",0,48281,132,2021-04-16,0.002733994739131335
"[40,60)",1,46506,209,2021-04-16,0.004494043779297295
"[60,80)",0,32353,348,2021-04-16,0.0107563440793744
"[60,80)",1,38846,460,2021-04-16,0.011841631055964578
"[80,200)",0,5050,16,2021-04-16,0.0031683168316831685
"[80,200)",1,9629,39,2021-04-16,0.004050264825007789
,0,1598,0,2021-04-16,0.0
,1,1361,0,2021-04-16,0.0
"[0,40)",0,72984,23,2021-04-17,0.0003151375643976762
"[0,40)",1,68776,24,2021-04-17,0.0003489589391648249
"[40,60)",0,48281,51,2021-04-17,0.001056316149209834
"[40,60)",1,46504,81,2021-04-17,0.001741785652847067
"[60,80)",0,32352,107,2021-04-17,0.0033073689416419387
"[60,80)",1,38843,182,2021-04-17,0.004685528924130474
"[80,200)",0,5048,3,2021-04-17,0.0005942947702060222
"[80,200)",1,9628,12,2021-04-17,0.0012463647694225177
,0,1598,0,2021-04-17,0.0
,1,1361,0,2021-04-17,0.0
"[0,40)",0,72984,20,2021-04-18,0.00027403266469363147
"[0,40)",1,68776,32,2021-04-18,0.00046527858555309994
"[40,60)",0,48280,44,2021-04-18,0.0009113504556752278
"[40,60)",1,46504,56,2021-04-18,0.0012041974883880955
"[60,80)",0,32351,100,2021-04-18,0.003091094556582486
"[60,80)",1,38843,138,2021-04-18,0.0035527636897253042
"[80,200)",0,5047,4,2021-04-18,0.0007925500297206261
"[80,200)",1,9626,3,2021-04-18,0.00031165593185123624
,0,1598,0,2021-04-18,0.0
,1,1361,0,2021-04-18,0.0
"[0,40)",0,72984,43,2021-04-19,0.0005891702290913076
"[0,40)",1,68776,50,2021-04-19,0.0007269977899267186
"[40,60)",0,48279,132,2021-04-19,0.002734107997265892
"[40,60)",1,46504,143,2021-04-19,0.003075004300705316
"[60,80)",0,32345,423,2021-04-19,0.01307775544906477
"[60,80)",1,38843,487,2021-04-19,0.012537651571711763
"[80,200)",0,5047,13,2021-04-19,0.002575787596592035
"[80,200)",1,9624,19,2021-04-19,0.001974231088944306
,0,1598,0,2021-04-19,0.0
,1,1361,0,2021-04-19,0.0
"[0,40)",0,72984,41,2021-04-20,0.0005617669626219445
"[0,40)",1,68776,55,2021-04-20,0.0007996975689193905
"[40,60)",0,48279,126,2021-04-20,0.0026098303610265334
"[40,60)",1,46504,150,2021-04-20,0.0032255289867538276
"[60,80)",0,32341,380,2021-04-20,0.011749791286602146
"[60,80)",1,38843,469,2021-04-20,0.012074247612182376
"[80,200)",0,5045,2,2021-04-20,0.00039643211100099106
"[80,200)",1,9622,28,2021-04-20,0.002909997921430056
,0,1598,0,2021-04-20,0.0
,1,1361,0,2021-04-20,0.0
"[0,40)",0,72983,36,2021-04-21,0.0004932655549922584
"[0,40)",1,68776,56,2021-04-21,0.0008142375247179248
"[40,60)",0,48277,132,2021-04-21,0.0027342212647844728
"[40,60)",1,46504,100,2021-04-21,0.002150352657835885
"[60,80)",0,32341,470,2021-04-21,0.014532636591323707
"[60,80)",1,38841,575,2021-04-21,0.014803944285677505
"[80,200)",0,5044,14,2021-04-21,0.0027755749405233942
"[80,200)",1,9621,24,2021-04-21,0.002494543186778921
,0,1598,0,2021-04-21,0.0
,1,1361,0,2021-04-21,0.0
"[0,40)",0,72983,62,2021-04-22,0.0008495129002644451
"[0,40)",1,68776,62,2021-04-22,0.0009014772595091311
"[40,60)",0,48275,125,2021-04-22,0.002589331952356292
"[40,60)",1,46503,130,2021-04-22,0.002795518568694493
"[60,80)",0,32336,530,2021-04-22,0.016390400791687285
"[60,80)",1,38839,694,2021-04-22,0.017868637194572465
"[80,200)",0,5042,21,2021-04-22,0.004165013883379611
"[80,200)",1,9618,38,2021-04-22,0.003950925348305261
,0,1598,0,2021-04-22,0.0
,1,1361,0,2021-04-22,0.0
"[0,40)",0,72983,58,2021-04-23,0.0007947056163764164
"[0,40)",1,68776,105,2021-04-23,0.001526695358846109
"[40,60)",0,48275,156,2021-04-23,0.0032314862765406524
"[40,60)",1,46503,178,2021-04-23,0.0038277100402124595
"[60,80)",0,32333,412,2021-04-23,0.012742399406179446
"[60,80)",1,38839,559,2021-04-23,0.014392749555858802
"[80,200)",0,5040,13,2021-04-23,0.0025793650793650793
"[80,200)",1,9615,23,2021-04-23,0.002392095683827353
,0,1598,0,2021-04-23,0.0
,1,1361,0,2021-04-23,0.0
"[0,40)",0,72983,20,2021-04-24,0.0002740364194401436
"[0,40)",1,68776,16,2021-04-24,0.00023263929277654997
"[40,60)",0,48275,70,2021-04-24,0.0014500258933195236
"[40,60)",1,46502,42,2021-04-24,0.0009031869597006581
"[60,80)",0,32332,167,2021-04-24,0.005165161449956699
"[60,80)",1,38838,216,2021-04-24,0.005561563417271744
"[80,200)",0,5040,2,2021-04-24,0.0003968253968253968
"[80,200)",1,9615,8,2021-04-24,0.0008320332813312533
,0,1598,0,2021-04-24,0.0
,1,1361,0,2021-04-24,0.0
"[0,40)",0,72983,11,2021-04-25,0.00015072003069207897
"[0,40)",1,68776,28,2021-04-25,0.0004071187623589624
"[40,60)",0,48275,42,2021-04-25,0.0008700155359917141
"[40,60)",1,46502,36,2021-04-25,0.0007741602511719926
"[60,80)",0,32330,142,2021-04-25,0.004392205381998144
"[60,80)",1,38835,209,2021-04-25,0.005381743272820909
"[80,200)",0,5040,4,2021-04-25,0.0007936507936507937
"[80,200)",1,9611,5,2021-04-25,0.0005202372281760483
,0,1598,0,2021-04-25,0.0
,1,1361,0,2021-04-25,0.0
"[0,40)",0,72983,36,2021-04-26,0.0004932655549922584
"[0,40)",1,68776,45,2021-04-26,0.0006542980109340467
"[40,60)",0,48275,106,2021-04-26,0.002195753495598136
"[40,60)",1,46502,105,2021-04-26,0.0022579673992516452
"[60,80)",0,32326,574,2021-04-26,0.017756604590731917
"[60,80)",1,38835,674,2021-04-26,0.01735547830565212
"[80,200)",0,5040,5,2021-04-26,0.000992063492063492
"[80,200)",1,9609,19,2021-04-26,0.001977312935789364
,0,1598,0,2021-04-26,0.0
,1,1361,0,2021-04-26,0.0
"[0,40)",0,72983,25,2021-04-27,0.0003425455243001795
"[0,40)",1,68776,35,2021-04-27,0.000508898452948703
"[40,60)",0,48273,92,2021-04-27,0.0019058272740455327
"[40,60)",1,46501,63,2021-04-27,0.0013548095739876562
"[60,80)",0,32322,545,2021-04-27,0.016861580347750756
"[60,80)",1,38832,695,2021-04-27,0.017897610218376596
"[80,200)",0,5037,6,2021-04-27,0.0011911852293031567
"[80,200)",1,9605,20,2021-04-27,0.002082248828735034
,0,1598,0,2021-04-27,0.0
,1,1361,0,2021-04-27,0.0
"[0,40)",0,72983,40,2021-04-28,0.0005480728388802872
"[0,40)",1,68776,53,2021-04-28,0.0007706176573223217
"[40,60)",0,48272,130,2021-04-28,0.002693072588664236
"[40,60)",1,46500,112,2021-04-28,0.0024086021505376346
"[60,80)",0,32317,683,2021-04-28,0.021134387474084845
"[60,80)",1,38830,761,2021-04-28,0.01959824877671903
"[80,200)",0,5036,12,2021-04-28,0.0023828435266084196
"[80,200)",1,9603,26,2021-04-28,0.002707487243569718
,0,1598,0,2021-04-28,0.0
,1,1361,0,2021-04-28,0.0
"[0,40)",0,72983,45,2021-04-29,0.0006165819437403231
"[0,40)",1,68776,37,2021-04-29,0.0005379783645457718
"[40,60)",0,48271,180,2021-04-29,0.003728946986803671
"[40,60)",1,46500,146,2021-04-29,0.0031397849462365592
"[60,80)",0,32311,708,2021-04-29,0.021912042338522484
"[60,80)",1,38828,827,2021-04-29,0.021299062532193262
"[80,200)",0,5035,9,2021-04-29,0.0017874875868917578
"[80,200)",1,9601,22,2021-04-29,0.002291427976252474
,0,1598,0,2021-04-29,0.0
,1,1361,0,2021-04-29,0.0
"[0,40)",0,72983,62,2021-04-30,0.0008495129002644451
"[0,40)",1,68776,72,2021-04-30,0.0010468768174944749
"[40,60)",0,48271,188,2021-04-30,0.003894677963994945
"[40,60)",1,46500,235,2021-04-30,0.005053763440860215
"[60,80)",0,32308,640,2021-04-30,0.019809335149189054
"[60,80)",1,38823,697,2021-04-30,0.01795327512041831
"[80,200)",0,5034,12,2021-04-30,0.0023837902264600714
"[80,200)",1,9601,14,2021-04-30,0.0014581814394333923
,0,1598,0,2021-04-30,0.0
,1,1361,0,2021-04-30,0.0
"[0,40)",0,72983,15,2021-05-01,0.0002055273145801077
"[0,40)",1,68776,26,2021-05-01,0.0003780388507618937
"[40,60)",0,48270,88,2021-05-01,0.001823078516677025
"[40,60)",1,46499,76,2021-05-01,0.0016344437514785265
"[60,80)",0,32305,180,2021-05-01,0.005571892895836558
"[60,80)",1,38822,206,2021-05-01,0.005306269640925248
"[80,200)",0,5029,1,2021-05-01,0.00019884668920262477
"[80,200)",1,9597,5,2021-05-01,0.0005209961446285298
,0,1598,0,2021-05-01,0.0
,1,1361,0,2021-05-01,0.0
"[0,40)",0,72983,21,2021-05-02,0.0002877382404121508
"[0,40)",1,68776,14,2021-05-02,0.0002035593811794812
"[40,60)",0,48267,84,2021-05-02,0.0017403194729318167
"[40,60)",1,46499,60,2021-05-02,0.0012903503301146262
"[60,80)",0,32303,188,2021-05-02,0.005819892889205337
"[60,80)",1,38820,221,2021-05-02,0.005692941782586296
"[80,200)",0,5027,2,2021-05-02,0.00039785160135269546
"[80,200)",1,9593,3,2021-05-02,0.0003127280308558324
,0,1598,0,2021-05-02,0.0
,1,1361,0,2021-05-02,0.0
"[0,40)",0,72983,57,2021-05-03,0.0007810037954044093
"[0,40)",1,68776,44,2021-05-03,0.0006397580551355124
"[40,60)",0,48266,350,2021-05-03,0.0072514813740521275
"[40,60)",1,46498,271,2021-05-03,0.0058282076648458
"[60,80)",0,32299,629,2021-05-03,0.019474287129632496
"[60,80)",1,38818,649,2021-05-03,0.016719047864392808
"[80,200)",0,5026,14,2021-05-03,0.002785515320334262
"[80,200)",1,9592,17,2021-05-03,0.0017723102585487907
,0,1598,0,2021-05-03,0.0
,1,1361,0,2021-05-03,0.0
"[0,40)",0,72983,52,2021-05-04,0.0007124946905443734
"[0,40)",1,68776,49,2021-05-04,0.0007124578341281843
"[40,60)",0,48266,377,2021-05-04,0.00781088136576472
"[40,60)",1,46498,335,2021-05-04,0.007204610951008645
"[60,80)",0,32297,510,2021-05-04,0.015790940335015637
"[60,80)",1,38818,590,2021-05-04,0.015199134422175279
"[80,200)",0,5026,11,2021-05-04,0.0021886191802626344
"[80,200)",1,9588,33,2021-05-04,0.00344180225281602
,0,1598,0,2021-05-04,0.0
,1,1361,0,2021-05-04,0.0
"[0,40)",0,72983,67,2021-05-05,0.000918022005124481
"[0,40)",1,68776,62,2021-05-05,0.0009014772595091311
"[40,60)",0,48266,429,2021-05-05,0.008888244312766752
"[40,60)",1,46498,337,2021-05-05,0.007247623553701234
"[60,80)",0,32292,625,2021-05-05,0.01935463891985631
"[60,80)",1,38817,617,2021-05-05,0.015895097508823453
"[80,200)",0,5023,22,2021-05-05,0.00437985267768266
"[80,200)",1,9583,35,2021-05-05,0.003652300949598247
,0,1598,0,2021-05-05,0.0
,1,1361,0,2021-05-05,0.0
"[0,40)",0,72983,76,2021-05-06,0.0010413383938725456
"[0,40)",1,68776,51,2021-05-06,0.000741537745725253
"[40,60)",0,48263,564,2021-05-06,0.011685970619315002
"[40,60)",1,46498,490,2021-05-06,0.010538087659684288
"[60,80)",0,32290,549,2021-05-06,0.017002167853824714
"[60,80)",1,38816,623,2021-05-06,0.01605008244023083
"[80,200)",0,5023,13,2021-05-06,0.002588094764085208
"[80,200)",1,9577,40,2021-05-06,0.004176673279732693
,0,1598,0,2021-05-06,0.0
,1,1361,0,2021-05-06,0.0
"[0,40)",0,72983,94,2021-05-07,0.0012879711713686748
"[0,40)",1,68776,77,2021-05-07,0.0011195765964871467
"[40,60)",0,48263,619,2021-05-07,0.012825559952758843
"[40,60)",1,46498,568,2021-05-07,0.012215579164695256
"[60,80)",0,32290,447,2021-05-07,0.013843295137813565
"[60,80)",1,38814,540,2021-05-07,0.013912505796877415
"[80,200)",0,5022,8,2021-05-07,0.0015929908403026682
"[80,200)",1,9574,25,2021-05-07,0.002611238771673282
,0,1598,0,2021-05-07,0.0
,1,1361,0,2021-05-07,0.0
"[0,40)",0,72983,35,2021-05-08,0.0004795637340202513
"[0,40)",1,68776,32,2021-05-08,0.00046527858555309994
"[40,60)",0,48262,285,2021-05-08,0.005905267083834072
"[40,60)",1,46497,231,2021-05-08,0.0049680624556423
"[60,80)",0,32288,159,2021-05-08,0.004924430128840436
"[60,80)",1,38812,148,2021-05-08,0.003813253632897042
"[80,200)",0,5021,4,2021-05-08,0.0007966540529774945
"[80,200)",1,9573,7,2021-05-08,0.0007312232320066855
,0,1598,0,2021-05-08,0.0
,1,1361,0,2021-05-08,0.0
"[0,40)",0,72983,25,2021-05-09,0.0003425455243001795
"[0,40)",1,68776,19,2021-05-09,0.0002762591601721531
"[40,60)",0,48262,240,2021-05-09,0.0049728564916497455
"[40,60)",1,46497,195,2021-05-09,0.004193818956061681
"[60,80)",0,32284,120,2021-05-09,0.0037170115227357207
"[60,80)",1,38810,132,2021-05-09,0.0034011852615305335
"[80,200)",0,5019,7,2021-05-09,0.001394700139470014
"[80,200)",1,9568,6,2021-05-09,0.0006270903010033445
,0,1598,0,2021-05-09,0.0
,1,1361,0,2021-05-09,0.0
"[0,40)",0,72983,63,2021-05-10,0.0008632147212364523
"[0,40)",1,68776,52,2021-05-10,0.0007560777015237874
"[40,60)",0,48261,748,2021-05-10,0.01549905720975529
"[40,60)",1,46497,537,2021-05-10,0.011549132202077553
"[60,80)",0,32283,375,2021-05-10,0.011616020815909301
"[60,80)",1,38809,376,2021-05-10,0.009688474322966323
"[80,200)",0,5018,10,2021-05-10,0.0019928258270227183
"[80,200)",1,9567,29,2021-05-10,0.0030312532664367093
,0,1598,0,2021-05-10,0.0
,1,1361,0,2021-05-10,0.0
"[0,40)",0,72983,83,2021-05-11,0.001137251140676596
"[0,40)",1,68776,64,2021-05-11,0.0009305571711061999
"[40,60)",0,48259,779,2021-05-11,0.016142066764748546
"[40,60)",1,46497,585,2021-05-11,0.012581456868185044
"[60,80)",0,32281,406,2021-05-11,0.012577057711966792
"[60,80)",1,38809,448,2021-05-11,0.011543714086938597
"[80,200)",0,5016,20,2021-05-11,0.003987240829346092
"[80,200)",1,9567,23,2021-05-11,0.002404097418208425
,0,1598,0,2021-05-11,0.0
,1,1361,0,2021-05-11,0.0
"[0,40)",0,72983,78,2021-05-12,0.00106874203581656
"[0,40)",1,68776,50,2021-05-12,0.0007269977899267186
"[40,60)",0,48259,833,2021-05-12,0.017261029030854348
"[40,60)",1,46497,677,2021-05-12,0.014560079144891068
"[60,80)",0,32279,379,2021-05-12,0.011741379844480931
"[60,80)",1,38808,358,2021-05-12,0.009224902082044939
"[80,200)",0,5015,11,2021-05-12,0.002193419740777667
"[80,200)",1,9564,27,2021-05-12,0.0028230865746549563
,0,1598,0,2021-05-12,0.0
,1,1361,0,2021-05-12,0.0
"[0,40)",0,72983,70,2021-05-13,0.0009591274680405026
"[0,40)",1,68776,57,2021-05-13,0.0008287774805164592
"[40,60)",0,48257,905,2021-05-13,0.018753755931781916
"[40,60)",1,46496,734,2021-05-13,0.015786304198210598
"[60,80)",0,32276,315,2021-05-13,0.009759573677035569
"[60,80)",1,38807,364,2021-05-13,0.009379751075836834
"[80,200)",0,5015,9,2021-05-13,0.001794616151545364
"[80,200)",1,9563,19,2021-05-13,0.0019868242183415244
,0,1598,0,2021-05-13,0.0
,1,1361,0,2021-05-13,0.0
"[0,40)",0,72983,67,2021-05-14,0.000918022005124481
"[0,40)",1,68776,50,2021-05-14,0.0007269977899267186
"[40,60)",0,48257,945,2021-05-14,0.019582651221584434
"[40,60)",1,46496,798,2021-05-14,0.017162766689607707
"[60,80)",0,32275,259,2021-05-14,0.008024786986831914
"[60,80)",1,38805,263,2021-05-14,0.006777477129235923
"[80,200)",0,5014,7,2021-05-14,0.0013960909453530116
"[80,200)",1,9559,15,2021-05-14,0.0015692017993513966
,0,1598,0,2021-05-14,0.0
,1,1361,0,2021-05-14,0.0
"[0,40)",0,72983,18,2021-05-15,0.0002466327774961292
"[0,40)",1,68776,33,2021-05-15,0.0004798185413516343
"[40,60)",0,48255,372,2021-05-15,0.007709045694746658
"[40,60)",1,46495,336,2021-05-15,0.007226583503602538
"[60,80)",0,32272,100,2021-05-15,0.003098661378284581
"[60,80)",1,38805,109,2021-05-15,0.0028089163767555728
"[80,200)",0,5014,4,2021-05-15,0.0007977662544874351
"[80,200)",1,9558,7,2021-05-15,0.000732370788867964
,0,1598,0,2021-05-15,0.0
,1,1361,0,2021-05-15,0.0
"[0,40)",0,72983,21,2021-05-16,0.0002877382404121508
"[0,40)",1,68776,15,2021-05-16,0.0002180993369780156
"[40,60)",0,48255,312,2021-05-16,0.006465651227852036
"[40,60)",1,46495,243,2021-05-16,0.005226368426712549
"[60,80)",0,32271,66,2021-05-16,0.0020451798828669703
"[60,80)",1,38803,78,2021-05-16,0.002010153854083447
"[80,200)",0,5013,0,2021-05-16,0.0
"[80,200)",1,9555,6,2021-05-16,0.0006279434850863422
,0,1598,0,2021-05-16,0.0
,1,1361,0,2021-05-16,0.0
"[0,40)",0,72983,40,2021-05-17,0.0005480728388802872
"[0,40)",1,68776,44,2021-05-17,0.0006397580551355124
"[40,60)",0,48255,910,2021-05-17,0.01885814941456844
"[40,60)",1,46494,743,2021-05-17,0.015980556630963136
"[60,80)",0,32270,204,2021-05-17,0.006321660985435389
"[60,80)",1,38802,191,2021-05-17,0.004922426679037163
"[80,200)",0,5009,4,2021-05-17,0.000798562587342783
"[80,200)",1,9554,9,2021-05-17,0.0009420138162026376
,0,1598,0,2021-05-17,0.0
,1,1361,0,2021-05-17,0.0
"[0,40)",0,72983,67,2021-05-18,0.000918022005124481
"[0,40)",1,68775,47,2021-05-18,0.000683387858960378
"[40,60)",0,48255,832,2021-05-18,0.01724173660760543
"[40,60)",1,46494,754,2021-05-18,0.016217146298447113
"[60,80)",0,32270,203,2021-05-18,0.006290672451193058
"[60,80)",1,38799,235,2021-05-18,0.006056857135493183
"[80,200)",0,5008,8,2021-05-18,0.001597444089456869
"[80,200)",1,9551,12,2021-05-18,0.001256412941053293
,0,1598,0,2021-05-18,0.0
,1,1361,0,2021-05-18,0.0
"[0,40)",0,72982,66,2021-05-19,0.0009043325751555178
"[0,40)",1,68775,44,2021-05-19,0.0006397673573246092
"[40,60)",0,48255,972,2021-05-19,0.02014299036369288
"[40,60)",1,46494,789,2021-05-19,0.016969931604077945
"[60,80)",0,32269,233,2021-05-19,0.007220552232793083
"[60,80)",1,38795,234,2021-05-19,0.006031705116638742
"[80,200)",0,5008,9,2021-05-19,0.0017971246006389776
"[80,200)",1,9551,20,2021-05-19,0.0020940215684221546
,0,1598,0,2021-05-19,0.0
,1,1361,0,2021-05-19,0.0
"[0,40)",0,72982,71,2021-05-20,0.0009728426187279055
"[0,40)",1,68775,46,2021-05-20,0.0006688476917484551
"[40,60)",0,48255,981,2021-05-20,0.020329499533727074
"[40,60)",1,46494,814,2021-05-20,0.017507635393814256
"[60,80)",0,32267,186,2021-05-20,0.005764403260296898
"[60,80)",1,38795,196,2021-05-20,0.005052197448124758
"[80,200)",0,5007,11,2021-05-20,0.00219692430597164
"[80,200)",1,9550,23,2021-05-20,0.0024083769633507853
,0,1598,0,2021-05-20,0.0
,1,1361,0,2021-05-20,0.0
"[0,40)",0,72981,87,2021-05-21,0.00119209109220208
"[0,40)",1,68775,49,2021-05-21,0.000712468193384224
"[40,60)",0,48255,765,2021-05-21,0.015853279452906436
"[40,60)",1,46494,759,2021-05-21,0.016324687056394373
"[60,80)",0,32264,163,2021-05-21,0.005052070419042896
"[60,80)",1,38794,162,2021-05-21,0.004175903490230448
"[80,200)",0,5005,8,2021-05-21,0.0015984015984015984
"[80,200)",1,9545,13,2021-05-21,0.001361969617600838
,0,1598,0,2021-05-21,0.0
,1,1361,0,2021-05-21,0.0
"[0,40)",0,72980,29,2021-05-22,0.00039736914223074813
"[0,40)",1,68775,17,2021-05-22,0.0002471828426026899
"[40,60)",0,48253,365,2021-05-22,0.007564296520423601
"[40,60)",1,46494,339,2021-05-22,0.007291263388824364
"[60,80)",0,32262,81,2021-05-22,0.002510693695369165
"[60,80)",1,38794,87,2021-05-22,0.002242614837345981
"[80,200)",0,5004,3,2021-05-22,0.0005995203836930455
"[80,200)",1,9544,10,2021-05-22,0.0010477787091366304
,0,1598,0,2021-05-22,0.0
,1,1361,0,2021-05-22,0.0
"[0,40)",0,72980,21,2021-05-23,0.0002877500685119211
"[0,40)",1,68775,18,2021-05-23,0.0002617230098146129
"[40,60)",0,48253,316,2021-05-23,0.006548815617681802
"[40,60)",1,46494,259,2021-05-23,0.005570611261668172
"[60,80)",0,32259,51,2021-05-23,0.0015809541523295824
"[60,80)",1,38792,50,2021-05-23,0.0012889255516601362
"[80,200)",0,5003,2,2021-05-23,0.0003997601439136518
"[80,200)",1,9544,3,2021-05-23,0.0003143336127409891
,0,1598,0,2021-05-23,0.0
,1,1361,0,2021-05-23,0.0
"[0,40)",0,72980,54,2021-05-24,0.0007399287476020827
"[0,40)",1,68775,50,2021-05-24,0.0007270083605961468
"[40,60)",0,48253,622,2021-05-24,0.012890390234804053
"[40,60)",1,46494,442,2021-05-24,0.009506603002537962
"[60,80)",0,32256,107,2021-05-24,0.0033172123015873015
"[60,80)",1,38792,110,2021-05-24,0.0028356362136522993
"[80,200)",0,5001,4,2021-05-24,0.0007998400319936012
"[80,200)",1,9542,14,2021-05-24,0.001467197652483756
,0,1598,0,2021-05-24,0.0
,1,1361,0,2021-05-24,0.0
"[0,40)",0,72980,124,2021-05-25,0.0016990956426418196
"[0,40)",1,68775,107,2021-05-25,0.0015557978916757543
"[40,60)",0,48253,637,2021-05-25,0.01320125173564338
"[40,60)",1,46494,460,2021-05-25,0.009893749731148106
"[60,80)",0,32252,104,2021-05-25,0.0032246062259704824
"[60,80)",1,38790,124,2021-05-25,0.003196700180458881
"[80,200)",0,4999,5,2021-05-25,0.0010002000400080016
"[80,200)",1,9538,12,2021-05-25,0.0012581253931641854
,0,1598,0,2021-05-25,0.0
,1,1361,0,2021-05-25,0.0
"[0,40)",0,72980,183,2021-05-26,0.0025075363113181695
"[0,40)",1,68775,141,2021-05-26,0.0020501635768811343
"[40,60)",0,48253,755,2021-05-26,0.015646695542246077
"[40,60)",1,46492,612,2021-05-26,0.013163555020218532
"[60,80)",0,32249,146,2021-05-26,0.0045272721634779375
"[60,80)",1,38789,180,2021-05-26,0.004640490860811055
"[80,200)",0,4998,9,2021-05-26,0.001800720288115246
"[80,200)",1,9535,16,2021-05-26,0.0016780283167278447
,0,1598,0,2021-05-26,0.0
,1,1361,0,2021-05-26,0.0
"[0,40)",0,72980,197,2021-05-27,0.0026993696903261167
"[0,40)",1,68775,157,2021-05-27,0.002282806252271901
"[40,60)",0,48253,609,2021-05-27,0.012620976934076638
"[40,60)",1,46491,509,2021-05-27,0.010948355595706696
"[60,80)",0,32245,140,2021-05-27,0.004341758412156923
"[60,80)",1,38788,138,2021-05-27,0.0035578013818706815
"[80,200)",0,4998,4,2021-05-27,0.0008003201280512205
"[80,200)",1,9531,16,2021-05-27,0.0016787325569195257
,0,1598,0,2021-05-27,0.0
,1,1361,0,2021-05-27,0.0
"[0,40)",0,72980,206,2021-05-28,0.0028226911482597972
"[0,40)",1,68775,194,2021-05-28,0.0028207924391130497
"[40,60)",0,48252,618,2021-05-28,0.01280775926386471
"[40,60)",1,46491,547,2021-05-28,0.011765718095975566
"[60,80)",0,32242,95,2021-05-28,0.0029464673407356866
"[60,80)",1,38786,110,2021-05-28,0.0028360748723766306
"[80,200)",0,4995,7,2021-05-28,0.0014014014014014013
"[80,200)",1,9530,12,2021-05-28,0.0012591815320041973
,0,1598,0,2021-05-28,0.0
,1,1361,0,2021-05-28,0.0
"[0,40)",0,72980,94,2021-05-29,0.001288024116196218
"[0,40)",1,68775,93,2021-05-29,0.0013522355507088332
"[40,60)",0,48252,303,2021-05-29,0.00627953245461328
"[40,60)",1,46491,292,2021-05-29,0.006280785528381837
"[60,80)",0,32241,38,2021-05-29,0.0011786234918271766
"[60,80)",1,38785,51,2021-05-29,0.0013149413433028233
"[80,200)",0,4992,1,2021-05-29,0.00020032051282051281
"[80,200)",1,9528,7,2021-05-29,0.0007346767422334173
,0,1598,0,2021-05-29,0.0
,1,1361,0,2021-05-29,0.0
"[0,40)",0,72980,77,2021-05-30,0.0010550835845437106
"[0,40)",1,68775,66,2021-05-30,0.0009596510359869138
"[40,60)",0,48250,285,2021-05-30,0.0059067357512953365
"[40,60)",1,46490,241,2021-05-30,0.005183910518391052
"[60,80)",0,32239,22,2021-05-30,0.0006824033003505071
"[60,80)",1,38784,28,2021-05-30,0.0007219471947194719
"[80,200)",0,4992,2,2021-05-30,0.00040064102564102563
"[80,200)",1,9526,1,2021-05-30,0.00010497585555322275
,0,1598,0,2021-05-30,0.0
,1,1361,0,2021-05-30,0.0
"[0,40)",0,72980,283,2021-05-31,0.0038777747328035076
"[0,40)",1,68775,203,2021-05-31,0.002951653944020356
"[40,60)",0,48248,544,2021-05-31,0.011275078759741337
"[40,60)",1,46490,439,2021-05-31,0.009442890944289094
"[60,80)",0,32239,78,2021-05-31,0.002419429883060889
"[60,80)",1,38782,91,2021-05-31,0.0023464493837347224
"[80,200)",0,4991,3,2021-05-31,0.0006010819475055099
"[80,200)",1,9525,5,2021-05-31,0.0005249343832020997
,0,1598,0,2021-05-31,0.0
,1,1361,0,2021-05-31,0.0
"[0,40)",0,72980,318,2021-06-01,0.0043573581803233764
"[0,40)",1,68775,252,2021-06-01,0.00366412213740458
"[40,60)",0,48248,564,2021-06-01,0.011689603714143591
"[40,60)",1,46490,417,2021-06-01,0.00896967089696709
"[60,80)",0,32235,135,2021-06-01,0.004187994416007445
"[60,80)",1,38782,136,2021-06-01,0.0035067814965705738
"[80,200)",0,4990,4,2021-06-01,0.0008016032064128256
"[80,200)",1,9523,6,2021-06-01,0.000630053554552137
,0,1598,0,2021-06-01,0.0
,1,1361,0,2021-06-01,0.0
"[0,40)",0,72980,408,2021-06-02,0.0055905727596601805
"[0,40)",1,68775,325,2021-06-02,0.004725554343874954
"[40,60)",0,48247,546,2021-06-02,0.011316765809273115
"[40,60)",1,46490,414,2021-06-02,0.008905140890514088
"[60,80)",0,32231,113,2021-06-02,0.003505941484905836
"[60,80)",1,38782,128,2021-06-02,0.0033005002320664226
"[80,200)",0,4990,6,2021-06-02,0.0012024048096192384
"[80,200)",1,9520,13,2021-06-02,0.0013655462184873949
,0,1598,0,2021-06-02,0.0
,1,1361,0,2021-06-02,0.0
"[0,40)",0,72980,442,2021-06-03,0.006056453822965196
"[0,40)",1,68775,353,2021-06-03,0.005132679025808797
"[40,60)",0,48247,364,2021-06-03,0.007544510539515411
"[40,60)",1,46490,355,2021-06-03,0.007636050763605076
"[60,80)",0,32229,110,2021-06-03,0.0034130751807378446
"[60,80)",1,38781,113,2021-06-03,0.002913797993862974
"[80,200)",0,4988,7,2021-06-03,0.0014033680834001604
"[80,200)",1,9517,14,2021-06-03,0.0014710518020384575
,0,1598,0,2021-06-03,0.0
,1,1361,0,2021-06-03,0.0
"[0,40)",0,72980,440,2021-06-04,0.006029049054535489
"[0,40)",1,68775,378,2021-06-04,0.00549618320610687
"[40,60)",0,48246,496,2021-06-04,0.010280645027567053
"[40,60)",1,46490,453,2021-06-04,0.009744030974403097
"[60,80)",0,32226,98,2021-06-04,0.00304102277663998
"[60,80)",1,38777,88,2021-06-04,0.002269386491992676
"[80,200)",0,4988,7,2021-06-04,0.0014033680834001604
"[80,200)",1,9515,10,2021-06-04,0.0010509721492380452
,0,1598,0,2021-06-04,0.0
,1,1361,0,2021-06-04,0.0
"[0,40)",0,72980,307,2021-06-05,0.004206631953959989
"[0,40)",1,68775,261,2021-06-05,0.0037949836423118864
"[40,60)",0,48245,197,2021-06-05,0.004083324696859778
"[40,60)",1,46490,202,2021-06-05,0.0043450204345020435
"[60,80)",0,32225,34,2021-06-05,0.0010550814584949573
"[60,80)",1,38776,45,2021-06-05,0.001160511656694863
"[80,200)",0,4987,0,2021-06-05,0.0
"[80,200)",1,9515,3,2021-06-05,0.00031529164477141355
,0,1598,0,2021-06-05,0.0
,1,1361,0,2021-06-05,0.0
"[0,40)",0,72980,263,2021-06-06,0.0036037270485064403
"[0,40)",1,68775,243,2021-06-06,0.0035332606324972736
"[40,60)",0,48245,137,2021-06-06,0.00283967250492279
"[40,60)",1,46489,125,2021-06-06,0.002688808105143152
"[60,80)",0,32224,25,2021-06-06,0.000775819265143992
"[60,80)",1,38772,25,2021-06-06,0.0006447952130403384
"[80,200)",0,4986,1,2021-06-06,0.00020056157240272763
"[80,200)",1,9513,1,2021-06-06,0.00010511931041732366
,0,1598,0,2021-06-06,0.0
,1,1361,0,2021-06-06,0.0
"[0,40)",0,72980,573,2021-06-07,0.00785146615511099
"[0,40)",1,68775,491,2021-06-07,0.007139222101054162
"[40,60)",0,48244,345,2021-06-07,0.007151148329325926
"[40,60)",1,46489,333,2021-06-07,0.0071629847921013574
"[60,80)",0,32222,82,2021-06-07,0.0025448451368630127
"[60,80)",1,38771,100,2021-06-07,0.002579247375615795
"[80,200)",0,4984,6,2021-06-07,0.001203852327447833
"[80,200)",1,9511,6,2021-06-07,0.0006308484912206919
,0,1598,0,2021-06-07,0.0
,1,1361,0,2021-06-07,0.0
"[0,40)",0,72979,592,2021-06-08,0.008111922607873499
"[0,40)",1,68775,474,2021-06-08,0.006892039258451472
"[40,60)",0,48244,342,2021-06-08,0.007088964430810049
"[40,60)",1,46489,298,2021-06-08,0.006410118522661275
"[60,80)",0,32217,101,2021-06-08,0.0031349908433435762
"[60,80)",1,38769,92,2021-06-08,0.002373029998194434
"[80,200)",0,4983,5,2021-06-08,0.0010034115994380895
"[80,200)",1,9508,16,2021-06-08,0.0016827934371055953
,0,1598,0,2021-06-08,0.0
,1,1361,0,2021-06-08,0.0
"[0,40)",0,72978,566,2021-06-09,0.007755762010468908
"[0,40)",1,68775,478,2021-06-09,0.006950199927299164
"[40,60)",0,48243,277,2021-06-09,0.0057417656447567526
"[40,60)",1,46489,250,2021-06-09,0.005377616210286304
"[60,80)",0,32211,101,2021-06-09,0.0031355748036385085
"[60,80)",1,38767,94,2021-06-09,0.0024247426935280008
"[80,200)",0,4982,4,2021-06-09,0.0008028904054596548
"[80,200)",1,9507,8,2021-06-09,0.0008414852214157989
,0,1598,0,2021-06-09,0.0
,1,1361,0,2021-06-09,0.0
"[0,40)",0,72978,487,2021-06-10,0.006673243991339856
"[0,40)",1,68775,433,2021-06-10,0.006295892402762631
"[40,60)",0,48243,226,2021-06-10,0.004684617457454967
"[40,60)",1,46489,223,2021-06-10,0.004796833659575383
"[60,80)",0,32209,82,2021-06-10,0.002545872271725294
"[60,80)",1,38766,103,2021-06-10,0.00265696744569984
"[80,200)",0,4981,5,2021-06-10,0.001003814495081309
"[80,200)",1,9507,8,2021-06-10,0.0008414852214157989
,0,1598,0,2021-06-10,0.0
,1,1361,0,2021-06-10,0.0
"[0,40)",0,72978,500,2021-06-11,0.006851379867905396
"[0,40)",1,68775,447,2021-06-11,0.006499454743729553
"[40,60)",0,48243,266,2021-06-11,0.005513753290632838
"[40,60)",1,46489,216,2021-06-11,0.004646260405687367
"[60,80)",0,32206,53,2021-06-11,0.001645656088927529
"[60,80)",1,38762,67,2021-06-11,0.0017284969815798978
"[80,200)",0,4979,1,2021-06-11,0.0002008435428800964
"[80,200)",1,9503,4,2021-06-11,0.0004209197095654004
,0,1598,0,2021-06-11,0.0
,1,1361,0,2021-06-11,0.0
"[0,40)",0,72978,291,2021-06-12,0.003987503083120941
"[0,40)",1,68775,308,2021-06-12,0.004478371501272264
"[40,60)",0,48242,134,2021-06-12,0.002777662617636085
"[40,60)",1,46489,116,2021-06-12,0.002495213921572845
"[60,80)",0,32205,29,2021-06-12,0.0009004812917248875
"[60,80)",1,38761,44,2021-06-12,0.001135161631536854
"[80,200)",0,4977,2,2021-06-12,0.0004018485031143259
"[80,200)",1,9499,5,2021-06-12,0.0005263711969681019
,0,1598,0,2021-06-12,0.0
,1,1361,0,2021-06-12,0.0
"[0,40)",0,72978,300,2021-06-13,0.004110827920743238
"[0,40)",1,68775,258,2021-06-13,0.0037513631406761176
"[40,60)",0,48240,85,2021-06-13,0.0017620232172470978
"[40,60)",1,46489,81,2021-06-13,0.0017423476521327625
"[60,80)",0,32204,13,2021-06-13,0.0004036765619177742
"[60,80)",1,38757,17,2021-06-13,0.0004386304409526021
"[80,200)",0,4975,0,2021-06-13,0.0
"[80,200)",1,9497,0,2021-06-13,0.0
,0,1598,0,2021-06-13,0.0
,1,1361,0,2021-06-13,0.0
"[0,40)",0,72978,449,2021-06-14,0.006152539121379046
"[0,40)",1,68775,374,2021-06-14,0.005438022537259179
"[40,60)",0,48238,159,2021-06-14,0.003296156557071189
"[40,60)",1,46489,148,2021-06-14,0.003183548796489492
"[60,80)",0,32201,50,2021-06-14,0.0015527468091053073
"[60,80)",1,38757,67,2021-06-14,0.0017287199731661378
"[80,200)",0,4974,2,2021-06-14,0.0004020908725371934
"[80,200)",1,9495,4,2021-06-14,0.00042127435492364404
,0,1598,0,2021-06-14,0.0
,1,1361,0,2021-06-14,0.0
"[0,40)",0,72978,504,2021-06-15,0.006906190906848639
"[0,40)",1,68775,379,2021-06-15,0.005510723373318793
"[40,60)",0,48237,167,2021-06-15,0.0034620726827953646
"[40,60)",1,46488,141,2021-06-15,0.003033040784718637
"[60,80)",0,32200,46,2021-06-15,0.0014285714285714286
"[60,80)",1,38757,67,2021-06-15,0.0017287199731661378
"[80,200)",0,4971,1,2021-06-15,0.0002011667672500503
"[80,200)",1,9494,8,2021-06-15,0.0008426374552348852
,0,1598,0,2021-06-15,0.0
,1,1361,0,2021-06-15,0.0
"[0,40)",0,72978,445,2021-06-16,0.006097728082435802
"[0,40)",1,68775,402,2021-06-16,0.005845147219193021
"[40,60)",0,48236,153,2021-06-16,0.0031719048013931503
"[40,60)",1,46488,120,2021-06-16,0.002581311306143521
"[60,80)",0,32200,62,2021-06-16,0.0019254658385093168
"[60,80)",1,38754,64,2021-06-16,0.0016514424317489807
"[80,200)",0,4971,5,2021-06-16,0.0010058338362502514
"[80,200)",1,9493,7,2021-06-16,0.0007373854419045612
,0,1598,0,2021-06-16,0.0
,1,1361,0,2021-06-16,0.0
"[0,40)",0,72978,396,2021-06-17,0.005426292855381073
"[0,40)",1,68775,393,2021-06-17,0.005714285714285714
"[40,60)",0,48236,111,2021-06-17,0.0023011858363048347
"[40,60)",1,46488,145,2021-06-17,0.003119084494923421
"[60,80)",0,32196,50,2021-06-17,0.0015529879488135172
"[60,80)",1,38754,50,2021-06-17,0.0012901893998038911
"[80,200)",0,4970,6,2021-06-17,0.0012072434607645875
"[80,200)",1,9490,9,2021-06-17,0.0009483667017913594
,0,1598,0,2021-06-17,0.0
,1,1361,0,2021-06-17,0.0
"[0,40)",0,72978,466,2021-06-18,0.006385486036887829
"[0,40)",1,68775,451,2021-06-18,0.006557615412577244
"[40,60)",0,48235,165,2021-06-18,0.0034207525655644243
"[40,60)",1,46488,130,2021-06-18,0.002796420581655481
"[60,80)",0,32195,42,2021-06-18,0.0013045503960242273
"[60,80)",1,38754,43,2021-06-18,0.0011095628838313464
"[80,200)",0,4966,4,2021-06-18,0.0008054772452678212
"[80,200)",1,9490,6,2021-06-18,0.0006322444678609062
,0,1598,0,2021-06-18,0.0
,1,1361,0,2021-06-18,0.0
"[0,40)",0,72978,247,2021-06-19,0.0033845816547452656
"[0,40)",1,68775,249,2021-06-19,0.0036205016357688112
"[40,60)",0,48234,68,2021-06-19,0.0014097939213003276
"[40,60)",1,46488,60,2021-06-19,0.0012906556530717604
"[60,80)",0,32194,18,2021-06-19,0.0005591103932409766
"[60,80)",1,38752,18,2021-06-19,0.0004644921552436003
"[80,200)",0,4966,0,2021-06-19,0.0
"[80,200)",1,9489,1,2021-06-19,0.00010538518284329223
,0,1598,0,2021-06-19,0.0
,1,1361,0,2021-06-19,0.0
"[0,40)",0,72978,189,2021-06-20,0.00258982159006824
"[0,40)",1,68775,193,2021-06-20,0.002806252271901127
"[40,60)",0,48234,39,2021-06-20,0.000808558278392835
"[40,60)",1,46488,34,2021-06-20,0.0007313715367406643
"[60,80)",0,32192,10,2021-06-20,0.0003106361829025845
"[60,80)",1,38751,7,2021-06-20,0.00018064049960001032
"[80,200)",0,4965,0,2021-06-20,0.0
"[80,200)",1,9487,1,2021-06-20,0.00010540739959945188
,0,1598,0,2021-06-20,0.0
,1,1361,0,2021-06-20,0.0
"[0,40)",0,72978,346,2021-06-21,0.004741154868590534
"[0,40)",1,68775,324,2021-06-21,0.004711014176663032
"[40,60)",0,48234,104,2021-06-21,0.00215615540904756
"[40,60)",1,46487,92,2021-06-21,0.0019790479058661562
"[60,80)",0,32189,40,2021-06-21,0.0012426605362080214
"[60,80)",1,38750,38,2021-06-21,0.0009806451612903225
"[80,200)",0,4964,1,2021-06-21,0.000201450443190975
"[80,200)",1,9485,5,2021-06-21,0.0005271481286241434
,0,1598,0,2021-06-21,0.0
,1,1361,0,2021-06-21,0.0
"[0,40)",0,72978,351,2021-06-22,0.004809668667269588
"[0,40)",1,68774,337,2021-06-22,0.004900107598801873
"[40,60)",0,48233,100,2021-06-22,0.002073269338419754
"[40,60)",1,46487,95,2021-06-22,0.0020435820767096178
"[60,80)",0,32187,44,2021-06-22,0.001367011526392643
"[60,80)",1,38748,48,2021-06-22,0.0012387736141220192
"[80,200)",0,4961,4,2021-06-22,0.0008062890546260835
"[80,200)",1,9484,4,2021-06-22,0.00042176296921130323
,0,1598,0,2021-06-22,0.0
,1,1361,0,2021-06-22,0.0
"[0,40)",0,72978,358,2021-06-23,0.004905587985420264
"[0,40)",1,68774,285,2021-06-23,0.004144007909965976
"[40,60)",0,48230,111,2021-06-23,0.0023014721127928676
"[40,60)",1,46487,92,2021-06-23,0.0019790479058661562
"[60,80)",0,32186,48,2021-06-23,0.0014913316348723047
"[60,80)",1,38747,54,2021-06-23,0.0013936562830670761
"[80,200)",0,4961,4,2021-06-23,0.0008062890546260835
"[80,200)",1,9481,6,2021-06-23,0.0006328446366417044
,0,1598,0,2021-06-23,0.0
,1,1361,0,2021-06-23,0.0
"[0,40)",0,72978,331,2021-06-24,0.004535613472553372
"[0,40)",1,68774,300,2021-06-24,0.004362113589437869
"[40,60)",0,48229,105,2021-06-24,0.0021771133550353523
"[40,60)",1,46487,94,2021-06-24,0.002022070686428464
"[60,80)",0,32181,45,2021-06-24,0.0013983406357788758
"[60,80)",1,38745,45,2021-06-24,0.0011614401858304297
"[80,200)",0,4961,1,2021-06-24,0.00020157226365652087
"[80,200)",1,9476,4,2021-06-24,0.00042211903756859433
,0,1598,0,2021-06-24,0.0
,1,1361,0,2021-06-24,0.0
"[0,40)",0,72978,336,2021-06-25,0.004604127271232426
"[0,40)",1,68774,333,2021-06-25,0.004841946084276035
"[40,60)",0,48229,99,2021-06-25,0.0020527068776047606
"[40,60)",1,46487,111,2021-06-25,0.00238776432120808
"[60,80)",0,32178,32,2021-06-25,0.0009944682702467524
"[60,80)",1,38744,36,2021-06-25,0.0009291761304976255
"[80,200)",0,4959,0,2021-06-25,0.0
"[80,200)",1,9476,6,2021-06-25,0.0006331785563528915
,0,1598,0,2021-06-25,0.0
,1,1361,0,2021-06-25,0.0
"[0,40)",0,72978,166,2021-06-26,0.0022746581161445915
"[0,40)",1,68774,166,2021-06-26,0.0024137028528222874
"[40,60)",0,48229,40,2021-06-26,0.0008293765162039437
"[40,60)",1,46487,48,2021-06-26,0.0010325467334953858
"[60,80)",0,32174,15,2021-06-26,0.0004662149561757941
"[60,80)",1,38740,15,2021-06-26,0.0003871966959215281
"[80,200)",0,4958,0,2021-06-26,0.0
"[80,200)",1,9471,2,2021-06-26,0.00021117094287825995
,0,1598,0,2021-06-26,0.0
,1,1361,0,2021-06-26,0.0
"[0,40)",0,72978,169,2021-06-27,0.002315766395352024
"[0,40)",1,68774,193,2021-06-27,0.0028062930758716957
"[40,60)",0,48229,35,2021-06-27,0.0007257044516784507
"[40,60)",1,46487,34,2021-06-27,0.0007313872695592316
"[60,80)",0,32171,5,2021-06-27,0.0001554194771688788
"[60,80)",1,38738,11,2021-06-27,0.00028395890340234393
"[80,200)",0,4957,1,2021-06-27,0.00020173492031470649
"[80,200)",1,9471,1,2021-06-27,0.00010558547143912998
,0,1598,0,2021-06-27,0.0
,1,1361,0,2021-06-27,0.0
"[0,40)",0,72978,287,2021-06-28,0.003932692044177698
"[0,40)",1,68774,291,2021-06-28,0.0042312501817547326
"[40,60)",0,48229,77,2021-06-28,0.0015965497936925915
"[40,60)",1,46487,82,2021-06-28,0.0017639340030546175
"[60,80)",0,32171,31,2021-06-28,0.0009636007584470486
"[60,80)",1,38737,31,2021-06-28,0.0008002684771665333
"[80,200)",0,4956,3,2021-06-28,0.0006053268765133172
"[80,200)",1,9471,4,2021-06-28,0.0004223418857565199
,0,1598,0,2021-06-28,0.0
,1,1361,0,2021-06-28,0.0
"[0,40)",0,72978,341,2021-06-29,0.00467264106991148
"[0,40)",1,68774,284,2021-06-29,0.004129467531334516
"[40,60)",0,48228,84,2021-06-29,0.0017417267977108733
"[40,60)",1,46487,84,2021-06-29,0.0018069567836169252
"[60,80)",0,32170,36,2021-06-29,0.0011190550202051601
"[60,80)",1,38734,38,2021-06-29,0.0009810502400991376
"[80,200)",0,4954,3,2021-06-29,0.0006055712555510698
"[80,200)",1,9469,4,2021-06-29,0.0004224310909282923
,0,1598,0,2021-06-29,0.0
,1,1361,0,2021-06-29,0.0
"[0,40)",0,72978,277,2021-06-30,0.0037956644468195894
"[0,40)",1,68774,274,2021-06-30,0.00398406374501992
"[40,60)",0,48228,92,2021-06-30,0.001907605540350004
"[40,60)",1,46486,87,2021-06-30,0.001871531213698748
"[60,80)",0,32169,43,2021-06-30,0.0013366906027542044
"[60,80)",1,38734,49,2021-06-30,0.0012650384674962566
"[80,200)",0,4953,5,2021-06-30,0.0010094891984655764
"[80,200)",1,9468,5,2021-06-30,0.0005280946345585128
,0,1598,0,2021-06-30,0.0
,1,1361,0,2021-06-30,0.0
"[0,40)",0,72977,264,2021-07-01,0.0036175781410581415
"[0,40)",1,68774,254,2021-07-01,0.003693256172390729
"[40,60)",0,48227,91,2021-07-01,0.0018869098222987124
"[40,60)",1,46486,92,2021-07-01,0.0019790904788538483
"[60,80)",0,32169,38,2021-07-01,0.0011812614628990644
"[60,80)",1,38733,46,2021-07-01,0.0011876177936126816
"[80,200)",0,4953,3,2021-07-01,0.0006056935190793458
"[80,200)",1,9467,2,2021-07-01,0.00021126016689553185
,0,1598,0,2021-07-01,0.0
,1,1361,0,2021-07-01,0.0
"[0,40)",0,72977,272,2021-07-02,0.0037272017210902065
"[0,40)",1,68774,246,2021-07-02,0.0035769331433390525
"[40,60)",0,48227,87,2021-07-02,0.0018039687312086591
"[40,60)",1,46485,86,2021-07-02,0.0018500591588684523
"[60,80)",0,32169,37,2021-07-02,0.0011501756349280364
"[60,80)",1,38733,48,2021-07-02,0.0012392533498567114
"[80,200)",0,4949,2,2021-07-02,0.00040412204485754696
"[80,200)",1,9462,4,2021-07-02,0.0004227436060029592
,0,1598,0,2021-07-02,0.0
,1,1361,0,2021-07-02,0.0
"[0,40)",0,72977,74,2021-07-03,0.0010140181152966004
"[0,40)",1,68773,64,2021-07-03,0.0009305977636572492
"[40,60)",0,48227,26,2021-07-03,0.0005391170920853464
"[40,60)",1,46484,30,2021-07-03,0.0006453833577144824
"[60,80)",0,32168,11,2021-07-03,0.00034195473762745586
"[60,80)",1,38732,6,2021-07-03,0.00015491066818134876
"[80,200)",0,4948,0,2021-07-03,0.0
"[80,200)",1,9459,1,2021-07-03,0.0001057194206575748
,0,1598,0,2021-07-03,0.0
,1,1361,0,2021-07-03,0.0
"[0,40)",0,72977,95,2021-07-04,0.0013017800128807707
"[0,40)",1,68773,83,2021-07-04,0.0012068689747429951
"[40,60)",0,48227,25,2021-07-04,0.000518381819312833
"[40,60)",1,46484,19,2021-07-04,0.0004087427932191722
"[60,80)",0,32167,6,2021-07-04,0.00018652656449155968
"[60,80)",1,38730,14,2021-07-04,0.00036147689129873486
"[80,200)",0,4948,0,2021-07-04,0.0
"[80,200)",1,9456,0,2021-07-04,0.0
,0,1598,0,2021-07-04,0.0
,1,1361,0,2021-07-04,0.0
"[0,40)",0,72977,85,2021-07-05,0.0011647505378406895
"[0,40)",1,68772,85,2021-07-05,0.001235968126563136
"[40,60)",0,48227,25,2021-07-05,0.000518381819312833
"[40,60)",1,46481,20,2021-07-05,0.0004302833415804307
"[60,80)",0,32163,8,2021-07-05,0.00024873301619873767
"[60,80)",1,38729,8,2021-07-05,0.00020656355702445195
"[80,200)",0,4946,0,2021-07-05,0.0
"[80,200)",1,9452,1,2021-07-05,0.00010579771476936098
,0,1598,0,2021-07-05,0.0
,1,1361,0,2021-07-05,0.0
"[0,40)",0,72977,59,2021-07-06,0.0008084739027364787
"[0,40)",1,68772,65,2021-07-06,0.0009451520967835747
"[40,60)",0,48225,22,2021-07-06,0.00045619491964748576
"[40,60)",1,46481,15,2021-07-06,0.00032271250618532305
"[60,80)",0,32161,4,2021-07-06,0.00012437424209446225
"[60,80)",1,38729,4,2021-07-06,0.00010328177851222597
"[80,200)",0,4946,2,2021-07-06,0.0004043671653861706
"[80,200)",1,9451,0,2021-07-06,0.0
,0,1598,0,2021-07-06,0.0
,1,1361,0,2021-07-06,0.0
"[0,40)",0,72977,272,2021-07-07,0.0037272017210902065
"[0,40)",1,68772,239,2021-07-07,0.003475251555865759
"[40,60)",0,48225,112,2021-07-07,0.0023224468636599276
"[40,60)",1,46481,83,2021-07-07,0.0017856758675587874
"[60,80)",0,32159,40,2021-07-07,0.0012438197705152523
"[60,80)",1,38729,41,2021-07-07,0.0010586382297503162
"[80,200)",0,4945,1,2021-07-07,0.00020222446916076846
"[80,200)",1,9444,6,2021-07-07,0.0006353240152477764
,0,1598,0,2021-07-07,0.0
,1,1361,0,2021-07-07,0.0
"[0,40)",0,72977,279,2021-07-08,0.003823122353618263
"[0,40)",1,68772,236,2021-07-08,0.003431629151398825
"[40,60)",0,48225,96,2021-07-08,0.0019906687402799377
"[40,60)",1,46480,93,2021-07-08,0.0020008605851979345
"[60,80)",0,32157,30,2021-07-08,0.0009329228472805299
"[60,80)",1,38729,42,2021-07-08,0.0010844586743783728
"[80,200)",0,4945,6,2021-07-08,0.0012133468149646107
"[80,200)",1,9441,5,2021-07-08,0.0005296049147336088
,0,1598,0,2021-07-08,0.0
,1,1361,0,2021-07-08,0.0
"[0,40)",0,72977,305,2021-07-09,0.0041793989887224745
"[0,40)",1,68772,277,2021-07-09,0.004027802012446926
"[40,60)",0,48225,81,2021-07-09,0.0016796267496111976
"[40,60)",1,46480,99,2021-07-09,0.002129948364888124
"[60,80)",0,32155,44,2021-07-09,0.0013683719483750583
"[60,80)",1,38726,52,2021-07-09,0.0013427671331921705
"[80,200)",0,4944,2,2021-07-09,0.0004045307443365696
"[80,200)",1,9436,2,2021-07-09,0.000211954217888936
,0,1598,0,2021-07-09,0.0
,1,1361,0,2021-07-09,0.0
"[0,40)",0,72977,102,2021-07-10,0.0013977006454088275
"[0,40)",1,68772,82,2021-07-10,0.0011923457220962019
"[40,60)",0,48225,32,2021-07-10,0.0006635562467599792
"[40,60)",1,46480,48,2021-07-10,0.0010327022375215145
"[60,80)",0,32151,7,2021-07-10,0.00021772262138036142
"[60,80)",1,38725,10,2021-07-10,0.0002582311168495804
"[80,200)",0,4942,0,2021-07-10,0.0
"[80,200)",1,9431,1,2021-07-10,0.0001060332944544587
,0,1598,0,2021-07-10,0.0
,1,1361,0,2021-07-10,0.0
"[0,40)",0,72977,98,2021-07-11,0.001342888855392795
"[0,40)",1,68772,86,2021-07-11,0.0012505089280521143
"[40,60)",0,48224,24,2021-07-11,0.0004976775049767751
"[40,60)",1,46480,25,2021-07-11,0.0005378657487091222
"[60,80)",0,32150,12,2021-07-11,0.00037325038880248835
"[60,80)",1,38725,12,2021-07-11,0.00030987734021949647
"[80,200)",0,4941,1,2021-07-11,0.00020238818053025704
"[80,200)",1,9431,1,2021-07-11,0.0001060332944544587
,0,1598,0,2021-07-11,0.0
,1,1361,0,2021-07-11,0.0
"[0,40)",0,72977,294,2021-07-12,0.004028666566178385
"[0,40)",1,68772,258,2021-07-12,0.0037515267841563425
"[40,60)",0,48223,100,2021-07-12,0.0020736992721315556
"[40,60)",1,46480,89,2021-07-12,0.001914802065404475
"[60,80)",0,32148,43,2021-07-12,0.0013375637675749658
"[60,80)",1,38724,42,2021-07-12,0.0010845986984815619
"[80,200)",0,4940,2,2021-07-12,0.0004048582995951417
"[80,200)",1,9429,8,2021-07-12,0.0008484462827447237
,0,1598,0,2021-07-12,0.0
,1,1361,0,2021-07-12,0.0
"[0,40)",0,72977,278,2021-07-13,0.003809419406114255
"[0,40)",1,68772,225,2021-07-13,0.0032716803350200663
"[40,60)",0,48222,99,2021-07-13,0.002053004852556924
"[40,60)",1,46479,72,2021-07-13,0.0015490866843090429
"[60,80)",0,32144,38,2021-07-13,0.0011821801891488302
"[60,80)",1,38723,51,2021-07-13,0.001317046716421765
"[80,200)",0,4939,2,2021-07-13,0.00040494027130998176
"[80,200)",1,9427,4,2021-07-13,0.0004243131430996075
,0,1598,0,2021-07-13,0.0
,1,1361,0,2021-07-13,0.0
"[0,40)",0,72977,233,2021-07-14,0.0031927867684338903
"[0,40)",1,68772,230,2021-07-14,0.0033443843424649567
"[40,60)",0,48222,99,2021-07-14,0.002053004852556924
"[40,60)",1,46479,80,2021-07-14,0.0017212074270100475
"[60,80)",0,32142,53,2021-07-14,0.0016489328604318337
"[60,80)",1,38723,56,2021-07-14,0.001446168943521938
"[80,200)",0,4939,1,2021-07-14,0.00020247013565499088
"[80,200)",1,9426,5,2021-07-14,0.0005304476978569913
,0,1598,0,2021-07-14,0.0
,1,1361,0,2021-07-14,0.0
"[0,40)",0,72977,270,2021-07-15,0.00369979582608219
"[0,40)",1,68772,257,2021-07-15,0.0037369859826673645
"[40,60)",0,48222,108,2021-07-15,0.0022396416573348264
"[40,60)",1,46479,121,2021-07-15,0.002603326233352697
"[60,80)",0,32138,56,2021-07-15,0.001742485531146929
"[60,80)",1,38721,45,2021-07-15,0.0011621600681800573
"[80,200)",0,4939,0,2021-07-15,0.0
"[80,200)",1,9423,6,2021-07-15,0.0006367398917542184
,0,1598,0,2021-07-15,0.0
,1,1361,0,2021-07-15,0.0
"[0,40)",0,72977,232,2021-07-16,0.003179083820929882
"[0,40)",1,68772,271,2021-07-16,0.003940557203513058
"[40,60)",0,48222,104,2021-07-16,0.0021566919663224254
"[40,60)",1,46479,115,2021-07-16,0.002474235676326943
"[60,80)",0,32136,44,2021-07-16,0.0013691809808314662
"[60,80)",1,38720,36,2021-07-16,0.0009297520661157025
"[80,200)",0,4938,2,2021-07-16,0.0004050222762251924
"[80,200)",1,9421,4,2021-07-16,0.0004245833775607685
,0,1598,0,2021-07-16,0.0
,1,1361,0,2021-07-16,0.0
"[0,40)",0,72977,80,2021-07-17,0.001096235800320649
"[0,40)",1,68772,88,2021-07-17,0.0012795905310300703
"[40,60)",0,48222,29,2021-07-17,0.0006013852598399071
"[40,60)",1,46479,42,2021-07-17,0.000903633899180275
"[60,80)",0,32133,14,2021-07-17,0.00043568916690007157
"[60,80)",1,38719,10,2021-07-17,0.00025827113303546065
"[80,200)",0,4936,1,2021-07-17,0.0002025931928687196
"[80,200)",1,9417,0,2021-07-17,0.0
,0,1598,0,2021-07-17,0.0
,1,1361,0,2021-07-17,0.0
"[0,40)",0,72976,89,2021-07-18,0.0012195790396842797
"[0,40)",1,68772,92,2021-07-18,0.0013377537369859826
"[40,60)",0,48222,38,2021-07-18,0.0007880220646178094
"[40,60)",1,46479,21,2021-07-18,0.0004518169495901375
"[60,80)",0,32131,12,2021-07-18,0.00037347110267343063
"[60,80)",1,38719,9,2021-07-18,0.00023244401973191456
"[80,200)",0,4934,0,2021-07-18,0.0
"[80,200)",1,9417,1,2021-07-18,0.00010619093129446746
,0,1598,0,2021-07-18,0.0
,1,1361,0,2021-07-18,0.0
"[0,40)",0,72976,218,2021-07-19,0.002987283490462618
"[0,40)",1,68772,250,2021-07-19,0.003635200372244518
"[40,60)",0,48222,95,2021-07-19,0.001970055161544523
"[40,60)",1,46478,77,2021-07-19,0.0016566977925039804
"[60,80)",0,32130,31,2021-07-19,0.0009648303765950824
"[60,80)",1,38715,28,2021-07-19,0.0007232338886736407
"[80,200)",0,4933,2,2021-07-19,0.00040543279951348065
"[80,200)",1,9416,3,2021-07-19,0.000318606627017842
,0,1598,0,2021-07-19,0.0
,1,1361,0,2021-07-19,0.0
"[0,40)",0,72976,207,2021-07-20,0.0028365490024117516
"[0,40)",1,68772,207,2021-07-20,0.003009945908218461
"[40,60)",0,48222,89,2021-07-20,0.0018456306250259219
"[40,60)",1,46478,75,2021-07-20,0.0016136666810103704
"[60,80)",0,32125,42,2021-07-20,0.0013073929961089493
"[60,80)",1,38714,30,2021-07-20,0.0007749134679960738
"[80,200)",0,4930,3,2021-07-20,0.0006085192697768763
"[80,200)",1,9412,5,2021-07-20,0.0005312367190820229
,0,1598,0,2021-07-20,0.0
,1,1361,0,2021-07-20,0.0
"[0,40)",0,72976,193,2021-07-21,0.0026447051085288316
"[0,40)",1,68772,195,2021-07-21,0.002835456290350724
"[40,60)",0,48222,82,2021-07-21,0.00170046866575422
"[40,60)",1,46477,91,2021-07-21,0.001957957699507283
"[60,80)",0,32122,47,2021-07-21,0.0014631716580536705
"[60,80)",1,38710,38,2021-07-21,0.0009816584861792818
"[80,200)",0,4929,4,2021-07-21,0.0008115236356258876
"[80,200)",1,9411,5,2021-07-21,0.0005312931675698651
,0,1598,0,2021-07-21,0.0
,1,1361,0,2021-07-21,0.0
"[0,40)",0,72976,228,2021-07-22,0.0031243148432361324
"[0,40)",1,68772,205,2021-07-22,0.002980864305240505
"[40,60)",0,48220,58,2021-07-22,0.0012028204064703442
"[40,60)",1,46477,78,2021-07-22,0.0016782494567205285
"[60,80)",0,32119,30,2021-07-22,0.0009340265886235562
"[60,80)",1,38710,33,2021-07-22,0.0008524928958925343
"[80,200)",0,4927,1,2021-07-22,0.00020296326364927948
"[80,200)",1,9409,4,2021-07-22,0.0004251248804336274
,0,1598,0,2021-07-22,0.0
,1,1361,0,2021-07-22,0.0
"[0,40)",0,72976,204,2021-07-23,0.0027954395965796974
"[0,40)",1,68772,197,2021-07-23,0.0028645378933286805
"[40,60)",0,48220,105,2021-07-23,0.0021775197013687267
"[40,60)",1,46476,107,2021-07-23,0.002302263533866942
"[60,80)",0,32118,43,2021-07-23,0.0013388131265956785
"[60,80)",1,38710,35,2021-07-23,0.0009041591320072332
"[80,200)",0,4926,4,2021-07-23,0.0008120178643930166
"[80,200)",1,9407,4,2021-07-23,0.0004252152652280217
,0,1598,0,2021-07-23,0.0
,1,1361,0,2021-07-23,0.0
"[0,40)",0,72976,76,2021-07-24,0.0010414382810787109
"[0,40)",1,68772,61,2021-07-24,0.0008869888908276624
"[40,60)",0,48220,41,2021-07-24,0.0008502695976773123
"[40,60)",1,46476,23,2021-07-24,0.0004948790773732679
"[60,80)",0,32116,11,2021-07-24,0.00034250840702453603
"[60,80)",1,38705,10,2021-07-24,0.000258364552383413
"[80,200)",0,4925,1,2021-07-24,0.0002030456852791878
"[80,200)",1,9405,3,2021-07-24,0.0003189792663476874
,0,1598,0,2021-07-24,0.0
,1,1361,0,2021-07-24,0.0
"[0,40)",0,72976,54,2021-07-25,0.0007399693049769787
"[0,40)",1,68772,65,2021-07-25,0.0009451520967835747
"[40,60)",0,48219,34,2021-07-25,0.0007051162404861154
"[40,60)",1,46476,25,2021-07-25,0.0005379120406231173
"[60,80)",0,32114,8,2021-07-25,0.0002491125365884038
"[60,80)",1,38703,7,2021-07-25,0.00018086453246518358
"[80,200)",0,4925,0,2021-07-25,0.0
"[80,200)",1,9404,0,2021-07-25,0.0
,0,1598,0,2021-07-25,0.0
,1,1361,0,2021-07-25,0.0
"[0,40)",0,72976,229,2021-07-26,0.0031380179785134837
"[0,40)",1,68772,226,2021-07-26,0.0032862211365090443
"[40,60)",0,48219,86,2021-07-26,0.0017835293141707626
"[40,60)",1,46476,72,2021-07-26,0.001549186676994578
"[60,80)",0,32110,35,2021-07-26,0.0010900031142946122
"[60,80)",1,38702,38,2021-07-26,0.0009818614025114982
"[80,200)",0,4925,1,2021-07-26,0.0002030456852791878
"[80,200)",1,9401,2,2021-07-26,0.00021274332517817252
,0,1598,0,2021-07-26,0.0
,1,1361,0,2021-07-26,0.0
"[0,40)",0,72976,239,2021-07-27,0.0032750493312869986
"[0,40)",1,68772,234,2021-07-27,0.003402547548420869
"[40,60)",0,48218,86,2021-07-27,0.0017835663030403583
"[40,60)",1,46476,86,2021-07-27,0.0018504174197435236
"[60,80)",0,32106,36,2021-07-27,0.0011212857409829938
"[60,80)",1,38701,40,2021-07-27,0.0010335650241595825
"[80,200)",0,4924,6,2021-07-27,0.0012185215272136475
"[80,200)",1,9400,4,2021-07-27,0.000425531914893617
,0,1598,0,2021-07-27,0.0
,1,1361,0,2021-07-27,0.0
"[0,40)",0,72976,210,2021-07-28,0.0028776584082438063
"[0,40)",1,68772,203,2021-07-28,0.002951782702262549
"[40,60)",0,48218,68,2021-07-28,0.0014102617279853997
"[40,60)",1,46473,67,2021-07-28,0.0014416973296322597
"[60,80)",0,32105,22,2021-07-28,0.0006852515184550694
"[60,80)",1,38701,32,2021-07-28,0.000826852019327666
"[80,200)",0,4920,2,2021-07-28,0.0004065040650406504
"[80,200)",1,9400,4,2021-07-28,0.000425531914893617
,0,1598,0,2021-07-28,0.0
,1,1361,0,2021-07-28,0.0
"[0,40)",0,72976,215,2021-07-29,0.0029461740846305636
"[0,40)",1,68772,183,2021-07-29,0.002660966672482987
"[40,60)",0,48217,67,2021-07-29,0.0013895514030321256
"[40,60)",1,46473,88,2021-07-29,0.0018935726120543111
"[60,80)",0,32099,27,2021-07-29,0.0008411476993052743
"[60,80)",1,38701,33,2021-07-29,0.0008526911449316555
"[80,200)",0,4917,2,2021-07-29,0.0004067520846044336
"[80,200)",1,9398,5,2021-07-29,0.0005320280910832092
,0,1598,0,2021-07-29,0.0
,1,1361,0,2021-07-29,0.0
"[0,40)",0,72976,234,2021-07-30,0.0032065336549002414
"[0,40)",1,68772,205,2021-07-30,0.002980864305240505
"[40,60)",0,48217,89,2021-07-30,0.0018458220129829728
"[40,60)",1,46472,78,2021-07-30,0.001678430022379067
"[60,80)",0,32097,30,2021-07-30,0.0009346667912889055
"[60,80)",1,38698,26,2021-07-30,0.000671869347253088
"[80,200)",0,4916,2,2021-07-30,0.0004068348250610252
"[80,200)",1,9398,3,2021-07-30,0.0003192168546499255
,0,1598,0,2021-07-30,0.0
,1,1361,0,2021-07-30,0.0
"[0,40)",0,72976,103,2021-07-31,0.0014114229335672002
"[0,40)",1,68771,89,2021-07-31,0.0012941501504994837
"[40,60)",0,48217,31,2021-07-31,0.0006429267685671029
"[40,60)",1,46471,28,2021-07-31,0.0006025263067289277
"[60,80)",0,32096,11,2021-07-31,0.00034272183449651045
"[60,80)",1,38697,7,2021-07-31,0.0001808925756518593
"[80,200)",0,4913,1,2021-07-31,0.0002035416242621616
"[80,200)",1,9395,0,2021-07-31,0.0
,0,1598,0,2021-07-31,0.0
,1,1361,0,2021-07-31,0.0
"[0,40)",0,72976,76,2021-08-01,0.0010414382810787109
"[0,40)",1,68771,78,2021-08-01,0.0011341990083029185
"[40,60)",0,48217,27,2021-08-01,0.0005599684758487671
"[40,60)",1,46471,20,2021-08-01,0.00043037593337780553
"[60,80)",0,32095,8,2021-08-01,0.00024926000934725036
"[60,80)",1,38697,7,2021-08-01,0.0001808925756518593
"[80,200)",0,4912,0,2021-08-01,0.0
"[80,200)",1,9391,0,2021-08-01,0.0
,0,1598,0,2021-08-01,0.0
,1,1361,0,2021-08-01,0.0
"[0,40)",0,72976,205,2021-08-02,0.002809142731857049
"[0,40)",1,68771,158,2021-08-02,0.0022974800424597577
"[40,60)",0,48217,63,2021-08-02,0.0013065931103137898
"[40,60)",1,46471,63,2021-08-02,0.0013556841901400873
"[60,80)",0,32091,28,2021-08-02,0.0008725187747343492
"[60,80)",1,38696,24,2021-08-02,0.0006202191440975812
"[80,200)",0,4911,0,2021-08-02,0.0
"[80,200)",1,9387,3,2021-08-02,0.00031959092361776926
,0,1598,0,2021-08-02,0.0
,1,1361,0,2021-08-02,0.0
"[0,40)",0,72976,176,2021-08-03,0.0024117518088138568
"[0,40)",1,68771,177,2021-08-03,0.002573759288072007
"[40,60)",0,48217,69,2021-08-03,0.0014310305493912935
"[40,60)",1,46471,60,2021-08-03,0.0012911278001334165
"[60,80)",0,32088,29,2021-08-03,0.0009037646472201446
"[60,80)",1,38696,31,2021-08-03,0.0008011163944593757
"[80,200)",0,4909,2,2021-08-03,0.00040741495212874313
"[80,200)",1,9384,3,2021-08-03,0.00031969309462915604
,0,1598,0,2021-08-03,0.0
,1,1361,0,2021-08-03,0.0
"[0,40)",0,72976,145,2021-08-04,0.0019869546152159615
"[0,40)",1,68771,136,2021-08-04,0.0019775777580666267
"[40,60)",0,48217,54,2021-08-04,0.0011199369516975341
"[40,60)",1,46470,58,2021-08-04,0.001248117064772972
"[60,80)",0,32085,28,2021-08-04,0.0008726819386005921
"[60,80)",1,38695,32,2021-08-04,0.0008269802300038765
"[80,200)",0,4909,2,2021-08-04,0.00040741495212874313
"[80,200)",1,9384,6,2021-08-04,0.0006393861892583121
,0,1598,0,2021-08-04,0.0
,1,1361,0,2021-08-04,0.0
"[0,40)",0,72976,162,2021-08-05,0.0022199079149309363
"[0,40)",1,68771,155,2021-08-05,0.0022538570036788764
"[40,60)",0,48216,57,2021-08-05,0.0011821801891488302
"[40,60)",1,46469,47,2021-08-05,0.00101142697282059
"[60,80)",0,32084,19,2021-08-05,0.0005921954868470266
"[60,80)",1,38694,27,2021-08-05,0.0006977826019537913
"[80,200)",0,4904,1,2021-08-05,0.0002039151712887439
"[80,200)",1,9379,4,2021-08-05,0.00042648469986139245
,0,1598,0,2021-08-05,0.0
,1,1361,0,2021-08-05,0.0
"[0,40)",0,72976,146,2021-08-06,0.0020006577504933128
"[0,40)",1,68771,151,2021-08-06,0.0021956929519710345
"[40,60)",0,48215,52,2021-08-06,0.0010785025407031006
"[40,60)",1,46469,69,2021-08-06,0.0014848608749919302
"[60,80)",0,32082,30,2021-08-06,0.0009351037965214139
"[60,80)",1,38694,21,2021-08-06,0.0005427198015196154
"[80,200)",0,4903,2,2021-08-06,0.0004079135223332653
"[80,200)",1,9376,3,2021-08-06,0.0003199658703071672
,0,1598,0,2021-08-06,0.0
,1,1361,0,2021-08-06,0.0
"[0,40)",0,72975,60,2021-08-07,0.0008221993833504625
"[0,40)",1,68771,44,2021-08-07,0.0006398045687862617
"[40,60)",0,48214,19,2021-08-07,0.000394076409341685
"[40,60)",1,46468,24,2021-08-07,0.0005164844624257553
"[60,80)",0,32080,7,2021-08-07,0.00021820448877805487
"[60,80)",1,38692,8,2021-08-07,0.00020676108756332058
"[80,200)",0,4903,1,2021-08-07,0.00020395676116663266
"[80,200)",1,9374,1,2021-08-07,0.00010667804565820355
,0,1598,0,2021-08-07,0.0
,1,1361,0,2021-08-07,0.0
"[0,40)",0,72975,49,2021-08-08,0.000671462829736211
"[0,40)",1,68771,45,2021-08-08,0.0006543455817132222
"[40,60)",0,48213,11,2021-08-08,0.00022815423226100844
"[40,60)",1,46467,11,2021-08-08,0.00023672713969053307
"[60,80)",0,32077,5,2021-08-08,0.00015587492595941016
"[60,80)",1,38689,3,2021-08-08,7.754142004187237e-05
"[80,200)",0,4901,0,2021-08-08,0.0
"[80,200)",1,9370,0,2021-08-08,0.0
,0,1598,0,2021-08-08,0.0
,1,1361,0,2021-08-08,0.0
"[0,40)",0,72975,113,2021-08-09,0.0015484755053100376
"[0,40)",1,68771,124,2021-08-09,0.001803085602943101
"[40,60)",0,48213,39,2021-08-09,0.0008089104598344844
"[40,60)",1,46466,54,2021-08-09,0.0011621400593982696
"[60,80)",0,32076,16,2021-08-09,0.0004988153136301285
"[60,80)",1,38688,19,2021-08-09,0.0004911083540115798
"[80,200)",0,4901,0,2021-08-09,0.0
"[80,200)",1,9368,1,2021-08-09,0.0001067463706233988
,0,1598,0,2021-08-09,0.0
,1,1361,0,2021-08-09,0.0
"[0,40)",0,72975,132,2021-08-10,0.0018088386433710174
"[0,40)",1,68771,108,2021-08-10,0.0015704293961117332
"[40,60)",0,48213,52,2021-08-10,0.0010785472797793126
"[40,60)",1,46465,45,2021-08-10,0.0009684708920692994
"[60,80)",0,32073,14,2021-08-10,0.000436504224737318
"[60,80)",1,38683,21,2021-08-10,0.0005428741307551121
"[80,200)",0,4898,0,2021-08-10,0.0
"[80,200)",1,9368,3,2021-08-10,0.0003202391118701964
,0,1598,0,2021-08-10,0.0
,1,1361,0,2021-08-10,0.0
"[0,40)",0,72975,114,2021-08-11,0.0015621788283658787
"[0,40)",1,68771,104,2021-08-11,0.001512265344403891
"[40,60)",0,48213,36,2021-08-11,0.0007466865783087549
"[40,60)",1,46465,35,2021-08-11,0.0007532551382761218
"[60,80)",0,32072,20,2021-08-11,0.0006235969069593415
"[60,80)",1,38678,27,2021-08-11,0.0006980712549769895
"[80,200)",0,4897,1,2021-08-11,0.00020420665713702266
"[80,200)",1,9367,1,2021-08-11,0.00010675776662752215
,0,1598,0,2021-08-11,0.0
,1,1361,0,2021-08-11,0.0
"[0,40)",0,72975,112,2021-08-12,0.0015347721822541965
"[0,40)",1,68771,97,2021-08-12,0.0014104782539151677
"[40,60)",0,48213,48,2021-08-12,0.0009955821044116732
"[40,60)",1,46465,52,2021-08-12,0.0011191219197245238
"[60,80)",0,32072,22,2021-08-12,0.0006859565976552757
"[60,80)",1,38674,14,2021-08-12,0.00036200031028598025
"[80,200)",0,4896,0,2021-08-12,0.0
"[80,200)",1,9364,3,2021-08-12,0.0003203759077317386
,0,1598,0,2021-08-12,0.0
,1,1361,0,2021-08-12,0.0
"[0,40)",0,72975,97,2021-08-13,0.001329222336416581
"[0,40)",1,68771,90,2021-08-13,0.0013086911634264443
"[40,60)",0,48213,42,2021-08-13,0.000871134341360214
"[40,60)",1,46465,42,2021-08-13,0.0009039061659313461
"[60,80)",0,32069,10,2021-08-13,0.00031182762169072937
"[60,80)",1,38672,10,2021-08-13,0.000258585022755482
"[80,200)",0,4894,0,2021-08-13,0.0
"[80,200)",1,9363,3,2021-08-13,0.0003204101249599487
,0,1598,0,2021-08-13,0.0
,1,1361,0,2021-08-13,0.0
"[0,40)",0,72975,31,2021-08-14,0.0004248030147310723
"[0,40)",1,68771,25,2021-08-14,0.0003635253231740123
"[40,60)",0,48213,22,2021-08-14,0.0004563084645220169
"[40,60)",1,46465,13,2021-08-14,0.00027978047993113095
"[60,80)",0,32066,1,2021-08-14,3.1185679535957086e-05
"[60,80)",1,38670,8,2021-08-14,0.0002068787173519524
"[80,200)",0,4892,0,2021-08-14,0.0
"[80,200)",1,9357,1,2021-08-14,0.00010687186063909372
,0,1598,0,2021-08-14,0.0
,1,1361,0,2021-08-14,0.0
"[0,40)",0,72975,32,2021-08-15,0.0004385063377869133
"[0,40)",1,68771,34,2021-08-15,0.0004943944395166567
"[40,60)",0,48213,12,2021-08-15,0.0002488955261029183
"[40,60)",1,46465,7,2021-08-15,0.00015065102765522437
"[60,80)",0,32065,2,2021-08-15,6.237330422579136e-05
"[60,80)",1,38669,2,2021-08-15,5.172101683519098e-05
"[80,200)",0,4890,0,2021-08-15,0.0
"[80,200)",1,9354,0,2021-08-15,0.0
,0,1598,0,2021-08-15,0.0
,1,1361,0,2021-08-15,0.0
"[0,40)",0,72975,109,2021-08-16,0.0014936622130866735
"[0,40)",1,68771,86,2021-08-16,0.0012505271117186022
"[40,60)",0,48212,40,2021-08-16,0.0008296689620841284
"[40,60)",1,46465,32,2021-08-16,0.0006886904121381685
"[60,80)",0,32065,18,2021-08-16,0.0005613597380321223
"[60,80)",1,38668,17,2021-08-16,0.0004396400124133651
"[80,200)",0,4888,0,2021-08-16,0.0
"[80,200)",1,9351,2,2021-08-16,0.00021388086835632552
,0,1598,0,2021-08-16,0.0
,1,1361,0,2021-08-16,0.0
"[0,40)",0,72975,92,2021-08-17,0.0012607057211373757
"[0,40)",1,68771,93,2021-08-17,0.0013523142022073258
"[40,60)",0,48211,42,2021-08-17,0.0008711704797660285
"[40,60)",1,46465,33,2021-08-17,0.0007102119875174863
"[60,80)",0,32061,10,2021-08-17,0.00031190543027354104
"[60,80)",1,38665,11,2021-08-17,0.0002844950213371266
"[80,200)",0,4886,1,2021-08-17,0.00020466639377814163
"[80,200)",1,9349,5,2021-08-17,0.0005348165579206332
,0,1598,0,2021-08-17,0.0
,1,1361,0,2021-08-17,0.0
"[0,40)",0,72975,96,2021-08-18,0.00131551901336074
"[0,40)",1,68771,75,2021-08-18,0.001090575969522037
"[40,60)",0,48211,51,2021-08-18,0.0010578498682873203
"[40,60)",1,46465,39,2021-08-18,0.0008393414397933929
"[60,80)",0,32060,23,2021-08-18,0.0007174048658764816
"[60,80)",1,38663,19,2021-08-18,0.0004914259110777746
"[80,200)",0,4884,2,2021-08-18,0.0004095004095004095
"[80,200)",1,9348,1,2021-08-18,0.0001069747539580659
,0,1598,0,2021-08-18,0.0
,1,1361,0,2021-08-18,0.0
"[0,40)",0,72975,103,2021-08-19,0.0014114422747516272
"[0,40)",1,68770,83,2021-08-19,0.0012069216228006397
"[40,60)",0,48210,41,2021-08-19,0.0008504459655673097
"[40,60)",1,46465,48,2021-08-19,0.0010330356182072528
"[60,80)",0,32058,27,2021-08-19,0.0008422234699606962
"[60,80)",1,38663,16,2021-08-19,0.0004138323461707576
"[80,200)",0,4884,0,2021-08-19,0.0
"[80,200)",1,9346,2,2021-08-19,0.00021399529210357372
,0,1598,0,2021-08-19,0.0
,1,1361,0,2021-08-19,0.0
"[0,40)",0,72975,94,2021-08-20,0.0012881123672490579
"[0,40)",1,68770,106,2021-08-20,0.0015413697833357568
"[40,60)",0,48210,48,2021-08-20,0.0009956440572495332
"[40,60)",1,46465,54,2021-08-20,0.0011621650704831594
"[60,80)",0,32055,20,2021-08-20,0.0006239276243955701
"[60,80)",1,38661,16,2021-08-20,0.00041385375442952845
"[80,200)",0,4883,0,2021-08-20,0.0
"[80,200)",1,9345,1,2021-08-20,0.00010700909577314071
,0,1598,0,2021-08-20,0.0
,1,1361,0,2021-08-20,0.0
"[0,40)",0,72975,27,2021-08-21,0.0003699897225077081
"[0,40)",1,68770,21,2021-08-21,0.00030536571179293296
"[40,60)",0,48210,14,2021-08-21,0.0002903961833644472
"[40,60)",1,46465,14,2021-08-21,0.00030130205531044875
"[60,80)",0,32053,8,2021-08-21,0.0002495866221570524
"[60,80)",1,38660,1,2021-08-21,2.586652871184687e-05
"[80,200)",0,4883,0,2021-08-21,0.0
"[80,200)",1,9344,0,2021-08-21,0.0
,0,1598,0,2021-08-21,0.0
,1,1361,0,2021-08-21,0.0
"[0,40)",0,72975,23,2021-08-22,0.00031517643028434393
"[0,40)",1,68770,12,2021-08-22,0.00017449469245310454
"[40,60)",0,48210,16,2021-08-22,0.0003318813524165111
"[40,60)",1,46465,12,2021-08-22,0.0002582589045518132
"[60,80)",0,32051,1,2021-08-22,3.120027456241615e-05
"[60,80)",1,38660,2,2021-08-22,5.173305742369374e-05
"[80,200)",0,4882,0,2021-08-22,0.0
"[80,200)",1,9339,0,2021-08-22,0.0
,0,1598,0,2021-08-22,0.0
,1,1361,0,2021-08-22,0.0
"[0,40)",0,72975,120,2021-08-23,0.001644398766700925
"[0,40)",1,68770,85,2021-08-23,0.001236004071542824
"[40,60)",0,48209,33,2021-08-23,0.0006845194880623949
"[40,60)",1,46465,33,2021-08-23,0.0007102119875174863
"[60,80)",0,32048,12,2021-08-23,0.00037443834248627057
"[60,80)",1,38660,17,2021-08-23,0.0004397309881013968
"[80,200)",0,4878,2,2021-08-23,0.0004100041000410004
"[80,200)",1,9337,1,2021-08-23,0.0001071007818357074
,0,1598,0,2021-08-23,0.0
,1,1361,0,2021-08-23,0.0
"[0,40)",0,72975,98,2021-08-24,0.001342925659472422
"[0,40)",1,68770,76,2021-08-24,0.0011051330522029955
"[40,60)",0,48209,33,2021-08-24,0.0006845194880623949
"[40,60)",1,46465,39,2021-08-24,0.0008393414397933929
"[60,80)",0,32047,21,2021-08-24,0.0006552875464162012
"[60,80)",1,38659,12,2021-08-24,0.00031040637367753954
"[80,200)",0,4878,3,2021-08-24,0.0006150061500615006
"[80,200)",1,9332,2,2021-08-24,0.0002143163309044149
,0,1598,0,2021-08-24,0.0
,1,1361,0,2021-08-24,0.0
"[0,40)",0,72975,75,2021-08-25,0.0010277492291880781
"[0,40)",1,68770,90,2021-08-25,0.0013087101933982842
"[40,60)",0,48209,37,2021-08-25,0.0007674915472214731
"[40,60)",1,46464,35,2021-08-25,0.000753271349862259
"[60,80)",0,32046,16,2021-08-25,0.0004992822817200275
"[60,80)",1,38659,19,2021-08-25,0.0004914767583227709
"[80,200)",0,4877,2,2021-08-25,0.0004100881689563256
"[80,200)",1,9328,2,2021-08-25,0.0002144082332761578
,0,1598,0,2021-08-25,0.0
,1,1361,0,2021-08-25,0.0
"[0,40)",0,72975,87,2021-08-26,0.0011921891058581705
"[0,40)",1,68769,76,2021-08-26,0.0011051491224243482
"[40,60)",0,48208,40,2021-08-26,0.000829737802854298
"[40,60)",1,46464,31,2021-08-26,0.0006671831955922865
"[60,80)",0,32044,12,2021-08-26,0.00037448508301086004
"[60,80)",1,38659,13,2021-08-26,0.0003362735714840011
"[80,200)",0,4873,1,2021-08-26,0.00020521239482864764
"[80,200)",1,9326,1,2021-08-26,0.0001072271070126528
,0,1598,0,2021-08-26,0.0
,1,1361,0,2021-08-26,0.0
"[0,40)",0,72975,95,2021-08-27,0.001301815690304899
"[0,40)",1,68769,68,2021-08-27,0.0009888176358533642
"[40,60)",0,48208,46,2021-08-27,0.0009541984732824427
"[40,60)",1,46464,46,2021-08-27,0.0009900137741046832
"[60,80)",0,32038,13,2021-08-27,0.00040576815032149324
"[60,80)",1,38658,21,2021-08-27,0.0005432252056495421
"[80,200)",0,4872,0,2021-08-27,0.0
"[80,200)",1,9322,2,2021-08-27,0.00021454623471358077
,0,1598,0,2021-08-27,0.0
,1,1361,0,2021-08-27,0.0
"[0,40)",0,72974,28,2021-08-28,0.0003836983035053581
"[0,40)",1,68769,28,2021-08-28,0.00040716020299844406
"[40,60)",0,48208,8,2021-08-28,0.00016594756057085962
"[40,60)",1,46464,12,2021-08-28,0.00025826446280991736
"[60,80)",0,32037,7,2021-08-28,0.00021849736242469643
"[60,80)",1,38657,5,2021-08-28,0.00012934268049771063
"[80,200)",0,4867,0,2021-08-28,0.0
"[80,200)",1,9322,0,2021-08-28,0.0
,0,1598,0,2021-08-28,0.0
,1,1361,0,2021-08-28,0.0
"[0,40)",0,72974,31,2021-08-29,0.0004248088360237893
"[0,40)",1,68769,31,2021-08-29,0.0004507845104625631
"[40,60)",0,48207,8,2021-08-29,0.00016595100296637417
"[40,60)",1,46464,6,2021-08-29,0.00012913223140495868
"[60,80)",0,32033,1,2021-08-29,3.121780663690569e-05
"[60,80)",1,38656,2,2021-08-29,5.173841059602649e-05
"[80,200)",0,4865,0,2021-08-29,0.0
"[80,200)",1,9320,1,2021-08-29,0.00010729613733905579
,0,1598,0,2021-08-29,0.0
,1,1361,0,2021-08-29,0.0
"[0,40)",0,72974,98,2021-08-30,0.0013429440622687533
"[0,40)",1,68769,76,2021-08-30,0.0011051491224243482
"[40,60)",0,48206,32,2021-08-30,0.0006638177820188358
"[40,60)",1,46464,30,2021-08-30,0.0006456611570247934
"[60,80)",0,32032,11,2021-08-30,0.00034340659340659343
"[60,80)",1,38655,11,2021-08-30,0.00028456861984219376
"[80,200)",0,4864,0,2021-08-30,0.0
"[80,200)",1,9318,4,2021-08-30,0.00042927666881305
,0,1598,0,2021-08-30,0.0
,1,1361,0,2021-08-30,0.0
"[0,40)",0,72974,83,2021-08-31,0.0011373913996765971
"[0,40)",1,68769,72,2021-08-31,0.0010469833791388562
"[40,60)",0,48206,25,2021-08-31,0.0005186076422022155
"[40,60)",1,46464,29,2021-08-31,0.0006241391184573003
"[60,80)",0,32031,16,2021-08-31,0.0004995160937841467
"[60,80)",1,38653,14,2021-08-31,0.0003621969834165524
"[80,200)",0,4863,0,2021-08-31,0.0
"[80,200)",1,9313,0,2021-08-31,0.0
,0,1598,0,2021-08-31,0.0
,1,1361,0,2021-08-31,0.0
"[0,40)",0,72974,55,2021-09-01,0.0007536930961712391
"[0,40)",1,68769,46,2021-09-01,0.0006689060477831581
"[40,60)",0,48206,33,2021-09-01,0.0006845620877069244
"[40,60)",1,46463,18,2021-09-01,0.00038740503196091515
"[60,80)",0,32029,8,2021-09-01,0.0002497736426363608
"[60,80)",1,38650,10,2021-09-01,0.000258732212160414
"[80,200)",0,4860,0,2021-09-01,0.0
"[80,200)",1,9313,2,2021-09-01,0.00021475357027810586
,0,1598,0,2021-09-01,0.0
,1,1361,0,2021-09-01,0.0
"[0,40)",0,72973,56,2021-09-02,0.000767407123182547
"[0,40)",1,68769,37,2021-09-02,0.0005380331253908011
"[40,60)",0,48206,37,2021-09-02,0.000767539310459279
"[40,60)",1,46463,21,2021-09-02,0.00045197253728773435
"[60,80)",0,32028,8,2021-09-02,0.00024978144123891593
"[60,80)",1,38648,8,2021-09-02,0.00020699648105982198
"[80,200)",0,4858,2,2021-09-02,0.0004116920543433512
"[80,200)",1,9312,0,2021-09-02,0.0
,0,1598,0,2021-09-02,0.0
,1,1361,0,2021-09-02,0.0
"[0,40)",0,72972,80,2021-09-03,0.0010963109137751466
"[0,40)",1,68769,74,2021-09-03,0.0010760662507816022
"[40,60)",0,48206,45,2021-09-03,0.0009334937559639879
"[40,60)",1,46463,44,2021-09-03,0.0009469900781266814
"[60,80)",0,32026,11,2021-09-03,0.0003434709298694811
"[60,80)",1,38646,16,2021-09-03,0.00041401438699994824
"[80,200)",0,4857,0,2021-09-03,0.0
"[80,200)",1,9310,3,2021-09-03,0.00032223415682062297
,0,1598,0,2021-09-03,0.0
,1,1361,0,2021-09-03,0.0
"[0,40)",0,72972,26,2021-09-04,0.0003563010469769227
"[0,40)",1,68769,15,2021-09-04,0.00021812153732059505
"[40,60)",0,48206,9,2021-09-04,0.0001866987511927976
"[40,60)",1,46463,7,2021-09-04,0.00015065751242924477
"[60,80)",0,32021,2,2021-09-04,6.245901127385153e-05
"[60,80)",1,38643,2,2021-09-04,5.1755816059829725e-05
"[80,200)",0,4855,0,2021-09-04,0.0
"[80,200)",1,9308,0,2021-09-04,0.0
,0,1598,0,2021-09-04,0.0
,1,1361,0,2021-09-04,0.0
"[0,40)",0,72971,20,2021-09-05,0.00027408148442531965
"[0,40)",1,68769,22,2021-09-05,0.00031991158807020606
"[40,60)",0,48205,8,2021-09-05,0.00016595788818587283
"[40,60)",1,46463,5,2021-09-05,0.00010761250887803198
"[60,80)",0,32019,3,2021-09-05,9.3694368968425e-05
"[60,80)",1,38641,0,2021-09-05,0.0
"[80,200)",0,4854,0,2021-09-05,0.0
"[80,200)",1,9305,1,2021-09-05,0.00010746910263299302
,0,1598,0,2021-09-05,0.0
,1,1361,0,2021-09-05,0.0
"[0,40)",0,72971,61,2021-09-06,0.0008359485274972249
"[0,40)",1,68769,59,2021-09-06,0.0008579447134610071
"[40,60)",0,48203,21,2021-09-06,0.000435657531688899
"[40,60)",1,46463,14,2021-09-06,0.00030131502485848953
"[60,80)",0,32018,8,2021-09-06,0.0002498594540570929
"[60,80)",1,38638,10,2021-09-06,0.00025881256793829907
"[80,200)",0,4852,0,2021-09-06,0.0
"[80,200)",1,9305,2,2021-09-06,0.00021493820526598603
,0,1598,0,2021-09-06,0.0
,1,1361,0,2021-09-06,0.0
"[0,40)",0,72971,45,2021-09-07,0.0006166833399569692
"[0,40)",1,68769,30,2021-09-07,0.0004362430746411901
"[40,60)",0,48203,20,2021-09-07,0.0004149119349418086
"[40,60)",1,46463,19,2021-09-07,0.0004089275337365215
"[60,80)",0,32014,9,2021-09-07,0.0002811270069344662
"[60,80)",1,38636,6,2021-09-07,0.0001552955792525106
"[80,200)",0,4852,2,2021-09-07,0.00041220115416323167
"[80,200)",1,9304,4,2021-09-07,0.0004299226139294927
,0,1598,0,2021-09-07,0.0
,1,1361,0,2021-09-07,0.0
"[0,40)",0,72971,49,2021-09-08,0.0006714996368420331
"[0,40)",1,68769,34,2021-09-08,0.0004944088179266821
"[40,60)",0,48203,27,2021-09-08,0.0005601311121714416
"[40,60)",1,46463,16,2021-09-08,0.00034436002840970237
"[60,80)",0,32010,8,2021-09-08,0.0002499218994064355
"[60,80)",1,38634,18,2021-09-08,0.00046591085572293835
"[80,200)",0,4851,1,2021-09-08,0.00020614306328592042
"[80,200)",1,9302,1,2021-09-08,0.00010750376263169211
,0,1598,0,2021-09-08,0.0
,1,1361,0,2021-09-08,0.0
"[0,40)",0,72971,62,2021-09-09,0.0008496526017184909
"[0,40)",1,68769,57,2021-09-09,0.0008288618418182611
"[40,60)",0,48202,14,2021-09-09,0.0002904443799012489
"[40,60)",1,46463,30,2021-09-09,0.0006456750532681919
"[60,80)",0,32009,13,2021-09-09,0.00040613577431347436
"[60,80)",1,38632,17,2021-09-09,0.00044004969973079314
"[80,200)",0,4850,0,2021-09-09,0.0
"[80,200)",1,9299,5,2021-09-09,0.0005376922249704269
,0,1598,0,2021-09-09,0.0
,1,1361,0,2021-09-09,0.0
"[0,40)",0,72971,68,2021-09-10,0.0009318770470460868
"[0,40)",1,68768,75,2021-09-10,0.0010906235458352721
"[40,60)",0,48200,32,2021-09-10,0.0006639004149377593
"[40,60)",1,46463,36,2021-09-10,0.0007748100639218303
"[60,80)",0,32007,13,2021-09-10,0.00040616115224794574
"[60,80)",1,38631,13,2021-09-10,0.00033651730475524837
"[80,200)",0,4847,1,2021-09-10,0.00020631318341242006
"[80,200)",1,9298,0,2021-09-10,0.0
,0,1598,0,2021-09-10,0.0
,1,1361,0,2021-09-10,0.0
"[0,40)",0,72971,21,2021-09-11,0.0002877855586465856
"[0,40)",1,68768,11,2021-09-11,0.00015995812005583992
"[40,60)",0,48200,4,2021-09-11,8.298755186721991e-05
"[40,60)",1,46463,8,2021-09-11,0.00017218001420485118
"[60,80)",0,32004,6,2021-09-11,0.00018747656542932134
"[60,80)",1,38629,1,2021-09-11,2.5887286753475367e-05
"[80,200)",0,4843,0,2021-09-11,0.0
"[80,200)",1,9298,0,2021-09-11,0.0
,0,1598,0,2021-09-11,0.0
,1,1361,0,2021-09-11,0.0
"[0,40)",0,72970,9,2021-09-12,0.00012333835822940934
"[0,40)",1,68768,7,2021-09-12,0.00010179153094462541
"[40,60)",0,48200,6,2021-09-12,0.00012448132780082987
"[40,60)",1,46463,8,2021-09-12,0.00017218001420485118
"[60,80)",0,32003,3,2021-09-12,9.374121176139737e-05
"[60,80)",1,38626,1,2021-09-12,2.5889297364469527e-05
"[80,200)",0,4842,0,2021-09-12,0.0
"[80,200)",1,9296,0,2021-09-12,0.0
,0,1598,0,2021-09-12,0.0
,1,1361,0,2021-09-12,0.0
"[0,40)",0,72970,57,2021-09-13,0.0007811429354529258
"[0,40)",1,68768,44,2021-09-13,0.0006398324802233597
"[40,60)",0,48199,28,2021-09-13,0.0005809249154546775
"[40,60)",1,46463,17,2021-09-13,0.00036588253018530873
"[60,80)",0,32002,11,2021-09-13,0.00034372851696768954
"[60,80)",1,38626,11,2021-09-13,0.0002847822710091648
"[80,200)",0,4841,0,2021-09-13,0.0
"[80,200)",1,9290,0,2021-09-13,0.0
,0,1598,0,2021-09-13,0.0
,1,1361,0,2021-09-13,0.0
"[0,40)",0,72969,43,2021-09-14,0.0005892913428990393
"[0,40)",1,68768,43,2021-09-14,0.0006252908329455561
"[40,60)",0,48197,17,2021-09-14,0.00035271904890345874
"[40,60)",1,46462,22,2021-09-14,0.0004735052300804959
"[60,80)",0,31999,8,2021-09-14,0.00025000781274414825
"[60,80)",1,38625,15,2021-09-14,0.0003883495145631068
"[80,200)",0,4841,1,2021-09-14,0.0002065688907250568
"[80,200)",1,9288,4,2021-09-14,0.0004306632213608958
,0,1598,0,2021-09-14,0.0
,1,1361,0,2021-09-14,0.0
"[0,40)",0,72969,36,2021-09-15,0.0004933601940550097
"[0,40)",1,68767,36,2021-09-15,0.000523506914653831
"[40,60)",0,48197,19,2021-09-15,0.00039421540759798326
"[40,60)",1,46462,25,2021-09-15,0.0005380741250914726
"[60,80)",0,31997,5,2021-09-15,0.00015626464981091976
"[60,80)",1,38624,16,2021-09-15,0.00041425020712510354
"[80,200)",0,4841,0,2021-09-15,0.0
"[80,200)",1,9286,2,2021-09-15,0.00021537798836958864
,0,1598,0,2021-09-15,0.0
,1,1361,0,2021-09-15,0.0
"[0,40)",0,72969,35,2021-09-16,0.0004796557442201483
"[0,40)",1,68767,42,2021-09-16,0.0006107580670961362
"[40,60)",0,48197,17,2021-09-16,0.00035271904890345874
"[40,60)",1,46462,24,2021-09-16,0.0005165511600878137
"[60,80)",0,31995,16,2021-09-16,0.0005000781372089389
"[60,80)",1,38623,14,2021-09-16,0.00036247831602930896
"[80,200)",0,4841,1,2021-09-16,0.0002065688907250568
"[80,200)",1,9284,2,2021-09-16,0.00021542438604049978
,0,1598,0,2021-09-16,0.0
,1,1361,0,2021-09-16,0.0
"[0,40)",0,72969,58,2021-09-17,0.00079485809042196
"[0,40)",1,68767,64,2021-09-17,0.0009306789593845886
"[40,60)",0,48197,30,2021-09-17,0.0006224453804178683
"[40,60)",1,46462,23,2021-09-17,0.0004950281950841548
"[60,80)",0,31994,10,2021-09-17,0.00031255860473838843
"[60,80)",1,38622,12,2021-09-17,0.00031070374398011494
"[80,200)",0,4840,0,2021-09-17,0.0
"[80,200)",1,9281,2,2021-09-17,0.00021549402004094386
,0,1598,0,2021-09-17,0.0
,1,1361,0,2021-09-17,0.0
"[0,40)",0,72969,13,2021-09-18,0.00017815784785319794
"[0,40)",1,68767,18,2021-09-18,0.0002617534573269155
"[40,60)",0,48196,10,2021-09-18,0.0002074860984314051
"[40,60)",1,46462,7,2021-09-18,0.00015066075502561234
"[60,80)",0,31993,3,2021-09-18,9.377051229956553e-05
"[60,80)",1,38621,2,2021-09-18,5.178529815385412e-05
"[80,200)",0,4839,0,2021-09-18,0.0
"[80,200)",1,9277,0,2021-09-18,0.0
,0,1598,0,2021-09-18,0.0
,1,1361,0,2021-09-18,0.0
"[0,40)",0,72969,10,2021-09-19,0.0001370444983486138
"[0,40)",1,68767,6,2021-09-19,8.725115244230518e-05
"[40,60)",0,48196,6,2021-09-19,0.00012449165905884305
"[40,60)",1,46461,3,2021-09-19,6.457028475495577e-05
"[60,80)",0,31992,1,2021-09-19,3.125781445361341e-05
"[60,80)",1,38621,0,2021-09-19,0.0
"[80,200)",0,4838,0,2021-09-19,0.0
"[80,200)",1,9274,0,2021-09-19,0.0
,0,1598,0,2021-09-19,0.0
,1,1361,0,2021-09-19,0.0
"[0,40)",0,72968,42,2021-09-20,0.0005755947812739831
"[0,40)",1,68767,40,2021-09-20,0.0005816743496153678
"[40,60)",0,48195,24,2021-09-20,0.0004979769685652039
"[40,60)",1,46460,13,2021-09-20,0.00027981058975462764
"[60,80)",0,31990,3,2021-09-20,9.377930603313535e-05
"[60,80)",1,38620,3,2021-09-20,7.767995857068877e-05
"[80,200)",0,4835,0,2021-09-20,0.0
"[80,200)",1,9272,0,2021-09-20,0.0
,0,1598,0,2021-09-20,0.0
,1,1361,0,2021-09-20,0.0
"[0,40)",0,72968,36,2021-09-21,0.0004933669553776998
"[0,40)",1,68767,26,2021-09-21,0.0003780883272499891
"[40,60)",0,48194,23,2021-09-21,0.0004772378304353239
"[40,60)",1,46460,11,2021-09-21,0.00023676280671545416
"[60,80)",0,31987,12,2021-09-21,0.0003751524056648013
"[60,80)",1,38618,8,2021-09-21,0.00020715728416800455
"[80,200)",0,4835,0,2021-09-21,0.0
"[80,200)",1,9270,2,2021-09-21,0.0002157497303128371
,0,1598,0,2021-09-21,0.0
,1,1361,0,2021-09-21,0.0
"[0,40)",0,72968,47,2021-09-22,0.0006441179695208858
"[0,40)",1,68767,28,2021-09-22,0.0004071720447307575
"[40,60)",0,48193,27,2021-09-22,0.0005602473388251406
"[40,60)",1,46460,20,2021-09-22,0.00043047783039173483
"[60,80)",0,31985,4,2021-09-22,0.00012505862122870096
"[60,80)",1,38617,8,2021-09-22,0.00020716264857446203
"[80,200)",0,4835,0,2021-09-22,0.0
"[80,200)",1,9264,0,2021-09-22,0.0
,0,1598,0,2021-09-22,0.0
,1,1361,0,2021-09-22,0.0
"[0,40)",0,72967,36,2021-09-23,0.0004933737168857155
"[0,40)",1,68767,43,2021-09-23,0.0006252999258365205
"[40,60)",0,48193,20,2021-09-23,0.0004149980287593634
"[40,60)",1,46460,23,2021-09-23,0.0004950495049504951
"[60,80)",0,31980,10,2021-09-23,0.00031269543464665416
"[60,80)",1,38615,12,2021-09-23,0.00031076006733134795
"[80,200)",0,4835,3,2021-09-23,0.0006204756980351603
"[80,200)",1,9259,5,2021-09-23,0.0005400151204233718
,0,1598,0,2021-09-23,0.0
,1,1361,0,2021-09-23,0.0
"[0,40)",0,72967,47,2021-09-24,0.0006441267970452397
"[0,40)",1,68766,62,2021-09-24,0.0009016083529651281
"[40,60)",0,48193,26,2021-09-24,0.0005394974373871724
"[40,60)",1,46460,27,2021-09-24,0.000581145071028842
"[60,80)",0,31979,10,2021-09-24,0.0003127052127958973
"[60,80)",1,38613,14,2021-09-24,0.0003625721907129723
"[80,200)",0,4834,1,2021-09-24,0.0002068680182043856
"[80,200)",1,9255,2,2021-09-24,0.00021609940572663426
,0,1598,0,2021-09-24,0.0
,1,1361,0,2021-09-24,0.0
"[0,40)",0,72967,14,2021-09-25,0.00019186755656666713
"[0,40)",1,68766,18,2021-09-25,0.00026175726376406945
"[40,60)",0,48193,12,2021-09-25,0.00024899881725561806
"[40,60)",1,46460,7,2021-09-25,0.0001506672406371072
"[60,80)",0,31974,0,2021-09-25,0.0
"[60,80)",1,38610,5,2021-09-25,0.0001295001295001295
"[80,200)",0,4831,0,2021-09-25,0.0
"[80,200)",1,9251,0,2021-09-25,0.0
,0,1598,0,2021-09-25,0.0
,1,1361,0,2021-09-25,0.0
"[0,40)",0,72967,5,2021-09-26,6.852412734523826e-05
"[0,40)",1,68766,7,2021-09-26,0.00010179449146380479
"[40,60)",0,48193,8,2021-09-26,0.00016599921150374535
"[40,60)",1,46460,1,2021-09-26,2.152389151958674e-05
"[60,80)",0,31973,2,2021-09-26,6.255277890720296e-05
"[60,80)",1,38607,0,2021-09-26,0.0
"[80,200)",0,4829,0,2021-09-26,0.0
"[80,200)",1,9250,1,2021-09-26,0.00010810810810810811
,0,1598,0,2021-09-26,0.0
,1,1361,0,2021-09-26,0.0
"[0,40)",0,72967,37,2021-09-27,0.0005070785423547631
"[0,40)",1,68766,40,2021-09-27,0.0005816828083645988
"[40,60)",0,48192,12,2021-09-27,0.000249003984063745
"[40,60)",1,46459,20,2021-09-27,0.0004304870961492929
"[60,80)",0,31971,3,2021-09-27,9.38350380031904e-05
"[60,80)",1,38605,5,2021-09-27,0.00012951690195570523
"[80,200)",0,4828,2,2021-09-27,0.00041425020712510354
"[80,200)",1,9246,2,2021-09-27,0.00021630975556997622
,0,1598,0,2021-09-27,0.0
,1,1361,0,2021-09-27,0.0
"[0,40)",0,72967,6,2021-09-28,8.222895281428591e-05
"[0,40)",1,68766,2,2021-09-28,2.908414041822994e-05
"[40,60)",0,48191,1,2021-09-28,2.07507625905252e-05
"[40,60)",1,46459,1,2021-09-28,2.1524354807464648e-05
"[60,80)",0,31968,0,2021-09-28,0.0
"[60,80)",1,38605,0,2021-09-28,0.0
"[80,200)",0,4828,0,2021-09-28,0.0
"[80,200)",1,9241,0,2021-09-28,0.0
,0,1598,0,2021-09-28,0.0
,1,1361,0,2021-09-28,0.0
"[0,40)",0,72967,37,2021-09-29,0.0005070785423547631
"[0,40)",1,68765,30,2021-09-29,0.00043626845051988655
"[40,60)",0,48191,25,2021-09-29,0.0005187690647631301
"[40,60)",1,46459,11,2021-09-29,0.00023676790288211112
"[60,80)",0,31964,10,2021-09-29,0.0003128519584532599
"[60,80)",1,38604,7,2021-09-29,0.00018132835975546576
"[80,200)",0,4827,1,2021-09-29,0.00020716801325875285
"[80,200)",1,9239,3,2021-09-29,0.00032471046650070354
,0,1598,0,2021-09-29,0.0
,1,1361,0,2021-09-29,0.0
"[0,40)",0,72967,32,2021-09-30,0.00043855441500952486
"[0,40)",1,68765,30,2021-09-30,0.00043626845051988655
"[40,60)",0,48190,25,2021-09-30,0.0005187798298402158
"[40,60)",1,46459,14,2021-09-30,0.00030134096730450503
"[60,80)",0,31961,7,2021-09-30,0.00021901692687963456
"[60,80)",1,38604,4,2021-09-30,0.00010361620557455187
"[80,200)",0,4825,0,2021-09-30,0.0
"[80,200)",1,9236,6,2021-09-30,0.00064963187527068
,0,1598,0,2021-09-30,0.0
,1,1361,0,2021-09-30,0.0
"[0,40)",0,72967,35,2021-10-01,0.0004796688914166678
"[0,40)",1,68765,43,2021-10-01,0.0006253181124118375
"[40,60)",0,48190,20,2021-10-01,0.0004150238638721727
"[40,60)",1,46459,18,2021-10-01,0.00038743838653436364
"[60,80)",0,31959,5,2021-10-01,0.0001564504521418067
"[60,80)",1,38603,10,2021-10-01,0.0002590472243089915
"[80,200)",0,4825,0,2021-10-01,0.0
"[80,200)",1,9235,0,2021-10-01,0.0
,0,1598,0,2021-10-01,0.0
,1,1361,0,2021-10-01,0.0
"[0,40)",0,72967,10,2021-10-02,0.00013704825469047652
"[0,40)",1,68765,13,2021-10-02,0.00018904966189195083
"[40,60)",0,48189,1,2021-10-02,2.075162381456349e-05
"[40,60)",1,46458,5,2021-10-02,0.00010762409057643463
"[60,80)",0,31957,1,2021-10-02,3.129204869042776e-05
"[60,80)",1,38600,1,2021-10-02,2.5906735751295337e-05
"[80,200)",0,4822,0,2021-10-02,0.0
"[80,200)",1,9232,0,2021-10-02,0.0
,0,1598,0,2021-10-02,0.0
,1,1361,0,2021-10-02,0.0
"[0,40)",0,72966,3,2021-10-03,4.111503988158869e-05
"[0,40)",1,68765,5,2021-10-03,7.271140841998109e-05
"[40,60)",0,48188,3,2021-10-03,6.225616336017266e-05
"[40,60)",1,46458,3,2021-10-03,6.457445434586077e-05
"[60,80)",0,31955,1,2021-10-03,3.129400719762166e-05
"[60,80)",1,38597,1,2021-10-03,2.59087493846672e-05
"[80,200)",0,4820,0,2021-10-03,0.0
"[80,200)",1,9229,0,2021-10-03,0.0
,0,1598,0,2021-10-03,0.0
,1,1361,0,2021-10-03,0.0
"[0,40)",0,72966,31,2021-10-04,0.0004248554121097497
"[0,40)",1,68765,26,2021-10-04,0.00037809932378390167
"[40,60)",0,48188,14,2021-10-04,0.0002905287623474724
"[40,60)",1,46458,12,2021-10-04,0.0002582978173834431
"[60,80)",0,31954,1,2021-10-04,3.1294986543155784e-05
"[60,80)",1,38595,5,2021-10-04,0.00012955045990413266
"[80,200)",0,4820,1,2021-10-04,0.0002074688796680498
"[80,200)",1,9227,5,2021-10-04,0.0005418879375745096
,0,1598,0,2021-10-04,0.0
,1,1361,0,2021-10-04,0.0
"[0,40)",0,72965,24,2021-10-05,0.0003289248269718358
"[0,40)",1,68765,24,2021-10-05,0.00034901476041590925
"[40,60)",0,48188,14,2021-10-05,0.0002905287623474724
"[40,60)",1,46457,10,2021-10-05,0.00021525281443054867
"[60,80)",0,31952,5,2021-10-05,0.00015648472709063596
"[60,80)",1,38591,12,2021-10-05,0.00031095333108755927
"[80,200)",0,4814,0,2021-10-05,0.0
"[80,200)",1,9224,0,2021-10-05,0.0
,0,1598,0,2021-10-05,0.0
,1,1361,0,2021-10-05,0.0
"[0,40)",0,72965,27,2021-10-06,0.00037004043034331526
"[0,40)",1,68765,39,2021-10-06,0.0005671489856758525
"[40,60)",0,48188,13,2021-10-06,0.0002697767078940815
"[40,60)",1,46457,12,2021-10-06,0.0002583033773166584
"[60,80)",0,31952,9,2021-10-06,0.00028167250876314474
"[60,80)",1,38590,5,2021-10-06,0.0001295672454003628
"[80,200)",0,4809,2,2021-10-06,0.0004158868787689748
"[80,200)",1,9223,3,2021-10-06,0.00032527377209151036
,0,1598,0,2021-10-06,0.0
,1,1361,0,2021-10-06,0.0
"[0,40)",0,72965,31,2021-10-07,0.00042486123483862127
"[0,40)",1,68765,32,2021-10-07,0.000465353013887879
"[40,60)",0,48188,19,2021-10-07,0.0003942890346144268
"[40,60)",1,46457,12,2021-10-07,0.0002583033773166584
"[60,80)",0,31949,10,2021-10-07,0.00031299884190428494
"[60,80)",1,38588,7,2021-10-07,0.00018140354514356794
"[80,200)",0,4808,0,2021-10-07,0.0
"[80,200)",1,9221,1,2021-10-07,0.00010844810758052273
,0,1598,0,2021-10-07,0.0
,1,1361,0,2021-10-07,0.0
"[0,40)",0,72965,47,2021-10-08,0.0006441444528198451
"[0,40)",1,68765,48,2021-10-08,0.0006980295208318185
"[40,60)",0,48188,25,2021-10-08,0.0005188013613347722
"[40,60)",1,46457,19,2021-10-08,0.0004089803474180425
"[60,80)",0,31948,7,2021-10-08,0.00021910604732690623
"[60,80)",1,38588,8,2021-10-08,0.0002073183373069348
"[80,200)",0,4807,1,2021-10-08,0.00020802995631370917
"[80,200)",1,9218,3,2021-10-08,0.0003254502061184639
,0,1598,0,2021-10-08,0.0
,1,1361,0,2021-10-08,0.0
"[0,40)",0,72965,11,2021-10-09,0.0001507572123620914
"[0,40)",1,68765,9,2021-10-09,0.00013088053515596598
"[40,60)",0,48186,8,2021-10-09,0.00016602332627734196
"[40,60)",1,46457,8,2021-10-09,0.00017220225154443894
"[60,80)",0,31947,1,2021-10-09,3.130184367859267e-05
"[60,80)",1,38587,2,2021-10-09,5.183092751444787e-05
"[80,200)",0,4805,0,2021-10-09,0.0
"[80,200)",1,9218,0,2021-10-09,0.0
,0,1598,0,2021-10-09,0.0
,1,1361,0,2021-10-09,0.0
"[0,40)",0,72965,11,2021-10-10,0.0001507572123620914
"[0,40)",1,68765,10,2021-10-10,0.00014542281683996218
"[40,60)",0,48184,5,2021-10-10,0.00010376888593724057
"[40,60)",1,46456,6,2021-10-10,0.00012915446874461856
"[60,80)",0,31942,1,2021-10-10,3.130674347254399e-05
"[60,80)",1,38586,0,2021-10-10,0.0
"[80,200)",0,4805,0,2021-10-10,0.0
"[80,200)",1,9216,0,2021-10-10,0.0
,0,1598,0,2021-10-10,0.0
,1,1361,0,2021-10-10,0.0
"[0,40)",0,72965,34,2021-10-11,0.0004659768382101007
"[0,40)",1,68765,25,2021-10-11,0.00036355704209990546
"[40,60)",0,48184,17,2021-10-11,0.00035281421218661795
"[40,60)",1,46456,11,2021-10-11,0.00023678319269846736
"[60,80)",0,31938,10,2021-10-11,0.0003131066441229883
"[60,80)",1,38583,4,2021-10-11,0.00010367260192312677
"[80,200)",0,4801,0,2021-10-11,0.0
"[80,200)",1,9215,0,2021-10-11,0.0
,0,1598,0,2021-10-11,0.0
,1,1361,0,2021-10-11,0.0
"[0,40)",0,72965,27,2021-10-12,0.00037004043034331526
"[0,40)",1,68765,32,2021-10-12,0.000465353013887879
"[40,60)",0,48183,20,2021-10-12,0.00041508415831309795
"[40,60)",1,46456,10,2021-10-12,0.00021525744790769761
"[60,80)",0,31935,2,2021-10-12,6.262721152340693e-05
"[60,80)",1,38579,10,2021-10-12,0.0002592083776147645
"[80,200)",0,4800,0,2021-10-12,0.0
"[80,200)",1,9213,0,2021-10-12,0.0
,0,1598,0,2021-10-12,0.0
,1,1361,0,2021-10-12,0.0
"[0,40)",0,72964,29,2021-10-13,0.000397456279809221
"[0,40)",1,68765,24,2021-10-13,0.00034901476041590925
"[40,60)",0,48181,22,2021-10-13,0.00045661152736555904
"[40,60)",1,46456,12,2021-10-13,0.00025830893748923713
"[60,80)",0,31932,7,2021-10-13,0.00021921583364649882
"[60,80)",1,38579,3,2021-10-13,7.776251328442936e-05
"[80,200)",0,4799,0,2021-10-13,0.0
"[80,200)",1,9211,0,2021-10-13,0.0
,0,1598,0,2021-10-13,0.0
,1,1361,0,2021-10-13,0.0
"[0,40)",0,72964,24,2021-10-14,0.0003289293350145277
"[0,40)",1,68765,25,2021-10-14,0.00036355704209990546
"[40,60)",0,48181,19,2021-10-14,0.0003943463190884374
"[40,60)",1,46456,17,2021-10-14,0.00036593766144308595
"[60,80)",0,31932,5,2021-10-14,0.00015658273831892772
"[60,80)",1,38578,8,2021-10-14,0.00020737207734978485
"[80,200)",0,4796,0,2021-10-14,0.0
"[80,200)",1,9208,0,2021-10-14,0.0
,0,1598,0,2021-10-14,0.0
,1,1361,0,2021-10-14,0.0
"[0,40)",0,72964,44,2021-10-15,0.0006030371141933008
"[0,40)",1,68765,49,2021-10-15,0.0007125718025158147
"[40,60)",0,48181,23,2021-10-15,0.00047736659679126626
"[40,60)",1,46455,24,2021-10-15,0.0005166289958023894
"[60,80)",0,31930,5,2021-10-15,0.00015659254619480113
"[60,80)",1,38577,10,2021-10-15,0.00025922181610804363
"[80,200)",0,4796,1,2021-10-15,0.0002085070892410342
"[80,200)",1,9205,1,2021-10-15,0.00010863661053775122
,0,1598,0,2021-10-15,0.0
,1,1361,0,2021-10-15,0.0
"[0,40)",0,72964,16,2021-10-16,0.00021928622334301846
"[0,40)",1,68765,13,2021-10-16,0.00018904966189195083
"[40,60)",0,48179,8,2021-10-16,0.00016604744805828265
"[40,60)",1,46454,8,2021-10-16,0.00017221337236836441
"[60,80)",0,31928,1,2021-10-16,3.132047105988474e-05
"[60,80)",1,38575,2,2021-10-16,5.184705119896306e-05
"[80,200)",0,4795,0,2021-10-16,0.0
"[80,200)",1,9203,0,2021-10-16,0.0
,0,1598,0,2021-10-16,0.0
,1,1361,0,2021-10-16,0.0
"[0,40)",0,72964,7,2021-10-17,9.593772271257059e-05
"[0,40)",1,68765,13,2021-10-17,0.00018904966189195083
"[40,60)",0,48179,6,2021-10-17,0.00012453558604371198
"[40,60)",1,46454,2,2021-10-17,4.3053343092091103e-05
"[60,80)",0,31925,0,2021-10-17,0.0
"[60,80)",1,38573,1,2021-10-17,2.592486972752962e-05
"[80,200)",0,4794,0,2021-10-17,0.0
"[80,200)",1,9202,1,2021-10-17,0.00010867202782003912
,0,1598,0,2021-10-17,0.0
,1,1361,0,2021-10-17,0.0
"[0,40)",0,72964,41,2021-10-18,0.0005619209473164848
"[0,40)",1,68765,25,2021-10-18,0.00036355704209990546
"[40,60)",0,48179,18,2021-10-18,0.00037360675813113595
"[40,60)",1,46451,19,2021-10-18,0.00040903317474327784
"[60,80)",0,31923,7,2021-10-18,0.0002192776368135827
"[60,80)",1,38570,4,2021-10-18,0.00010370754472387866
"[80,200)",0,4794,0,2021-10-18,0.0
"[80,200)",1,9200,2,2021-10-18,0.0002173913043478261
,0,1598,0,2021-10-18,0.0
,1,1361,0,2021-10-18,0.0
"[0,40)",0,72963,33,2021-10-19,0.0004522840343735866
"[0,40)",1,68765,27,2021-10-19,0.00039264160546789793
"[40,60)",0,48178,17,2021-10-19,0.00035285815102328866
"[40,60)",1,46450,22,2021-10-19,0.0004736275565123789
"[60,80)",0,31919,10,2021-10-19,0.0003132930229643786
"[60,80)",1,38568,11,2021-10-19,0.0002852105372329392
"[80,200)",0,4790,0,2021-10-19,0.0
"[80,200)",1,9199,0,2021-10-19,0.0
,0,1598,0,2021-10-19,0.0
,1,1361,0,2021-10-19,0.0
"[0,40)",0,72963,38,2021-10-20,0.0005208119183695846
"[0,40)",1,68765,51,2021-10-20,0.0007416563658838071
"[40,60)",0,48178,20,2021-10-20,0.0004151272364979866
"[40,60)",1,46450,19,2021-10-20,0.00040904198062432725
"[60,80)",0,31916,6,2021-10-20,0.00018799348289259306
"[60,80)",1,38567,11,2021-10-20,0.0002852179324292789
"[80,200)",0,4788,1,2021-10-20,0.00020885547201336674
"[80,200)",1,9197,2,2021-10-20,0.00021746221593998044
,0,1598,0,2021-10-20,0.0
,1,1361,0,2021-10-20,0.0
"[0,40)",0,72963,61,2021-10-21,0.0008360401847511752
"[0,40)",1,68765,53,2021-10-21,0.0007707409292517997
"[40,60)",0,48178,42,2021-10-21,0.0008717671966457719
"[40,60)",1,46450,42,2021-10-21,0.0009041980624327233
"[60,80)",0,31916,21,2021-10-21,0.0006579771901240757
"[60,80)",1,38566,18,2021-10-21,0.00046673235492402634
"[80,200)",0,4786,3,2021-10-21,0.0006268282490597576
"[80,200)",1,9194,0,2021-10-21,0.0
,0,1598,0,2021-10-21,0.0
,1,1361,0,2021-10-21,0.0
"[0,40)",0,72963,84,2021-10-22,0.001151268451132766
"[0,40)",1,68765,86,2021-10-22,0.001250636224823675
"[40,60)",0,48178,53,2021-10-22,0.0011000871767196645
"[40,60)",1,46449,44,2021-10-22,0.0009472755064694611
"[60,80)",0,31913,19,2021-10-22,0.0005953686585404068
"[60,80)",1,38566,10,2021-10-22,0.0002592957527355702
"[80,200)",0,4781,0,2021-10-22,0.0
"[80,200)",1,9190,2,2021-10-22,0.0002176278563656148
,0,1598,0,2021-10-22,0.0
,1,1361,0,2021-10-22,0.0
"[0,40)",0,72963,22,2021-10-23,0.00030152268958239106
"[0,40)",1,68765,33,2021-10-23,0.00047989529557187523
"[40,60)",0,48178,17,2021-10-23,0.00035285815102328866
"[40,60)",1,46449,15,2021-10-23,0.00032293483175095265
"[60,80)",0,31909,5,2021-10-23,0.00015669560312137643
"[60,80)",1,38566,2,2021-10-23,5.185915054711404e-05
"[80,200)",0,4779,0,2021-10-23,0.0
"[80,200)",1,9189,0,2021-10-23,0.0
,0,1598,0,2021-10-23,0.0
,1,1361,0,2021-10-23,0.0
"[0,40)",0,72963,22,2021-10-24,0.00030152268958239106
"[0,40)",1,68765,22,2021-10-24,0.00031993019704791684
"[40,60)",0,48175,15,2021-10-24,0.00031136481577581735
"[40,60)",1,46449,10,2021-10-24,0.00021528988783396844
"[60,80)",0,31904,2,2021-10-24,6.268806419257773e-05
"[60,80)",1,38565,4,2021-10-24,0.00010372099053545961
"[80,200)",0,4779,0,2021-10-24,0.0
"[80,200)",1,9187,0,2021-10-24,0.0
,0,1598,0,2021-10-24,0.0
,1,1361,0,2021-10-24,0.0
"[0,40)",0,72963,95,2021-10-25,0.0013020297959239614
"[0,40)",1,68764,73,2021-10-25,0.0010616020010470596
"[40,60)",0,48173,55,2021-10-25,0.001141718389969485
"[40,60)",1,46448,47,2021-10-25,0.001011884257664485
"[60,80)",0,31901,13,2021-10-25,0.0004075107363405536
"[60,80)",1,38563,15,2021-10-25,0.0003889738868863937
"[80,200)",0,4778,2,2021-10-25,0.0004185851820845542
"[80,200)",1,9187,2,2021-10-25,0.00021769892239033417
,0,1598,0,2021-10-25,0.0
,1,1361,0,2021-10-25,0.0
"[0,40)",0,72963,93,2021-10-26,0.0012746186423255622
"[0,40)",1,68764,111,2021-10-26,0.0016142167413181316
"[40,60)",0,48173,58,2021-10-26,0.0012039939385132751
"[40,60)",1,46447,61,2021-10-26,0.0013133248648997781
"[60,80)",0,31899,24,2021-10-26,0.0007523746825919308
"[60,80)",1,38561,29,2021-10-26,0.0007520551852908379
"[80,200)",0,4777,2,2021-10-26,0.0004186728072011723
"[80,200)",1,9185,4,2021-10-26,0.00043549265106151335
,0,1598,0,2021-10-26,0.0
,1,1361,0,2021-10-26,0.0
"[0,40)",0,72962,134,2021-10-27,0.0018365724623776762
"[0,40)",1,68764,112,2021-10-27,0.0016287592344831597
"[40,60)",0,48172,75,2021-10-27,0.001556921032965208
"[40,60)",1,46447,105,2021-10-27,0.002260641160893061
"[60,80)",0,31895,15,2021-10-27,0.0004702931493964571
"[60,80)",1,38559,23,2021-10-27,0.0005964884981456988
"[80,200)",0,4775,0,2021-10-27,0.0
"[80,200)",1,9181,1,2021-10-27,0.00010892059688487092
,0,1598,0,2021-10-27,0.0
,1,1361,0,2021-10-27,0.0
"[0,40)",0,72962,21,2021-10-28,0.0002878210575368
"[0,40)",1,68764,30,2021-10-28,0.00043627479495084637
"[40,60)",0,48171,14,2021-10-28,0.0002906312926864711
"[40,60)",1,46447,19,2021-10-28,0.0004090684005425539
"[60,80)",0,31889,7,2021-10-28,0.0002195114302737621
"[60,80)",1,38558,3,2021-10-28,7.780486539758286e-05
"[80,200)",0,4772,2,2021-10-28,0.00041911148365465214
"[80,200)",1,9176,0,2021-10-28,0.0
,0,1598,0,2021-10-28,0.0
,1,1361,0,2021-10-28,0.0
"[0,40)",0,72962,112,2021-10-29,0.0015350456401962665
"[0,40)",1,68763,144,2021-10-29,0.0020941494699184154
"[40,60)",0,48171,81,2021-10-29,0.0016815096219717257
"[40,60)",1,46447,80,2021-10-29,0.0017223932654423322
"[60,80)",0,31889,20,2021-10-29,0.0006271755150678918
"[60,80)",1,38557,19,2021-10-29,0.0004927769276655341
"[80,200)",0,4768,1,2021-10-29,0.00020973154362416107
"[80,200)",1,9173,1,2021-10-29,0.00010901558922925978
,0,1598,0,2021-10-29,0.0
,1,1361,0,2021-10-29,0.0
"[0,40)",0,72962,34,2021-10-30,0.0004659959979167238
"[0,40)",1,68763,37,2021-10-30,0.0005380800721318151
"[40,60)",0,48170,19,2021-10-30,0.00039443637118538507
"[40,60)",1,46447,22,2021-10-30,0.0004736581479966413
"[60,80)",0,31885,4,2021-10-30,0.00012545083895248549
"[60,80)",1,38555,4,2021-10-30,0.00010374789262093114
"[80,200)",0,4765,0,2021-10-30,0.0
"[80,200)",1,9170,0,2021-10-30,0.0
,0,1598,0,2021-10-30,0.0
,1,1361,0,2021-10-30,0.0
"[0,40)",0,72962,41,2021-10-31,0.0005619363504289905
"[0,40)",1,68763,24,2021-10-31,0.00034902491165306925
"[40,60)",0,48167,23,2021-10-31,0.00047750534598376483
"[40,60)",1,46446,15,2021-10-31,0.00032295569047926625
"[60,80)",0,31884,6,2021-10-31,0.0001881821603312006
"[60,80)",1,38552,3,2021-10-31,7.781697447603237e-05
"[80,200)",0,4765,0,2021-10-31,0.0
"[80,200)",1,9168,0,2021-10-31,0.0
,0,1598,0,2021-10-31,0.0
,1,1361,0,2021-10-31,0.0
"[0,40)",0,72962,136,2021-11-01,0.0018639839916668951
"[0,40)",1,68763,109,2021-11-01,0.0015851548070910228
"[40,60)",0,48165,75,2021-11-01,0.0015571473061351605
"[40,60)",1,46446,64,2021-11-01,0.0013779442793782027
"[60,80)",0,31883,36,2021-11-01,0.001129128375623373
"[60,80)",1,38551,21,2021-11-01,0.0005447329511556121
"[80,200)",0,4760,3,2021-11-01,0.0006302521008403362
"[80,200)",1,9159,2,2021-11-01,0.00021836445026749646
,0,1598,0,2021-11-01,0.0
,1,1361,0,2021-11-01,0.0
"[0,40)",0,72961,151,2021-11-02,0.0020695988267704665
"[0,40)",1,68763,126,2021-11-02,0.0018323807861786135
"[40,60)",0,48165,88,2021-11-02,0.0018270528391985882
"[40,60)",1,46446,62,2021-11-02,0.0013348835206476338
"[60,80)",0,31880,24,2021-11-02,0.000752823086574655
"[60,80)",1,38550,36,2021-11-02,0.000933852140077821
"[80,200)",0,4757,6,2021-11-02,0.0012612991381122556
"[80,200)",1,9155,4,2021-11-02,0.0004369197160021846
,0,1598,0,2021-11-02,0.0
,1,1361,0,2021-11-02,0.0
"[0,40)",0,72961,146,2021-11-03,0.0020010690642946233
"[0,40)",1,68763,130,2021-11-03,0.0018905516047874585
"[40,60)",0,48165,80,2021-11-03,0.001660957126544171
"[40,60)",1,46445,71,2021-11-03,0.0015286898482075573
"[60,80)",0,31877,39,2021-11-03,0.0012234526461084795
"[60,80)",1,38548,25,2021-11-03,0.0006485420774099824
"[80,200)",0,4755,1,2021-11-03,0.0002103049421661409
"[80,200)",1,9152,3,2021-11-03,0.0003277972027972028
,0,1598,0,2021-11-03,0.0
,1,1361,0,2021-11-03,0.0
"[0,40)",0,72961,171,2021-11-04,0.0023437178766738394
"[0,40)",1,68763,134,2021-11-04,0.0019487224233963032
"[40,60)",0,48165,103,2021-11-04,0.0021384823004256203
"[40,60)",1,46445,91,2021-11-04,0.0019593067068575734
"[60,80)",0,31876,27,2021-11-04,0.0008470322499686284
"[60,80)",1,38545,35,2021-11-04,0.0009080295758204696
"[80,200)",0,4753,5,2021-11-04,0.001051967178624027
"[80,200)",1,9150,4,2021-11-04,0.0004371584699453552
,0,1598,0,2021-11-04,0.0
,1,1361,0,2021-11-04,0.0
"[0,40)",0,72961,204,2021-11-05,0.002796014309014405
"[0,40)",1,68763,181,2021-11-05,0.0026322295420502305
"[40,60)",0,48165,107,2021-11-05,0.002221530156752829
"[40,60)",1,46445,99,2021-11-05,0.00213155345031758
"[60,80)",0,31872,24,2021-11-05,0.0007530120481927711
"[60,80)",1,38543,35,2021-11-05,0.0009080766935630335
"[80,200)",0,4753,2,2021-11-05,0.00042078687144961075
"[80,200)",1,9148,3,2021-11-05,0.00032794053344993443
,0,1598,0,2021-11-05,0.0
,1,1361,0,2021-11-05,0.0
"[0,40)",0,72961,67,2021-11-06,0.0009182988171762996
"[0,40)",1,68763,60,2021-11-06,0.000872562279132673
"[40,60)",0,48164,29,2021-11-06,0.0006021094593472303
"[40,60)",1,46445,31,2021-11-06,0.000667456130907525
"[60,80)",0,31871,6,2021-11-06,0.00018825891876627656
"[60,80)",1,38541,8,2021-11-06,0.00020757115798759762
"[80,200)",0,4750,1,2021-11-06,0.0002105263157894737
"[80,200)",1,9147,1,2021-11-06,0.00010932546190007652
,0,1598,0,2021-11-06,0.0
,1,1361,0,2021-11-06,0.0
"[0,40)",0,72961,46,2021-11-07,0.000630473814777758
"[0,40)",1,68763,36,2021-11-07,0.0005235373674796038
"[40,60)",0,48163,27,2021-11-07,0.0005605963083694952
"[40,60)",1,46445,20,2021-11-07,0.00043061685865001615
"[60,80)",0,31867,3,2021-11-07,9.414127467285908e-05
"[60,80)",1,38540,1,2021-11-07,2.5947067981318112e-05
"[80,200)",0,4747,0,2021-11-07,0.0
"[80,200)",1,9141,0,2021-11-07,0.0
,0,1598,0,2021-11-07,0.0
,1,1361,0,2021-11-07,0.0
"[0,40)",0,72961,152,2021-11-08,0.002083304779265635
"[0,40)",1,68763,123,2021-11-08,0.00178875267222198
"[40,60)",0,48163,80,2021-11-08,0.0016610260988725784
"[40,60)",1,46445,69,2021-11-08,0.0014856281623425558
"[60,80)",0,31863,26,2021-11-08,0.0008159934720522236
"[60,80)",1,38535,29,2021-11-08,0.0007525626054236408
"[80,200)",0,4745,1,2021-11-08,0.00021074815595363542
"[80,200)",1,9138,2,2021-11-08,0.0002188662727073758
,0,1598,0,2021-11-08,0.0
,1,1361,0,2021-11-08,0.0
"[0,40)",0,72960,123,2021-11-09,0.0016858552631578948
"[0,40)",1,68763,121,2021-11-09,0.0017596672629175574
"[40,60)",0,48162,69,2021-11-09,0.0014326647564469914
"[40,60)",1,46445,66,2021-11-09,0.0014210356335450532
"[60,80)",0,31859,33,2021-11-09,0.0010358140556828526
"[60,80)",1,38533,19,2021-11-09,0.0004930838502063167
"[80,200)",0,4743,2,2021-11-09,0.000421674045962471
"[80,200)",1,9136,7,2021-11-09,0.000766199649737303
,0,1598,0,2021-11-09,0.0
,1,1361,0,2021-11-09,0.0
"[0,40)",0,72960,114,2021-11-10,0.0015625
"[0,40)",1,68762,148,2021-11-10,0.0021523515895407346
"[40,60)",0,48162,88,2021-11-10,0.0018271666459034094
"[40,60)",1,46445,60,2021-11-10,0.0012918505759500485
"[60,80)",0,31857,35,2021-11-10,0.001098659635245001
"[60,80)",1,38529,14,2021-11-10,0.0003633626618910431
"[80,200)",0,4742,1,2021-11-10,0.00021088148460565162
"[80,200)",1,9133,3,2021-11-10,0.00032847914157451
,0,1598,0,2021-11-10,0.0
,1,1361,0,2021-11-10,0.0
"[0,40)",0,72960,140,2021-11-11,0.001918859649122807
"[0,40)",1,68762,120,2021-11-11,0.0017451499374654606
"[40,60)",0,48162,81,2021-11-11,0.001681823844524729
"[40,60)",1,46445,83,2021-11-11,0.001787059963397567
"[60,80)",0,31855,28,2021-11-11,0.0008789828912258672
"[60,80)",1,38528,26,2021-11-11,0.0006748338870431893
"[80,200)",0,4739,1,2021-11-11,0.00021101498206372652
"[80,200)",1,9130,3,2021-11-11,0.0003285870755750274
,0,1598,0,2021-11-11,0.0
,1,1361,0,2021-11-11,0.0
"[0,40)",0,72960,183,2021-11-12,0.0025082236842105263
"[0,40)",1,68762,168,2021-11-12,0.0024432099124516446
"[40,60)",0,48161,84,2021-11-12,0.001744149830775939
"[40,60)",1,46445,92,2021-11-12,0.001980837549790074
"[60,80)",0,31851,24,2021-11-12,0.0007535085240651785
"[60,80)",1,38524,17,2021-11-12,0.00044128335583013185
"[80,200)",0,4738,1,2021-11-12,0.00021105951878429716
"[80,200)",1,9128,7,2021-11-12,0.0007668711656441718
,0,1598,0,2021-11-12,0.0
,1,1361,0,2021-11-12,0.0
"[0,40)",0,72960,49,2021-11-13,0.0006716008771929825
"[0,40)",1,68762,48,2021-11-13,0.0006980599749861842
"[40,60)",0,48160,26,2021-11-13,0.0005398671096345515
"[40,60)",1,46444,29,2021-11-13,0.0006244078890707088
"[60,80)",0,31845,2,2021-11-13,6.280420788192809e-05
"[60,80)",1,38523,5,2021-11-13,0.00012979259143888067
"[80,200)",0,4736,0,2021-11-13,0.0
"[80,200)",1,9126,0,2021-11-13,0.0
,0,1598,0,2021-11-13,0.0
,1,1361,0,2021-11-13,0.0
"[0,40)",0,72960,25,2021-11-14,0.0003426535087719298
"[0,40)",1,68762,31,2021-11-14,0.00045083040051191063
"[40,60)",0,48159,20,2021-11-14,0.0004152910151788866
"[40,60)",1,46443,13,2021-11-14,0.0002799130116486876
"[60,80)",0,31840,7,2021-11-14,0.0002198492462311558
"[60,80)",1,38521,3,2021-11-14,7.787959814127359e-05
"[80,200)",0,4736,0,2021-11-14,0.0
"[80,200)",1,9124,0,2021-11-14,0.0
,0,1598,0,2021-11-14,0.0
,1,1361,0,2021-11-14,0.0
"[0,40)",0,72960,161,2021-11-15,0.002206688596491228
"[0,40)",1,68762,147,2021-11-15,0.002137808673395189
"[40,60)",0,48159,71,2021-11-15,0.0014742831038850475
"[40,60)",1,46441,45,2021-11-15,0.0009689713830451541
"[60,80)",0,31837,27,2021-11-15,0.0008480698558281245
"[60,80)",1,38521,28,2021-11-15,0.0007268762493185535
"[80,200)",0,4734,3,2021-11-15,0.0006337135614702154
"[80,200)",1,9120,3,2021-11-15,0.0003289473684210526
,0,1598,0,2021-11-15,0.0
,1,1361,0,2021-11-15,0.0
"[0,40)",0,72960,154,2021-11-16,0.0021107456140350878
"[0,40)",1,68762,171,2021-11-16,0.0024868386608882815
"[40,60)",0,48156,77,2021-11-16,0.0015989700141207741
"[40,60)",1,46441,65,2021-11-16,0.0013996253310652226
"[60,80)",0,31837,32,2021-11-16,0.001005119829129629
"[60,80)",1,38519,31,2021-11-16,0.0008047976323372881
"[80,200)",0,4730,4,2021-11-16,0.0008456659619450317
"[80,200)",1,9117,7,2021-11-16,0.000767796424262367
,0,1598,0,2021-11-16,0.0
,1,1361,0,2021-11-16,0.0
"[0,40)",0,72960,54,2021-11-17,0.0007401315789473684
"[0,40)",1,68762,38,2021-11-17,0.0005526308135307291
"[40,60)",0,48156,18,2021-11-17,0.000373785198106155
"[40,60)",1,46440,9,2021-11-17,0.0001937984496124031
"[60,80)",0,31835,5,2021-11-17,0.00015705983979896342
"[60,80)",1,38515,7,2021-11-17,0.0001817473711540958
"[80,200)",0,4729,1,2021-11-17,0.00021146119687037428
"[80,200)",1,9114,1,2021-11-17,0.00010972130787798991
,0,1598,0,2021-11-17,0.0
,1,1361,0,2021-11-17,0.0
"[0,40)",0,72959,175,2021-11-18,0.0023986074370536876
"[0,40)",1,68762,162,2021-11-18,0.0023559524155783718
"[40,60)",0,48156,90,2021-11-18,0.001868925990530775
"[40,60)",1,46440,70,2021-11-18,0.0015073212747631353
"[60,80)",0,31829,25,2021-11-18,0.0007854472336548431
"[60,80)",1,38512,33,2021-11-18,0.0008568757789779809
"[80,200)",0,4728,7,2021-11-18,0.0014805414551607445
"[80,200)",1,9110,8,2021-11-18,0.0008781558726673985
,0,1598,0,2021-11-18,0.0
,1,1361,0,2021-11-18,0.0
"[0,40)",0,72958,226,2021-11-19,0.003097672633569999
"[0,40)",1,68762,216,2021-11-19,0.003141269887437829
"[40,60)",0,48156,104,2021-11-19,0.0021596478112800065
"[40,60)",1,46439,99,2021-11-19,0.0021318288507504468
"[60,80)",0,31828,33,2021-11-19,0.001036822923212266
"[60,80)",1,38507,28,2021-11-19,0.0007271405199054717
"[80,200)",0,4725,2,2021-11-19,0.0004232804232804233
"[80,200)",1,9107,7,2021-11-19,0.0007686395080707148
,0,1598,0,2021-11-19,0.0
,1,1361,0,2021-11-19,0.0
"[0,40)",0,72958,82,2021-11-20,0.0011239343183749553
"[0,40)",1,68762,77,2021-11-20,0.001119804543207004
"[40,60)",0,48155,44,2021-11-20,0.0009137161250129789
"[40,60)",1,46439,35,2021-11-20,0.0007536768664269256
"[60,80)",0,31828,10,2021-11-20,0.00031418876460977753
"[60,80)",1,38507,9,2021-11-20,0.00023372373854104448
"[80,200)",0,4725,0,2021-11-20,0.0
"[80,200)",1,9105,0,2021-11-20,0.0
,0,1598,0,2021-11-20,0.0
,1,1361,0,2021-11-20,0.0
"[0,40)",0,72958,81,2021-11-21,0.001110227802297212
"[0,40)",1,68762,55,2021-11-21,0.0007998603880050028
"[40,60)",0,48155,30,2021-11-21,0.0006229882670543038
"[40,60)",1,46439,18,2021-11-21,0.0003876052455909903
"[60,80)",0,31823,8,2021-11-21,0.00025139050372372185
"[60,80)",1,38506,4,2021-11-21,0.00010387991481846985
"[80,200)",0,4724,0,2021-11-21,0.0
"[80,200)",1,9098,1,2021-11-21,0.00010991426687183997
,0,1598,0,2021-11-21,0.0
,1,1361,0,2021-11-21,0.0
"[0,40)",0,72958,204,2021-11-22,0.002796129279859645
"[0,40)",1,68762,147,2021-11-22,0.002137808673395189
"[40,60)",0,48155,88,2021-11-22,0.0018274322500259578
"[40,60)",1,46439,70,2021-11-22,0.0015073537328538513
"[60,80)",0,31821,31,2021-11-22,0.0009741994280506584
"[60,80)",1,38502,28,2021-11-22,0.0007272349488338268
"[80,200)",0,4723,0,2021-11-22,0.0
"[80,200)",1,9094,6,2021-11-22,0.0006597756762700682
,0,1598,0,2021-11-22,0.0
,1,1361,0,2021-11-22,0.0
"[0,40)",0,72958,194,2021-11-23,0.0026590641190822116
"[0,40)",1,68762,160,2021-11-23,0.002326866583287281
"[40,60)",0,48155,74,2021-11-23,0.0015367043920672828
"[40,60)",1,46439,54,2021-11-23,0.001162815736772971
"[60,80)",0,31820,25,2021-11-23,0.0007856693903205531
"[60,80)",1,38500,41,2021-11-23,0.0010649350649350648
"[80,200)",0,4722,1,2021-11-23,0.00021177467174925878
"[80,200)",1,9090,7,2021-11-23,0.0007700770077007701
,0,1598,0,2021-11-23,0.0
,1,1361,0,2021-11-23,0.0
"[0,40)",0,72958,185,2021-11-24,0.0025357054743825216
"[0,40)",1,68762,159,2021-11-24,0.0023123236671417353
"[40,60)",0,48153,102,2021-11-24,0.002118248084231512
"[40,60)",1,46438,79,2021-11-24,0.0017011929885007969
"[60,80)",0,31814,31,2021-11-24,0.0009744137800968127
"[60,80)",1,38497,33,2021-11-24,0.0008572096527002104
"[80,200)",0,4720,0,2021-11-24,0.0
"[80,200)",1,9086,5,2021-11-24,0.000550297160466652
,0,1598,0,2021-11-24,0.0
,1,1361,0,2021-11-24,0.0
"[0,40)",0,72956,172,2021-11-25,0.002357585393936071
"[0,40)",1,68762,184,2021-11-25,0.0026758965707803727
"[40,60)",0,48153,101,2021-11-25,0.002097480946150811
"[40,60)",1,46438,70,2021-11-25,0.0015073861923424782
"[60,80)",0,31814,25,2021-11-25,0.0007858175645942038
"[60,80)",1,38496,34,2021-11-25,0.0008832086450540316
"[80,200)",0,4719,3,2021-11-25,0.0006357279084551812
"[80,200)",1,9081,7,2021-11-25,0.0007708402158352604
,0,1598,0,2021-11-25,0.0
,1,1361,0,2021-11-25,0.0
"[0,40)",0,72956,208,2021-11-26,0.002851033499643621
"[0,40)",1,68762,176,2021-11-26,0.002559553241616009
"[40,60)",0,48153,100,2021-11-26,0.00207671380807011
"[40,60)",1,46437,81,2021-11-26,0.0017442987273079656
"[60,80)",0,31812,26,2021-11-26,0.0008173016471771659
"[60,80)",1,38492,37,2021-11-26,0.0009612386989504313
"[80,200)",0,4716,6,2021-11-26,0.001272264631043257
"[80,200)",1,9075,10,2021-11-26,0.0011019283746556473
,0,1598,0,2021-11-26,0.0
,1,1361,0,2021-11-26,0.0
"[0,40)",0,72956,91,2021-11-27,0.0012473271560940842
"[0,40)",1,68761,74,2021-11-27,0.001076191445732319
"[40,60)",0,48150,34,2021-11-27,0.0007061266874350986
"[40,60)",1,46436,29,2021-11-27,0.0006245154621414419
"[60,80)",0,31811,8,2021-11-27,0.0002514853352613876
"[60,80)",1,38492,7,2021-11-27,0.00018185597007170322
"[80,200)",0,4715,2,2021-11-27,0.0004241781548250265
"[80,200)",1,9069,0,2021-11-27,0.0
,0,1598,0,2021-11-27,0.0
,1,1361,0,2021-11-27,0.0
"[0,40)",0,72956,34,2021-11-28,0.0004660343220571303
"[0,40)",1,68761,39,2021-11-28,0.0005671819781562223
"[40,60)",0,48149,12,2021-11-28,0.00024922635984132586
"[40,60)",1,46435,10,2021-11-28,0.0002153547970281038
"[60,80)",0,31806,2,2021-11-28,6.288121738036849e-05
"[60,80)",1,38490,1,2021-11-28,2.5980774227071968e-05
"[80,200)",0,4712,1,2021-11-28,0.00021222410865874363
"[80,200)",1,9062,1,2021-11-28,0.00011035091591260208
,0,1598,0,2021-11-28,0.0
,1,1361,0,2021-11-28,0.0
"[0,40)",0,72956,140,2021-11-29,0.0019189648555293602
"[0,40)",1,68761,110,2021-11-29,0.0015997440409534474
"[40,60)",0,48149,59,2021-11-29,0.001225362935886519
"[40,60)",1,46435,49,2021-11-29,0.0010552385054377086
"[60,80)",0,31804,26,2021-11-29,0.0008175072317947428
"[60,80)",1,38488,25,2021-11-29,0.0006495531074620661
"[80,200)",0,4709,3,2021-11-29,0.0006370779358674878
"[80,200)",1,9059,4,2021-11-29,0.00044154983993818304
,0,1598,0,2021-11-29,0.0
,1,1361,0,2021-11-29,0.0
"[0,40)",0,72956,127,2021-11-30,0.001740775261801634
"[0,40)",1,68761,139,2021-11-30,0.0020214947426593563
"[40,60)",0,48147,52,2021-11-30,0.0010800257544602986
"[40,60)",1,46434,50,2021-11-30,0.0010767971744842142
"[60,80)",0,31799,24,2021-11-30,0.0007547407151168276
"[60,80)",1,38486,21,2021-11-30,0.0005456529647144416
"[80,200)",0,4708,4,2021-11-30,0.0008496176720475786
"[80,200)",1,9053,3,2021-11-30,0.00033138186236606647
,0,1598,0,2021-11-30,0.0
,1,1361,0,2021-11-30,0.0
"[0,40)",0,72956,117,2021-12-01,0.0016037063435495368
"[0,40)",1,68761,126,2021-12-01,0.001832434083273949
"[40,60)",0,48146,70,2021-12-01,0.0014539110206455365
"[40,60)",1,46434,54,2021-12-01,0.0011629409484429512
"[60,80)",0,31796,28,2021-12-01,0.0008806139136998364
"[60,80)",1,38484,26,2021-12-01,0.0006756054464192911
"[80,200)",0,4704,2,2021-12-01,0.00042517006802721087
"[80,200)",1,9049,1,2021-12-01,0.00011050944855785169
,0,1598,0,2021-12-01,0.0
,1,1361,0,2021-12-01,0.0
"[0,40)",0,72956,115,2021-12-02,0.0015762925598991173
"[0,40)",1,68761,94,2021-12-02,0.001367053998632946
"[40,60)",0,48145,46,2021-12-02,0.0009554470869249143
"[40,60)",1,46434,43,2021-12-02,0.0009260455700564242
"[60,80)",0,31795,27,2021-12-02,0.00084919012423337
"[60,80)",1,38480,23,2021-12-02,0.0005977130977130977
"[80,200)",0,4699,2,2021-12-02,0.00042562247286656737
"[80,200)",1,9045,4,2021-12-02,0.0004422332780541736
,0,1598,0,2021-12-02,0.0
,1,1361,0,2021-12-02,0.0
"[0,40)",0,72956,90,2021-12-03,0.0012336202642688743
"[0,40)",1,68761,66,2021-12-03,0.0009598464245720685
"[40,60)",0,48144,54,2021-12-03,0.0011216350947158525
"[40,60)",1,46433,27,2021-12-03,0.0005814829970064393
"[60,80)",0,31791,12,2021-12-03,0.0003774653203736907
"[60,80)",1,38479,20,2021-12-03,0.0005197640271316822
"[80,200)",0,4695,0,2021-12-03,0.0
"[80,200)",1,9042,5,2021-12-03,0.0005529750055297501
,0,1598,0,2021-12-03,0.0
,1,1361,0,2021-12-03,0.0
"[0,40)",0,72956,24,2021-12-04,0.00032896540380503316
"[0,40)",1,68761,22,2021-12-04,0.00031994880819068947
"[40,60)",0,48143,10,2021-12-04,0.00020771451716760484
"[40,60)",1,46433,7,2021-12-04,0.00015075485107574356
"[60,80)",0,31786,4,2021-12-04,0.00012584156546907444
"[60,80)",1,38478,1,2021-12-04,2.59888767607464e-05
"[80,200)",0,4691,0,2021-12-04,0.0
"[80,200)",1,9039,1,2021-12-04,0.00011063170704723974
,0,1598,0,2021-12-04,0.0
,1,1361,0,2021-12-04,0.0
"[0,40)",0,72956,13,2021-12-05,0.0001781895937277263
"[0,40)",1,68761,16,2021-12-05,0.00023269004232050146
"[40,60)",0,48142,10,2021-12-05,0.00020771883178929003
"[40,60)",1,46433,4,2021-12-05,8.614562918613917e-05
"[60,80)",0,31783,5,2021-12-05,0.00015731680458106536
"[60,80)",1,38477,0,2021-12-05,0.0
"[80,200)",0,4690,0,2021-12-05,0.0
"[80,200)",1,9032,0,2021-12-05,0.0
,0,1598,0,2021-12-05,0.0
,1,1361,0,2021-12-05,0.0
"[0,40)",0,72956,86,2021-12-06,0.0011787926969680355
"[0,40)",1,68761,67,2021-12-06,0.0009743895522170998
"[40,60)",0,48142,38,2021-12-06,0.0007893315607993021
"[40,60)",1,46433,43,2021-12-06,0.0009260655137509961
"[60,80)",0,31779,15,2021-12-06,0.0004720098178042103
"[60,80)",1,38474,17,2021-12-06,0.00044185683838436347
"[80,200)",0,4687,2,2021-12-06,0.0004267121826328142
"[80,200)",1,9031,5,2021-12-06,0.0005536485439043296
,0,1598,0,2021-12-06,0.0
,1,1361,0,2021-12-06,0.0
"[0,40)",0,72956,56,2021-12-07,0.0007675859422117441
"[0,40)",1,68760,54,2021-12-07,0.0007853403141361257
"[40,60)",0,48142,29,2021-12-07,0.000602384612188941
"[40,60)",1,46432,22,2021-12-07,0.00047381116471399037
"[60,80)",0,31776,18,2021-12-07,0.0005664652567975831
"[60,80)",1,38474,17,2021-12-07,0.00044185683838436347
"[80,200)",0,4683,2,2021-12-07,0.00042707666026051675
"[80,200)",1,9028,5,2021-12-07,0.0005538325210456358
,0,1598,0,2021-12-07,0.0
,1,1361,0,2021-12-07,0.0
"[0,40)",0,72956,70,2021-12-08,0.0009594824277646801
"[0,40)",1,68760,72,2021-12-08,0.0010471204188481676
"[40,60)",0,48142,35,2021-12-08,0.000727015911262515
"[40,60)",1,46432,32,2021-12-08,0.0006891798759476223
"[60,80)",0,31767,27,2021-12-08,0.0008499386155444329
"[60,80)",1,38469,23,2021-12-08,0.0005978840105019626
"[80,200)",0,4682,1,2021-12-08,0.00021358393848782572
"[80,200)",1,9020,5,2021-12-08,0.0005543237250554324
,0,1598,0,2021-12-08,0.0
,1,1361,0,2021-12-08,0.0
"[0,40)",0,72955,60,2021-12-09,0.0008224247824001096
"[0,40)",1,68759,51,2021-12-09,0.0007417210837853954
"[40,60)",0,48141,29,2021-12-09,0.0006023971251116511
"[40,60)",1,46432,23,2021-12-09,0.0004953480358373535
"[60,80)",0,31763,12,2021-12-09,0.0003777980669332242
"[60,80)",1,38466,19,2021-12-09,0.000493942702646493
"[80,200)",0,4679,4,2021-12-09,0.0008548835221201111
"[80,200)",1,9015,9,2021-12-09,0.0009983361064891847
,0,1598,0,2021-12-09,0.0
,1,1361,0,2021-12-09,0.0
"[0,40)",0,72955,77,2021-12-10,0.001055445137413474
"[0,40)",1,68759,76,2021-12-10,0.0011053098503468637
"[40,60)",0,48141,25,2021-12-10,0.0005193078664755613
"[40,60)",1,46432,25,2021-12-10,0.00053842177808408
"[60,80)",0,31759,9,2021-12-10,0.00028338423753896535
"[60,80)",1,38461,13,2021-12-10,0.0003380047320662489
"[80,200)",0,4678,2,2021-12-10,0.00042753313381787086
"[80,200)",1,9009,4,2021-12-10,0.000444000444000444
,0,1598,0,2021-12-10,0.0
,1,1361,0,2021-12-10,0.0
"[0,40)",0,72955,16,2021-12-11,0.0002193132753066959
"[0,40)",1,68759,14,2021-12-11,0.00020360970927442226
"[40,60)",0,48138,9,2021-12-11,0.0001869624828617724
"[40,60)",1,46432,4,2021-12-11,8.614748449345279e-05
"[60,80)",0,31759,0,2021-12-11,0.0
"[60,80)",1,38458,1,2021-12-11,2.6002392220084247e-05
"[80,200)",0,4674,1,2021-12-11,0.0002139495079161318
"[80,200)",1,9004,1,2021-12-11,0.00011106175033318525
,0,1598,0,2021-12-11,0.0
,1,1361,0,2021-12-11,0.0
"[0,40)",0,72955,11,2021-12-12,0.00015077787677335343
"[0,40)",1,68759,13,2021-12-12,0.00018906615861196354
"[40,60)",0,48135,1,2021-12-12,2.0774903916069387e-05
"[40,60)",1,46431,4,2021-12-12,8.614933988068316e-05
"[60,80)",0,31756,3,2021-12-12,9.447033631439728e-05
"[60,80)",1,38455,3,2021-12-12,7.801326225458328e-05
"[80,200)",0,4671,0,2021-12-12,0.0
"[80,200)",1,9002,1,2021-12-12,0.00011108642523883582
,0,1598,0,2021-12-12,0.0
,1,1361,0,2021-12-12,0.0
"[0,40)",0,72955,54,2021-12-13,0.0007401823041600987
"[0,40)",1,68759,59,2021-12-13,0.0008580694890850652
"[40,60)",0,48135,27,2021-12-13,0.0005609224057338735
"[40,60)",1,46431,16,2021-12-13,0.00034459735952273264
"[60,80)",0,31753,9,2021-12-13,0.00028343778540610337
"[60,80)",1,38454,12,2021-12-13,0.0003120611639881417
"[80,200)",0,4668,7,2021-12-13,0.0014995715509854327
"[80,200)",1,8999,4,2021-12-13,0.00044449383264807203
,0,1598,0,2021-12-13,0.0
,1,1361,0,2021-12-13,0.0
"[0,40)",0,72955,43,2021-12-14,0.0005894044273867452
"[0,40)",1,68759,52,2021-12-14,0.0007562646344478542
"[40,60)",0,48134,26,2021-12-14,0.0005401587235633855
"[40,60)",1,46431,25,2021-12-14,0.0005384333742542698
"[60,80)",0,31747,13,2021-12-14,0.00040948751063092577
"[60,80)",1,38451,18,2021-12-14,0.0004681282671451978
"[80,200)",0,4667,2,2021-12-14,0.00042854081851296334
"[80,200)",1,8998,4,2021-12-14,0.0004445432318292954
,0,1598,0,2021-12-14,0.0
,1,1361,0,2021-12-14,0.0
"[0,40)",0,72955,50,2021-12-15,0.0006853539853334248
"[0,40)",1,68759,55,2021-12-15,0.0007998952864352303
"[40,60)",0,48133,24,2021-12-15,0.0004986184114848441
"[40,60)",1,46431,24,2021-12-15,0.000516896039284099
"[60,80)",0,31745,9,2021-12-15,0.0002835092140494566
"[60,80)",1,38443,11,2021-12-15,0.00028613791847670577
"[80,200)",0,4664,3,2021-12-15,0.0006432246998284735
"[80,200)",1,8996,5,2021-12-15,0.0005558025789239662
,0,1598,0,2021-12-15,0.0
,1,1361,0,2021-12-15,0.0
"[0,40)",0,72955,62,2021-12-16,0.0008498389418134467
"[0,40)",1,68759,59,2021-12-16,0.0008580694890850652
"[40,60)",0,48133,33,2021-12-16,0.0006856003157916606
"[40,60)",1,46430,18,2021-12-16,0.00038768037906525954
"[60,80)",0,31742,9,2021-12-16,0.0002835360090731523
"[60,80)",1,38440,14,2021-12-16,0.00036420395421436004
"[80,200)",0,4662,1,2021-12-16,0.0002145002145002145
"[80,200)",1,8993,3,2021-12-16,0.0003335927943956411
,0,1598,0,2021-12-16,0.0
,1,1361,0,2021-12-16,0.0
"[0,40)",0,72955,86,2021-12-17,0.0011788088547734904
"[0,40)",1,68759,80,2021-12-17,0.0011634840529966986
"[40,60)",0,48133,29,2021-12-17,0.0006024972472108533
"[40,60)",1,46427,23,2021-12-17,0.0004954013828160338
"[60,80)",0,31740,18,2021-12-17,0.0005671077504725897
"[60,80)",1,38439,16,2021-12-17,0.0004162439189364968
"[80,200)",0,4662,2,2021-12-17,0.000429000429000429
"[80,200)",1,8988,4,2021-12-17,0.0004450378282153983
,0,1598,0,2021-12-17,0.0
,1,1361,0,2021-12-17,0.0
"[0,40)",0,72955,37,2021-12-18,0.0005071619491467343
"[0,40)",1,68759,31,2021-12-18,0.0004508500705362207
"[40,60)",0,48133,6,2021-12-18,0.00012465460287121102
"[40,60)",1,46427,6,2021-12-18,0.00012923514334331316
"[60,80)",0,31738,3,2021-12-18,9.452391455038124e-05
"[60,80)",1,38438,0,2021-12-18,0.0
"[80,200)",0,4662,0,2021-12-18,0.0
"[80,200)",1,8983,0,2021-12-18,0.0
,0,1598,0,2021-12-18,0.0
,1,1361,0,2021-12-18,0.0
"[0,40)",0,72954,29,2021-12-19,0.00039751076020506075
"[0,40)",1,68759,11,2021-12-19,0.00015997905728704607
"[40,60)",0,48132,6,2021-12-19,0.00012465719272001995
"[40,60)",1,46427,1,2021-12-19,2.153919055721886e-05
"[60,80)",0,31735,2,2021-12-19,6.302190011028833e-05
"[60,80)",1,38435,0,2021-12-19,0.0
"[80,200)",0,4661,0,2021-12-19,0.0
"[80,200)",1,8977,1,2021-12-19,0.00011139578923916676
,0,1598,0,2021-12-19,0.0
,1,1361,0,2021-12-19,0.0
"[0,40)",0,72954,69,2021-12-20,0.000945801463936179
"[0,40)",1,68759,60,2021-12-20,0.000872613039747524
"[40,60)",0,48131,24,2021-12-20,0.0004986391307057822
"[40,60)",1,46426,11,2021-12-20,0.00023693619954335933
"[60,80)",0,31730,3,2021-12-20,9.454774661203908e-05
"[60,80)",1,38432,12,2021-12-20,0.0003122398001665279
"[80,200)",0,4658,0,2021-12-20,0.0
"[80,200)",1,8973,7,2021-12-20,0.0007801181321743007
,0,1598,0,2021-12-20,0.0
,1,1361,0,2021-12-20,0.0
"[0,40)",0,72954,71,2021-12-21,0.0009732159991227349
"[0,40)",1,68759,57,2021-12-21,0.0008289823877601478
"[40,60)",0,48130,14,2021-12-21,0.00029087886972782047
"[40,60)",1,46426,13,2021-12-21,0.00028001550855124283
"[60,80)",0,31724,6,2021-12-21,0.00018913125709242213
"[60,80)",1,38432,10,2021-12-21,0.00026019983347210656
"[80,200)",0,4654,1,2021-12-21,0.00021486892995272884
"[80,200)",1,8970,0,2021-12-21,0.0
,0,1598,0,2021-12-21,0.0
,1,1361,0,2021-12-21,0.0
"[0,40)",0,72954,43,2021-12-22,0.0005894125065109521
"[0,40)",1,68759,44,2021-12-22,0.0006399162291481843
"[40,60)",0,48129,13,2021-12-22,0.00027010741964304265
"[40,60)",1,46425,5,2021-12-22,0.00010770059235325795
"[60,80)",0,31721,6,2021-12-22,0.00018914914410012295
"[60,80)",1,38432,4,2021-12-22,0.00010407993338884263
"[80,200)",0,4651,1,2021-12-22,0.00021500752526338422
"[80,200)",1,8961,3,2021-12-22,0.00033478406427854036
,0,1598,0,2021-12-22,0.0
,1,1361,0,2021-12-22,0.0
"[0,40)",0,72954,40,2021-12-23,0.0005482907037311182
"[0,40)",1,68759,36,2021-12-23,0.0005235678238485144
"[40,60)",0,48129,13,2021-12-23,0.00027010741964304265
"[40,60)",1,46425,5,2021-12-23,0.00010770059235325795
"[60,80)",0,31719,2,2021-12-23,6.305369021721996e-05
"[60,80)",1,38428,1,2021-12-23,2.6022691787238472e-05
"[80,200)",0,4648,0,2021-12-23,0.0
"[80,200)",1,8959,1,2021-12-23,0.00011161960040183056
,0,1598,0,2021-12-23,0.0
,1,1361,0,2021-12-23,0.0
"[0,40)",0,72954,0,2021-12-24,0.0
"[0,40)",1,68759,0,2021-12-24,0.0
"[40,60)",0,48128,1,2021-12-24,2.0777925531914893e-05
"[40,60)",1,46425,0,2021-12-24,0.0
"[60,80)",0,31712,0,2021-12-24,0.0
"[60,80)",1,38425,0,2021-12-24,0.0
"[80,200)",0,4646,0,2021-12-24,0.0
"[80,200)",1,8954,0,2021-12-24,0.0
,0,1598,0,2021-12-24,0.0
,1,1361,0,2021-12-24,0.0
"[0,40)",0,72954,0,2021-12-25,0.0
"[0,40)",1,68759,0,2021-12-25,0.0
"[40,60)",0,48127,0,2021-12-25,0.0
"[40,60)",1,46424,0,2021-12-25,0.0
"[60,80)",0,31707,0,2021-12-25,0.0
"[60,80)",1,38424,0,2021-12-25,0.0
"[80,200)",0,4645,0,2021-12-25,0.0
"[80,200)",1,8950,0,2021-12-25,0.0
,0,1598,0,2021-12-25,0.0
,1,1361,0,2021-12-25,0.0
"[0,40)",0,72954,2,2021-12-26,2.7414535186555912e-05
"[0,40)",1,68758,0,2021-12-26,0.0
"[40,60)",0,48125,0,2021-12-26,0.0
"[40,60)",1,46424,0,2021-12-26,0.0
"[60,80)",0,31703,0,2021-12-26,0.0
"[60,80)",1,38421,0,2021-12-26,0.0
"[80,200)",0,4643,0,2021-12-26,0.0
"[80,200)",1,8945,0,2021-12-26,0.0
,0,1598,0,2021-12-26,0.0
,1,1361,0,2021-12-26,0.0
"[0,40)",0,72954,36,2021-12-27,0.0004934616333580064
"[0,40)",1,68758,37,2021-12-27,0.0005381192006748306
"[40,60)",0,48123,10,2021-12-27,0.0002078008436714253
"[40,60)",1,46424,8,2021-12-27,0.00017232465965879716
"[60,80)",0,31702,5,2021-12-27,0.00015771875591445334
"[60,80)",1,38420,2,2021-12-27,5.2056220718375845e-05
"[80,200)",0,4643,0,2021-12-27,0.0
"[80,200)",1,8943,1,2021-12-27,0.00011181930001118193
,0,1598,0,2021-12-27,0.0
,1,1361,0,2021-12-27,0.0
"[0,40)",0,72954,57,2021-12-28,0.0007813142528168435
"[0,40)",1,68758,55,2021-12-28,0.0007999069199220454
"[40,60)",0,48123,11,2021-12-28,0.00022858092803856782
"[40,60)",1,46424,11,2021-12-28,0.00023694640703084613
"[60,80)",0,31697,2,2021-12-28,6.309745401773039e-05
"[60,80)",1,38417,2,2021-12-28,5.20602858109691e-05
"[80,200)",0,4641,1,2021-12-28,0.00021547080370609782
"[80,200)",1,8942,1,2021-12-28,0.00011183180496533214
,0,1598,0,2021-12-28,0.0
,1,1361,0,2021-12-28,0.0
"[0,40)",0,72954,59,2021-12-29,0.0008087287880033994
"[0,40)",1,68758,57,2021-12-29,0.0008289944442828471
"[40,60)",0,48123,10,2021-12-29,0.0002078008436714253
"[40,60)",1,46422,8,2021-12-29,0.00017233208392572488
"[60,80)",0,31692,1,2021-12-29,3.155370440489714e-05
"[60,80)",1,38414,4,2021-12-29,0.00010412870307700318
"[80,200)",0,4639,1,2021-12-29,0.0002155636990730761
"[80,200)",1,8937,3,2021-12-29,0.0003356831151393085
,0,1598,0,2021-12-29,0.0
,1,1361,0,2021-12-29,0.0
"[0,40)",0,72954,63,2021-12-30,0.0008635578583765112
"[0,40)",1,68758,54,2021-12-30,0.0007853631577416446
"[40,60)",0,48123,8,2021-12-30,0.00016624067493714026
"[40,60)",1,46420,6,2021-12-30,0.00012925463162429988
"[60,80)",0,31687,6,2021-12-30,0.00018935210023037839
"[60,80)",1,38414,4,2021-12-30,0.00010412870307700318
"[80,200)",0,4639,1,2021-12-30,0.0002155636990730761
"[80,200)",1,8936,0,2021-12-30,0.0
,0,1598,0,2021-12-30,0.0
,1,1361,0,2021-12-30,0.0
"[0,40)",0,72954,3,2021-12-31,4.112180277983387e-05
"[0,40)",1,68758,9,2021-12-31,0.00013089385962360744
"[40,60)",0,48122,1,2021-12-31,2.078051618802211e-05
"[40,60)",1,46420,1,2021-12-31,2.154243860404998e-05
"[60,80)",0,31687,0,2021-12-31,0.0
"[60,80)",1,38410,0,2021-12-31,0.0
"[80,200)",0,4637,0,2021-12-31,0.0
"[80,200)",1,8931,0,2021-12-31,0.0
,0,1598,0,2021-12-31,0.0
,1,1361,0,2021-12-31,0.0
"[0,40)",0,72175,0,2022-01-01,0.0
"[0,40)",1,67909,0,2022-01-01,0.0
"[40,60)",0,48616,0,2022-01-01,0.0
"[40,60)",1,46759,0,2022-01-01,0.0
"[60,80)",0,32710,0,2022-01-01,0.0
"[60,80)",1,38945,0,2022-01-01,0.0
"[80,200)",0,5490,0,2022-01-01,0.0
"[80,200)",1,10264,0,2022-01-01,0.0
"[0,40)",0,72175,12,2022-01-02,0.00016626255628680292
"[0,40)",1,67909,23,2022-01-02,0.00033868853907434947
"[40,60)",0,48614,1,2022-01-02,2.0570206113465255e-05
"[40,60)",1,46759,4,2022-01-02,8.554502876451592e-05
"[60,80)",0,32704,0,2022-01-02,0.0
"[60,80)",1,38944,0,2022-01-02,0.0
"[80,200)",0,5488,0,2022-01-02,0.0
"[80,200)",1,10262,0,2022-01-02,0.0
"[0,40)",0,72175,32,2022-01-03,0.00044336681676480775
"[0,40)",1,67909,36,2022-01-03,0.000530121191594634
"[40,60)",0,48613,7,2022-01-03,0.0001439944047888425
"[40,60)",1,46759,10,2022-01-03,0.0002138625719112898
"[60,80)",0,32699,1,2022-01-03,3.058197498394446e-05
"[60,80)",1,38940,9,2022-01-03,0.00023112480739599384
"[80,200)",0,5488,1,2022-01-03,0.00018221574344023323
"[80,200)",1,10255,3,2022-01-03,0.0002925402242808386
"[0,40)",0,72175,63,2022-01-04,0.0008728784205057153
"[0,40)",1,67909,59,2022-01-04,0.0008688097306689834
"[40,60)",0,48612,10,2022-01-04,0.00020571052415041554
"[40,60)",1,46759,8,2022-01-04,0.00017109005752903185
"[60,80)",0,32696,6,2022-01-04,0.0001835086860778077
"[60,80)",1,38935,8,2022-01-04,0.0002054706562219083
"[80,200)",0,5487,0,2022-01-04,0.0
"[80,200)",1,10248,1,2022-01-04,9.75800156128025e-05
"[0,40)",0,72175,71,2022-01-05,0.0009837201246969173
"[0,40)",1,67909,63,2022-01-05,0.0009277120852906095
"[40,60)",0,48611,10,2022-01-05,0.0002057147559194421
"[40,60)",1,46759,14,2022-01-05,0.0002994076006758057
"[60,80)",0,32695,4,2022-01-05,0.00012234286588163327
"[60,80)",1,38934,7,2022-01-05,0.00017979144192736425
"[80,200)",0,5486,2,2022-01-05,0.0003645643456069996
"[80,200)",1,10245,2,2022-01-05,0.00019521717911176182
"[0,40)",0,72175,69,2022-01-06,0.0009560096986491167
"[0,40)",1,67909,64,2022-01-06,0.000942437673946016
"[40,60)",0,48611,11,2022-01-06,0.0002262862315113863
"[40,60)",1,46758,17,2022-01-06,0.0003635741477394243
"[60,80)",0,32693,7,2022-01-06,0.00021411311289878569
"[60,80)",1,38932,5,2022-01-06,0.00012842905578958183
"[80,200)",0,5483,1,2022-01-06,0.0001823819077147547
"[80,200)",1,10242,4,2022-01-06,0.0003905487209529389
"[0,40)",0,72175,86,2022-01-07,0.001191548320055421
"[0,40)",1,67909,88,2022-01-07,0.001295851801675772
"[40,60)",0,48610,21,2022-01-07,0.0004320098745114174
"[40,60)",1,46758,19,2022-01-07,0.0004063475768852389
"[60,80)",0,32690,8,2022-01-07,0.0002447231569287244
"[60,80)",1,38930,11,2022-01-07,0.00028255843822245054
"[80,200)",0,5482,1,2022-01-07,0.00018241517694272163
"[80,200)",1,10239,1,2022-01-07,9.76657876745776e-05
"[0,40)",0,72175,39,2022-01-08,0.0005403533079321094
"[0,40)",1,67909,38,2022-01-08,0.000559572368905447
"[40,60)",0,48610,0,2022-01-08,0.0
"[40,60)",1,46758,3,2022-01-08,6.416014371872192e-05
"[60,80)",0,32689,1,2022-01-08,3.059133041695983e-05
"[60,80)",1,38927,1,2022-01-08,2.568911038610733e-05
"[80,200)",0,5482,0,2022-01-08,0.0
"[80,200)",1,10236,2,2022-01-08,0.00019538882375928098
"[0,40)",0,72174,7,2022-01-09,9.698783495441572e-05
"[0,40)",1,67909,20,2022-01-09,0.00029451177310813
"[40,60)",0,48610,3,2022-01-09,6.171569635877391e-05
"[40,60)",1,46757,0,2022-01-09,0.0
"[60,80)",0,32686,0,2022-01-09,0.0
"[60,80)",1,38926,1,2022-01-09,2.568977033345322e-05
"[80,200)",0,5480,0,2022-01-09,0.0
"[80,200)",1,10232,0,2022-01-09,0.0
"[0,40)",0,72174,50,2022-01-10,0.000692770249674398
"[0,40)",1,67909,55,2022-01-10,0.0008099073760473575
"[40,60)",0,48609,12,2022-01-10,0.000246867863975807
"[40,60)",1,46756,7,2022-01-10,0.00014971340576610487
"[60,80)",0,32683,5,2022-01-10,0.00015298473212373406
"[60,80)",1,38925,7,2022-01-10,0.0001798330122029544
"[80,200)",0,5479,0,2022-01-10,0.0
"[80,200)",1,10229,1,2022-01-10,9.776126698602014e-05
"[0,40)",0,72174,68,2022-01-11,0.0009421675395571812
"[0,40)",1,67909,58,2022-01-11,0.000854084142013577
"[40,60)",0,48609,15,2022-01-11,0.0003085848299697587
"[40,60)",1,46756,13,2022-01-11,0.0002780391821370519
"[60,80)",0,32681,7,2022-01-11,0.00021419173219913712
"[60,80)",1,38924,7,2022-01-11,0.0001798376323091152
"[80,200)",0,5477,0,2022-01-11,0.0
"[80,200)",1,10224,1,2022-01-11,9.780907668231612e-05
"[0,40)",0,72174,72,2022-01-12,0.000997589159531133
"[0,40)",1,67909,75,2022-01-12,0.0011044191491554876
"[40,60)",0,48609,12,2022-01-12,0.000246867863975807
"[40,60)",1,46755,10,2022-01-12,0.00021388086835632552
"[60,80)",0,32678,2,2022-01-12,6.12032560132199e-05
"[60,80)",1,38922,2,2022-01-12,5.138482092389908e-05
"[80,200)",0,5476,0,2022-01-12,0.0
"[80,200)",1,10221,3,2022-01-12,0.000293513354857646
"[0,40)",0,72174,73,2022-01-13,0.001011444564524621
"[0,40)",1,67909,80,2022-01-13,0.00117804709243252
"[40,60)",0,48609,14,2022-01-13,0.00028801250797177476
"[40,60)",1,46754,10,2022-01-13,0.00021388544295675236
"[60,80)",0,32675,5,2022-01-13,0.0001530221882172915
"[60,80)",1,38920,5,2022-01-13,0.00012846865364850977
"[80,200)",0,5473,1,2022-01-13,0.0001827151470856934
"[80,200)",1,10220,2,2022-01-13,0.00019569471624266145
"[0,40)",0,72174,71,2022-01-14,0.0009837337545376451
"[0,40)",1,67909,79,2022-01-14,0.0011633215037771135
"[40,60)",0,48609,17,2022-01-14,0.0003497294739657265
"[40,60)",1,46754,13,2022-01-14,0.00027805107584377806
"[60,80)",0,32672,4,2022-01-14,0.00012242899118511264
"[60,80)",1,38919,6,2022-01-14,0.00015416634548678023
"[80,200)",0,5473,0,2022-01-14,0.0
"[80,200)",1,10216,1,2022-01-14,9.788566953797964e-05
"[0,40)",0,72174,15,2022-01-15,0.00020783107490231938
"[0,40)",1,67909,17,2022-01-15,0.0002503350071419105
"[40,60)",0,48608,1,2022-01-15,2.0572745227123106e-05
"[40,60)",1,46754,0,2022-01-15,0.0
"[60,80)",0,32669,0,2022-01-15,0.0
"[60,80)",1,38917,3,2022-01-15,7.708713415730914e-05
"[80,200)",0,5472,0,2022-01-15,0.0
"[80,200)",1,10213,0,2022-01-15,0.0
"[0,40)",0,72174,8,2022-01-16,0.00011084323994790368
"[0,40)",1,67909,6,2022-01-16,8.8353531932439e-05
"[40,60)",0,48608,1,2022-01-16,2.0572745227123106e-05
"[40,60)",1,46754,1,2022-01-16,2.1388544295675235e-05
"[60,80)",0,32667,0,2022-01-16,0.0
"[60,80)",1,38916,1,2022-01-16,2.569637167231987e-05
"[80,200)",0,5469,0,2022-01-16,0.0
"[80,200)",1,10211,0,2022-01-16,0.0
"[0,40)",0,72174,45,2022-01-17,0.0006234932247069581
"[0,40)",1,67909,43,2022-01-17,0.0006332003121824795
"[40,60)",0,48608,5,2022-01-17,0.00010286372613561554
"[40,60)",1,46754,3,2022-01-17,6.416563288702571e-05
"[60,80)",0,32667,6,2022-01-17,0.0001836715951878042
"[60,80)",1,38913,1,2022-01-17,2.569835273558965e-05
"[80,200)",0,5459,0,2022-01-17,0.0
"[80,200)",1,10210,1,2022-01-17,9.79431929480901e-05
"[0,40)",0,72174,37,2022-01-18,0.0005126499847590545
"[0,40)",1,67909,44,2022-01-18,0.000647925900837886
"[40,60)",0,48608,7,2022-01-18,0.00014400921658986175
"[40,60)",1,46754,9,2022-01-18,0.00019249689866107712
"[60,80)",0,32666,5,2022-01-18,0.00015306434825200515
"[60,80)",1,38913,7,2022-01-18,0.00017988846914912754
"[80,200)",0,5458,0,2022-01-18,0.0
"[80,200)",1,10209,1,2022-01-18,9.795278675678323e-05
"[0,40)",0,72174,43,2022-01-19,0.0005957824147199823
"[0,40)",1,67909,53,2022-01-19,0.0007804561987365445
"[40,60)",0,48608,7,2022-01-19,0.00014400921658986175
"[40,60)",1,46754,5,2022-01-19,0.00010694272147837618
"[60,80)",0,32663,4,2022-01-19,0.00012246272540795394
"[60,80)",1,38911,8,2022-01-19,0.0002055973889131608
"[80,200)",0,5458,2,2022-01-19,0.00036643459142543056
"[80,200)",1,10204,0,2022-01-19,0.0
"[0,40)",0,72174,48,2022-01-20,0.0006650594396874221
"[0,40)",1,67909,28,2022-01-20,0.000412316482351382
"[40,60)",0,48608,10,2022-01-20,0.00020572745227123108
"[40,60)",1,46754,12,2022-01-20,0.00025666253154810285
"[60,80)",0,32662,2,2022-01-20,6.123323740126141e-05
"[60,80)",1,38909,5,2022-01-20,0.00012850497314246062
"[80,200)",0,5456,0,2022-01-20,0.0
"[80,200)",1,10201,0,2022-01-20,0.0
"[0,40)",0,72174,40,2022-01-21,0.0005542161997395184
"[0,40)",1,67909,57,2022-01-21,0.0008393585533581705
"[40,60)",0,48608,10,2022-01-21,0.00020572745227123108
"[40,60)",1,46754,9,2022-01-21,0.00019249689866107712
"[60,80)",0,32660,5,2022-01-21,0.00015309246785058175
"[60,80)",1,38909,1,2022-01-21,2.570099462849212e-05
"[80,200)",0,5454,0,2022-01-21,0.0
"[80,200)",1,10198,2,2022-01-21,0.00019611688566385565
"[0,40)",0,72174,10,2022-01-22,0.0001385540499348796
"[0,40)",1,67909,9,2022-01-22,0.0001325302978986585
"[40,60)",0,48607,2,2022-01-22,4.114633694735326e-05
"[40,60)",1,46754,2,2022-01-22,4.277708859135047e-05
"[60,80)",0,32657,1,2022-01-22,3.062130630492697e-05
"[60,80)",1,38908,0,2022-01-22,0.0
"[80,200)",0,5452,0,2022-01-22,0.0
"[80,200)",1,10194,0,2022-01-22,0.0
"[0,40)",0,72174,10,2022-01-23,0.0001385540499348796
"[0,40)",1,67909,7,2022-01-23,0.0001030791205878455
"[40,60)",0,48607,0,2022-01-23,0.0
"[40,60)",1,46754,0,2022-01-23,0.0
"[60,80)",0,32655,0,2022-01-23,0.0
"[60,80)",1,38905,0,2022-01-23,0.0
"[80,200)",0,5447,0,2022-01-23,0.0
"[80,200)",1,10192,0,2022-01-23,0.0
"[0,40)",0,72174,26,2022-01-24,0.0003602405298306869
"[0,40)",1,67909,28,2022-01-24,0.000412316482351382
"[40,60)",0,48607,4,2022-01-24,8.229267389470652e-05
"[40,60)",1,46754,6,2022-01-24,0.00012833126577405142
"[60,80)",0,32654,0,2022-01-24,0.0
"[60,80)",1,38903,6,2022-01-24,0.00015422975091895227
"[80,200)",0,5446,0,2022-01-24,0.0
"[80,200)",1,10187,2,2022-01-24,0.0001963286541670757
"[0,40)",0,72174,21,2022-01-25,0.00029096350486324717
"[0,40)",1,67909,22,2022-01-25,0.000323962950418943
"[40,60)",0,48607,10,2022-01-25,0.0002057316847367663
"[40,60)",1,46754,6,2022-01-25,0.00012833126577405142
"[60,80)",0,32653,2,2022-01-25,6.125011484396534e-05
"[60,80)",1,38900,4,2022-01-25,0.00010282776349614396
"[80,200)",0,5445,2,2022-01-25,0.0003673094582185491
"[80,200)",1,10186,1,2022-01-25,9.817396426467701e-05
"[0,40)",0,72174,29,2022-01-26,0.00040180674481115085
"[0,40)",1,67909,27,2022-01-26,0.0003975908936959755
"[40,60)",0,48606,5,2022-01-26,0.00010286795868822779
"[40,60)",1,46754,5,2022-01-26,0.00010694272147837618
"[60,80)",0,32651,3,2022-01-26,9.188079997549845e-05
"[60,80)",1,38896,8,2022-01-26,0.00020567667626491157
"[80,200)",0,5445,0,2022-01-26,0.0
"[80,200)",1,10184,0,2022-01-26,0.0
"[0,40)",0,72174,25,2022-01-27,0.000346385124837199
"[0,40)",1,67909,25,2022-01-27,0.0003681397163851625
"[40,60)",0,48606,7,2022-01-27,0.0001440151421635189
"[40,60)",1,46754,7,2022-01-27,0.00014971981006972666
"[60,80)",0,32650,3,2022-01-27,9.188361408882082e-05
"[60,80)",1,38895,1,2022-01-27,2.571024553284484e-05
"[80,200)",0,5444,0,2022-01-27,0.0
"[80,200)",1,10182,0,2022-01-27,0.0
"[0,40)",0,72174,27,2022-01-28,0.0003740959348241749
"[0,40)",1,67909,44,2022-01-28,0.000647925900837886
"[40,60)",0,48604,10,2022-01-28,0.00020574438317833924
"[40,60)",1,46753,5,2022-01-28,0.00010694500887643573
"[60,80)",0,32649,2,2022-01-28,6.125761891635272e-05
"[60,80)",1,38892,3,2022-01-28,7.71366862079605e-05
"[80,200)",0,5443,0,2022-01-28,0.0
"[80,200)",1,10176,1,2022-01-28,9.827044025157233e-05
"[0,40)",0,72174,7,2022-01-29,9.698783495441572e-05
"[0,40)",1,67909,10,2022-01-29,0.000147255886554065
"[40,60)",0,48603,2,2022-01-29,4.114972326811102e-05
"[40,60)",1,46753,0,2022-01-29,0.0
"[60,80)",0,32646,1,2022-01-29,3.0631624088709183e-05
"[60,80)",1,38892,0,2022-01-29,0.0
"[80,200)",0,5439,0,2022-01-29,0.0
"[80,200)",1,10172,0,2022-01-29,0.0
"[0,40)",0,72173,2,2022-01-30,2.7711193936790766e-05
"[0,40)",1,67909,3,2022-01-30,4.41767659662195e-05
"[40,60)",0,48603,0,2022-01-30,0.0
"[40,60)",1,46753,0,2022-01-30,0.0
"[60,80)",0,32644,0,2022-01-30,0.0
"[60,80)",1,38888,0,2022-01-30,0.0
"[80,200)",0,5438,0,2022-01-30,0.0
"[80,200)",1,10167,0,2022-01-30,0.0
"[0,40)",0,72173,19,2022-01-31,0.0002632563423995123
"[0,40)",1,67909,18,2022-01-31,0.000265060595797317
"[40,60)",0,48603,4,2022-01-31,8.229944653622204e-05
"[40,60)",1,46753,2,2022-01-31,4.277800355057429e-05
"[60,80)",0,32639,1,2022-01-31,3.0638193572106986e-05
"[60,80)",1,38886,5,2022-01-31,0.00012858098030139382
"[80,200)",0,5434,0,2022-01-31,0.0
"[80,200)",1,10165,0,2022-01-31,0.0
"[0,40)",0,72173,10,2022-02-01,0.00013855596968395382
"[0,40)",1,67909,13,2022-02-01,0.0001914326525202845
"[40,60)",0,48602,2,2022-02-01,4.11505699353936e-05
"[40,60)",1,46753,4,2022-02-01,8.555600710114859e-05
"[60,80)",0,32637,1,2022-02-01,3.064007108496492e-05
"[60,80)",1,38886,1,2022-02-01,2.5716196060278763e-05
"[80,200)",0,5434,0,2022-02-01,0.0
"[80,200)",1,10158,2,2022-02-01,0.00019688915140775743
"[0,40)",0,72173,16,2022-02-02,0.00022168955149432613
"[0,40)",1,67909,14,2022-02-02,0.000206158241175691
"[40,60)",0,48602,1,2022-02-02,2.05752849676968e-05
"[40,60)",1,46753,3,2022-02-02,6.416700532586144e-05
"[60,80)",0,32636,3,2022-02-02,9.192302978306164e-05
"[60,80)",1,38885,1,2022-02-02,2.5716857400025716e-05
"[80,200)",0,5433,0,2022-02-02,0.0
"[80,200)",1,10156,1,2022-02-02,9.846396218983852e-05
"[0,40)",0,72173,16,2022-02-03,0.00022168955149432613
"[0,40)",1,67909,18,2022-02-03,0.000265060595797317
"[40,60)",0,48600,2,2022-02-03,4.11522633744856e-05
"[40,60)",1,46752,4,2022-02-03,8.555783709787816e-05
"[60,80)",0,32634,3,2022-02-03,9.192866335723479e-05
"[60,80)",1,38882,1,2022-02-03,2.5718841623373285e-05
"[80,200)",0,5431,0,2022-02-03,0.0
"[80,200)",1,10151,2,2022-02-03,0.00019702492365284208
"[0,40)",0,72172,16,2022-02-04,0.00022169262317796375
"[0,40)",1,67909,17,2022-02-04,0.0002503350071419105
"[40,60)",0,48600,5,2022-02-04,0.00010288065843621399
"[40,60)",1,46752,4,2022-02-04,8.555783709787816e-05
"[60,80)",0,32630,3,2022-02-04,9.193993257738278e-05
"[60,80)",1,38880,3,2022-02-04,7.716049382716049e-05
"[80,200)",0,5430,0,2022-02-04,0.0
"[80,200)",1,10148,0,2022-02-04,0.0
"[0,40)",0,72172,0,2022-02-05,0.0
"[0,40)",1,67909,3,2022-02-05,4.41767659662195e-05
"[40,60)",0,48599,1,2022-02-05,2.0576555073149653e-05
"[40,60)",1,46752,0,2022-02-05,0.0
"[60,80)",0,32628,0,2022-02-05,0.0
"[60,80)",1,38880,0,2022-02-05,0.0
"[80,200)",0,5426,0,2022-02-05,0.0
"[80,200)",1,10143,0,2022-02-05,0.0
"[0,40)",0,72172,3,2022-02-06,4.15673668458682e-05
"[0,40)",1,67909,3,2022-02-06,4.41767659662195e-05
"[40,60)",0,48599,0,2022-02-06,0.0
"[40,60)",1,46752,1,2022-02-06,2.138945927446954e-05
"[60,80)",0,32627,0,2022-02-06,0.0
"[60,80)",1,38878,0,2022-02-06,0.0
"[80,200)",0,5425,0,2022-02-06,0.0
"[80,200)",1,10138,0,2022-02-06,0.0
"[0,40)",0,72171,9,2022-02-07,0.00012470382840753212
"[0,40)",1,67909,5,2022-02-07,7.36279432770325e-05
"[40,60)",0,48598,1,2022-02-07,2.0576978476480515e-05
"[40,60)",1,46751,0,2022-02-07,0.0
"[60,80)",0,32627,1,2022-02-07,3.064946210194011e-05
"[60,80)",1,38876,1,2022-02-07,2.5722810988784854e-05
"[80,200)",0,5424,0,2022-02-07,0.0
"[80,200)",1,10136,0,2022-02-07,0.0
"[0,40)",0,72171,14,2022-02-08,0.0001939837330783833
"[0,40)",1,67909,7,2022-02-08,0.0001030791205878455
"[40,60)",0,48598,1,2022-02-08,2.0576978476480515e-05
"[40,60)",1,46751,0,2022-02-08,0.0
"[60,80)",0,32625,1,2022-02-08,3.065134099616858e-05
"[60,80)",1,38875,4,2022-02-08,0.00010289389067524115
"[80,200)",0,5421,0,2022-02-08,0.0
"[80,200)",1,10135,1,2022-02-08,9.86679822397632e-05
"[0,40)",0,72171,13,2022-02-09,0.00018012775214421305
"[0,40)",1,67909,10,2022-02-09,0.000147255886554065
"[40,60)",0,48597,1,2022-02-09,2.0577401897236454e-05
"[40,60)",1,46750,0,2022-02-09,0.0
"[60,80)",0,32625,0,2022-02-09,0.0
"[60,80)",1,38874,0,2022-02-09,0.0
"[80,200)",0,5417,0,2022-02-09,0.0
"[80,200)",1,10132,0,2022-02-09,0.0
"[0,40)",0,72171,13,2022-02-10,0.00018012775214421305
"[0,40)",1,67909,7,2022-02-10,0.0001030791205878455
"[40,60)",0,48596,4,2022-02-10,8.231130134167421e-05
"[40,60)",1,46750,1,2022-02-10,2.1390374331550803e-05
"[60,80)",0,32624,0,2022-02-10,0.0
"[60,80)",1,38872,0,2022-02-10,0.0
"[80,200)",0,5414,0,2022-02-10,0.0
"[80,200)",1,10129,0,2022-02-10,0.0
"[0,40)",0,72171,11,2022-02-11,0.00015241579027587258
"[0,40)",1,67909,10,2022-02-11,0.000147255886554065
"[40,60)",0,48595,2,2022-02-11,4.115649758205577e-05
"[40,60)",1,46750,4,2022-02-11,8.556149732620321e-05
"[60,80)",0,32624,2,2022-02-11,6.130456105934282e-05
"[60,80)",1,38870,1,2022-02-11,2.572678157962439e-05
"[80,200)",0,5413,0,2022-02-11,0.0
"[80,200)",1,10124,0,2022-02-11,0.0
"[0,40)",0,72171,3,2022-02-12,4.15679428025107e-05
"[0,40)",1,67909,2,2022-02-12,2.9451177310813e-05
"[40,60)",0,48593,1,2022-02-12,2.0579095754532545e-05
"[40,60)",1,46747,0,2022-02-12,0.0
"[60,80)",0,32623,0,2022-02-12,0.0
"[60,80)",1,38867,0,2022-02-12,0.0
"[80,200)",0,5411,0,2022-02-12,0.0
"[80,200)",1,10120,0,2022-02-12,0.0
"[0,40)",0,72171,0,2022-02-13,0.0
"[0,40)",1,67909,1,2022-02-13,1.47255886554065e-05
"[40,60)",0,48593,0,2022-02-13,0.0
"[40,60)",1,46746,0,2022-02-13,0.0
"[60,80)",0,32619,0,2022-02-13,0.0
"[60,80)",1,38864,0,2022-02-13,0.0
"[80,200)",0,5407,0,2022-02-13,0.0
"[80,200)",1,10119,0,2022-02-13,0.0
"[0,40)",0,72170,2,2022-02-14,2.771234585007621e-05
"[0,40)",1,67909,3,2022-02-14,4.41767659662195e-05
"[40,60)",0,48593,2,2022-02-14,4.115819150906509e-05
"[40,60)",1,46746,0,2022-02-14,0.0
"[60,80)",0,32617,0,2022-02-14,0.0
"[60,80)",1,38864,1,2022-02-14,2.573075339645945e-05
"[80,200)",0,5405,0,2022-02-14,0.0
"[80,200)",1,10114,0,2022-02-14,0.0
"[0,40)",0,72170,8,2022-02-15,0.00011084938340030484
"[0,40)",1,67909,3,2022-02-15,4.41767659662195e-05
"[40,60)",0,48592,0,2022-02-15,0.0
"[40,60)",1,46745,1,2022-02-15,2.139266231682533e-05
"[60,80)",0,32616,0,2022-02-15,0.0
"[60,80)",1,38862,1,2022-02-15,2.5732077607946064e-05
"[80,200)",0,5404,0,2022-02-15,0.0
"[80,200)",1,10111,1,2022-02-15,9.890218573830482e-05
"[0,40)",0,72170,6,2022-02-16,8.313703755022863e-05
"[0,40)",1,67909,6,2022-02-16,8.8353531932439e-05
"[40,60)",0,48592,3,2022-02-16,6.17385577872901e-05
"[40,60)",1,46744,0,2022-02-16,0.0
"[60,80)",0,32614,1,2022-02-16,3.0661679033543874e-05
"[60,80)",1,38860,0,2022-02-16,0.0
"[80,200)",0,5401,0,2022-02-16,0.0
"[80,200)",1,10105,3,2022-02-16,0.00029688273132112816
"[0,40)",0,72170,6,2022-02-17,8.313703755022863e-05
"[0,40)",1,67909,6,2022-02-17,8.8353531932439e-05
"[40,60)",0,48591,3,2022-02-17,6.173982836327716e-05
"[40,60)",1,46744,1,2022-02-17,2.1393119972616805e-05
"[60,80)",0,32609,0,2022-02-17,0.0
"[60,80)",1,38859,1,2022-02-17,2.5734064180756068e-05
"[80,200)",0,5399,0,2022-02-17,0.0
"[80,200)",1,10102,0,2022-02-17,0.0
"[0,40)",0,72170,4,2022-02-18,5.542469170015242e-05
"[0,40)",1,67909,5,2022-02-18,7.36279432770325e-05
"[40,60)",0,48591,1,2022-02-18,2.057994278775905e-05
"[40,60)",1,46744,1,2022-02-18,2.1393119972616805e-05
"[60,80)",0,32606,0,2022-02-18,0.0
"[60,80)",1,38857,2,2022-02-18,5.147077746609363e-05
"[80,200)",0,5398,0,2022-02-18,0.0
"[80,200)",1,10095,0,2022-02-18,0.0
"[0,40)",0,72170,7,2022-02-19,9.699321047526673e-05
"[0,40)",1,67909,2,2022-02-19,2.9451177310813e-05
"[40,60)",0,48591,0,2022-02-19,0.0
"[40,60)",1,46743,0,2022-02-19,0.0
"[60,80)",0,32602,0,2022-02-19,0.0
"[60,80)",1,38855,0,2022-02-19,0.0
"[80,200)",0,5396,0,2022-02-19,0.0
"[80,200)",1,10094,0,2022-02-19,0.0
"[0,40)",0,72170,0,2022-02-20,0.0
"[0,40)",1,67909,3,2022-02-20,4.41767659662195e-05
"[40,60)",0,48590,0,2022-02-20,0.0
"[40,60)",1,46742,0,2022-02-20,0.0
"[60,80)",0,32600,0,2022-02-20,0.0
"[60,80)",1,38855,0,2022-02-20,0.0
"[80,200)",0,5395,0,2022-02-20,0.0
"[80,200)",1,10092,0,2022-02-20,0.0
"[0,40)",0,72170,8,2022-02-21,0.00011084938340030484
"[0,40)",1,67909,3,2022-02-21,4.41767659662195e-05
"[40,60)",0,48590,3,2022-02-21,6.174109899156205e-05
"[40,60)",1,46742,0,2022-02-21,0.0
"[60,80)",0,32596,1,2022-02-21,3.067861087249969e-05
"[60,80)",1,38855,1,2022-02-21,2.573671342169605e-05
"[80,200)",0,5395,0,2022-02-21,0.0
"[80,200)",1,10089,0,2022-02-21,0.0
"[0,40)",0,72169,4,2022-02-22,5.542545968490626e-05
"[0,40)",1,67907,6,2022-02-22,8.83561341246116e-05
"[40,60)",0,48590,0,2022-02-22,0.0
"[40,60)",1,46742,0,2022-02-22,0.0
"[60,80)",0,32593,1,2022-02-22,3.068143466388488e-05
"[60,80)",1,38854,0,2022-02-22,0.0
"[80,200)",0,5394,0,2022-02-22,0.0
"[80,200)",1,10085,0,2022-02-22,0.0
"[0,40)",0,72169,8,2022-02-23,0.00011085091936981252
"[0,40)",1,67907,9,2022-02-23,0.0001325342011869174
"[40,60)",0,48590,1,2022-02-23,2.0580366330520683e-05
"[40,60)",1,46742,1,2022-02-23,2.1394035342946386e-05
"[60,80)",0,32590,0,2022-02-23,0.0
"[60,80)",1,38853,0,2022-02-23,0.0
"[80,200)",0,5391,0,2022-02-23,0.0
"[80,200)",1,10083,0,2022-02-23,0.0
"[0,40)",0,72169,0,2022-02-24,0.0
"[0,40)",1,67907,4,2022-02-24,5.890408941640773e-05
"[40,60)",0,48590,0,2022-02-24,0.0
"[40,60)",1,46742,1,2022-02-24,2.1394035342946386e-05
"[60,80)",0,32585,1,2022-02-24,3.068896731624981e-05
"[60,80)",1,38853,1,2022-02-24,2.5738038246724835e-05
"[80,200)",0,5390,0,2022-02-24,0.0
"[80,200)",1,10077,0,2022-02-24,0.0
"[0,40)",0,72169,8,2022-02-25,0.00011085091936981252
"[0,40)",1,67906,4,2022-02-25,5.890495685211911e-05
"[40,60)",0,48588,1,2022-02-25,2.0581213468346093e-05
"[40,60)",1,46742,1,2022-02-25,2.1394035342946386e-05
"[60,80)",0,32580,0,2022-02-25,0.0
"[60,80)",1,38849,0,2022-02-25,0.0
"[80,200)",0,5389,0,2022-02-25,0.0
"[80,200)",1,10075,1,2022-02-25,9.925558312655087e-05
"[0,40)",0,72169,2,2022-02-26,2.771272984245313e-05
"[0,40)",1,67906,1,2022-02-26,1.4726239213029777e-05
"[40,60)",0,48586,0,2022-02-26,0.0
"[40,60)",1,46742,0,2022-02-26,0.0
"[60,80)",0,32579,0,2022-02-26,0.0
"[60,80)",1,38849,0,2022-02-26,0.0
"[80,200)",0,5387,0,2022-02-26,0.0
"[80,200)",1,10074,0,2022-02-26,0.0
"[0,40)",0,72169,0,2022-02-27,0.0
"[0,40)",1,67906,1,2022-02-27,1.4726239213029777e-05
"[40,60)",0,48585,0,2022-02-27,0.0
"[40,60)",1,46742,0,2022-02-27,0.0
"[60,80)",0,32578,0,2022-02-27,0.0
"[60,80)",1,38849,0,2022-02-27,0.0
"[80,200)",0,5384,0,2022-02-27,0.0
"[80,200)",1,10070,0,2022-02-27,0.0
"[0,40)",0,72169,1,2022-02-28,1.3856364921226565e-05
"[0,40)",1,67906,0,2022-02-28,0.0
"[40,60)",0,48584,0,2022-02-28,0.0
"[40,60)",1,46742,1,2022-02-28,2.1394035342946386e-05
"[60,80)",0,32574,0,2022-02-28,0.0
"[60,80)",1,38847,1,2022-02-28,2.5742013540299123e-05
"[80,200)",0,5381,0,2022-02-28,0.0
"[80,200)",1,10069,0,2022-02-28,0.0
"[0,40)",0,72169,1,2022-03-01,1.3856364921226565e-05
"[0,40)",1,67906,4,2022-03-01,5.890495685211911e-05
"[40,60)",0,48584,3,2022-03-01,6.17487238597069e-05
"[40,60)",1,46741,3,2022-03-01,6.4183479172461e-05
"[60,80)",0,32569,0,2022-03-01,0.0
"[60,80)",1,38847,2,2022-03-01,5.1484027080598245e-05
"[80,200)",0,5380,0,2022-03-01,0.0
"[80,200)",1,10064,0,2022-03-01,0.0
"[0,40)",0,72168,7,2022-03-02,9.699589845915087e-05
"[0,40)",1,67906,2,2022-03-02,2.9452478426059554e-05
"[40,60)",0,48584,1,2022-03-02,2.0582907953235634e-05
"[40,60)",1,46740,1,2022-03-02,2.1394950791613178e-05
"[60,80)",0,32568,1,2022-03-02,3.070498648980594e-05
"[60,80)",1,38846,0,2022-03-02,0.0
"[80,200)",0,5378,0,2022-03-02,0.0
"[80,200)",1,10063,0,2022-03-02,0.0
"[0,40)",0,72166,7,2022-03-03,9.699858659202395e-05
"[0,40)",1,67906,2,2022-03-03,2.9452478426059554e-05
"[40,60)",0,48584,2,2022-03-03,4.116581590647127e-05
"[40,60)",1,46740,0,2022-03-03,0.0
"[60,80)",0,32566,0,2022-03-03,0.0
"[60,80)",1,38841,0,2022-03-03,0.0
"[80,200)",0,5376,0,2022-03-03,0.0
"[80,200)",1,10059,0,2022-03-03,0.0
"[0,40)",0,72166,8,2022-03-04,0.00011085552753374165
"[0,40)",1,67906,3,2022-03-04,4.417871763908933e-05
"[40,60)",0,48584,3,2022-03-04,6.17487238597069e-05
"[40,60)",1,46740,0,2022-03-04,0.0
"[60,80)",0,32563,2,2022-03-04,6.141940238921475e-05
"[60,80)",1,38841,0,2022-03-04,0.0
"[80,200)",0,5373,0,2022-03-04,0.0
"[80,200)",1,10058,0,2022-03-04,0.0
"[0,40)",0,72165,0,2022-03-05,0.0
"[0,40)",1,67906,0,2022-03-05,0.0
"[40,60)",0,48584,0,2022-03-05,0.0
"[40,60)",1,46739,0,2022-03-05,0.0
"[60,80)",0,32563,0,2022-03-05,0.0
"[60,80)",1,38839,0,2022-03-05,0.0
"[80,200)",0,5371,0,2022-03-05,0.0
"[80,200)",1,10056,0,2022-03-05,0.0
"[0,40)",0,72164,0,2022-03-06,0.0
"[0,40)",1,67906,0,2022-03-06,0.0
"[40,60)",0,48584,0,2022-03-06,0.0
"[40,60)",1,46739,0,2022-03-06,0.0
"[60,80)",0,32561,0,2022-03-06,0.0
"[60,80)",1,38838,0,2022-03-06,0.0
"[80,200)",0,5371,0,2022-03-06,0.0
"[80,200)",1,10055,0,2022-03-06,0.0
"[0,40)",0,72164,6,2022-03-07,8.314394989191286e-05
"[0,40)",1,67906,5,2022-03-07,7.363119606514888e-05
"[40,60)",0,48583,0,2022-03-07,0.0
"[40,60)",1,46739,2,2022-03-07,4.279081709065234e-05
"[60,80)",0,32560,0,2022-03-07,0.0
"[60,80)",1,38834,0,2022-03-07,0.0
"[80,200)",0,5370,0,2022-03-07,0.0
"[80,200)",1,10050,0,2022-03-07,0.0
"[0,40)",0,72164,5,2022-03-08,6.92866249099274e-05
"[0,40)",1,67906,3,2022-03-08,4.417871763908933e-05
"[40,60)",0,48581,3,2022-03-08,6.175253700006176e-05
"[40,60)",1,46739,1,2022-03-08,2.139540854532617e-05
"[60,80)",0,32555,0,2022-03-08,0.0
"[60,80)",1,38832,2,2022-03-08,5.150391429748661e-05
"[80,200)",0,5370,0,2022-03-08,0.0
"[80,200)",1,10048,0,2022-03-08,0.0
"[0,40)",0,72164,3,2022-03-09,4.157197494595643e-05
"[0,40)",1,67906,1,2022-03-09,1.4726239213029777e-05
"[40,60)",0,48581,2,2022-03-09,4.116835800004117e-05
"[40,60)",1,46738,4,2022-03-09,8.558346527450897e-05
"[60,80)",0,32552,1,2022-03-09,3.0720078643401325e-05
"[60,80)",1,38830,0,2022-03-09,0.0
"[80,200)",0,5369,0,2022-03-09,0.0
"[80,200)",1,10046,0,2022-03-09,0.0
"[0,40)",0,72164,2,2022-03-10,2.7714649963970956e-05
"[0,40)",1,67906,3,2022-03-10,4.417871763908933e-05
"[40,60)",0,48580,3,2022-03-10,6.175380815150267e-05
"[40,60)",1,46738,3,2022-03-10,6.418759895588172e-05
"[60,80)",0,32549,1,2022-03-10,3.072291007404221e-05
"[60,80)",1,38829,0,2022-03-10,0.0
"[80,200)",0,5364,0,2022-03-10,0.0
"[80,200)",1,10043,0,2022-03-10,0.0
"[0,40)",0,72163,6,2022-03-11,8.314510206061277e-05
"[0,40)",1,67906,4,2022-03-11,5.890495685211911e-05
"[40,60)",0,48579,0,2022-03-11,0.0
"[40,60)",1,46738,4,2022-03-11,8.558346527450897e-05
"[60,80)",0,32546,2,2022-03-11,6.145148405333988e-05
"[60,80)",1,38829,0,2022-03-11,0.0
"[80,200)",0,5362,0,2022-03-11,0.0
"[80,200)",1,10041,0,2022-03-11,0.0
"[0,40)",0,72163,4,2022-03-12,5.543006804040852e-05
"[0,40)",1,67906,1,2022-03-12,1.4726239213029777e-05
"[40,60)",0,48579,0,2022-03-12,0.0
"[40,60)",1,46738,0,2022-03-12,0.0
"[60,80)",0,32544,0,2022-03-12,0.0
"[60,80)",1,38829,0,2022-03-12,0.0
"[80,200)",0,5361,0,2022-03-12,0.0
"[80,200)",1,10038,0,2022-03-12,0.0
"[0,40)",0,72163,1,2022-03-13,1.385751701010213e-05
"[0,40)",1,67905,0,2022-03-13,0.0
"[40,60)",0,48579,0,2022-03-13,0.0
"[40,60)",1,46737,0,2022-03-13,0.0
"[60,80)",0,32540,0,2022-03-13,0.0
"[60,80)",1,38829,0,2022-03-13,0.0
"[80,200)",0,5358,0,2022-03-13,0.0
"[80,200)",1,10037,0,2022-03-13,0.0
"[0,40)",0,72163,1,2022-03-14,1.385751701010213e-05
"[0,40)",1,67905,2,2022-03-14,2.9452912156689494e-05
"[40,60)",0,48578,1,2022-03-14,2.0585450203795956e-05
"[40,60)",1,46737,0,2022-03-14,0.0
"[60,80)",0,32537,1,2022-03-14,3.073424101791806e-05
"[60,80)",1,38827,1,2022-03-14,2.575527339222706e-05
"[80,200)",0,5356,0,2022-03-14,0.0
"[80,200)",1,10035,0,2022-03-14,0.0
"[0,40)",0,72163,1,2022-03-15,1.385751701010213e-05
"[0,40)",1,67905,0,2022-03-15,0.0
"[40,60)",0,48578,0,2022-03-15,0.0
"[40,60)",1,46737,2,2022-03-15,4.279264822303528e-05
"[60,80)",0,32536,1,2022-03-15,3.073518564052127e-05
"[60,80)",1,38826,0,2022-03-15,0.0
"[80,200)",0,5353,0,2022-03-15,0.0
"[80,200)",1,10032,0,2022-03-15,0.0
"[0,40)",0,72163,3,2022-03-16,4.1572551030306387e-05
"[0,40)",1,67905,3,2022-03-16,4.417936823503424e-05
"[40,60)",0,48577,1,2022-03-16,2.0585873973279537e-05
"[40,60)",1,46737,0,2022-03-16,0.0
"[60,80)",0,32531,2,2022-03-16,6.14798192493314e-05
"[60,80)",1,38824,0,2022-03-16,0.0
"[80,200)",0,5350,0,2022-03-16,0.0
"[80,200)",1,10031,0,2022-03-16,0.0
"[0,40)",0,72163,2,2022-03-17,2.771503402020426e-05
"[0,40)",1,67905,1,2022-03-17,1.4726456078344747e-05
"[40,60)",0,48576,0,2022-03-17,0.0
"[40,60)",1,46737,2,2022-03-17,4.279264822303528e-05
"[60,80)",0,32529,1,2022-03-17,3.0741799624950045e-05
"[60,80)",1,38821,1,2022-03-17,2.5759254012003812e-05
"[80,200)",0,5347,0,2022-03-17,0.0
"[80,200)",1,10028,0,2022-03-17,0.0
"[0,40)",0,72163,5,2022-03-18,6.928758505051064e-05
"[0,40)",1,67905,5,2022-03-18,7.363228039172373e-05
"[40,60)",0,48573,1,2022-03-18,2.058756922570152e-05
"[40,60)",1,46737,4,2022-03-18,8.558529644607056e-05
"[60,80)",0,32527,0,2022-03-18,0.0
"[60,80)",1,38820,1,2022-03-18,2.5759917568263783e-05
"[80,200)",0,5347,0,2022-03-18,0.0
"[80,200)",1,10022,0,2022-03-18,0.0
"[0,40)",0,72163,0,2022-03-19,0.0
"[0,40)",1,67905,0,2022-03-19,0.0
"[40,60)",0,48573,0,2022-03-19,0.0
"[40,60)",1,46737,0,2022-03-19,0.0
"[60,80)",0,32525,0,2022-03-19,0.0
"[60,80)",1,38820,0,2022-03-19,0.0
"[80,200)",0,5342,0,2022-03-19,0.0
"[80,200)",1,10020,0,2022-03-19,0.0
"[0,40)",0,72163,0,2022-03-20,0.0
"[0,40)",1,67905,0,2022-03-20,0.0
"[40,60)",0,48572,0,2022-03-20,0.0
"[40,60)",1,46737,0,2022-03-20,0.0
"[60,80)",0,32522,0,2022-03-20,0.0
"[60,80)",1,38819,0,2022-03-20,0.0
"[80,200)",0,5341,0,2022-03-20,0.0
"[80,200)",1,10017,0,2022-03-20,0.0
"[0,40)",0,72162,0,2022-03-21,0.0
"[0,40)",1,67905,2,2022-03-21,2.9452912156689494e-05
"[40,60)",0,48570,2,2022-03-21,4.117768169652048e-05
"[40,60)",1,46737,0,2022-03-21,0.0
"[60,80)",0,32521,2,2022-03-21,6.149872390147904e-05
"[60,80)",1,38818,0,2022-03-21,0.0
"[80,200)",0,5341,0,2022-03-21,0.0
"[80,200)",1,10014,0,2022-03-21,0.0
"[0,40)",0,72161,1,2022-03-22,1.3857901082302074e-05
"[0,40)",1,67905,4,2022-03-22,5.890582431337899e-05
"[40,60)",0,48570,0,2022-03-22,0.0
"[40,60)",1,46735,1,2022-03-22,2.1397239756071467e-05
"[60,80)",0,32518,0,2022-03-22,0.0
"[60,80)",1,38816,1,2022-03-22,2.576257213520198e-05
"[80,200)",0,5338,0,2022-03-22,0.0
"[80,200)",1,10010,0,2022-03-22,0.0
"[0,40)",0,72161,1,2022-03-23,1.3857901082302074e-05
"[0,40)",1,67905,3,2022-03-23,4.417936823503424e-05
"[40,60)",0,48569,1,2022-03-23,2.0589264757355514e-05
"[40,60)",1,46734,0,2022-03-23,0.0
"[60,80)",0,32516,0,2022-03-23,0.0
"[60,80)",1,38814,0,2022-03-23,0.0
"[80,200)",0,5335,1,2022-03-23,0.00018744142455482662
"[80,200)",1,10008,1,2022-03-23,9.992006394884092e-05
"[0,40)",0,72161,2,2022-03-24,2.771580216460415e-05
"[0,40)",1,67905,3,2022-03-24,4.417936823503424e-05
"[40,60)",0,48569,1,2022-03-24,2.0589264757355514e-05
"[40,60)",1,46733,1,2022-03-24,2.139815547899771e-05
"[60,80)",0,32515,0,2022-03-24,0.0
"[60,80)",1,38813,0,2022-03-24,0.0
"[80,200)",0,5334,0,2022-03-24,0.0
"[80,200)",1,10006,0,2022-03-24,0.0
"[0,40)",0,72161,5,2022-03-25,6.928950541151037e-05
"[0,40)",1,67905,4,2022-03-25,5.890582431337899e-05
"[40,60)",0,48569,4,2022-03-25,8.235705902942205e-05
"[40,60)",1,46733,2,2022-03-25,4.279631095799542e-05
"[60,80)",0,32511,1,2022-03-25,3.0758820091661287e-05
"[60,80)",1,38808,1,2022-03-25,2.5767882910740052e-05
"[80,200)",0,5332,0,2022-03-25,0.0
"[80,200)",1,9999,0,2022-03-25,0.0
"[0,40)",0,72161,0,2022-03-26,0.0
"[0,40)",1,67905,0,2022-03-26,0.0
"[40,60)",0,48568,0,2022-03-26,0.0
"[40,60)",1,46732,0,2022-03-26,0.0
"[60,80)",0,32508,0,2022-03-26,0.0
"[60,80)",1,38807,1,2022-03-26,2.576854691163965e-05
"[80,200)",0,5330,0,2022-03-26,0.0
"[80,200)",1,9995,0,2022-03-26,0.0
"[0,40)",0,72161,0,2022-03-27,0.0
"[0,40)",1,67905,1,2022-03-27,1.4726456078344747e-05
"[40,60)",0,48568,1,2022-03-27,2.0589688683907098e-05
"[40,60)",1,46732,1,2022-03-27,2.1398613369853634e-05
"[60,80)",0,32506,0,2022-03-27,0.0
"[60,80)",1,38805,0,2022-03-27,0.0
"[80,200)",0,5328,0,2022-03-27,0.0
"[80,200)",1,9992,0,2022-03-27,0.0
"[0,40)",0,72161,2,2022-03-28,2.771580216460415e-05
"[0,40)",1,67905,0,2022-03-28,0.0
"[40,60)",0,48568,0,2022-03-28,0.0
"[40,60)",1,46732,2,2022-03-28,4.279722673970727e-05
"[60,80)",0,32503,0,2022-03-28,0.0
"[60,80)",1,38804,0,2022-03-28,0.0
"[80,200)",0,5325,0,2022-03-28,0.0
"[80,200)",1,9990,0,2022-03-28,0.0
"[0,40)",0,72160,3,2022-03-29,4.157427937915743e-05
"[0,40)",1,67905,1,2022-03-29,1.4726456078344747e-05
"[40,60)",0,48567,0,2022-03-29,0.0
"[40,60)",1,46732,0,2022-03-29,0.0
"[60,80)",0,32497,1,2022-03-29,3.0772071268117055e-05
"[60,80)",1,38802,0,2022-03-29,0.0
"[80,200)",0,5322,0,2022-03-29,0.0
"[80,200)",1,9984,0,2022-03-29,0.0
"[0,40)",0,72160,5,2022-03-30,6.929046563192905e-05
"[0,40)",1,67905,3,2022-03-30,4.417936823503424e-05
"[40,60)",0,48566,1,2022-03-30,2.059053658938352e-05
"[40,60)",1,46732,1,2022-03-30,2.1398613369853634e-05
"[60,80)",0,32495,0,2022-03-30,0.0
"[60,80)",1,38801,0,2022-03-30,0.0
"[80,200)",0,5320,0,2022-03-30,0.0
"[80,200)",1,9981,0,2022-03-30,0.0
"[0,40)",0,72160,7,2022-03-31,9.700665188470067e-05
"[0,40)",1,67905,3,2022-03-31,4.417936823503424e-05
"[40,60)",0,48566,1,2022-03-31,2.059053658938352e-05
"[40,60)",1,46732,0,2022-03-31,0.0
"[60,80)",0,32491,0,2022-03-31,0.0
"[60,80)",1,38799,1,2022-03-31,2.577386015103482e-05
"[80,200)",0,5318,0,2022-03-31,0.0
"[80,200)",1,9976,0,2022-03-31,0.0
"[0,40)",0,72160,6,2022-04-01,8.314855875831486e-05
"[0,40)",1,67905,13,2022-04-01,0.0001914439290184817
"[40,60)",0,48566,1,2022-04-01,2.059053658938352e-05
"[40,60)",1,46732,3,2022-04-01,6.41958401095609e-05
"[60,80)",0,32491,0,2022-04-01,0.0
"[60,80)",1,38799,0,2022-04-01,0.0
"[80,200)",0,5316,0,2022-04-01,0.0
"[80,200)",1,9974,1,2022-04-01,0.00010026067776218167
"[0,40)",0,72159,1,2022-04-02,1.3858285175792347e-05
"[0,40)",1,67905,1,2022-04-02,1.4726456078344747e-05
"[40,60)",0,48566,0,2022-04-02,0.0
"[40,60)",1,46732,0,2022-04-02,0.0
"[60,80)",0,32488,0,2022-04-02,0.0
"[60,80)",1,38797,0,2022-04-02,0.0
"[80,200)",0,5316,0,2022-04-02,0.0
"[80,200)",1,9971,0,2022-04-02,0.0
"[0,40)",0,72159,0,2022-04-03,0.0
"[0,40)",1,67905,0,2022-04-03,0.0
"[40,60)",0,48565,0,2022-04-03,0.0
"[40,60)",1,46732,0,2022-04-03,0.0
"[60,80)",0,32484,0,2022-04-03,0.0
"[60,80)",1,38795,0,2022-04-03,0.0
"[80,200)",0,5315,0,2022-04-03,0.0
"[80,200)",1,9968,0,2022-04-03,0.0
"[0,40)",0,72159,1,2022-04-04,1.3858285175792347e-05
"[0,40)",1,67905,2,2022-04-04,2.9452912156689494e-05
"[40,60)",0,48565,1,2022-04-04,2.0590960568310512e-05
"[40,60)",1,46730,0,2022-04-04,0.0
"[60,80)",0,32483,1,2022-04-04,3.0785333866945786e-05
"[60,80)",1,38794,0,2022-04-04,0.0
"[80,200)",0,5312,0,2022-04-04,0.0
"[80,200)",1,9963,0,2022-04-04,0.0
"[0,40)",0,72159,1,2022-04-05,1.3858285175792347e-05
"[0,40)",1,67905,2,2022-04-05,2.9452912156689494e-05
"[40,60)",0,48564,1,2022-04-05,2.059138456469813e-05
"[40,60)",1,46730,0,2022-04-05,0.0
"[60,80)",0,32480,0,2022-04-05,0.0
"[60,80)",1,38793,1,2022-04-05,2.5777846518701826e-05
"[80,200)",0,5312,0,2022-04-05,0.0
"[80,200)",1,9959,0,2022-04-05,0.0
"[0,40)",0,72159,3,2022-04-06,4.157485552737704e-05
"[0,40)",1,67905,2,2022-04-06,2.9452912156689494e-05
"[40,60)",0,48564,2,2022-04-06,4.118276912939626e-05
"[40,60)",1,46730,0,2022-04-06,0.0
"[60,80)",0,32476,1,2022-04-06,3.07919694543663e-05
"[60,80)",1,38790,1,2022-04-06,2.5779840164990976e-05
"[80,200)",0,5309,0,2022-04-06,0.0
"[80,200)",1,9957,0,2022-04-06,0.0
"[0,40)",0,72159,2,2022-04-07,2.7716570351584694e-05
"[0,40)",1,67905,1,2022-04-07,1.4726456078344747e-05
"[40,60)",0,48564,0,2022-04-07,0.0
"[40,60)",1,46730,0,2022-04-07,0.0
"[60,80)",0,32474,0,2022-04-07,0.0
"[60,80)",1,38790,0,2022-04-07,0.0
"[80,200)",0,5308,0,2022-04-07,0.0
"[80,200)",1,9954,0,2022-04-07,0.0
"[0,40)",0,72159,7,2022-04-08,9.700799623054644e-05
"[0,40)",1,67905,6,2022-04-08,8.835873647006848e-05
"[40,60)",0,48563,3,2022-04-08,6.177542573564236e-05
"[40,60)",1,46730,1,2022-04-08,2.1399529210357373e-05
"[60,80)",0,32473,0,2022-04-08,0.0
"[60,80)",1,38788,1,2022-04-08,2.578116943384552e-05
"[80,200)",0,5307,0,2022-04-08,0.0
"[80,200)",1,9946,0,2022-04-08,0.0
"[0,40)",0,72159,1,2022-04-09,1.3858285175792347e-05
"[0,40)",1,67905,0,2022-04-09,0.0
"[40,60)",0,48563,0,2022-04-09,0.0
"[40,60)",1,46730,0,2022-04-09,0.0
"[60,80)",0,32469,0,2022-04-09,0.0
"[60,80)",1,38787,0,2022-04-09,0.0
"[80,200)",0,5302,0,2022-04-09,0.0
"[80,200)",1,9945,0,2022-04-09,0.0
"[0,40)",0,72159,0,2022-04-10,0.0
"[0,40)",1,67905,0,2022-04-10,0.0
"[40,60)",0,48562,0,2022-04-10,0.0
"[40,60)",1,46728,0,2022-04-10,0.0
"[60,80)",0,32467,0,2022-04-10,0.0
"[60,80)",1,38787,0,2022-04-10,0.0
"[80,200)",0,5301,0,2022-04-10,0.0
"[80,200)",1,9941,0,2022-04-10,0.0
"[0,40)",0,72159,2,2022-04-11,2.7716570351584694e-05
"[0,40)",1,67905,1,2022-04-11,1.4726456078344747e-05
"[40,60)",0,48562,0,2022-04-11,0.0
"[40,60)",1,46728,0,2022-04-11,0.0
"[60,80)",0,32466,0,2022-04-11,0.0
"[60,80)",1,38784,0,2022-04-11,0.0
"[80,200)",0,5298,0,2022-04-11,0.0
"[80,200)",1,9938,0,2022-04-11,0.0
"[0,40)",0,72158,0,2022-04-12,0.0
"[0,40)",1,67905,1,2022-04-12,1.4726456078344747e-05
"[40,60)",0,48562,2,2022-04-12,4.118446521971912e-05
"[40,60)",1,46727,1,2022-04-12,2.1400903118111584e-05
"[60,80)",0,32462,0,2022-04-12,0.0
"[60,80)",1,38781,0,2022-04-12,0.0
"[80,200)",0,5296,0,2022-04-12,0.0
"[80,200)",1,9934,1,2022-04-12,0.00010066438494060802
"[0,40)",0,72158,1,2022-04-13,1.385847723052191e-05
"[0,40)",1,67905,2,2022-04-13,2.9452912156689494e-05
"[40,60)",0,48561,2,2022-04-13,4.118531331727106e-05
"[40,60)",1,46727,0,2022-04-13,0.0
"[60,80)",0,32459,0,2022-04-13,0.0
"[60,80)",1,38781,0,2022-04-13,0.0
"[80,200)",0,5294,0,2022-04-13,0.0
"[80,200)",1,9933,0,2022-04-13,0.0
"[0,40)",0,72158,1,2022-04-14,1.385847723052191e-05
"[0,40)",1,67905,3,2022-04-14,4.417936823503424e-05
"[40,60)",0,48561,1,2022-04-14,2.059265665863553e-05
"[40,60)",1,46727,1,2022-04-14,2.1400903118111584e-05
"[60,80)",0,32453,0,2022-04-14,0.0
"[60,80)",1,38778,0,2022-04-14,0.0
"[80,200)",0,5293,0,2022-04-14,0.0
"[80,200)",1,9931,0,2022-04-14,0.0
"[0,40)",0,72157,0,2022-04-15,0.0
"[0,40)",1,67905,0,2022-04-15,0.0
"[40,60)",0,48561,0,2022-04-15,0.0
"[40,60)",1,46727,0,2022-04-15,0.0
"[60,80)",0,32451,0,2022-04-15,0.0
"[60,80)",1,38778,0,2022-04-15,0.0
"[80,200)",0,5292,0,2022-04-15,0.0
"[80,200)",1,9930,0,2022-04-15,0.0
"[0,40)",0,72157,0,2022-04-16,0.0
"[0,40)",1,67905,0,2022-04-16,0.0
"[40,60)",0,48561,0,2022-04-16,0.0
"[40,60)",1,46727,0,2022-04-16,0.0
"[60,80)",0,32450,0,2022-04-16,0.0
"[60,80)",1,38777,0,2022-04-16,0.0
"[80,200)",0,5289,0,2022-04-16,0.0
"[80,200)",1,9927,0,2022-04-16,0.0
"[0,40)",0,72157,0,2022-04-17,0.0
"[0,40)",1,67905,0,2022-04-17,0.0
"[40,60)",0,48561,0,2022-04-17,0.0
"[40,60)",1,46727,0,2022-04-17,0.0
"[60,80)",0,32448,0,2022-04-17,0.0
"[60,80)",1,38776,0,2022-04-17,0.0
"[80,200)",0,5288,0,2022-04-17,0.0
"[80,200)",1,9922,0,2022-04-17,0.0
"[0,40)",0,72157,0,2022-04-18,0.0
"[0,40)",1,67905,0,2022-04-18,0.0
"[40,60)",0,48561,0,2022-04-18,0.0
"[40,60)",1,46727,0,2022-04-18,0.0
"[60,80)",0,32446,0,2022-04-18,0.0
"[60,80)",1,38773,0,2022-04-18,0.0
"[80,200)",0,5284,0,2022-04-18,0.0
"[80,200)",1,9920,0,2022-04-18,0.0
"[0,40)",0,72157,1,2022-04-19,1.3858669290574719e-05
"[0,40)",1,67905,2,2022-04-19,2.9452912156689494e-05
"[40,60)",0,48561,1,2022-04-19,2.059265665863553e-05
"[40,60)",1,46727,0,2022-04-19,0.0
"[60,80)",0,32443,0,2022-04-19,0.0
"[60,80)",1,38771,1,2022-04-19,2.5792473756157954e-05
"[80,200)",0,5279,0,2022-04-19,0.0
"[80,200)",1,9919,0,2022-04-19,0.0
"[0,40)",0,72157,4,2022-04-20,5.5434677162298875e-05
"[0,40)",1,67904,5,2022-04-20,7.363336475023562e-05
"[40,60)",0,48561,0,2022-04-20,0.0
"[40,60)",1,46726,2,2022-04-20,4.28027222531353e-05
"[60,80)",0,32440,0,2022-04-20,0.0
"[60,80)",1,38771,0,2022-04-20,0.0
"[80,200)",0,5277,0,2022-04-20,0.0
"[80,200)",1,9917,0,2022-04-20,0.0
"[0,40)",0,72157,5,2022-04-21,6.92933464528736e-05
"[0,40)",1,67903,1,2022-04-21,1.4726889828137195e-05
"[40,60)",0,48558,0,2022-04-21,0.0
"[40,60)",1,46724,1,2022-04-21,2.1402277202294325e-05
"[60,80)",0,32437,0,2022-04-21,0.0
"[60,80)",1,38771,0,2022-04-21,0.0
"[80,200)",0,5275,0,2022-04-21,0.0
"[80,200)",1,9914,0,2022-04-21,0.0
"[0,40)",0,72157,6,2022-04-22,8.315201574344831e-05
"[0,40)",1,67903,5,2022-04-22,7.363444914068598e-05
"[40,60)",0,48558,2,2022-04-22,4.118785781951481e-05
"[40,60)",1,46724,2,2022-04-22,4.280455440458865e-05
"[60,80)",0,32434,0,2022-04-22,0.0
"[60,80)",1,38770,1,2022-04-22,2.5793139025019346e-05
"[80,200)",0,5273,0,2022-04-22,0.0
"[80,200)",1,9911,0,2022-04-22,0.0
"[0,40)",0,72157,1,2022-04-23,1.3858669290574719e-05
"[0,40)",1,67903,1,2022-04-23,1.4726889828137195e-05
"[40,60)",0,48558,0,2022-04-23,0.0
"[40,60)",1,46723,0,2022-04-23,0.0
"[60,80)",0,32431,0,2022-04-23,0.0
"[60,80)",1,38768,0,2022-04-23,0.0
"[80,200)",0,5272,0,2022-04-23,0.0
"[80,200)",1,9908,0,2022-04-23,0.0
"[0,40)",0,72157,0,2022-04-24,0.0
"[0,40)",1,67903,0,2022-04-24,0.0
"[40,60)",0,48557,0,2022-04-24,0.0
"[40,60)",1,46723,0,2022-04-24,0.0
"[60,80)",0,32426,0,2022-04-24,0.0
"[60,80)",1,38765,0,2022-04-24,0.0
"[80,200)",0,5272,0,2022-04-24,0.0
"[80,200)",1,9903,0,2022-04-24,0.0
"[0,40)",0,72157,0,2022-04-25,0.0
"[0,40)",1,67903,2,2022-04-25,2.945377965627439e-05
"[40,60)",0,48557,0,2022-04-25,0.0
"[40,60)",1,46723,1,2022-04-25,2.140273526956745e-05
"[60,80)",0,32422,0,2022-04-25,0.0
"[60,80)",1,38764,0,2022-04-25,0.0
"[80,200)",0,5271,0,2022-04-25,0.0
"[80,200)",1,9901,0,2022-04-25,0.0
"[0,40)",0,72157,0,2022-04-26,0.0
"[0,40)",1,67903,0,2022-04-26,0.0
"[40,60)",0,48557,1,2022-04-26,2.0594353028399614e-05
"[40,60)",1,46723,0,2022-04-26,0.0
"[60,80)",0,32420,0,2022-04-26,0.0
"[60,80)",1,38764,0,2022-04-26,0.0
"[80,200)",0,5269,0,2022-04-26,0.0
"[80,200)",1,9897,0,2022-04-26,0.0
"[0,40)",0,72156,3,2022-04-27,4.1576584067852984e-05
"[0,40)",1,67903,5,2022-04-27,7.363444914068598e-05
"[40,60)",0,48557,1,2022-04-27,2.0594353028399614e-05
"[40,60)",1,46723,2,2022-04-27,4.28054705391349e-05
"[60,80)",0,32419,1,2022-04-27,3.08461087633795e-05
"[60,80)",1,38763,0,2022-04-27,0.0
"[80,200)",0,5268,0,2022-04-27,0.0
"[80,200)",1,9895,0,2022-04-27,0.0
"[0,40)",0,72156,0,2022-04-28,0.0
"[0,40)",1,67903,0,2022-04-28,0.0
"[40,60)",0,48557,0,2022-04-28,0.0
"[40,60)",1,46723,1,2022-04-28,2.140273526956745e-05
"[60,80)",0,32414,1,2022-04-28,3.085086690936015e-05
"[60,80)",1,38763,0,2022-04-28,0.0
"[80,200)",0,5266,0,2022-04-28,0.0
"[80,200)",1,9888,0,2022-04-28,0.0
"[0,40)",0,72156,2,2022-04-29,2.771772271190199e-05
"[0,40)",1,67903,5,2022-04-29,7.363444914068598e-05
"[40,60)",0,48554,1,2022-04-29,2.0595625489146106e-05
"[40,60)",1,46722,2,2022-04-29,4.280638671289757e-05
"[60,80)",0,32410,0,2022-04-29,0.0
"[60,80)",1,38762,0,2022-04-29,0.0
"[80,200)",0,5264,0,2022-04-29,0.0
"[80,200)",1,9888,0,2022-04-29,0.0
"[0,40)",0,72156,1,2022-04-30,1.3858861355950995e-05
"[0,40)",1,67903,0,2022-04-30,0.0
"[40,60)",0,48554,1,2022-04-30,2.0595625489146106e-05
"[40,60)",1,46722,0,2022-04-30,0.0
"[60,80)",0,32407,0,2022-04-30,0.0
"[60,80)",1,38761,0,2022-04-30,0.0
"[80,200)",0,5262,0,2022-04-30,0.0
"[80,200)",1,9886,0,2022-04-30,0.0
"[0,40)",0,72155,0,2022-05-01,0.0
"[0,40)",1,67903,0,2022-05-01,0.0
"[40,60)",0,48554,0,2022-05-01,0.0
"[40,60)",1,46722,0,2022-05-01,0.0
"[60,80)",0,32406,0,2022-05-01,0.0
"[60,80)",1,38759,0,2022-05-01,0.0
"[80,200)",0,5258,0,2022-05-01,0.0
"[80,200)",1,9884,0,2022-05-01,0.0
"[0,40)",0,72155,1,2022-05-02,1.385905342665096e-05
"[0,40)",1,67903,1,2022-05-02,1.4726889828137195e-05
"[40,60)",0,48552,1,2022-05-02,2.0596473883671115e-05
"[40,60)",1,46722,1,2022-05-02,2.1403193356448784e-05
"[60,80)",0,32401,1,2022-05-02,3.086324496157526e-05
"[60,80)",1,38757,2,2022-05-02,5.1603581288541424e-05
"[80,200)",0,5253,0,2022-05-02,0.0
"[80,200)",1,9882,0,2022-05-02,0.0
"[0,40)",0,72154,1,2022-05-03,1.3859245502674834e-05
"[0,40)",1,67903,4,2022-05-03,5.890755931254878e-05
"[40,60)",0,48550,0,2022-05-03,0.0
"[40,60)",1,46722,0,2022-05-03,0.0
"[60,80)",0,32398,1,2022-05-03,3.086610284585468e-05
"[60,80)",1,38755,0,2022-05-03,0.0
"[80,200)",0,5250,0,2022-05-03,0.0
"[80,200)",1,9878,0,2022-05-03,0.0
"[0,40)",0,72154,6,2022-05-04,8.3155473016049e-05
"[0,40)",1,67902,5,2022-05-04,7.36355335630762e-05
"[40,60)",0,48550,0,2022-05-04,0.0
"[40,60)",1,46722,2,2022-05-04,4.280638671289757e-05
"[60,80)",0,32397,0,2022-05-04,0.0
"[60,80)",1,38752,0,2022-05-04,0.0
"[80,200)",0,5248,0,2022-05-04,0.0
"[80,200)",1,9875,1,2022-05-04,0.00010126582278481013
"[0,40)",0,72154,1,2022-05-05,1.3859245502674834e-05
"[0,40)",1,67902,1,2022-05-05,1.4727106712615239e-05
"[40,60)",0,48550,0,2022-05-05,0.0
"[40,60)",1,46722,0,2022-05-05,0.0
"[60,80)",0,32396,0,2022-05-05,0.0
"[60,80)",1,38751,0,2022-05-05,0.0
"[80,200)",0,5247,0,2022-05-05,0.0
"[80,200)",1,9872,0,2022-05-05,0.0
"[0,40)",0,72154,2,2022-05-06,2.7718491005349668e-05
"[0,40)",1,67902,5,2022-05-06,7.36355335630762e-05
"[40,60)",0,48550,0,2022-05-06,0.0
"[40,60)",1,46722,0,2022-05-06,0.0
"[60,80)",0,32395,0,2022-05-06,0.0
"[60,80)",1,38750,0,2022-05-06,0.0
"[80,200)",0,5244,0,2022-05-06,0.0
"[80,200)",1,9868,0,2022-05-06,0.0
"[0,40)",0,72154,0,2022-05-07,0.0
"[0,40)",1,67902,1,2022-05-07,1.4727106712615239e-05
"[40,60)",0,48549,0,2022-05-07,0.0
"[40,60)",1,46721,0,2022-05-07,0.0
"[60,80)",0,32394,0,2022-05-07,0.0
"[60,80)",1,38749,0,2022-05-07,0.0
"[80,200)",0,5242,0,2022-05-07,0.0
"[80,200)",1,9864,0,2022-05-07,0.0
"[0,40)",0,72154,0,2022-05-08,0.0
"[0,40)",1,67901,0,2022-05-08,0.0
"[40,60)",0,48546,0,2022-05-08,0.0
"[40,60)",1,46720,0,2022-05-08,0.0
"[60,80)",0,32393,0,2022-05-08,0.0
"[60,80)",1,38749,0,2022-05-08,0.0
"[80,200)",0,5242,0,2022-05-08,0.0
"[80,200)",1,9863,0,2022-05-08,0.0
"[0,40)",0,72154,0,2022-05-09,0.0
"[0,40)",1,67901,1,2022-05-09,1.4727323603481539e-05
"[40,60)",0,48544,2,2022-05-09,4.119973632168754e-05
"[40,60)",1,46720,0,2022-05-09,0.0
"[60,80)",0,32391,1,2022-05-09,3.087277330122565e-05
"[60,80)",1,38748,0,2022-05-09,0.0
"[80,200)",0,5241,0,2022-05-09,0.0
"[80,200)",1,9861,0,2022-05-09,0.0
"[0,40)",0,72154,1,2022-05-10,1.3859245502674834e-05
"[0,40)",1,67901,2,2022-05-10,2.9454647206963078e-05
"[40,60)",0,48543,0,2022-05-10,0.0
"[40,60)",1,46720,0,2022-05-10,0.0
"[60,80)",0,32388,0,2022-05-10,0.0
"[60,80)",1,38745,0,2022-05-10,0.0
"[80,200)",0,5238,0,2022-05-10,0.0
"[80,200)",1,9859,0,2022-05-10,0.0
"[0,40)",0,72153,3,2022-05-11,4.157831275206852e-05
"[0,40)",1,67901,0,2022-05-11,0.0
"[40,60)",0,48542,3,2022-05-11,6.180215071484488e-05
"[40,60)",1,46720,1,2022-05-11,2.1404109589041096e-05
"[60,80)",0,32386,0,2022-05-11,0.0
"[60,80)",1,38744,0,2022-05-11,0.0
"[80,200)",0,5235,0,2022-05-11,0.0
"[80,200)",1,9858,0,2022-05-11,0.0
"[0,40)",0,72152,2,2022-05-12,2.7719259341390397e-05
"[0,40)",1,67901,5,2022-05-12,7.36366180174077e-05
"[40,60)",0,48541,0,2022-05-12,0.0
"[40,60)",1,46720,0,2022-05-12,0.0
"[60,80)",0,32378,0,2022-05-12,0.0
"[60,80)",1,38742,1,2022-05-12,2.5811780496618657e-05
"[80,200)",0,5235,0,2022-05-12,0.0
"[80,200)",1,9856,0,2022-05-12,0.0
"[0,40)",0,72151,1,2022-05-13,1.3859821762692132e-05
"[0,40)",1,67901,3,2022-05-13,4.4181970810444617e-05
"[40,60)",0,48539,0,2022-05-13,0.0
"[40,60)",1,46720,1,2022-05-13,2.1404109589041096e-05
"[60,80)",0,32377,0,2022-05-13,0.0
"[60,80)",1,38742,1,2022-05-13,2.5811780496618657e-05
"[80,200)",0,5232,0,2022-05-13,0.0
"[80,200)",1,9855,0,2022-05-13,0.0
"[0,40)",0,72151,0,2022-05-14,0.0
"[0,40)",1,67901,0,2022-05-14,0.0
"[40,60)",0,48538,0,2022-05-14,0.0
"[40,60)",1,46720,0,2022-05-14,0.0
"[60,80)",0,32374,0,2022-05-14,0.0
"[60,80)",1,38740,0,2022-05-14,0.0
"[80,200)",0,5230,0,2022-05-14,0.0
"[80,200)",1,9852,0,2022-05-14,0.0
"[0,40)",0,72150,0,2022-05-15,0.0
"[0,40)",1,67901,0,2022-05-15,0.0
"[40,60)",0,48536,0,2022-05-15,0.0
"[40,60)",1,46720,0,2022-05-15,0.0
"[60,80)",0,32371,0,2022-05-15,0.0
"[60,80)",1,38739,0,2022-05-15,0.0
"[80,200)",0,5229,0,2022-05-15,0.0
"[80,200)",1,9849,0,2022-05-15,0.0
"[0,40)",0,72150,1,2022-05-16,1.386001386001386e-05
"[0,40)",1,67901,2,2022-05-16,2.9454647206963078e-05
"[40,60)",0,48534,0,2022-05-16,0.0
"[40,60)",1,46720,0,2022-05-16,0.0
"[60,80)",0,32368,0,2022-05-16,0.0
"[60,80)",1,38738,0,2022-05-16,0.0
"[80,200)",0,5227,0,2022-05-16,0.0
"[80,200)",1,9848,0,2022-05-16,0.0
"[0,40)",0,72150,0,2022-05-17,0.0
"[0,40)",1,67901,2,2022-05-17,2.9454647206963078e-05
"[40,60)",0,48533,2,2022-05-17,4.120907423814724e-05
"[40,60)",1,46720,1,2022-05-17,2.1404109589041096e-05
"[60,80)",0,32367,0,2022-05-17,0.0
"[60,80)",1,38737,0,2022-05-17,0.0
"[80,200)",0,5226,0,2022-05-17,0.0
"[80,200)",1,9848,1,2022-05-17,0.00010154346060113728
"[0,40)",0,72150,3,2022-05-18,4.158004158004158e-05
"[0,40)",1,67901,4,2022-05-18,5.8909294413926155e-05
"[40,60)",0,48532,1,2022-05-18,2.0604961674771284e-05
"[40,60)",1,46720,1,2022-05-18,2.1404109589041096e-05
"[60,80)",0,32365,0,2022-05-18,0.0
"[60,80)",1,38737,0,2022-05-18,0.0
"[80,200)",0,5226,0,2022-05-18,0.0
"[80,200)",1,9847,0,2022-05-18,0.0
"[0,40)",0,72150,2,2022-05-19,2.772002772002772e-05
"[0,40)",1,67901,2,2022-05-19,2.9454647206963078e-05
"[40,60)",0,48532,0,2022-05-19,0.0
"[40,60)",1,46720,0,2022-05-19,0.0
"[60,80)",0,32365,0,2022-05-19,0.0
"[60,80)",1,38736,0,2022-05-19,0.0
"[80,200)",0,5226,0,2022-05-19,0.0
"[80,200)",1,9846,0,2022-05-19,0.0
"[0,40)",0,72150,1,2022-05-20,1.386001386001386e-05
"[0,40)",1,67901,4,2022-05-20,5.8909294413926155e-05
"[40,60)",0,48532,0,2022-05-20,0.0
"[40,60)",1,46720,1,2022-05-20,2.1404109589041096e-05
"[60,80)",0,32365,0,2022-05-20,0.0
"[60,80)",1,38735,0,2022-05-20,0.0
"[80,200)",0,5225,0,2022-05-20,0.0
"[80,200)",1,9844,0,2022-05-20,0.0
"[0,40)",0,72150,2,2022-05-21,2.772002772002772e-05
"[0,40)",1,67901,0,2022-05-21,0.0
"[40,60)",0,48532,0,2022-05-21,0.0
"[40,60)",1,46719,0,2022-05-21,0.0
"[60,80)",0,32363,0,2022-05-21,0.0
"[60,80)",1,38734,0,2022-05-21,0.0
"[80,200)",0,5221,0,2022-05-21,0.0
"[80,200)",1,9841,0,2022-05-21,0.0
"[0,40)",0,72150,0,2022-05-22,0.0
"[0,40)",1,67901,0,2022-05-22,0.0
"[40,60)",0,48531,0,2022-05-22,0.0
"[40,60)",1,46719,0,2022-05-22,0.0
"[60,80)",0,32360,0,2022-05-22,0.0
"[60,80)",1,38731,0,2022-05-22,0.0
"[80,200)",0,5218,0,2022-05-22,0.0
"[80,200)",1,9841,0,2022-05-22,0.0
"[0,40)",0,72150,0,2022-05-23,0.0
"[0,40)",1,67901,1,2022-05-23,1.4727323603481539e-05
"[40,60)",0,48530,0,2022-05-23,0.0
"[40,60)",1,46718,0,2022-05-23,0.0
"[60,80)",0,32357,0,2022-05-23,0.0
"[60,80)",1,38729,0,2022-05-23,0.0
"[80,200)",0,5218,0,2022-05-23,0.0
"[80,200)",1,9838,0,2022-05-23,0.0
"[0,40)",0,72150,0,2022-05-24,0.0
"[0,40)",1,67901,0,2022-05-24,0.0
"[40,60)",0,48530,0,2022-05-24,0.0
"[40,60)",1,46718,0,2022-05-24,0.0
"[60,80)",0,32356,0,2022-05-24,0.0
"[60,80)",1,38729,0,2022-05-24,0.0
"[80,200)",0,5218,0,2022-05-24,0.0
"[80,200)",1,9836,0,2022-05-24,0.0
"[0,40)",0,72150,5,2022-05-25,6.93000693000693e-05
"[0,40)",1,67901,2,2022-05-25,2.9454647206963078e-05
"[40,60)",0,48530,2,2022-05-25,4.1211621677313004e-05
"[40,60)",1,46718,0,2022-05-25,0.0
"[60,80)",0,32356,1,2022-05-25,3.0906168871306714e-05
"[60,80)",1,38728,0,2022-05-25,0.0
"[80,200)",0,5216,0,2022-05-25,0.0
"[80,200)",1,9833,0,2022-05-25,0.0
"[0,40)",0,72150,4,2022-05-26,5.544005544005544e-05
"[0,40)",1,67901,3,2022-05-26,4.4181970810444617e-05
"[40,60)",0,48530,0,2022-05-26,0.0
"[40,60)",1,46717,0,2022-05-26,0.0
"[60,80)",0,32354,0,2022-05-26,0.0
"[60,80)",1,38724,0,2022-05-26,0.0
"[80,200)",0,5216,0,2022-05-26,0.0
"[80,200)",1,9830,0,2022-05-26,0.0
"[0,40)",0,72150,2,2022-05-27,2.772002772002772e-05
"[0,40)",1,67901,2,2022-05-27,2.9454647206963078e-05
"[40,60)",0,48530,0,2022-05-27,0.0
"[40,60)",1,46717,0,2022-05-27,0.0
"[60,80)",0,32354,1,2022-05-27,3.0908079371947826e-05
"[60,80)",1,38723,0,2022-05-27,0.0
"[80,200)",0,5213,0,2022-05-27,0.0
"[80,200)",1,9825,0,2022-05-27,0.0
"[0,40)",0,72150,1,2022-05-28,1.386001386001386e-05
"[0,40)",1,67901,0,2022-05-28,0.0
"[40,60)",0,48528,0,2022-05-28,0.0
"[40,60)",1,46716,0,2022-05-28,0.0
"[60,80)",0,32350,0,2022-05-28,0.0
"[60,80)",1,38723,0,2022-05-28,0.0
"[80,200)",0,5213,0,2022-05-28,0.0
"[80,200)",1,9820,1,2022-05-28,0.00010183299389002037
"[0,40)",0,72150,1,2022-05-29,1.386001386001386e-05
"[0,40)",1,67901,0,2022-05-29,0.0
"[40,60)",0,48528,0,2022-05-29,0.0
"[40,60)",1,46716,0,2022-05-29,0.0
"[60,80)",0,32349,0,2022-05-29,0.0
"[60,80)",1,38721,0,2022-05-29,0.0
"[80,200)",0,5213,0,2022-05-29,0.0
"[80,200)",1,9819,0,2022-05-29,0.0
"[0,40)",0,72150,1,2022-05-30,1.386001386001386e-05
"[0,40)",1,67901,1,2022-05-30,1.4727323603481539e-05
"[40,60)",0,48527,1,2022-05-30,2.0607084715725267e-05
"[40,60)",1,46716,0,2022-05-30,0.0
"[60,80)",0,32343,0,2022-05-30,0.0
"[60,80)",1,38719,0,2022-05-30,0.0
"[80,200)",0,5210,0,2022-05-30,0.0
"[80,200)",1,9815,0,2022-05-30,0.0
"[0,40)",0,72150,0,2022-05-31,0.0
"[0,40)",1,67901,1,2022-05-31,1.4727323603481539e-05
"[40,60)",0,48527,1,2022-05-31,2.0607084715725267e-05
"[40,60)",1,46716,1,2022-05-31,2.1405942289579588e-05
"[60,80)",0,32340,0,2022-05-31,0.0
"[60,80)",1,38718,0,2022-05-31,0.0
"[80,200)",0,5209,0,2022-05-31,0.0
"[80,200)",1,9814,0,2022-05-31,0.0
"[0,40)",0,72150,2,2022-06-01,2.772002772002772e-05
"[0,40)",1,67901,2,2022-06-01,2.9454647206963078e-05
"[40,60)",0,48526,0,2022-06-01,0.0
"[40,60)",1,46716,1,2022-06-01,2.1405942289579588e-05
"[60,80)",0,32337,0,2022-06-01,0.0
"[60,80)",1,38717,0,2022-06-01,0.0
"[80,200)",0,5205,0,2022-06-01,0.0
"[80,200)",1,9812,0,2022-06-01,0.0
"[0,40)",0,72150,3,2022-06-02,4.158004158004158e-05
"[0,40)",1,67901,0,2022-06-02,0.0
"[40,60)",0,48521,0,2022-06-02,0.0
"[40,60)",1,46716,0,2022-06-02,0.0
"[60,80)",0,32336,0,2022-06-02,0.0
"[60,80)",1,38714,0,2022-06-02,0.0
"[80,200)",0,5204,0,2022-06-02,0.0
"[80,200)",1,9810,0,2022-06-02,0.0
"[0,40)",0,72150,3,2022-06-03,4.158004158004158e-05
"[0,40)",1,67900,4,2022-06-03,5.8910162002945506e-05
"[40,60)",0,48521,0,2022-06-03,0.0
"[40,60)",1,46716,1,2022-06-03,2.1405942289579588e-05
"[60,80)",0,32332,0,2022-06-03,0.0
"[60,80)",1,38713,0,2022-06-03,0.0
"[80,200)",0,5202,0,2022-06-03,0.0
"[80,200)",1,9809,0,2022-06-03,0.0
"[0,40)",0,72150,0,2022-06-04,0.0
"[0,40)",1,67900,1,2022-06-04,1.4727540500736377e-05
"[40,60)",0,48521,0,2022-06-04,0.0
"[40,60)",1,46715,1,2022-06-04,2.1406400513753613e-05
"[60,80)",0,32328,0,2022-06-04,0.0
"[60,80)",1,38710,0,2022-06-04,0.0
"[80,200)",0,5199,0,2022-06-04,0.0
"[80,200)",1,9807,0,2022-06-04,0.0
"[0,40)",0,72150,1,2022-06-05,1.386001386001386e-05
"[0,40)",1,67900,0,2022-06-05,0.0
"[40,60)",0,48521,0,2022-06-05,0.0
"[40,60)",1,46715,0,2022-06-05,0.0
"[60,80)",0,32327,0,2022-06-05,0.0
"[60,80)",1,38710,0,2022-06-05,0.0
"[80,200)",0,5198,0,2022-06-05,0.0
"[80,200)",1,9804,0,2022-06-05,0.0
"[0,40)",0,72150,0,2022-06-06,0.0
"[0,40)",1,67900,1,2022-06-06,1.4727540500736377e-05
"[40,60)",0,48521,1,2022-06-06,2.0609632942437295e-05
"[40,60)",1,46715,0,2022-06-06,0.0
"[60,80)",0,32325,0,2022-06-06,0.0
"[60,80)",1,38709,0,2022-06-06,0.0
"[80,200)",0,5198,0,2022-06-06,0.0
"[80,200)",1,9802,0,2022-06-06,0.0
"[0,40)",0,72150,0,2022-06-07,0.0
"[0,40)",1,67900,0,2022-06-07,0.0
"[40,60)",0,48521,1,2022-06-07,2.0609632942437295e-05
"[40,60)",1,46715,0,2022-06-07,0.0
"[60,80)",0,32324,0,2022-06-07,0.0
"[60,80)",1,38707,0,2022-06-07,0.0
"[80,200)",0,5197,0,2022-06-07,0.0
"[80,200)",1,9801,0,2022-06-07,0.0
"[0,40)",0,72150,4,2022-06-08,5.544005544005544e-05
"[0,40)",1,67900,2,2022-06-08,2.9455081001472753e-05
"[40,60)",0,48518,0,2022-06-08,0.0
"[40,60)",1,46715,0,2022-06-08,0.0
"[60,80)",0,32322,0,2022-06-08,0.0
"[60,80)",1,38704,0,2022-06-08,0.0
"[80,200)",0,5196,0,2022-06-08,0.0
"[80,200)",1,9800,0,2022-06-08,0.0
"[0,40)",0,72150,2,2022-06-09,2.772002772002772e-05
"[0,40)",1,67900,1,2022-06-09,1.4727540500736377e-05
"[40,60)",0,48518,0,2022-06-09,0.0
"[40,60)",1,46715,0,2022-06-09,0.0
"[60,80)",0,32322,0,2022-06-09,0.0
"[60,80)",1,38702,0,2022-06-09,0.0
"[80,200)",0,5194,0,2022-06-09,0.0
"[80,200)",1,9797,0,2022-06-09,0.0
"[0,40)",0,72150,4,2022-06-10,5.544005544005544e-05
"[0,40)",1,67900,1,2022-06-10,1.4727540500736377e-05
"[40,60)",0,48518,0,2022-06-10,0.0
"[40,60)",1,46715,2,2022-06-10,4.2812801027507226e-05
"[60,80)",0,32318,0,2022-06-10,0.0
"[60,80)",1,38702,1,2022-06-10,2.58384579608289e-05
"[80,200)",0,5192,0,2022-06-10,0.0
"[80,200)",1,9795,0,2022-06-10,0.0
"[0,40)",0,72150,1,2022-06-11,1.386001386001386e-05
"[0,40)",1,67900,0,2022-06-11,0.0
"[40,60)",0,48518,0,2022-06-11,0.0
"[40,60)",1,46715,0,2022-06-11,0.0
"[60,80)",0,32317,0,2022-06-11,0.0
"[60,80)",1,38701,0,2022-06-11,0.0
"[80,200)",0,5188,0,2022-06-11,0.0
"[80,200)",1,9792,0,2022-06-11,0.0
"[0,40)",0,72150,0,2022-06-12,0.0
"[0,40)",1,67900,0,2022-06-12,0.0
"[40,60)",0,48517,0,2022-06-12,0.0
"[40,60)",1,46715,0,2022-06-12,0.0
"[60,80)",0,32315,0,2022-06-12,0.0
"[60,80)",1,38699,0,2022-06-12,0.0
"[80,200)",0,5187,0,2022-06-12,0.0
"[80,200)",1,9790,0,2022-06-12,0.0
"[0,40)",0,72150,1,2022-06-13,1.386001386001386e-05
"[0,40)",1,67900,1,2022-06-13,1.4727540500736377e-05
"[40,60)",0,48517,0,2022-06-13,0.0
"[40,60)",1,46715,0,2022-06-13,0.0
"[60,80)",0,32309,0,2022-06-13,0.0
"[60,80)",1,38698,0,2022-06-13,0.0
"[80,200)",0,5186,0,2022-06-13,0.0
"[80,200)",1,9788,0,2022-06-13,0.0
"[0,40)",0,72150,1,2022-06-14,1.386001386001386e-05
"[0,40)",1,67900,0,2022-06-14,0.0
"[40,60)",0,48517,1,2022-06-14,2.0611332110394293e-05
"[40,60)",1,46714,0,2022-06-14,0.0
"[60,80)",0,32307,1,2022-06-14,3.0953044231900206e-05
"[60,80)",1,38696,0,2022-06-14,0.0
"[80,200)",0,5185,0,2022-06-14,0.0
"[80,200)",1,9783,0,2022-06-14,0.0
"[0,40)",0,72150,2,2022-06-15,2.772002772002772e-05
"[0,40)",1,67900,2,2022-06-15,2.9455081001472753e-05
"[40,60)",0,48517,0,2022-06-15,0.0
"[40,60)",1,46714,0,2022-06-15,0.0
"[60,80)",0,32303,0,2022-06-15,0.0
"[60,80)",1,38693,0,2022-06-15,0.0
"[80,200)",0,5182,0,2022-06-15,0.0
"[80,200)",1,9782,0,2022-06-15,0.0
"[0,40)",0,72150,0,2022-06-16,0.0
"[0,40)",1,67900,0,2022-06-16,0.0
"[40,60)",0,48516,0,2022-06-16,0.0
"[40,60)",1,46713,0,2022-06-16,0.0
"[60,80)",0,32301,0,2022-06-16,0.0
"[60,80)",1,38692,0,2022-06-16,0.0
"[80,200)",0,5180,0,2022-06-16,0.0
"[80,200)",1,9781,0,2022-06-16,0.0
"[0,40)",0,72148,2,2022-06-17,2.7720796141265176e-05
"[0,40)",1,67900,2,2022-06-17,2.9455081001472753e-05
"[40,60)",0,48516,1,2022-06-17,2.061175694616209e-05
"[40,60)",1,46712,0,2022-06-17,0.0
"[60,80)",0,32296,1,2022-06-17,3.0963586821897446e-05
"[60,80)",1,38692,0,2022-06-17,0.0
"[80,200)",0,5178,0,2022-06-17,0.0
"[80,200)",1,9778,0,2022-06-17,0.0
"[0,40)",0,72148,0,2022-06-18,0.0
"[0,40)",1,67900,0,2022-06-18,0.0
"[40,60)",0,48516,0,2022-06-18,0.0
"[40,60)",1,46711,0,2022-06-18,0.0
"[60,80)",0,32295,0,2022-06-18,0.0
"[60,80)",1,38692,0,2022-06-18,0.0
"[80,200)",0,5177,0,2022-06-18,0.0
"[80,200)",1,9776,0,2022-06-18,0.0
"[0,40)",0,72148,0,2022-06-19,0.0
"[0,40)",1,67900,0,2022-06-19,0.0
"[40,60)",0,48516,0,2022-06-19,0.0
"[40,60)",1,46710,0,2022-06-19,0.0
"[60,80)",0,32294,0,2022-06-19,0.0
"[60,80)",1,38689,0,2022-06-19,0.0
"[80,200)",0,5174,0,2022-06-19,0.0
"[80,200)",1,9774,0,2022-06-19,0.0
"[0,40)",0,72148,1,2022-06-20,1.3860398070632588e-05
"[0,40)",1,67900,0,2022-06-20,0.0
"[40,60)",0,48516,0,2022-06-20,0.0
"[40,60)",1,46710,0,2022-06-20,0.0
"[60,80)",0,32293,0,2022-06-20,0.0
"[60,80)",1,38688,0,2022-06-20,0.0
"[80,200)",0,5173,0,2022-06-20,0.0
"[80,200)",1,9772,0,2022-06-20,0.0
"[0,40)",0,72148,0,2022-06-21,0.0
"[0,40)",1,67900,0,2022-06-21,0.0
"[40,60)",0,48516,0,2022-06-21,0.0
"[40,60)",1,46710,0,2022-06-21,0.0
"[60,80)",0,32293,0,2022-06-21,0.0
"[60,80)",1,38686,0,2022-06-21,0.0
"[80,200)",0,5171,0,2022-06-21,0.0
"[80,200)",1,9772,0,2022-06-21,0.0
"[0,40)",0,72148,1,2022-06-22,1.3860398070632588e-05
"[0,40)",1,67900,1,2022-06-22,1.4727540500736377e-05
"[40,60)",0,48516,0,2022-06-22,0.0
"[40,60)",1,46710,0,2022-06-22,0.0
"[60,80)",0,32288,0,2022-06-22,0.0
"[60,80)",1,38686,1,2022-06-22,2.5849144393320582e-05
"[80,200)",0,5169,0,2022-06-22,0.0
"[80,200)",1,9770,0,2022-06-22,0.0
"[0,40)",0,72148,1,2022-06-23,1.3860398070632588e-05
"[0,40)",1,67900,0,2022-06-23,0.0
"[40,60)",0,48516,1,2022-06-23,2.061175694616209e-05
"[40,60)",1,46710,0,2022-06-23,0.0
"[60,80)",0,32286,0,2022-06-23,0.0
"[60,80)",1,38686,0,2022-06-23,0.0
"[80,200)",0,5166,0,2022-06-23,0.0
"[80,200)",1,9767,0,2022-06-23,0.0
"[0,40)",0,72148,1,2022-06-24,1.3860398070632588e-05
"[0,40)",1,67900,3,2022-06-24,4.418262150220913e-05
"[40,60)",0,48515,1,2022-06-24,2.0612181799443472e-05
"[40,60)",1,46710,1,2022-06-24,2.1408691928923143e-05
"[60,80)",0,32284,0,2022-06-24,0.0
"[60,80)",1,38685,0,2022-06-24,0.0
"[80,200)",0,5163,0,2022-06-24,0.0
"[80,200)",1,9763,0,2022-06-24,0.0
"[0,40)",0,72148,0,2022-06-25,0.0
"[0,40)",1,67899,0,2022-06-25,0.0
"[40,60)",0,48514,0,2022-06-25,0.0
"[40,60)",1,46710,0,2022-06-25,0.0
"[60,80)",0,32282,0,2022-06-25,0.0
"[60,80)",1,38683,0,2022-06-25,0.0
"[80,200)",0,5163,0,2022-06-25,0.0
"[80,200)",1,9763,0,2022-06-25,0.0
"[0,40)",0,72148,0,2022-06-26,0.0
"[0,40)",1,67899,0,2022-06-26,0.0
"[40,60)",0,48514,0,2022-06-26,0.0
"[40,60)",1,46710,0,2022-06-26,0.0
"[60,80)",0,32278,0,2022-06-26,0.0
"[60,80)",1,38682,0,2022-06-26,0.0
"[80,200)",0,5162,0,2022-06-26,0.0
"[80,200)",1,9761,0,2022-06-26,0.0
"[0,40)",0,72148,0,2022-06-27,0.0
"[0,40)",1,67899,4,2022-06-27,5.891102961752014e-05
"[40,60)",0,48512,1,2022-06-27,2.0613456464379946e-05
"[40,60)",1,46709,0,2022-06-27,0.0
"[60,80)",0,32275,0,2022-06-27,0.0
"[60,80)",1,38679,0,2022-06-27,0.0
"[80,200)",0,5161,0,2022-06-27,0.0
"[80,200)",1,9760,0,2022-06-27,0.0
"[0,40)",0,72148,2,2022-06-28,2.7720796141265176e-05
"[0,40)",1,67899,0,2022-06-28,0.0
"[40,60)",0,48510,0,2022-06-28,0.0
"[40,60)",1,46709,1,2022-06-28,2.1409150270825752e-05
"[60,80)",0,32273,0,2022-06-28,0.0
"[60,80)",1,38678,0,2022-06-28,0.0
"[80,200)",0,5159,0,2022-06-28,0.0
"[80,200)",1,9756,0,2022-06-28,0.0
"[0,40)",0,72148,2,2022-06-29,2.7720796141265176e-05
"[0,40)",1,67899,2,2022-06-29,2.945551480876007e-05
"[40,60)",0,48510,1,2022-06-29,2.0614306328592042e-05
"[40,60)",1,46709,1,2022-06-29,2.1409150270825752e-05
"[60,80)",0,32271,0,2022-06-29,0.0
"[60,80)",1,38677,0,2022-06-29,0.0
"[80,200)",0,5158,0,2022-06-29,0.0
"[80,200)",1,9752,0,2022-06-29,0.0
"[0,40)",0,72148,4,2022-06-30,5.544159228253035e-05
"[0,40)",1,67899,1,2022-06-30,1.4727757404380035e-05
"[40,60)",0,48508,1,2022-06-30,2.0615156262884473e-05
"[40,60)",1,46709,0,2022-06-30,0.0
"[60,80)",0,32266,0,2022-06-30,0.0
"[60,80)",1,38677,0,2022-06-30,0.0
"[80,200)",0,5153,0,2022-06-30,0.0
"[80,200)",1,9751,0,2022-06-30,0.0
"[0,40)",0,72148,3,2022-07-01,4.1581194211897765e-05
"[0,40)",1,67899,2,2022-07-01,2.945551480876007e-05
"[40,60)",0,48508,0,2022-07-01,0.0
"[40,60)",1,46709,0,2022-07-01,0.0
"[60,80)",0,32265,0,2022-07-01,0.0
"[60,80)",1,38673,0,2022-07-01,0.0
"[80,200)",0,5150,0,2022-07-01,0.0
"[80,200)",1,9747,0,2022-07-01,0.0
"[0,40)",0,72148,0,2022-07-02,0.0
"[0,40)",1,67899,0,2022-07-02,0.0
"[40,60)",0,48508,0,2022-07-02,0.0
"[40,60)",1,46709,0,2022-07-02,0.0
"[60,80)",0,32263,0,2022-07-02,0.0
"[60,80)",1,38672,0,2022-07-02,0.0
"[80,200)",0,5149,0,2022-07-02,0.0
"[80,200)",1,9746,0,2022-07-02,0.0
"[0,40)",0,72148,0,2022-07-03,0.0
"[0,40)",1,67899,0,2022-07-03,0.0
"[40,60)",0,48508,0,2022-07-03,0.0
"[40,60)",1,46709,0,2022-07-03,0.0
"[60,80)",0,32257,0,2022-07-03,0.0
"[60,80)",1,38668,0,2022-07-03,0.0
"[80,200)",0,5147,0,2022-07-03,0.0
"[80,200)",1,9741,0,2022-07-03,0.0
"[0,40)",0,72148,1,2022-07-04,1.3860398070632588e-05
"[0,40)",1,67899,3,2022-07-04,4.4183272213140104e-05
"[40,60)",0,48507,0,2022-07-04,0.0
"[40,60)",1,46709,0,2022-07-04,0.0
"[60,80)",0,32256,0,2022-07-04,0.0
"[60,80)",1,38667,0,2022-07-04,0.0
"[80,200)",0,5147,0,2022-07-04,0.0
"[80,200)",1,9737,0,2022-07-04,0.0
"[0,40)",0,72148,0,2022-07-05,0.0
"[0,40)",1,67899,0,2022-07-05,0.0
"[40,60)",0,48506,0,2022-07-05,0.0
"[40,60)",1,46708,0,2022-07-05,0.0
"[60,80)",0,32255,0,2022-07-05,0.0
"[60,80)",1,38663,0,2022-07-05,0.0
"[80,200)",0,5147,0,2022-07-05,0.0
"[80,200)",1,9735,0,2022-07-05,0.0
"[0,40)",0,72148,0,2022-07-06,0.0
"[0,40)",1,67899,0,2022-07-06,0.0
"[40,60)",0,48506,0,2022-07-06,0.0
"[40,60)",1,46708,0,2022-07-06,0.0
"[60,80)",0,32253,0,2022-07-06,0.0
"[60,80)",1,38663,0,2022-07-06,0.0
"[80,200)",0,5145,0,2022-07-06,0.0
"[80,200)",1,9732,0,2022-07-06,0.0
"[0,40)",0,72148,1,2022-07-07,1.3860398070632588e-05
"[0,40)",1,67899,2,2022-07-07,2.945551480876007e-05
"[40,60)",0,48505,2,2022-07-07,4.123286259148542e-05
"[40,60)",1,46707,0,2022-07-07,0.0
"[60,80)",0,32252,0,2022-07-07,0.0
"[60,80)",1,38662,0,2022-07-07,0.0
"[80,200)",0,5144,0,2022-07-07,0.0
"[80,200)",1,9731,0,2022-07-07,0.0
"[0,40)",0,72148,2,2022-07-08,2.7720796141265176e-05
"[0,40)",1,67899,3,2022-07-08,4.4183272213140104e-05
"[40,60)",0,48505,0,2022-07-08,0.0
"[40,60)",1,46707,0,2022-07-08,0.0
"[60,80)",0,32246,0,2022-07-08,0.0
"[60,80)",1,38661,0,2022-07-08,0.0
"[80,200)",0,5144,0,2022-07-08,0.0
"[80,200)",1,9728,0,2022-07-08,0.0
"[0,40)",0,72148,0,2022-07-09,0.0
"[0,40)",1,67899,0,2022-07-09,0.0
"[40,60)",0,48505,0,2022-07-09,0.0
"[40,60)",1,46707,0,2022-07-09,0.0
"[60,80)",0,32245,0,2022-07-09,0.0
"[60,80)",1,38659,0,2022-07-09,0.0
"[80,200)",0,5143,0,2022-07-09,0.0
"[80,200)",1,9726,0,2022-07-09,0.0
"[0,40)",0,72148,0,2022-07-10,0.0
"[0,40)",1,67899,0,2022-07-10,0.0
"[40,60)",0,48505,0,2022-07-10,0.0
"[40,60)",1,46707,0,2022-07-10,0.0
"[60,80)",0,32243,0,2022-07-10,0.0
"[60,80)",1,38656,0,2022-07-10,0.0
"[80,200)",0,5140,0,2022-07-10,0.0
"[80,200)",1,9726,0,2022-07-10,0.0
"[0,40)",0,72148,2,2022-07-11,2.7720796141265176e-05
"[0,40)",1,67899,0,2022-07-11,0.0
"[40,60)",0,48504,0,2022-07-11,0.0
"[40,60)",1,46707,1,2022-07-11,2.1410067013509752e-05
"[60,80)",0,32242,0,2022-07-11,0.0
"[60,80)",1,38654,0,2022-07-11,0.0
"[80,200)",0,5139,0,2022-07-11,0.0
"[80,200)",1,9724,0,2022-07-11,0.0
"[0,40)",0,72148,0,2022-07-12,0.0
"[0,40)",1,67899,1,2022-07-12,1.4727757404380035e-05
"[40,60)",0,48504,0,2022-07-12,0.0
"[40,60)",1,46705,0,2022-07-12,0.0
"[60,80)",0,32240,0,2022-07-12,0.0
"[60,80)",1,38652,0,2022-07-12,0.0
"[80,200)",0,5137,0,2022-07-12,0.0
"[80,200)",1,9718,0,2022-07-12,0.0
"[0,40)",0,72146,3,2022-07-13,4.158234690765947e-05
"[0,40)",1,67899,3,2022-07-13,4.4183272213140104e-05
"[40,60)",0,48504,2,2022-07-13,4.123371268349002e-05
"[40,60)",1,46705,2,2022-07-13,4.282196766941441e-05
"[60,80)",0,32238,0,2022-07-13,0.0
"[60,80)",1,38649,0,2022-07-13,0.0
"[80,200)",0,5135,0,2022-07-13,0.0
"[80,200)",1,9715,0,2022-07-13,0.0
"[0,40)",0,72146,1,2022-07-14,1.3860782302553156e-05
"[0,40)",1,67899,1,2022-07-14,1.4727757404380035e-05
"[40,60)",0,48504,0,2022-07-14,0.0
"[40,60)",1,46705,1,2022-07-14,2.1410983834707204e-05
"[60,80)",0,32237,1,2022-07-14,3.1020256227316434e-05
"[60,80)",1,38647,3,2022-07-14,7.762568892798923e-05
"[80,200)",0,5132,1,2022-07-14,0.00019485580670303975
"[80,200)",1,9712,0,2022-07-14,0.0
"[0,40)",0,72145,1,2022-07-15,1.3860974426502184e-05
"[0,40)",1,67899,4,2022-07-15,5.891102961752014e-05
"[40,60)",0,48503,1,2022-07-15,2.06172814052739e-05
"[40,60)",1,46705,1,2022-07-15,2.1410983834707204e-05
"[60,80)",0,32235,0,2022-07-15,0.0
"[60,80)",1,38645,0,2022-07-15,0.0
"[80,200)",0,5131,0,2022-07-15,0.0
"[80,200)",1,9710,0,2022-07-15,0.0
"[0,40)",0,72144,0,2022-07-16,0.0
"[0,40)",1,67899,0,2022-07-16,0.0
"[40,60)",0,48501,0,2022-07-16,0.0
"[40,60)",1,46705,1,2022-07-16,2.1410983834707204e-05
"[60,80)",0,32234,0,2022-07-16,0.0
"[60,80)",1,38644,0,2022-07-16,0.0
"[80,200)",0,5131,0,2022-07-16,0.0
"[80,200)",1,9707,0,2022-07-16,0.0
"[0,40)",0,72144,0,2022-07-17,0.0
"[0,40)",1,67899,0,2022-07-17,0.0
"[40,60)",0,48501,0,2022-07-17,0.0
"[40,60)",1,46705,0,2022-07-17,0.0
"[60,80)",0,32232,0,2022-07-17,0.0
"[60,80)",1,38643,0,2022-07-17,0.0
"[80,200)",0,5131,0,2022-07-17,0.0
"[80,200)",1,9705,0,2022-07-17,0.0
"[0,40)",0,72144,2,2022-07-18,2.7722333111554667e-05
"[0,40)",1,67899,1,2022-07-18,1.4727757404380035e-05
"[40,60)",0,48500,0,2022-07-18,0.0
"[40,60)",1,46705,1,2022-07-18,2.1410983834707204e-05
"[60,80)",0,32232,0,2022-07-18,0.0
"[60,80)",1,38643,0,2022-07-18,0.0
"[80,200)",0,5129,0,2022-07-18,0.0
"[80,200)",1,9701,0,2022-07-18,0.0
"[0,40)",0,72144,2,2022-07-19,2.7722333111554667e-05
"[0,40)",1,67899,0,2022-07-19,0.0
"[40,60)",0,48499,0,2022-07-19,0.0
"[40,60)",1,46704,0,2022-07-19,0.0
"[60,80)",0,32228,0,2022-07-19,0.0
"[60,80)",1,38639,0,2022-07-19,0.0
"[80,200)",0,5128,0,2022-07-19,0.0
"[80,200)",1,9697,0,2022-07-19,0.0
"[0,40)",0,72144,3,2022-07-20,4.1583499667332004e-05
"[0,40)",1,67899,4,2022-07-20,5.891102961752014e-05
"[40,60)",0,48499,0,2022-07-20,0.0
"[40,60)",1,46702,0,2022-07-20,0.0
"[60,80)",0,32227,0,2022-07-20,0.0
"[60,80)",1,38638,0,2022-07-20,0.0
"[80,200)",0,5127,0,2022-07-20,0.0
"[80,200)",1,9693,0,2022-07-20,0.0
"[0,40)",0,72144,2,2022-07-21,2.7722333111554667e-05
"[0,40)",1,67899,0,2022-07-21,0.0
"[40,60)",0,48498,0,2022-07-21,0.0
"[40,60)",1,46702,0,2022-07-21,0.0
"[60,80)",0,32225,0,2022-07-21,0.0
"[60,80)",1,38634,0,2022-07-21,0.0
"[80,200)",0,5124,0,2022-07-21,0.0
"[80,200)",1,9690,0,2022-07-21,0.0
"[0,40)",0,72144,5,2022-07-22,6.930583277888668e-05
"[0,40)",1,67899,4,2022-07-22,5.891102961752014e-05
"[40,60)",0,48498,0,2022-07-22,0.0
"[40,60)",1,46702,1,2022-07-22,2.141235921373817e-05
"[60,80)",0,32222,1,2022-07-22,3.1034696791012355e-05
"[60,80)",1,38633,1,2022-07-22,2.5884606424559316e-05
"[80,200)",0,5123,0,2022-07-22,0.0
"[80,200)",1,9686,0,2022-07-22,0.0
"[0,40)",0,72144,0,2022-07-23,0.0
"[0,40)",1,67899,0,2022-07-23,0.0
"[40,60)",0,48498,0,2022-07-23,0.0
"[40,60)",1,46702,0,2022-07-23,0.0
"[60,80)",0,32218,0,2022-07-23,0.0
"[60,80)",1,38632,0,2022-07-23,0.0
"[80,200)",0,5123,0,2022-07-23,0.0
"[80,200)",1,9684,0,2022-07-23,0.0
"[0,40)",0,72144,0,2022-07-24,0.0
"[0,40)",1,67899,0,2022-07-24,0.0
"[40,60)",0,48496,0,2022-07-24,0.0
"[40,60)",1,46702,0,2022-07-24,0.0
"[60,80)",0,32216,0,2022-07-24,0.0
"[60,80)",1,38632,0,2022-07-24,0.0
"[80,200)",0,5122,0,2022-07-24,0.0
"[80,200)",1,9682,0,2022-07-24,0.0
"[0,40)",0,72144,0,2022-07-25,0.0
"[0,40)",1,67898,3,2022-07-25,4.418392294323839e-05
"[40,60)",0,48493,0,2022-07-25,0.0
"[40,60)",1,46702,0,2022-07-25,0.0
"[60,80)",0,32214,0,2022-07-25,0.0
"[60,80)",1,38630,0,2022-07-25,0.0
"[80,200)",0,5121,0,2022-07-25,0.0
"[80,200)",1,9681,0,2022-07-25,0.0
"[0,40)",0,72144,2,2022-07-26,2.7722333111554667e-05
"[0,40)",1,67898,1,2022-07-26,1.4727974314412796e-05
"[40,60)",0,48492,0,2022-07-26,0.0
"[40,60)",1,46701,0,2022-07-26,0.0
"[60,80)",0,32213,0,2022-07-26,0.0
"[60,80)",1,38626,0,2022-07-26,0.0
"[80,200)",0,5119,0,2022-07-26,0.0
"[80,200)",1,9679,0,2022-07-26,0.0
"[0,40)",0,72144,1,2022-07-27,1.3861166555777333e-05
"[0,40)",1,67898,2,2022-07-27,2.9455948628825593e-05
"[40,60)",0,48492,1,2022-07-27,2.062195826115648e-05
"[40,60)",1,46701,0,2022-07-27,0.0
"[60,80)",0,32211,0,2022-07-27,0.0
"[60,80)",1,38626,0,2022-07-27,0.0
"[80,200)",0,5118,0,2022-07-27,0.0
"[80,200)",1,9676,0,2022-07-27,0.0
"[0,40)",0,72144,1,2022-07-28,1.3861166555777333e-05
"[0,40)",1,67898,0,2022-07-28,0.0
"[40,60)",0,48491,0,2022-07-28,0.0
"[40,60)",1,46701,0,2022-07-28,0.0
"[60,80)",0,32208,0,2022-07-28,0.0
"[60,80)",1,38623,0,2022-07-28,0.0
"[80,200)",0,5116,0,2022-07-28,0.0
"[80,200)",1,9674,0,2022-07-28,0.0
"[0,40)",0,72144,1,2022-07-29,1.3861166555777333e-05
"[0,40)",1,67898,2,2022-07-29,2.9455948628825593e-05
"[40,60)",0,48489,0,2022-07-29,0.0
"[40,60)",1,46700,1,2022-07-29,2.1413276231263384e-05
"[60,80)",0,32207,0,2022-07-29,0.0
"[60,80)",1,38622,1,2022-07-29,2.589197866500958e-05
"[80,200)",0,5113,0,2022-07-29,0.0
"[80,200)",1,9671,0,2022-07-29,0.0
"[0,40)",0,72144,0,2022-07-30,0.0
"[0,40)",1,67898,1,2022-07-30,1.4727974314412796e-05
"[40,60)",0,48487,0,2022-07-30,0.0
"[40,60)",1,46700,0,2022-07-30,0.0
"[60,80)",0,32201,0,2022-07-30,0.0
"[60,80)",1,38620,0,2022-07-30,0.0
"[80,200)",0,5110,0,2022-07-30,0.0
"[80,200)",1,9670,0,2022-07-30,0.0
"[0,40)",0,72143,0,2022-07-31,0.0
"[0,40)",1,67898,0,2022-07-31,0.0
"[40,60)",0,48486,0,2022-07-31,0.0
"[40,60)",1,46700,0,2022-07-31,0.0
"[60,80)",0,32197,0,2022-07-31,0.0
"[60,80)",1,38620,0,2022-07-31,0.0
"[80,200)",0,5109,0,2022-07-31,0.0
"[80,200)",1,9667,0,2022-07-31,0.0
"[0,40)",0,72143,2,2022-08-01,2.7722717380757662e-05
"[0,40)",1,67898,0,2022-08-01,0.0
"[40,60)",0,48486,0,2022-08-01,0.0
"[40,60)",1,46700,0,2022-08-01,0.0
"[60,80)",0,32195,0,2022-08-01,0.0
"[60,80)",1,38620,0,2022-08-01,0.0
"[80,200)",0,5105,0,2022-08-01,0.0
"[80,200)",1,9665,0,2022-08-01,0.0
"[0,40)",0,72143,1,2022-08-02,1.3861358690378831e-05
"[0,40)",1,67898,1,2022-08-02,1.4727974314412796e-05
"[40,60)",0,48486,1,2022-08-02,2.0624510167883512e-05
"[40,60)",1,46700,1,2022-08-02,2.1413276231263384e-05
"[60,80)",0,32194,0,2022-08-02,0.0
"[60,80)",1,38615,0,2022-08-02,0.0
"[80,200)",0,5103,0,2022-08-02,0.0
"[80,200)",1,9660,0,2022-08-02,0.0
"[0,40)",0,72143,2,2022-08-03,2.7722717380757662e-05
"[0,40)",1,67897,0,2022-08-03,0.0
"[40,60)",0,48485,0,2022-08-03,0.0
"[40,60)",1,46700,1,2022-08-03,2.1413276231263384e-05
"[60,80)",0,32194,0,2022-08-03,0.0
"[60,80)",1,38613,0,2022-08-03,0.0
"[80,200)",0,5101,0,2022-08-03,0.0
"[80,200)",1,9658,0,2022-08-03,0.0
"[0,40)",0,72143,1,2022-08-04,1.3861358690378831e-05
"[0,40)",1,67897,2,2022-08-04,2.9456382461669882e-05
"[40,60)",0,48483,0,2022-08-04,0.0
"[40,60)",1,46700,0,2022-08-04,0.0
"[60,80)",0,32192,1,2022-08-04,3.1063618290258446e-05
"[60,80)",1,38612,0,2022-08-04,0.0
"[80,200)",0,5099,0,2022-08-04,0.0
"[80,200)",1,9653,0,2022-08-04,0.0
"[0,40)",0,72143,3,2022-08-05,4.158407607113649e-05
"[0,40)",1,67897,2,2022-08-05,2.9456382461669882e-05
"[40,60)",0,48481,0,2022-08-05,0.0
"[40,60)",1,46700,2,2022-08-05,4.282655246252677e-05
"[60,80)",0,32189,0,2022-08-05,0.0
"[60,80)",1,38612,0,2022-08-05,0.0
"[80,200)",0,5097,0,2022-08-05,0.0
"[80,200)",1,9649,0,2022-08-05,0.0
"[0,40)",0,72143,0,2022-08-06,0.0
"[0,40)",1,67897,1,2022-08-06,1.4728191230834941e-05
"[40,60)",0,48481,0,2022-08-06,0.0
"[40,60)",1,46700,0,2022-08-06,0.0
"[60,80)",0,32186,0,2022-08-06,0.0
"[60,80)",1,38612,0,2022-08-06,0.0
"[80,200)",0,5097,0,2022-08-06,0.0
"[80,200)",1,9648,0,2022-08-06,0.0
"[0,40)",0,72143,0,2022-08-07,0.0
"[0,40)",1,67896,0,2022-08-07,0.0
"[40,60)",0,48480,0,2022-08-07,0.0
"[40,60)",1,46699,0,2022-08-07,0.0
"[60,80)",0,32184,0,2022-08-07,0.0
"[60,80)",1,38609,0,2022-08-07,0.0
"[80,200)",0,5095,0,2022-08-07,0.0
"[80,200)",1,9648,0,2022-08-07,0.0
"[0,40)",0,72143,0,2022-08-08,0.0
"[0,40)",1,67896,2,2022-08-08,2.9456816307293507e-05
"[40,60)",0,48480,0,2022-08-08,0.0
"[40,60)",1,46699,1,2022-08-08,2.1413734769481146e-05
"[60,80)",0,32182,0,2022-08-08,0.0
"[60,80)",1,38606,0,2022-08-08,0.0
"[80,200)",0,5093,0,2022-08-08,0.0
"[80,200)",1,9645,0,2022-08-08,0.0
"[0,40)",0,72143,2,2022-08-09,2.7722717380757662e-05
"[0,40)",1,67896,3,2022-08-09,4.4185224460940264e-05
"[40,60)",0,48478,2,2022-08-09,4.125582738561822e-05
"[40,60)",1,46699,0,2022-08-09,0.0
"[60,80)",0,32180,0,2022-08-09,0.0
"[60,80)",1,38603,1,2022-08-09,2.590472243089915e-05
"[80,200)",0,5093,0,2022-08-09,0.0
"[80,200)",1,9643,0,2022-08-09,0.0
"[0,40)",0,72143,2,2022-08-10,2.7722717380757662e-05
"[0,40)",1,67896,0,2022-08-10,0.0
"[40,60)",0,48477,0,2022-08-10,0.0
"[40,60)",1,46699,1,2022-08-10,2.1413734769481146e-05
"[60,80)",0,32178,0,2022-08-10,0.0
"[60,80)",1,38602,0,2022-08-10,0.0
"[80,200)",0,5093,0,2022-08-10,0.0
"[80,200)",1,9643,1,2022-08-10,0.00010370216737529814
"[0,40)",0,72143,0,2022-08-11,0.0
"[0,40)",1,67896,1,2022-08-11,1.4728408153646753e-05
"[40,60)",0,48476,0,2022-08-11,0.0
"[40,60)",1,46699,0,2022-08-11,0.0
"[60,80)",0,32174,0,2022-08-11,0.0
"[60,80)",1,38600,0,2022-08-11,0.0
"[80,200)",0,5091,0,2022-08-11,0.0
"[80,200)",1,9641,0,2022-08-11,0.0
"[0,40)",0,72142,2,2022-08-12,2.772310166061379e-05
"[0,40)",1,67896,1,2022-08-12,1.4728408153646753e-05
"[40,60)",0,48475,0,2022-08-12,0.0
"[40,60)",1,46698,1,2022-08-12,2.141419332733736e-05
"[60,80)",0,32169,0,2022-08-12,0.0
"[60,80)",1,38598,0,2022-08-12,0.0
"[80,200)",0,5088,0,2022-08-12,0.0
"[80,200)",1,9640,0,2022-08-12,0.0
"[0,40)",0,72142,0,2022-08-13,0.0
"[0,40)",1,67896,0,2022-08-13,0.0
"[40,60)",0,48475,0,2022-08-13,0.0
"[40,60)",1,46698,0,2022-08-13,0.0
"[60,80)",0,32167,0,2022-08-13,0.0
"[60,80)",1,38596,0,2022-08-13,0.0
"[80,200)",0,5088,0,2022-08-13,0.0
"[80,200)",1,9637,0,2022-08-13,0.0
"[0,40)",0,72141,0,2022-08-14,0.0
"[0,40)",1,67896,0,2022-08-14,0.0
"[40,60)",0,48475,0,2022-08-14,0.0
"[40,60)",1,46698,0,2022-08-14,0.0
"[60,80)",0,32163,0,2022-08-14,0.0
"[60,80)",1,38595,0,2022-08-14,0.0
"[80,200)",0,5085,0,2022-08-14,0.0
"[80,200)",1,9635,0,2022-08-14,0.0
"[0,40)",0,72141,0,2022-08-15,0.0
"[0,40)",1,67896,0,2022-08-15,0.0
"[40,60)",0,48475,0,2022-08-15,0.0
"[40,60)",1,46698,0,2022-08-15,0.0
"[60,80)",0,32159,0,2022-08-15,0.0
"[60,80)",1,38592,0,2022-08-15,0.0
"[80,200)",0,5082,0,2022-08-15,0.0
"[80,200)",1,9634,0,2022-08-15,0.0
"[0,40)",0,72141,3,2022-08-16,4.158522892668524e-05
"[0,40)",1,67896,0,2022-08-16,0.0
"[40,60)",0,48475,0,2022-08-16,0.0
"[40,60)",1,46697,0,2022-08-16,0.0
"[60,80)",0,32156,1,2022-08-16,3.109839532280134e-05
"[60,80)",1,38589,0,2022-08-16,0.0
"[80,200)",0,5079,0,2022-08-16,0.0
"[80,200)",1,9631,1,2022-08-16,0.00010383137784238397
"[0,40)",0,72141,2,2022-08-17,2.7723485951123493e-05
"[0,40)",1,67896,1,2022-08-17,1.4728408153646753e-05
"[40,60)",0,48473,0,2022-08-17,0.0
"[40,60)",1,46697,1,2022-08-17,2.1414651904833286e-05
"[60,80)",0,32153,0,2022-08-17,0.0
"[60,80)",1,38587,0,2022-08-17,0.0
"[80,200)",0,5078,0,2022-08-17,0.0
"[80,200)",1,9629,0,2022-08-17,0.0
"[0,40)",0,72141,0,2022-08-18,0.0
"[0,40)",1,67896,1,2022-08-18,1.4728408153646753e-05
"[40,60)",0,48471,2,2022-08-18,4.126178539745415e-05
"[40,60)",1,46696,5,2022-08-18,0.00010707555250985095
"[60,80)",0,32153,0,2022-08-18,0.0
"[60,80)",1,38586,0,2022-08-18,0.0
"[80,200)",0,5071,0,2022-08-18,0.0
"[80,200)",1,9626,0,2022-08-18,0.0
"[0,40)",0,72141,1,2022-08-19,1.3861742975561747e-05
"[0,40)",1,67896,2,2022-08-19,2.9456816307293507e-05
"[40,60)",0,48471,0,2022-08-19,0.0
"[40,60)",1,46695,2,2022-08-19,4.283113823749866e-05
"[60,80)",0,32151,0,2022-08-19,0.0
"[60,80)",1,38584,0,2022-08-19,0.0
"[80,200)",0,5067,0,2022-08-19,0.0
"[80,200)",1,9626,0,2022-08-19,0.0
"[0,40)",0,72141,1,2022-08-20,1.3861742975561747e-05
"[0,40)",1,67896,0,2022-08-20,0.0
"[40,60)",0,48471,0,2022-08-20,0.0
"[40,60)",1,46695,0,2022-08-20,0.0
"[60,80)",0,32150,0,2022-08-20,0.0
"[60,80)",1,38581,0,2022-08-20,0.0
"[80,200)",0,5066,0,2022-08-20,0.0
"[80,200)",1,9622,0,2022-08-20,0.0
"[0,40)",0,72140,0,2022-08-21,0.0
"[0,40)",1,67896,0,2022-08-21,0.0
"[40,60)",0,48470,0,2022-08-21,0.0
"[40,60)",1,46695,0,2022-08-21,0.0
"[60,80)",0,32147,0,2022-08-21,0.0
"[60,80)",1,38580,0,2022-08-21,0.0
"[80,200)",0,5064,0,2022-08-21,0.0
"[80,200)",1,9618,0,2022-08-21,0.0
"[0,40)",0,72140,0,2022-08-22,0.0
"[0,40)",1,67896,0,2022-08-22,0.0
"[40,60)",0,48469,0,2022-08-22,0.0
"[40,60)",1,46695,0,2022-08-22,0.0
"[60,80)",0,32144,1,2022-08-22,3.1110004977600795e-05
"[60,80)",1,38579,0,2022-08-22,0.0
"[80,200)",0,5063,0,2022-08-22,0.0
"[80,200)",1,9616,0,2022-08-22,0.0
"[0,40)",0,72140,0,2022-08-23,0.0
"[0,40)",1,67896,0,2022-08-23,0.0
"[40,60)",0,48469,0,2022-08-23,0.0
"[40,60)",1,46695,1,2022-08-23,2.141556911874933e-05
"[60,80)",0,32140,1,2022-08-23,3.111387678904791e-05
"[60,80)",1,38578,0,2022-08-23,0.0
"[80,200)",0,5060,0,2022-08-23,0.0
"[80,200)",1,9615,0,2022-08-23,0.0
"[0,40)",0,72140,3,2022-08-24,4.158580537843083e-05
"[0,40)",1,67896,1,2022-08-24,1.4728408153646753e-05
"[40,60)",0,48469,0,2022-08-24,0.0
"[40,60)",1,46695,0,2022-08-24,0.0
"[60,80)",0,32136,0,2022-08-24,0.0
"[60,80)",1,38576,0,2022-08-24,0.0
"[80,200)",0,5059,0,2022-08-24,0.0
"[80,200)",1,9609,0,2022-08-24,0.0
"[0,40)",0,72140,0,2022-08-25,0.0
"[0,40)",1,67896,0,2022-08-25,0.0
"[40,60)",0,48468,0,2022-08-25,0.0
"[40,60)",1,46695,0,2022-08-25,0.0
"[60,80)",0,32135,1,2022-08-25,3.1118717908822155e-05
"[60,80)",1,38574,0,2022-08-25,0.0
"[80,200)",0,5059,0,2022-08-25,0.0
"[80,200)",1,9607,0,2022-08-25,0.0
"[0,40)",0,72140,0,2022-08-26,0.0
"[0,40)",1,67896,2,2022-08-26,2.9456816307293507e-05
"[40,60)",0,48467,0,2022-08-26,0.0
"[40,60)",1,46694,0,2022-08-26,0.0
"[60,80)",0,32132,0,2022-08-26,0.0
"[60,80)",1,38572,0,2022-08-26,0.0
"[80,200)",0,5058,0,2022-08-26,0.0
"[80,200)",1,9606,0,2022-08-26,0.0
"[0,40)",0,72139,0,2022-08-27,0.0
"[0,40)",1,67896,0,2022-08-27,0.0
"[40,60)",0,48467,0,2022-08-27,0.0
"[40,60)",1,46694,0,2022-08-27,0.0
"[60,80)",0,32131,0,2022-08-27,0.0
"[60,80)",1,38569,0,2022-08-27,0.0
"[80,200)",0,5058,0,2022-08-27,0.0
"[80,200)",1,9604,0,2022-08-27,0.0
"[0,40)",0,72139,0,2022-08-28,0.0
"[0,40)",1,67896,1,2022-08-28,1.4728408153646753e-05
"[40,60)",0,48467,0,2022-08-28,0.0
"[40,60)",1,46693,0,2022-08-28,0.0
"[60,80)",0,32131,0,2022-08-28,0.0
"[60,80)",1,38568,0,2022-08-28,0.0
"[80,200)",0,5056,0,2022-08-28,0.0
"[80,200)",1,9599,0,2022-08-28,0.0
"[0,40)",0,72139,1,2022-08-29,1.3862127282052704e-05
"[0,40)",1,67896,1,2022-08-29,1.4728408153646753e-05
"[40,60)",0,48467,1,2022-08-29,2.0632595374172118e-05
"[40,60)",1,46693,1,2022-08-29,2.141648641123937e-05
"[60,80)",0,32130,0,2022-08-29,0.0
"[60,80)",1,38564,0,2022-08-29,0.0
"[80,200)",0,5055,0,2022-08-29,0.0
"[80,200)",1,9598,0,2022-08-29,0.0
"[0,40)",0,72139,0,2022-08-30,0.0
"[0,40)",1,67896,0,2022-08-30,0.0
"[40,60)",0,48467,0,2022-08-30,0.0
"[40,60)",1,46693,0,2022-08-30,0.0
"[60,80)",0,32129,0,2022-08-30,0.0
"[60,80)",1,38562,0,2022-08-30,0.0
"[80,200)",0,5053,0,2022-08-30,0.0
"[80,200)",1,9594,1,2022-08-30,0.00010423181154888472
"[0,40)",0,72139,1,2022-08-31,1.3862127282052704e-05
"[0,40)",1,67896,3,2022-08-31,4.4185224460940264e-05
"[40,60)",0,48466,0,2022-08-31,0.0
"[40,60)",1,46693,1,2022-08-31,2.141648641123937e-05
"[60,80)",0,32124,0,2022-08-31,0.0
"[60,80)",1,38561,0,2022-08-31,0.0
"[80,200)",0,5052,0,2022-08-31,0.0
"[80,200)",1,9592,0,2022-08-31,0.0
"[0,40)",0,72139,2,2022-09-01,2.772425456410541e-05
"[0,40)",1,67896,1,2022-09-01,1.4728408153646753e-05
"[40,60)",0,48465,0,2022-09-01,0.0
"[40,60)",1,46693,1,2022-09-01,2.141648641123937e-05
"[60,80)",0,32116,0,2022-09-01,0.0
"[60,80)",1,38559,0,2022-09-01,0.0
"[80,200)",0,5049,0,2022-09-01,0.0
"[80,200)",1,9590,0,2022-09-01,0.0
"[0,40)",0,72138,3,2022-09-02,4.158695832986775e-05
"[0,40)",1,67896,1,2022-09-02,1.4728408153646753e-05
"[40,60)",0,48465,1,2022-09-02,2.063344681729083e-05
"[40,60)",1,46693,1,2022-09-02,2.141648641123937e-05
"[60,80)",0,32115,0,2022-09-02,0.0
"[60,80)",1,38558,0,2022-09-02,0.0
"[80,200)",0,5048,0,2022-09-02,0.0
"[80,200)",1,9589,0,2022-09-02,0.0
"[0,40)",0,72138,1,2022-09-03,1.3862319443289251e-05
"[0,40)",1,67896,0,2022-09-03,0.0
"[40,60)",0,48465,0,2022-09-03,0.0
"[40,60)",1,46692,0,2022-09-03,0.0
"[60,80)",0,32113,0,2022-09-03,0.0
"[60,80)",1,38557,0,2022-09-03,0.0
"[80,200)",0,5048,0,2022-09-03,0.0
"[80,200)",1,9587,0,2022-09-03,0.0
"[0,40)",0,72138,0,2022-09-04,0.0
"[0,40)",1,67896,0,2022-09-04,0.0
"[40,60)",0,48465,0,2022-09-04,0.0
"[40,60)",1,46692,0,2022-09-04,0.0
"[60,80)",0,32109,0,2022-09-04,0.0
"[60,80)",1,38556,0,2022-09-04,0.0
"[80,200)",0,5048,0,2022-09-04,0.0
"[80,200)",1,9585,0,2022-09-04,0.0
"[0,40)",0,72137,2,2022-09-05,2.7725023219706946e-05
"[0,40)",1,67896,0,2022-09-05,0.0
"[40,60)",0,48462,0,2022-09-05,0.0
"[40,60)",1,46691,1,2022-09-05,2.141740378231351e-05
"[60,80)",0,32105,0,2022-09-05,0.0
"[60,80)",1,38553,0,2022-09-05,0.0
"[80,200)",0,5045,0,2022-09-05,0.0
"[80,200)",1,9584,0,2022-09-05,0.0
"[0,40)",0,72136,1,2022-09-06,1.3862703781745591e-05
"[0,40)",1,67896,1,2022-09-06,1.4728408153646753e-05
"[40,60)",0,48460,0,2022-09-06,0.0
"[40,60)",1,46691,0,2022-09-06,0.0
"[60,80)",0,32101,0,2022-09-06,0.0
"[60,80)",1,38552,1,2022-09-06,2.5938991492010792e-05
"[80,200)",0,5043,0,2022-09-06,0.0
"[80,200)",1,9581,1,2022-09-06,0.00010437323870159691
"[0,40)",0,72136,0,2022-09-07,0.0
"[0,40)",1,67896,1,2022-09-07,1.4728408153646753e-05
"[40,60)",0,48458,0,2022-09-07,0.0
"[40,60)",1,46691,0,2022-09-07,0.0
"[60,80)",0,32099,0,2022-09-07,0.0
"[60,80)",1,38551,1,2022-09-07,2.593966434074343e-05
"[80,200)",0,5041,0,2022-09-07,0.0
"[80,200)",1,9579,0,2022-09-07,0.0
"[0,40)",0,72136,0,2022-09-08,0.0
"[0,40)",1,67896,1,2022-09-08,1.4728408153646753e-05
"[40,60)",0,48458,2,2022-09-08,4.127285484336951e-05
"[40,60)",1,46690,0,2022-09-08,0.0
"[60,80)",0,32092,0,2022-09-08,0.0
"[60,80)",1,38551,0,2022-09-08,0.0
"[80,200)",0,5041,0,2022-09-08,0.0
"[80,200)",1,9575,0,2022-09-08,0.0
"[0,40)",0,72136,4,2022-09-09,5.5450815126982364e-05
"[0,40)",1,67896,2,2022-09-09,2.9456816307293507e-05
"[40,60)",0,48458,0,2022-09-09,0.0
"[40,60)",1,46687,1,2022-09-09,2.141923876025446e-05
"[60,80)",0,32090,0,2022-09-09,0.0
"[60,80)",1,38548,0,2022-09-09,0.0
"[80,200)",0,5041,0,2022-09-09,0.0
"[80,200)",1,9573,0,2022-09-09,0.0
"[0,40)",0,72136,0,2022-09-10,0.0
"[0,40)",1,67896,0,2022-09-10,0.0
"[40,60)",0,48457,0,2022-09-10,0.0
"[40,60)",1,46687,0,2022-09-10,0.0
"[60,80)",0,32088,0,2022-09-10,0.0
"[60,80)",1,38544,0,2022-09-10,0.0
"[80,200)",0,5039,0,2022-09-10,0.0
"[80,200)",1,9569,0,2022-09-10,0.0
"[0,40)",0,72136,0,2022-09-11,0.0
"[0,40)",1,67896,0,2022-09-11,0.0
"[40,60)",0,48455,0,2022-09-11,0.0
"[40,60)",1,46687,0,2022-09-11,0.0
"[60,80)",0,32086,0,2022-09-11,0.0
"[60,80)",1,38543,0,2022-09-11,0.0
"[80,200)",0,5035,0,2022-09-11,0.0
"[80,200)",1,9567,0,2022-09-11,0.0
"[0,40)",0,72136,0,2022-09-12,0.0
"[0,40)",1,67896,3,2022-09-12,4.4185224460940264e-05
"[40,60)",0,48455,0,2022-09-12,0.0
"[40,60)",1,46687,0,2022-09-12,0.0
"[60,80)",0,32082,0,2022-09-12,0.0
"[60,80)",1,38542,1,2022-09-12,2.594572155051632e-05
"[80,200)",0,5033,0,2022-09-12,0.0
"[80,200)",1,9565,0,2022-09-12,0.0
"[0,40)",0,72136,0,2022-09-13,0.0
"[0,40)",1,67896,1,2022-09-13,1.4728408153646753e-05
"[40,60)",0,48454,0,2022-09-13,0.0
"[40,60)",1,46687,0,2022-09-13,0.0
"[60,80)",0,32080,0,2022-09-13,0.0
"[60,80)",1,38540,0,2022-09-13,0.0
"[80,200)",0,5030,1,2022-09-13,0.00019880715705765408
"[80,200)",1,9562,0,2022-09-13,0.0
"[0,40)",0,72135,1,2022-09-14,1.3862895958965827e-05
"[0,40)",1,67896,1,2022-09-14,1.4728408153646753e-05
"[40,60)",0,48454,1,2022-09-14,2.063813101085566e-05
"[40,60)",1,46687,0,2022-09-14,0.0
"[60,80)",0,32079,0,2022-09-14,0.0
"[60,80)",1,38538,1,2022-09-14,2.594841455187088e-05
"[80,200)",0,5026,0,2022-09-14,0.0
"[80,200)",1,9560,0,2022-09-14,0.0
"[0,40)",0,72135,1,2022-09-15,1.3862895958965827e-05
"[0,40)",1,67896,1,2022-09-15,1.4728408153646753e-05
"[40,60)",0,48454,1,2022-09-15,2.063813101085566e-05
"[40,60)",1,46686,0,2022-09-15,0.0
"[60,80)",0,32078,1,2022-09-15,3.117401334247771e-05
"[60,80)",1,38538,0,2022-09-15,0.0
"[80,200)",0,5025,0,2022-09-15,0.0
"[80,200)",1,9556,0,2022-09-15,0.0
"[0,40)",0,72135,3,2022-09-16,4.158868787689748e-05
"[0,40)",1,67896,0,2022-09-16,0.0
"[40,60)",0,48454,1,2022-09-16,2.063813101085566e-05
"[40,60)",1,46686,0,2022-09-16,0.0
"[60,80)",0,32076,0,2022-09-16,0.0
"[60,80)",1,38535,0,2022-09-16,0.0
"[80,200)",0,5021,0,2022-09-16,0.0
"[80,200)",1,9552,0,2022-09-16,0.0
"[0,40)",0,72135,0,2022-09-17,0.0
"[0,40)",1,67896,0,2022-09-17,0.0
"[40,60)",0,48454,0,2022-09-17,0.0
"[40,60)",1,46686,0,2022-09-17,0.0
"[60,80)",0,32076,0,2022-09-17,0.0
"[60,80)",1,38534,0,2022-09-17,0.0
"[80,200)",0,5017,0,2022-09-17,0.0
"[80,200)",1,9550,0,2022-09-17,0.0
"[0,40)",0,72135,1,2022-09-18,1.3862895958965827e-05
"[0,40)",1,67896,0,2022-09-18,0.0
"[40,60)",0,48454,0,2022-09-18,0.0
"[40,60)",1,46685,0,2022-09-18,0.0
"[60,80)",0,32075,0,2022-09-18,0.0
"[60,80)",1,38534,0,2022-09-18,0.0
"[80,200)",0,5017,0,2022-09-18,0.0
"[80,200)",1,9548,0,2022-09-18,0.0
"[0,40)",0,72135,1,2022-09-19,1.3862895958965827e-05
"[0,40)",1,67896,1,2022-09-19,1.4728408153646753e-05
"[40,60)",0,48453,0,2022-09-19,0.0
"[40,60)",1,46685,0,2022-09-19,0.0
"[60,80)",0,32074,0,2022-09-19,0.0
"[60,80)",1,38532,0,2022-09-19,0.0
"[80,200)",0,5016,0,2022-09-19,0.0
"[80,200)",1,9544,0,2022-09-19,0.0
"[0,40)",0,72135,1,2022-09-20,1.3862895958965827e-05
"[0,40)",1,67896,0,2022-09-20,0.0
"[40,60)",0,48453,0,2022-09-20,0.0
"[40,60)",1,46684,0,2022-09-20,0.0
"[60,80)",0,32073,1,2022-09-20,3.1178873195522716e-05
"[60,80)",1,38529,0,2022-09-20,0.0
"[80,200)",0,5015,0,2022-09-20,0.0
"[80,200)",1,9541,1,2022-09-20,0.00010481081647626035
"[0,40)",0,72135,0,2022-09-21,0.0
"[0,40)",1,67896,0,2022-09-21,0.0
"[40,60)",0,48453,1,2022-09-21,2.063855695209791e-05
"[40,60)",1,46683,0,2022-09-21,0.0
"[60,80)",0,32069,0,2022-09-21,0.0
"[60,80)",1,38529,1,2022-09-21,2.5954475849360223e-05
"[80,200)",0,5014,0,2022-09-21,0.0
"[80,200)",1,9538,2,2022-09-21,0.00020968756552736424
"[0,40)",0,72135,1,2022-09-22,1.3862895958965827e-05
"[0,40)",1,67896,1,2022-09-22,1.4728408153646753e-05
"[40,60)",0,48452,0,2022-09-22,0.0
"[40,60)",1,46681,0,2022-09-22,0.0
"[60,80)",0,32067,0,2022-09-22,0.0
"[60,80)",1,38528,0,2022-09-22,0.0
"[80,200)",0,5013,0,2022-09-22,0.0
"[80,200)",1,9532,1,2022-09-22,0.0001049097775912715
"[0,40)",0,72135,0,2022-09-23,0.0
"[0,40)",1,67896,2,2022-09-23,2.9456816307293507e-05
"[40,60)",0,48451,0,2022-09-23,0.0
"[40,60)",1,46681,0,2022-09-23,0.0
"[60,80)",0,32063,0,2022-09-23,0.0
"[60,80)",1,38526,1,2022-09-23,2.595649691117687e-05
"[80,200)",0,5012,0,2022-09-23,0.0
"[80,200)",1,9529,0,2022-09-23,0.0
"[0,40)",0,72135,0,2022-09-24,0.0
"[0,40)",1,67896,0,2022-09-24,0.0
"[40,60)",0,48449,0,2022-09-24,0.0
"[40,60)",1,46680,0,2022-09-24,0.0
"[60,80)",0,32056,0,2022-09-24,0.0
"[60,80)",1,38522,0,2022-09-24,0.0
"[80,200)",0,5011,0,2022-09-24,0.0
"[80,200)",1,9527,0,2022-09-24,0.0
"[0,40)",0,72135,0,2022-09-25,0.0
"[0,40)",1,67896,0,2022-09-25,0.0
"[40,60)",0,48449,0,2022-09-25,0.0
"[40,60)",1,46680,0,2022-09-25,0.0
"[60,80)",0,32053,0,2022-09-25,0.0
"[60,80)",1,38520,0,2022-09-25,0.0
"[80,200)",0,5009,0,2022-09-25,0.0
"[80,200)",1,9526,0,2022-09-25,0.0
"[0,40)",0,72135,1,2022-09-26,1.3862895958965827e-05
"[0,40)",1,67895,1,2022-09-26,1.4728625082848516e-05
"[40,60)",0,48449,0,2022-09-26,0.0
"[40,60)",1,46680,0,2022-09-26,0.0
"[60,80)",0,32052,0,2022-09-26,0.0
"[60,80)",1,38518,0,2022-09-26,0.0
"[80,200)",0,5004,0,2022-09-26,0.0
"[80,200)",1,9523,0,2022-09-26,0.0
"[0,40)",0,72135,0,2022-09-27,0.0
"[0,40)",1,67895,1,2022-09-27,1.4728625082848516e-05
"[40,60)",0,48449,1,2022-09-27,2.0640260892897688e-05
"[40,60)",1,46680,0,2022-09-27,0.0
"[60,80)",0,32048,0,2022-09-27,0.0
"[60,80)",1,38516,0,2022-09-27,0.0
"[80,200)",0,5003,0,2022-09-27,0.0
"[80,200)",1,9522,0,2022-09-27,0.0
"[0,40)",0,72135,0,2022-09-28,0.0
"[0,40)",1,67895,0,2022-09-28,0.0
"[40,60)",0,48449,0,2022-09-28,0.0
"[40,60)",1,46679,0,2022-09-28,0.0
"[60,80)",0,32045,0,2022-09-28,0.0
"[60,80)",1,38514,0,2022-09-28,0.0
"[80,200)",0,5000,0,2022-09-28,0.0
"[80,200)",1,9519,0,2022-09-28,0.0
"[0,40)",0,72135,0,2022-09-29,0.0
"[0,40)",1,67895,0,2022-09-29,0.0
"[40,60)",0,48449,0,2022-09-29,0.0
"[40,60)",1,46678,0,2022-09-29,0.0
"[60,80)",0,32044,1,2022-09-29,3.1207090250905004e-05
"[60,80)",1,38510,0,2022-09-29,0.0
"[80,200)",0,4999,0,2022-09-29,0.0
"[80,200)",1,9518,0,2022-09-29,0.0
"[0,40)",0,72135,1,2022-09-30,1.3862895958965827e-05
"[0,40)",1,67895,1,2022-09-30,1.4728625082848516e-05
"[40,60)",0,48448,0,2022-09-30,0.0
"[40,60)",1,46678,0,2022-09-30,0.0
"[60,80)",0,32041,0,2022-09-30,0.0
"[60,80)",1,38506,0,2022-09-30,0.0
"[80,200)",0,4999,0,2022-09-30,0.0
"[80,200)",1,9514,0,2022-09-30,0.0
"[0,40)",0,72135,0,2022-10-01,0.0
"[0,40)",1,67895,0,2022-10-01,0.0
"[40,60)",0,48447,0,2022-10-01,0.0
"[40,60)",1,46678,0,2022-10-01,0.0
"[60,80)",0,32039,0,2022-10-01,0.0
"[60,80)",1,38506,0,2022-10-01,0.0
"[80,200)",0,4997,0,2022-10-01,0.0
"[80,200)",1,9512,0,2022-10-01,0.0
"[0,40)",0,72135,0,2022-10-02,0.0
"[0,40)",1,67895,0,2022-10-02,0.0
"[40,60)",0,48447,0,2022-10-02,0.0
"[40,60)",1,46678,0,2022-10-02,0.0
"[60,80)",0,32037,0,2022-10-02,0.0
"[60,80)",1,38506,0,2022-10-02,0.0
"[80,200)",0,4995,0,2022-10-02,0.0
"[80,200)",1,9511,0,2022-10-02,0.0
"[0,40)",0,72135,0,2022-10-03,0.0
"[0,40)",1,67895,2,2022-10-03,2.9457250165697032e-05
"[40,60)",0,48447,0,2022-10-03,0.0
"[40,60)",1,46677,1,2022-10-03,2.1423827581035627e-05
"[60,80)",0,32036,0,2022-10-03,0.0
"[60,80)",1,38502,0,2022-10-03,0.0
"[80,200)",0,4992,0,2022-10-03,0.0
"[80,200)",1,9506,0,2022-10-03,0.0
"[0,40)",0,72135,1,2022-10-04,1.3862895958965827e-05
"[0,40)",1,67895,0,2022-10-04,0.0
"[40,60)",0,48447,0,2022-10-04,0.0
"[40,60)",1,46677,0,2022-10-04,0.0
"[60,80)",0,32032,0,2022-10-04,0.0
"[60,80)",1,38498,0,2022-10-04,0.0
"[80,200)",0,4990,0,2022-10-04,0.0
"[80,200)",1,9503,0,2022-10-04,0.0
"[0,40)",0,72135,0,2022-10-05,0.0
"[0,40)",1,67895,2,2022-10-05,2.9457250165697032e-05
"[40,60)",0,48444,0,2022-10-05,0.0
"[40,60)",1,46677,0,2022-10-05,0.0
"[60,80)",0,32031,1,2022-10-05,3.1219755861509166e-05
"[60,80)",1,38496,0,2022-10-05,0.0
"[80,200)",0,4987,0,2022-10-05,0.0
"[80,200)",1,9501,0,2022-10-05,0.0
"[0,40)",0,72134,1,2022-10-06,1.3863088141514404e-05
"[0,40)",1,67894,1,2022-10-06,1.472884201844051e-05
"[40,60)",0,48444,0,2022-10-06,0.0
"[40,60)",1,46677,0,2022-10-06,0.0
"[60,80)",0,32030,2,2022-10-06,6.244146113019045e-05
"[60,80)",1,38494,1,2022-10-06,2.597807450511768e-05
"[80,200)",0,4983,0,2022-10-06,0.0
"[80,200)",1,9499,0,2022-10-06,0.0
"[0,40)",0,72134,1,2022-10-07,1.3863088141514404e-05
"[0,40)",1,67894,1,2022-10-07,1.472884201844051e-05
"[40,60)",0,48444,2,2022-10-07,4.12847824291966e-05
"[40,60)",1,46677,0,2022-10-07,0.0
"[60,80)",0,32028,0,2022-10-07,0.0
"[60,80)",1,38493,0,2022-10-07,0.0
"[80,200)",0,4982,0,2022-10-07,0.0
"[80,200)",1,9499,0,2022-10-07,0.0
"[0,40)",0,72134,0,2022-10-08,0.0
"[0,40)",1,67894,0,2022-10-08,0.0
"[40,60)",0,48444,0,2022-10-08,0.0
"[40,60)",1,46677,0,2022-10-08,0.0
"[60,80)",0,32026,0,2022-10-08,0.0
"[60,80)",1,38491,0,2022-10-08,0.0
"[80,200)",0,4980,0,2022-10-08,0.0
"[80,200)",1,9493,0,2022-10-08,0.0
"[0,40)",0,72134,0,2022-10-09,0.0
"[0,40)",1,67894,0,2022-10-09,0.0
"[40,60)",0,48442,0,2022-10-09,0.0
"[40,60)",1,46677,0,2022-10-09,0.0
"[60,80)",0,32021,0,2022-10-09,0.0
"[60,80)",1,38489,0,2022-10-09,0.0
"[80,200)",0,4980,0,2022-10-09,0.0
"[80,200)",1,9492,0,2022-10-09,0.0
"[0,40)",0,72133,1,2022-10-10,1.386328032939154e-05
"[0,40)",1,67894,1,2022-10-10,1.472884201844051e-05
"[40,60)",0,48440,0,2022-10-10,0.0
"[40,60)",1,46676,0,2022-10-10,0.0
"[60,80)",0,32020,0,2022-10-10,0.0
"[60,80)",1,38486,0,2022-10-10,0.0
"[80,200)",0,4978,0,2022-10-10,0.0
"[80,200)",1,9490,0,2022-10-10,0.0
"[0,40)",0,72133,0,2022-10-11,0.0
"[0,40)",1,67894,0,2022-10-11,0.0
"[40,60)",0,48439,1,2022-10-11,2.0644521976093642e-05
"[40,60)",1,46675,0,2022-10-11,0.0
"[60,80)",0,32014,1,2022-10-11,3.1236334103829574e-05
"[60,80)",1,38486,0,2022-10-11,0.0
"[80,200)",0,4973,0,2022-10-11,0.0
"[80,200)",1,9487,1,2022-10-11,0.00010540739959945188
"[0,40)",0,72133,1,2022-10-12,1.386328032939154e-05
"[0,40)",1,67894,0,2022-10-12,0.0
"[40,60)",0,48439,0,2022-10-12,0.0
"[40,60)",1,46675,0,2022-10-12,0.0
"[60,80)",0,32013,0,2022-10-12,0.0
"[60,80)",1,38486,0,2022-10-12,0.0
"[80,200)",0,4970,0,2022-10-12,0.0
"[80,200)",1,9483,0,2022-10-12,0.0
"[0,40)",0,72133,1,2022-10-13,1.386328032939154e-05
"[0,40)",1,67894,1,2022-10-13,1.472884201844051e-05
"[40,60)",0,48437,0,2022-10-13,0.0
"[40,60)",1,46675,0,2022-10-13,0.0
"[60,80)",0,32010,0,2022-10-13,0.0
"[60,80)",1,38483,0,2022-10-13,0.0
"[80,200)",0,4969,0,2022-10-13,0.0
"[80,200)",1,9481,0,2022-10-13,0.0
"[0,40)",0,72133,2,2022-10-14,2.772656065878308e-05
"[0,40)",1,67894,0,2022-10-14,0.0
"[40,60)",0,48437,1,2022-10-14,2.0645374403864814e-05
"[40,60)",1,46675,1,2022-10-14,2.1424745581146223e-05
"[60,80)",0,32008,0,2022-10-14,0.0
"[60,80)",1,38481,0,2022-10-14,0.0
"[80,200)",0,4966,0,2022-10-14,0.0
"[80,200)",1,9479,0,2022-10-14,0.0
"[0,40)",0,72133,1,2022-10-15,1.386328032939154e-05
"[0,40)",1,67894,0,2022-10-15,0.0
"[40,60)",0,48436,0,2022-10-15,0.0
"[40,60)",1,46675,0,2022-10-15,0.0
"[60,80)",0,32006,0,2022-10-15,0.0
"[60,80)",1,38479,0,2022-10-15,0.0
"[80,200)",0,4966,0,2022-10-15,0.0
"[80,200)",1,9476,0,2022-10-15,0.0
"[0,40)",0,72133,0,2022-10-16,0.0
"[0,40)",1,67894,0,2022-10-16,0.0
"[40,60)",0,48436,0,2022-10-16,0.0
"[40,60)",1,46675,0,2022-10-16,0.0
"[60,80)",0,32004,0,2022-10-16,0.0
"[60,80)",1,38479,0,2022-10-16,0.0
"[80,200)",0,4966,0,2022-10-16,0.0
"[80,200)",1,9475,0,2022-10-16,0.0
"[0,40)",0,72133,0,2022-10-17,0.0
"[0,40)",1,67894,0,2022-10-17,0.0
"[40,60)",0,48436,0,2022-10-17,0.0
"[40,60)",1,46675,0,2022-10-17,0.0
"[60,80)",0,32001,0,2022-10-17,0.0
"[60,80)",1,38478,0,2022-10-17,0.0
"[80,200)",0,4966,0,2022-10-17,0.0
"[80,200)",1,9471,0,2022-10-17,0.0
"[0,40)",0,72133,2,2022-10-18,2.772656065878308e-05
"[0,40)",1,67894,1,2022-10-18,1.472884201844051e-05
"[40,60)",0,48435,0,2022-10-18,0.0
"[40,60)",1,46674,0,2022-10-18,0.0
"[60,80)",0,31999,0,2022-10-18,0.0
"[60,80)",1,38472,0,2022-10-18,0.0
"[80,200)",0,4965,0,2022-10-18,0.0
"[80,200)",1,9466,0,2022-10-18,0.0
"[0,40)",0,72133,0,2022-10-19,0.0
"[0,40)",1,67894,0,2022-10-19,0.0
"[40,60)",0,48434,1,2022-10-19,2.0646653177519923e-05
"[40,60)",1,46673,0,2022-10-19,0.0
"[60,80)",0,31998,0,2022-10-19,0.0
"[60,80)",1,38471,0,2022-10-19,0.0
"[80,200)",0,4962,0,2022-10-19,0.0
"[80,200)",1,9461,0,2022-10-19,0.0
"[0,40)",0,72132,0,2022-10-20,0.0
"[0,40)",1,67894,0,2022-10-20,0.0
"[40,60)",0,48433,0,2022-10-20,0.0
"[40,60)",1,46673,0,2022-10-20,0.0
"[60,80)",0,31994,0,2022-10-20,0.0
"[60,80)",1,38467,0,2022-10-20,0.0
"[80,200)",0,4961,0,2022-10-20,0.0
"[80,200)",1,9458,0,2022-10-20,0.0
"[0,40)",0,72132,1,2022-10-21,1.386347252259746e-05
"[0,40)",1,67894,2,2022-10-21,2.945768403688102e-05
"[40,60)",0,48433,2,2022-10-21,4.1294158941217766e-05
"[40,60)",1,46673,0,2022-10-21,0.0
"[60,80)",0,31992,0,2022-10-21,0.0
"[60,80)",1,38467,0,2022-10-21,0.0
"[80,200)",0,4961,0,2022-10-21,0.0
"[80,200)",1,9458,0,2022-10-21,0.0
"[0,40)",0,72131,0,2022-10-22,0.0
"[0,40)",1,67894,0,2022-10-22,0.0
"[40,60)",0,48432,0,2022-10-22,0.0
"[40,60)",1,46672,0,2022-10-22,0.0
"[60,80)",0,31991,0,2022-10-22,0.0
"[60,80)",1,38465,0,2022-10-22,0.0
"[80,200)",0,4959,0,2022-10-22,0.0
"[80,200)",1,9456,0,2022-10-22,0.0
"[0,40)",0,72131,0,2022-10-23,0.0
"[0,40)",1,67894,0,2022-10-23,0.0
"[40,60)",0,48432,0,2022-10-23,0.0
"[40,60)",1,46672,0,2022-10-23,0.0
"[60,80)",0,31989,0,2022-10-23,0.0
"[60,80)",1,38464,0,2022-10-23,0.0
"[80,200)",0,4955,0,2022-10-23,0.0
"[80,200)",1,9454,0,2022-10-23,0.0
"[0,40)",0,72131,0,2022-10-24,0.0
"[0,40)",1,67893,0,2022-10-24,0.0
"[40,60)",0,48430,0,2022-10-24,0.0
"[40,60)",1,46671,0,2022-10-24,0.0
"[60,80)",0,31988,0,2022-10-24,0.0
"[60,80)",1,38462,0,2022-10-24,0.0
"[80,200)",0,4955,0,2022-10-24,0.0
"[80,200)",1,9451,0,2022-10-24,0.0
"[0,40)",0,72130,1,2022-10-25,1.3863856924996534e-05
"[0,40)",1,67893,0,2022-10-25,0.0
"[40,60)",0,48429,1,2022-10-25,2.06487848190134e-05
"[40,60)",1,46671,0,2022-10-25,0.0
"[60,80)",0,31986,0,2022-10-25,0.0
"[60,80)",1,38462,1,2022-10-25,2.5999688003743955e-05
"[80,200)",0,4953,0,2022-10-25,0.0
"[80,200)",1,9448,0,2022-10-25,0.0
"[0,40)",0,72130,0,2022-10-26,0.0
"[0,40)",1,67892,0,2022-10-26,0.0
"[40,60)",0,48427,0,2022-10-26,0.0
"[40,60)",1,46671,0,2022-10-26,0.0
"[60,80)",0,31982,0,2022-10-26,0.0
"[60,80)",1,38461,0,2022-10-26,0.0
"[80,200)",0,4953,0,2022-10-26,0.0
"[80,200)",1,9443,0,2022-10-26,0.0
"[0,40)",0,72130,3,2022-10-27,4.1591570774989605e-05
"[0,40)",1,67892,0,2022-10-27,0.0
"[40,60)",0,48426,1,2022-10-27,2.0650064015198447e-05
"[40,60)",1,46671,0,2022-10-27,0.0
"[60,80)",0,31979,0,2022-10-27,0.0
"[60,80)",1,38458,0,2022-10-27,0.0
"[80,200)",0,4951,0,2022-10-27,0.0
"[80,200)",1,9439,0,2022-10-27,0.0
"[0,40)",0,72130,0,2022-10-28,0.0
"[0,40)",1,67892,0,2022-10-28,0.0
"[40,60)",0,48424,0,2022-10-28,0.0
"[40,60)",1,46671,0,2022-10-28,0.0
"[60,80)",0,31978,0,2022-10-28,0.0
"[60,80)",1,38454,0,2022-10-28,0.0
"[80,200)",0,4947,0,2022-10-28,0.0
"[80,200)",1,9436,0,2022-10-28,0.0
"[0,40)",0,72129,0,2022-10-29,0.0
"[0,40)",1,67892,0,2022-10-29,0.0
"[40,60)",0,48423,0,2022-10-29,0.0
"[40,60)",1,46671,0,2022-10-29,0.0
"[60,80)",0,31977,0,2022-10-29,0.0
"[60,80)",1,38453,0,2022-10-29,0.0
"[80,200)",0,4946,0,2022-10-29,0.0
"[80,200)",1,9432,0,2022-10-29,0.0
"[0,40)",0,72129,0,2022-10-30,0.0
"[0,40)",1,67892,0,2022-10-30,0.0
"[40,60)",0,48423,0,2022-10-30,0.0
"[40,60)",1,46671,0,2022-10-30,0.0
"[60,80)",0,31974,0,2022-10-30,0.0
"[60,80)",1,38451,0,2022-10-30,0.0
"[80,200)",0,4945,0,2022-10-30,0.0
"[80,200)",1,9428,0,2022-10-30,0.0
"[0,40)",0,72129,1,2022-10-31,1.3864049134190131e-05
"[0,40)",1,67892,1,2022-10-31,1.4729275908796323e-05
"[40,60)",0,48423,1,2022-10-31,2.065134336988621e-05
"[40,60)",1,46671,0,2022-10-31,0.0
"[60,80)",0,31972,1,2022-10-31,3.1277367696734645e-05
"[60,80)",1,38450,0,2022-10-31,0.0
"[80,200)",0,4942,0,2022-10-31,0.0
"[80,200)",1,9427,0,2022-10-31,0.0
"[0,40)",0,72129,0,2022-11-01,0.0
"[0,40)",1,67892,0,2022-11-01,0.0
"[40,60)",0,48423,0,2022-11-01,0.0
"[40,60)",1,46671,0,2022-11-01,0.0
"[60,80)",0,31969,0,2022-11-01,0.0
"[60,80)",1,38450,0,2022-11-01,0.0
"[80,200)",0,4940,0,2022-11-01,0.0
"[80,200)",1,9421,0,2022-11-01,0.0
"[0,40)",0,72129,1,2022-11-02,1.3864049134190131e-05
"[0,40)",1,67892,2,2022-11-02,2.9458551817592646e-05
"[40,60)",0,48422,0,2022-11-02,0.0
"[40,60)",1,46671,0,2022-11-02,0.0
"[60,80)",0,31967,0,2022-11-02,0.0
"[60,80)",1,38450,0,2022-11-02,0.0
"[80,200)",0,4939,0,2022-11-02,0.0
"[80,200)",1,9419,0,2022-11-02,0.0
"[0,40)",0,72129,1,2022-11-03,1.3864049134190131e-05
"[0,40)",1,67892,1,2022-11-03,1.4729275908796323e-05
"[40,60)",0,48421,0,2022-11-03,0.0
"[40,60)",1,46671,0,2022-11-03,0.0
"[60,80)",0,31966,0,2022-11-03,0.0
"[60,80)",1,38449,0,2022-11-03,0.0
"[80,200)",0,4939,0,2022-11-03,0.0
"[80,200)",1,9415,0,2022-11-03,0.0
"[0,40)",0,72129,0,2022-11-04,0.0
"[0,40)",1,67892,1,2022-11-04,1.4729275908796323e-05
"[40,60)",0,48421,0,2022-11-04,0.0
"[40,60)",1,46670,0,2022-11-04,0.0
"[60,80)",0,31963,0,2022-11-04,0.0
"[60,80)",1,38448,1,2022-11-04,2.600915522263837e-05
"[80,200)",0,4938,0,2022-11-04,0.0
"[80,200)",1,9414,0,2022-11-04,0.0
"[0,40)",0,72129,0,2022-11-05,0.0
"[0,40)",1,67892,0,2022-11-05,0.0
"[40,60)",0,48419,0,2022-11-05,0.0
"[40,60)",1,46670,0,2022-11-05,0.0
"[60,80)",0,31961,0,2022-11-05,0.0
"[60,80)",1,38447,0,2022-11-05,0.0
"[80,200)",0,4936,0,2022-11-05,0.0
"[80,200)",1,9412,0,2022-11-05,0.0
"[0,40)",0,72129,0,2022-11-06,0.0
"[0,40)",1,67892,0,2022-11-06,0.0
"[40,60)",0,48418,0,2022-11-06,0.0
"[40,60)",1,46670,0,2022-11-06,0.0
"[60,80)",0,31959,0,2022-11-06,0.0
"[60,80)",1,38447,0,2022-11-06,0.0
"[80,200)",0,4934,0,2022-11-06,0.0
"[80,200)",1,9409,0,2022-11-06,0.0
"[0,40)",0,72128,0,2022-11-07,0.0
"[0,40)",1,67892,0,2022-11-07,0.0
"[40,60)",0,48417,0,2022-11-07,0.0
"[40,60)",1,46670,0,2022-11-07,0.0
"[60,80)",0,31956,0,2022-11-07,0.0
"[60,80)",1,38443,0,2022-11-07,0.0
"[80,200)",0,4933,0,2022-11-07,0.0
"[80,200)",1,9408,0,2022-11-07,0.0
"[0,40)",0,72128,0,2022-11-08,0.0
"[0,40)",1,67892,0,2022-11-08,0.0
"[40,60)",0,48415,1,2022-11-08,2.0654755757513167e-05
"[40,60)",1,46670,0,2022-11-08,0.0
"[60,80)",0,31955,0,2022-11-08,0.0
"[60,80)",1,38441,0,2022-11-08,0.0
"[80,200)",0,4930,0,2022-11-08,0.0
"[80,200)",1,9406,0,2022-11-08,0.0
"[0,40)",0,72128,1,2022-11-09,1.3864241348713399e-05
"[0,40)",1,67892,1,2022-11-09,1.4729275908796323e-05
"[40,60)",0,48414,1,2022-11-09,2.0655182385260463e-05
"[40,60)",1,46670,0,2022-11-09,0.0
"[60,80)",0,31952,0,2022-11-09,0.0
"[60,80)",1,38440,0,2022-11-09,0.0
"[80,200)",0,4926,0,2022-11-09,0.0
"[80,200)",1,9405,0,2022-11-09,0.0
"[0,40)",0,72128,1,2022-11-10,1.3864241348713399e-05
"[0,40)",1,67892,1,2022-11-10,1.4729275908796323e-05
"[40,60)",0,48414,0,2022-11-10,0.0
"[40,60)",1,46670,0,2022-11-10,0.0
"[60,80)",0,31950,0,2022-11-10,0.0
"[60,80)",1,38438,0,2022-11-10,0.0
"[80,200)",0,4926,0,2022-11-10,0.0
"[80,200)",1,9403,0,2022-11-10,0.0
"[0,40)",0,72128,1,2022-11-11,1.3864241348713399e-05
"[0,40)",1,67892,1,2022-11-11,1.4729275908796323e-05
"[40,60)",0,48413,0,2022-11-11,0.0
"[40,60)",1,46669,0,2022-11-11,0.0
"[60,80)",0,31947,0,2022-11-11,0.0
"[60,80)",1,38436,0,2022-11-11,0.0
"[80,200)",0,4924,0,2022-11-11,0.0
"[80,200)",1,9400,0,2022-11-11,0.0
"[0,40)",0,72128,0,2022-11-12,0.0
"[0,40)",1,67892,0,2022-11-12,0.0
"[40,60)",0,48413,0,2022-11-12,0.0
"[40,60)",1,46669,0,2022-11-12,0.0
"[60,80)",0,31946,0,2022-11-12,0.0
"[60,80)",1,38433,0,2022-11-12,0.0
"[80,200)",0,4922,0,2022-11-12,0.0
"[80,200)",1,9396,0,2022-11-12,0.0
"[0,40)",0,72128,0,2022-11-13,0.0
"[0,40)",1,67892,0,2022-11-13,0.0
"[40,60)",0,48412,0,2022-11-13,0.0
"[40,60)",1,46669,0,2022-11-13,0.0
"[60,80)",0,31942,0,2022-11-13,0.0
"[60,80)",1,38431,0,2022-11-13,0.0
"[80,200)",0,4920,0,2022-11-13,0.0
"[80,200)",1,9395,0,2022-11-13,0.0
"[0,40)",0,72128,0,2022-11-14,0.0
"[0,40)",1,67892,0,2022-11-14,0.0
"[40,60)",0,48411,0,2022-11-14,0.0
"[40,60)",1,46669,0,2022-11-14,0.0
"[60,80)",0,31938,2,2022-11-14,6.262132882459766e-05
"[60,80)",1,38430,0,2022-11-14,0.0
"[80,200)",0,4920,0,2022-11-14,0.0
"[80,200)",1,9392,0,2022-11-14,0.0
"[0,40)",0,72128,0,2022-11-15,0.0
"[0,40)",1,67892,0,2022-11-15,0.0
"[40,60)",0,48410,1,2022-11-15,2.065688907250568e-05
"[40,60)",1,46669,0,2022-11-15,0.0
"[60,80)",0,31935,0,2022-11-15,0.0
"[60,80)",1,38429,0,2022-11-15,0.0
"[80,200)",0,4918,0,2022-11-15,0.0
"[80,200)",1,9388,0,2022-11-15,0.0
"[0,40)",0,72128,0,2022-11-16,0.0
"[0,40)",1,67892,1,2022-11-16,1.4729275908796323e-05
"[40,60)",0,48409,0,2022-11-16,0.0
"[40,60)",1,46668,0,2022-11-16,0.0
"[60,80)",0,31930,0,2022-11-16,0.0
"[60,80)",1,38423,0,2022-11-16,0.0
"[80,200)",0,4918,0,2022-11-16,0.0
"[80,200)",1,9386,0,2022-11-16,0.0
"[0,40)",0,72128,0,2022-11-17,0.0
"[0,40)",1,67891,0,2022-11-17,0.0
"[40,60)",0,48409,0,2022-11-17,0.0
"[40,60)",1,46668,0,2022-11-17,0.0
"[60,80)",0,31930,0,2022-11-17,0.0
"[60,80)",1,38422,0,2022-11-17,0.0
"[80,200)",0,4916,0,2022-11-17,0.0
"[80,200)",1,9383,0,2022-11-17,0.0
"[0,40)",0,72127,0,2022-11-18,0.0
"[0,40)",1,67891,0,2022-11-18,0.0
"[40,60)",0,48409,0,2022-11-18,0.0
"[40,60)",1,46668,0,2022-11-18,0.0
"[60,80)",0,31925,0,2022-11-18,0.0
"[60,80)",1,38419,0,2022-11-18,0.0
"[80,200)",0,4915,0,2022-11-18,0.0
"[80,200)",1,9381,0,2022-11-18,0.0
"[0,40)",0,72127,0,2022-11-19,0.0
"[0,40)",1,67891,0,2022-11-19,0.0
"[40,60)",0,48409,0,2022-11-19,0.0
"[40,60)",1,46668,0,2022-11-19,0.0
"[60,80)",0,31919,0,2022-11-19,0.0
"[60,80)",1,38418,0,2022-11-19,0.0
"[80,200)",0,4913,0,2022-11-19,0.0
"[80,200)",1,9381,0,2022-11-19,0.0
"[0,40)",0,72127,0,2022-11-20,0.0
"[0,40)",1,67891,0,2022-11-20,0.0
"[40,60)",0,48408,0,2022-11-20,0.0
"[40,60)",1,46668,0,2022-11-20,0.0
"[60,80)",0,31917,0,2022-11-20,0.0
"[60,80)",1,38415,0,2022-11-20,0.0
"[80,200)",0,4910,0,2022-11-20,0.0
"[80,200)",1,9378,0,2022-11-20,0.0
"[0,40)",0,72127,0,2022-11-21,0.0
"[0,40)",1,67891,0,2022-11-21,0.0
"[40,60)",0,48408,0,2022-11-21,0.0
"[40,60)",1,46668,0,2022-11-21,0.0
"[60,80)",0,31915,0,2022-11-21,0.0
"[60,80)",1,38413,0,2022-11-21,0.0
"[80,200)",0,4909,0,2022-11-21,0.0
"[80,200)",1,9375,0,2022-11-21,0.0
"[0,40)",0,72126,1,2022-11-22,1.3864625793749828e-05
"[0,40)",1,67891,0,2022-11-22,0.0
"[40,60)",0,48408,0,2022-11-22,0.0
"[40,60)",1,46667,1,2022-11-22,2.1428418368440225e-05
"[60,80)",0,31913,0,2022-11-22,0.0
"[60,80)",1,38412,0,2022-11-22,0.0
"[80,200)",0,4909,0,2022-11-22,0.0
"[80,200)",1,9372,0,2022-11-22,0.0
"[0,40)",0,72126,0,2022-11-23,0.0
"[0,40)",1,67891,0,2022-11-23,0.0
"[40,60)",0,48407,1,2022-11-23,2.0658169273039024e-05
"[40,60)",1,46667,1,2022-11-23,2.1428418368440225e-05
"[60,80)",0,31912,0,2022-11-23,0.0
"[60,80)",1,38411,0,2022-11-23,0.0
"[80,200)",0,4905,0,2022-11-23,0.0
"[80,200)",1,9368,0,2022-11-23,0.0
"[0,40)",0,72126,0,2022-11-24,0.0
"[0,40)",1,67890,2,2022-11-24,2.9459419649432907e-05
"[40,60)",0,48405,0,2022-11-24,0.0
"[40,60)",1,46667,0,2022-11-24,0.0
"[60,80)",0,31908,0,2022-11-24,0.0
"[60,80)",1,38410,0,2022-11-24,0.0
"[80,200)",0,4905,0,2022-11-24,0.0
"[80,200)",1,9363,1,2022-11-24,0.00010680337498664957
"[0,40)",0,72126,4,2022-11-25,5.545850317499931e-05
"[0,40)",1,67890,0,2022-11-25,0.0
"[40,60)",0,48405,1,2022-11-25,2.0659022828220224e-05
"[40,60)",1,46666,0,2022-11-25,0.0
"[60,80)",0,31904,1,2022-11-25,3.134403209628887e-05
"[60,80)",1,38408,0,2022-11-25,0.0
"[80,200)",0,4905,0,2022-11-25,0.0
"[80,200)",1,9361,0,2022-11-25,0.0
"[0,40)",0,72126,1,2022-11-26,1.3864625793749828e-05
"[0,40)",1,67890,0,2022-11-26,0.0
"[40,60)",0,48405,0,2022-11-26,0.0
"[40,60)",1,46666,0,2022-11-26,0.0
"[60,80)",0,31897,0,2022-11-26,0.0
"[60,80)",1,38406,0,2022-11-26,0.0
"[80,200)",0,4904,0,2022-11-26,0.0
"[80,200)",1,9357,0,2022-11-26,0.0
"[0,40)",0,72126,0,2022-11-27,0.0
"[0,40)",1,67890,0,2022-11-27,0.0
"[40,60)",0,48404,0,2022-11-27,0.0
"[40,60)",1,46666,0,2022-11-27,0.0
"[60,80)",0,31896,0,2022-11-27,0.0
"[60,80)",1,38403,0,2022-11-27,0.0
"[80,200)",0,4903,0,2022-11-27,0.0
"[80,200)",1,9353,0,2022-11-27,0.0
"[0,40)",0,72126,1,2022-11-28,1.3864625793749828e-05
"[0,40)",1,67890,0,2022-11-28,0.0
"[40,60)",0,48403,0,2022-11-28,0.0
"[40,60)",1,46666,0,2022-11-28,0.0
"[60,80)",0,31894,0,2022-11-28,0.0
"[60,80)",1,38402,0,2022-11-28,0.0
"[80,200)",0,4899,0,2022-11-28,0.0
"[80,200)",1,9348,0,2022-11-28,0.0
"[0,40)",0,72126,0,2022-11-29,0.0
"[0,40)",1,67890,0,2022-11-29,0.0
"[40,60)",0,48401,0,2022-11-29,0.0
"[40,60)",1,46664,0,2022-11-29,0.0
"[60,80)",0,31894,0,2022-11-29,0.0
"[60,80)",1,38399,0,2022-11-29,0.0
"[80,200)",0,4894,0,2022-11-29,0.0
"[80,200)",1,9344,0,2022-11-29,0.0
"[0,40)",0,72126,1,2022-11-30,1.3864625793749828e-05
"[0,40)",1,67890,1,2022-11-30,1.4729709824716453e-05
"[40,60)",0,48400,0,2022-11-30,0.0
"[40,60)",1,46664,0,2022-11-30,0.0
"[60,80)",0,31892,0,2022-11-30,0.0
"[60,80)",1,38397,0,2022-11-30,0.0
"[80,200)",0,4893,0,2022-11-30,0.0
"[80,200)",1,9337,0,2022-11-30,0.0
"[0,40)",0,72126,2,2022-12-01,2.7729251587499655e-05
"[0,40)",1,67890,1,2022-12-01,1.4729709824716453e-05
"[40,60)",0,48399,0,2022-12-01,0.0
"[40,60)",1,46664,0,2022-12-01,0.0
"[60,80)",0,31888,0,2022-12-01,0.0
"[60,80)",1,38394,0,2022-12-01,0.0
"[80,200)",0,4889,0,2022-12-01,0.0
"[80,200)",1,9334,0,2022-12-01,0.0
"[0,40)",0,72126,0,2022-12-02,0.0
"[0,40)",1,67890,0,2022-12-02,0.0
"[40,60)",0,48397,0,2022-12-02,0.0
"[40,60)",1,46664,0,2022-12-02,0.0
"[60,80)",0,31886,0,2022-12-02,0.0
"[60,80)",1,38392,0,2022-12-02,0.0
"[80,200)",0,4886,0,2022-12-02,0.0
"[80,200)",1,9332,0,2022-12-02,0.0
"[0,40)",0,72126,0,2022-12-03,0.0
"[0,40)",1,67890,0,2022-12-03,0.0
"[40,60)",0,48395,0,2022-12-03,0.0
"[40,60)",1,46663,0,2022-12-03,0.0
"[60,80)",0,31884,0,2022-12-03,0.0
"[60,80)",1,38390,0,2022-12-03,0.0
"[80,200)",0,4882,0,2022-12-03,0.0
"[80,200)",1,9331,0,2022-12-03,0.0
"[0,40)",0,72126,0,2022-12-04,0.0
"[0,40)",1,67890,0,2022-12-04,0.0
"[40,60)",0,48394,0,2022-12-04,0.0
"[40,60)",1,46663,0,2022-12-04,0.0
"[60,80)",0,31883,0,2022-12-04,0.0
"[60,80)",1,38389,0,2022-12-04,0.0
"[80,200)",0,4877,0,2022-12-04,0.0
"[80,200)",1,9329,0,2022-12-04,0.0
"[0,40)",0,72126,1,2022-12-05,1.3864625793749828e-05
"[0,40)",1,67890,0,2022-12-05,0.0
"[40,60)",0,48394,0,2022-12-05,0.0
"[40,60)",1,46663,0,2022-12-05,0.0
"[60,80)",0,31880,0,2022-12-05,0.0
"[60,80)",1,38386,0,2022-12-05,0.0
"[80,200)",0,4874,0,2022-12-05,0.0
"[80,200)",1,9327,0,2022-12-05,0.0
"[0,40)",0,72126,0,2022-12-06,0.0
"[0,40)",1,67890,0,2022-12-06,0.0
"[40,60)",0,48393,0,2022-12-06,0.0
"[40,60)",1,46663,0,2022-12-06,0.0
"[60,80)",0,31877,0,2022-12-06,0.0
"[60,80)",1,38384,0,2022-12-06,0.0
"[80,200)",0,4873,0,2022-12-06,0.0
"[80,200)",1,9326,0,2022-12-06,0.0
"[0,40)",0,72126,1,2022-12-07,1.3864625793749828e-05
"[0,40)",1,67890,0,2022-12-07,0.0
"[40,60)",0,48393,0,2022-12-07,0.0
"[40,60)",1,46663,0,2022-12-07,0.0
"[60,80)",0,31873,1,2022-12-07,3.137451761679164e-05
"[60,80)",1,38383,0,2022-12-07,0.0
"[80,200)",0,4869,0,2022-12-07,0.0
"[80,200)",1,9324,0,2022-12-07,0.0
"[0,40)",0,72126,0,2022-12-08,0.0
"[0,40)",1,67890,1,2022-12-08,1.4729709824716453e-05
"[40,60)",0,48393,1,2022-12-08,2.0664145640898478e-05
"[40,60)",1,46662,0,2022-12-08,0.0
"[60,80)",0,31871,0,2022-12-08,0.0
"[60,80)",1,38380,0,2022-12-08,0.0
"[80,200)",0,4866,0,2022-12-08,0.0
"[80,200)",1,9319,0,2022-12-08,0.0
"[0,40)",0,72125,2,2022-12-09,2.7729636048526865e-05
"[0,40)",1,67890,1,2022-12-09,1.4729709824716453e-05
"[40,60)",0,48393,0,2022-12-09,0.0
"[40,60)",1,46662,0,2022-12-09,0.0
"[60,80)",0,31869,0,2022-12-09,0.0
"[60,80)",1,38379,0,2022-12-09,0.0
"[80,200)",0,4864,0,2022-12-09,0.0
"[80,200)",1,9315,0,2022-12-09,0.0
"[0,40)",0,72125,0,2022-12-10,0.0
"[0,40)",1,67890,0,2022-12-10,0.0
"[40,60)",0,48392,0,2022-12-10,0.0
"[40,60)",1,46662,0,2022-12-10,0.0
"[60,80)",0,31867,0,2022-12-10,0.0
"[60,80)",1,38376,0,2022-12-10,0.0
"[80,200)",0,4860,0,2022-12-10,0.0
"[80,200)",1,9311,0,2022-12-10,0.0
"[0,40)",0,72125,0,2022-12-11,0.0
"[0,40)",1,67890,0,2022-12-11,0.0
"[40,60)",0,48392,0,2022-12-11,0.0
"[40,60)",1,46661,0,2022-12-11,0.0
"[60,80)",0,31863,0,2022-12-11,0.0
"[60,80)",1,38375,0,2022-12-11,0.0
"[80,200)",0,4856,0,2022-12-11,0.0
"[80,200)",1,9307,0,2022-12-11,0.0
"[0,40)",0,72125,0,2022-12-12,0.0
"[0,40)",1,67890,1,2022-12-12,1.4729709824716453e-05
"[40,60)",0,48392,0,2022-12-12,0.0
"[40,60)",1,46661,1,2022-12-12,2.1431173785388226e-05
"[60,80)",0,31860,0,2022-12-12,0.0
"[60,80)",1,38374,0,2022-12-12,0.0
"[80,200)",0,4855,0,2022-12-12,0.0
"[80,200)",1,9303,0,2022-12-12,0.0
"[0,40)",0,72125,1,2022-12-13,1.3864818024263432e-05
"[0,40)",1,67890,0,2022-12-13,0.0
"[40,60)",0,48392,0,2022-12-13,0.0
"[40,60)",1,46661,0,2022-12-13,0.0
"[60,80)",0,31858,0,2022-12-13,0.0
"[60,80)",1,38373,0,2022-12-13,0.0
"[80,200)",0,4853,0,2022-12-13,0.0
"[80,200)",1,9297,0,2022-12-13,0.0
"[0,40)",0,72124,0,2022-12-14,0.0
"[0,40)",1,67890,0,2022-12-14,0.0
"[40,60)",0,48391,0,2022-12-14,0.0
"[40,60)",1,46661,0,2022-12-14,0.0
"[60,80)",0,31855,0,2022-12-14,0.0
"[60,80)",1,38369,0,2022-12-14,0.0
"[80,200)",0,4851,0,2022-12-14,0.0
"[80,200)",1,9294,0,2022-12-14,0.0
"[0,40)",0,72124,0,2022-12-15,0.0
"[0,40)",1,67890,1,2022-12-15,1.4729709824716453e-05
"[40,60)",0,48391,0,2022-12-15,0.0
"[40,60)",1,46661,0,2022-12-15,0.0
"[60,80)",0,31852,0,2022-12-15,0.0
"[60,80)",1,38368,0,2022-12-15,0.0
"[80,200)",0,4849,0,2022-12-15,0.0
"[80,200)",1,9291,0,2022-12-15,0.0
"[0,40)",0,72124,0,2022-12-16,0.0
"[0,40)",1,67890,0,2022-12-16,0.0
"[40,60)",0,48390,0,2022-12-16,0.0
"[40,60)",1,46661,0,2022-12-16,0.0
"[60,80)",0,31845,0,2022-12-16,0.0
"[60,80)",1,38367,0,2022-12-16,0.0
"[80,200)",0,4847,0,2022-12-16,0.0
"[80,200)",1,9286,0,2022-12-16,0.0
"[0,40)",0,72124,0,2022-12-17,0.0
"[0,40)",1,67890,0,2022-12-17,0.0
"[40,60)",0,48390,0,2022-12-17,0.0
"[40,60)",1,46661,0,2022-12-17,0.0
"[60,80)",0,31839,0,2022-12-17,0.0
"[60,80)",1,38366,0,2022-12-17,0.0
"[80,200)",0,4844,0,2022-12-17,0.0
"[80,200)",1,9282,0,2022-12-17,0.0
"[0,40)",0,72124,0,2022-12-18,0.0
"[0,40)",1,67890,0,2022-12-18,0.0
"[40,60)",0,48389,0,2022-12-18,0.0
"[40,60)",1,46660,0,2022-12-18,0.0
"[60,80)",0,31838,0,2022-12-18,0.0
"[60,80)",1,38363,0,2022-12-18,0.0
"[80,200)",0,4842,0,2022-12-18,0.0
"[80,200)",1,9276,0,2022-12-18,0.0
"[0,40)",0,72124,1,2022-12-19,1.3865010260107593e-05
"[0,40)",1,67890,0,2022-12-19,0.0
"[40,60)",0,48388,0,2022-12-19,0.0
"[40,60)",1,46660,0,2022-12-19,0.0
"[60,80)",0,31837,0,2022-12-19,0.0
"[60,80)",1,38360,0,2022-12-19,0.0
"[80,200)",0,4839,0,2022-12-19,0.0
"[80,200)",1,9273,0,2022-12-19,0.0
"[0,40)",0,72124,0,2022-12-20,0.0
"[0,40)",1,67890,0,2022-12-20,0.0
"[40,60)",0,48387,0,2022-12-20,0.0
"[40,60)",1,46660,0,2022-12-20,0.0
"[60,80)",0,31832,0,2022-12-20,0.0
"[60,80)",1,38359,0,2022-12-20,0.0
"[80,200)",0,4839,0,2022-12-20,0.0
"[80,200)",1,9267,0,2022-12-20,0.0
"[0,40)",0,72124,0,2022-12-21,0.0
"[0,40)",1,67890,0,2022-12-21,0.0
"[40,60)",0,48387,0,2022-12-21,0.0
"[40,60)",1,46660,0,2022-12-21,0.0
"[60,80)",0,31830,0,2022-12-21,0.0
"[60,80)",1,38357,1,2022-12-21,2.6070860599108377e-05
"[80,200)",0,4836,0,2022-12-21,0.0
"[80,200)",1,9263,0,2022-12-21,0.0
"[0,40)",0,72124,0,2022-12-22,0.0
"[0,40)",1,67890,0,2022-12-22,0.0
"[40,60)",0,48386,0,2022-12-22,0.0
"[40,60)",1,46660,0,2022-12-22,0.0
"[60,80)",0,31827,0,2022-12-22,0.0
"[60,80)",1,38356,0,2022-12-22,0.0
"[80,200)",0,4835,0,2022-12-22,0.0
"[80,200)",1,9257,0,2022-12-22,0.0
"[0,40)",0,72124,0,2022-12-23,0.0
"[0,40)",1,67890,0,2022-12-23,0.0
"[40,60)",0,48385,0,2022-12-23,0.0
"[40,60)",1,46659,0,2022-12-23,0.0
"[60,80)",0,31825,0,2022-12-23,0.0
"[60,80)",1,38353,0,2022-12-23,0.0
"[80,200)",0,4835,0,2022-12-23,0.0
"[80,200)",1,9255,0,2022-12-23,0.0
"[0,40)",0,72123,0,2022-12-24,0.0
"[0,40)",1,67890,0,2022-12-24,0.0
"[40,60)",0,48385,0,2022-12-24,0.0
"[40,60)",1,46659,0,2022-12-24,0.0
"[60,80)",0,31823,0,2022-12-24,0.0
"[60,80)",1,38351,0,2022-12-24,0.0
"[80,200)",0,4835,0,2022-12-24,0.0
"[80,200)",1,9253,0,2022-12-24,0.0
"[0,40)",0,72123,0,2022-12-25,0.0
"[0,40)",1,67890,0,2022-12-25,0.0
"[40,60)",0,48385,0,2022-12-25,0.0
"[40,60)",1,46659,0,2022-12-25,0.0
"[60,80)",0,31819,0,2022-12-25,0.0
"[60,80)",1,38348,0,2022-12-25,0.0
"[80,200)",0,4835,0,2022-12-25,0.0
"[80,200)",1,9247,0,2022-12-25,0.0
"[0,40)",0,72123,0,2022-12-26,0.0
"[0,40)",1,67890,0,2022-12-26,0.0
"[40,60)",0,48384,0,2022-12-26,0.0
"[40,60)",1,46659,0,2022-12-26,0.0
"[60,80)",0,31816,0,2022-12-26,0.0
"[60,80)",1,38348,0,2022-12-26,0.0
"[80,200)",0,4829,0,2022-12-26,0.0
"[80,200)",1,9244,0,2022-12-26,0.0
"[0,40)",0,72123,0,2022-12-27,0.0
"[0,40)",1,67890,0,2022-12-27,0.0
"[40,60)",0,48383,0,2022-12-27,0.0
"[40,60)",1,46659,0,2022-12-27,0.0
"[60,80)",0,31815,0,2022-12-27,0.0
"[60,80)",1,38347,0,2022-12-27,0.0
"[80,200)",0,4828,0,2022-12-27,0.0
"[80,200)",1,9241,0,2022-12-27,0.0
"[0,40)",0,72123,0,2022-12-28,0.0
"[0,40)",1,67890,1,2022-12-28,1.4729709824716453e-05
"[40,60)",0,48383,0,2022-12-28,0.0
"[40,60)",1,46657,0,2022-12-28,0.0
"[60,80)",0,31813,0,2022-12-28,0.0
"[60,80)",1,38344,0,2022-12-28,0.0
"[80,200)",0,4824,0,2022-12-28,0.0
"[80,200)",1,9238,0,2022-12-28,0.0
"[0,40)",0,72123,0,2022-12-29,0.0
"[0,40)",1,67890,0,2022-12-29,0.0
"[40,60)",0,48383,0,2022-12-29,0.0
"[40,60)",1,46657,0,2022-12-29,0.0
"[60,80)",0,31810,0,2022-12-29,0.0
"[60,80)",1,38342,0,2022-12-29,0.0
"[80,200)",0,4818,0,2022-12-29,0.0
"[80,200)",1,9236,0,2022-12-29,0.0
"[0,40)",0,72123,0,2022-12-30,0.0
"[0,40)",1,67890,1,2022-12-30,1.4729709824716453e-05
"[40,60)",0,48382,0,2022-12-30,0.0
"[40,60)",1,46657,0,2022-12-30,0.0
"[60,80)",0,31807,0,2022-12-30,0.0
"[60,80)",1,38341,0,2022-12-30,0.0
"[80,200)",0,4814,0,2022-12-30,0.0
"[80,200)",1,9229,0,2022-12-30,0.0
"[0,40)",0,72123,0,2022-12-31,0.0
"[0,40)",1,67890,0,2022-12-31,0.0
"[40,60)",0,48382,0,2022-12-31,0.0
"[40,60)",1,46657,0,2022-12-31,0.0
"[60,80)",0,31799,0,2022-12-31,0.0
"[60,80)",1,38340,0,2022-12-31,0.0
"[80,200)",0,4812,0,2022-12-31,0.0
"[80,200)",1,9225,0,2022-12-31,0.0
"[0,40)",0,69733,0,2023-01-01,0.0
"[0,40)",1,65731,0,2023-01-01,0.0
"[40,60)",0,48762,0,2023-01-01,0.0
"[40,60)",1,46685,0,2023-01-01,0.0
"[60,80)",0,32893,0,2023-01-01,0.0
"[60,80)",1,39034,0,2023-01-01,0.0
"[80,200)",0,5728,0,2023-01-01,0.0
"[80,200)",1,10662,0,2023-01-01,0.0
"[0,40)",0,69733,0,2023-01-02,0.0
"[0,40)",1,65731,0,2023-01-02,0.0
"[40,60)",0,48762,0,2023-01-02,0.0
"[40,60)",1,46685,1,2023-01-02,2.142015636714148e-05
"[60,80)",0,32893,0,2023-01-02,0.0
"[60,80)",1,39034,0,2023-01-02,0.0
"[80,200)",0,5728,0,2023-01-02,0.0
"[80,200)",1,10662,0,2023-01-02,0.0
"[0,40)",0,69733,0,2023-01-03,0.0
"[0,40)",1,65731,0,2023-01-03,0.0
"[40,60)",0,48762,0,2023-01-03,0.0
"[40,60)",1,46685,0,2023-01-03,0.0
"[60,80)",0,32893,0,2023-01-03,0.0
"[60,80)",1,39034,0,2023-01-03,0.0
"[80,200)",0,5728,0,2023-01-03,0.0
"[80,200)",1,10662,0,2023-01-03,0.0
"[0,40)",0,69733,1,2023-01-04,1.4340412717077997e-05
"[0,40)",1,65731,0,2023-01-04,0.0
"[40,60)",0,48762,0,2023-01-04,0.0
"[40,60)",1,46685,0,2023-01-04,0.0
"[60,80)",0,32893,0,2023-01-04,0.0
"[60,80)",1,39034,0,2023-01-04,0.0
"[80,200)",0,5728,0,2023-01-04,0.0
"[80,200)",1,10662,0,2023-01-04,0.0
"[0,40)",0,69733,2,2023-01-05,2.8680825434155993e-05
"[0,40)",1,65731,0,2023-01-05,0.0
"[40,60)",0,48762,0,2023-01-05,0.0
"[40,60)",1,46685,0,2023-01-05,0.0
"[60,80)",0,32893,0,2023-01-05,0.0
"[60,80)",1,39034,0,2023-01-05,0.0
"[80,200)",0,5728,0,2023-01-05,0.0
"[80,200)",1,10662,0,2023-01-05,0.0
"[0,40)",0,69733,1,2023-01-06,1.4340412717077997e-05
"[0,40)",1,65731,2,2023-01-06,3.0427043556312852e-05
"[40,60)",0,48762,0,2023-01-06,0.0
"[40,60)",1,46685,0,2023-01-06,0.0
"[60,80)",0,32893,0,2023-01-06,0.0
"[60,80)",1,39034,0,2023-01-06,0.0
"[80,200)",0,5728,0,2023-01-06,0.0
"[80,200)",1,10662,0,2023-01-06,0.0
"[0,40)",0,69733,0,2023-01-07,0.0
"[0,40)",1,65731,0,2023-01-07,0.0
"[40,60)",0,48762,0,2023-01-07,0.0
"[40,60)",1,46685,0,2023-01-07,0.0
"[60,80)",0,32893,0,2023-01-07,0.0
"[60,80)",1,39034,0,2023-01-07,0.0
"[80,200)",0,5728,0,2023-01-07,0.0
"[80,200)",1,10662,0,2023-01-07,0.0
"[0,40)",0,69733,0,2023-01-08,0.0
"[0,40)",1,65731,0,2023-01-08,0.0
"[40,60)",0,48762,0,2023-01-08,0.0
"[40,60)",1,46685,0,2023-01-08,0.0
"[60,80)",0,32893,0,2023-01-08,0.0
"[60,80)",1,39034,0,2023-01-08,0.0
"[80,200)",0,5728,0,2023-01-08,0.0
"[80,200)",1,10662,0,2023-01-08,0.0
"[0,40)",0,69733,0,2023-01-09,0.0
"[0,40)",1,65731,0,2023-01-09,0.0
"[40,60)",0,48762,0,2023-01-09,0.0
"[40,60)",1,46685,0,2023-01-09,0.0
"[60,80)",0,32893,0,2023-01-09,0.0
"[60,80)",1,39034,0,2023-01-09,0.0
"[80,200)",0,5728,0,2023-01-09,0.0
"[80,200)",1,10662,0,2023-01-09,0.0
"[0,40)",0,69733,1,2023-01-10,1.4340412717077997e-05
"[0,40)",1,65731,0,2023-01-10,0.0
"[40,60)",0,48762,0,2023-01-10,0.0
"[40,60)",1,46685,1,2023-01-10,2.142015636714148e-05
"[60,80)",0,32893,0,2023-01-10,0.0
"[60,80)",1,39034,0,2023-01-10,0.0
"[80,200)",0,5728,0,2023-01-10,0.0
"[80,200)",1,10662,0,2023-01-10,0.0
"[0,40)",0,69733,1,2023-01-11,1.4340412717077997e-05
"[0,40)",1,65731,0,2023-01-11,0.0
"[40,60)",0,48762,1,2023-01-11,2.050777244575694e-05
"[40,60)",1,46685,0,2023-01-11,0.0
"[60,80)",0,32893,0,2023-01-11,0.0
"[60,80)",1,39034,0,2023-01-11,0.0
"[80,200)",0,5728,0,2023-01-11,0.0
"[80,200)",1,10662,0,2023-01-11,0.0
"[0,40)",0,69733,2,2023-01-12,2.8680825434155993e-05
"[0,40)",1,65731,0,2023-01-12,0.0
"[40,60)",0,48762,0,2023-01-12,0.0
"[40,60)",1,46685,2,2023-01-12,4.284031273428296e-05
"[60,80)",0,32893,0,2023-01-12,0.0
"[60,80)",1,39034,0,2023-01-12,0.0
"[80,200)",0,5728,0,2023-01-12,0.0
"[80,200)",1,10662,0,2023-01-12,0.0
"[0,40)",0,69733,0,2023-01-13,0.0
"[0,40)",1,65731,0,2023-01-13,0.0
"[40,60)",0,48762,1,2023-01-13,2.050777244575694e-05
"[40,60)",1,46685,1,2023-01-13,2.142015636714148e-05
"[60,80)",0,32893,0,2023-01-13,0.0
"[60,80)",1,39034,0,2023-01-13,0.0
"[80,200)",0,5728,0,2023-01-13,0.0
"[80,200)",1,10662,0,2023-01-13,0.0
"[0,40)",0,69733,0,2023-01-14,0.0
"[0,40)",1,65731,0,2023-01-14,0.0
"[40,60)",0,48762,0,2023-01-14,0.0
"[40,60)",1,46685,0,2023-01-14,0.0
"[60,80)",0,32893,0,2023-01-14,0.0
"[60,80)",1,39034,0,2023-01-14,0.0
"[80,200)",0,5728,0,2023-01-14,0.0
"[80,200)",1,10662,0,2023-01-14,0.0
"[0,40)",0,69733,0,2023-01-15,0.0
"[0,40)",1,65731,0,2023-01-15,0.0
"[40,60)",0,48762,0,2023-01-15,0.0
"[40,60)",1,46685,0,2023-01-15,0.0
"[60,80)",0,32893,0,2023-01-15,0.0
"[60,80)",1,39034,0,2023-01-15,0.0
"[80,200)",0,5728,0,2023-01-15,0.0
"[80,200)",1,10662,0,2023-01-15,0.0
"[0,40)",0,69733,0,2023-01-16,0.0
"[0,40)",1,65731,1,2023-01-16,1.5213521778156426e-05
"[40,60)",0,48762,0,2023-01-16,0.0
"[40,60)",1,46685,0,2023-01-16,0.0
"[60,80)",0,32893,0,2023-01-16,0.0
"[60,80)",1,39034,0,2023-01-16,0.0
"[80,200)",0,5728,0,2023-01-16,0.0
"[80,200)",1,10662,0,2023-01-16,0.0
"[0,40)",0,69733,0,2023-01-17,0.0
"[0,40)",1,65731,0,2023-01-17,0.0
"[40,60)",0,48762,0,2023-01-17,0.0
"[40,60)",1,46685,0,2023-01-17,0.0
"[60,80)",0,32893,0,2023-01-17,0.0
"[60,80)",1,39034,0,2023-01-17,0.0
"[80,200)",0,5728,0,2023-01-17,0.0
"[80,200)",1,10662,0,2023-01-17,0.0
"[0,40)",0,69733,0,2023-01-18,0.0
"[0,40)",1,65731,1,2023-01-18,1.5213521778156426e-05
"[40,60)",0,48762,1,2023-01-18,2.050777244575694e-05
"[40,60)",1,46685,0,2023-01-18,0.0
"[60,80)",0,32893,0,2023-01-18,0.0
"[60,80)",1,39034,0,2023-01-18,0.0
"[80,200)",0,5728,0,2023-01-18,0.0
"[80,200)",1,10662,0,2023-01-18,0.0
"[0,40)",0,69733,1,2023-01-19,1.4340412717077997e-05
"[0,40)",1,65731,0,2023-01-19,0.0
"[40,60)",0,48762,0,2023-01-19,0.0
"[40,60)",1,46685,0,2023-01-19,0.0
"[60,80)",0,32893,0,2023-01-19,0.0
"[60,80)",1,39034,1,2023-01-19,2.5618691397243427e-05
"[80,200)",0,5728,0,2023-01-19,0.0
"[80,200)",1,10662,0,2023-01-19,0.0
"[0,40)",0,69733,0,2023-01-20,0.0
"[0,40)",1,65731,1,2023-01-20,1.5213521778156426e-05
"[40,60)",0,48762,0,2023-01-20,0.0
"[40,60)",1,46685,0,2023-01-20,0.0
"[60,80)",0,32893,0,2023-01-20,0.0
"[60,80)",1,39034,0,2023-01-20,0.0
"[80,200)",0,5728,0,2023-01-20,0.0
"[80,200)",1,10662,0,2023-01-20,0.0
"[0,40)",0,69733,0,2023-01-21,0.0
"[0,40)",1,65731,0,2023-01-21,0.0
"[40,60)",0,48762,0,2023-01-21,0.0
"[40,60)",1,46685,0,2023-01-21,0.0
"[60,80)",0,32893,0,2023-01-21,0.0
"[60,80)",1,39034,0,2023-01-21,0.0
"[80,200)",0,5728,0,2023-01-21,0.0
"[80,200)",1,10662,0,2023-01-21,0.0
"[0,40)",0,69733,0,2023-01-22,0.0
"[0,40)",1,65731,0,2023-01-22,0.0
"[40,60)",0,48762,0,2023-01-22,0.0
"[40,60)",1,46685,0,2023-01-22,0.0
"[60,80)",0,32893,0,2023-01-22,0.0
"[60,80)",1,39034,0,2023-01-22,0.0
"[80,200)",0,5728,0,2023-01-22,0.0
"[80,200)",1,10662,0,2023-01-22,0.0
"[0,40)",0,69733,1,2023-01-23,1.4340412717077997e-05
"[0,40)",1,65731,0,2023-01-23,0.0
"[40,60)",0,48762,0,2023-01-23,0.0
"[40,60)",1,46685,0,2023-01-23,0.0
"[60,80)",0,32893,0,2023-01-23,0.0
"[60,80)",1,39034,0,2023-01-23,0.0
"[80,200)",0,5728,0,2023-01-23,0.0
"[80,200)",1,10662,1,2023-01-23,9.379103357719002e-05
"[0,40)",0,69733,0,2023-01-24,0.0
"[0,40)",1,65731,0,2023-01-24,0.0
"[40,60)",0,48762,0,2023-01-24,0.0
"[40,60)",1,46685,0,2023-01-24,0.0
"[60,80)",0,32893,0,2023-01-24,0.0
"[60,80)",1,39034,0,2023-01-24,0.0
"[80,200)",0,5728,0,2023-01-24,0.0
"[80,200)",1,10662,0,2023-01-24,0.0
"[0,40)",0,69733,0,2023-01-25,0.0
"[0,40)",1,65731,0,2023-01-25,0.0
"[40,60)",0,48762,0,2023-01-25,0.0
"[40,60)",1,46685,0,2023-01-25,0.0
"[60,80)",0,32893,0,2023-01-25,0.0
"[60,80)",1,39034,0,2023-01-25,0.0
"[80,200)",0,5728,0,2023-01-25,0.0
"[80,200)",1,10662,0,2023-01-25,0.0
"[0,40)",0,69733,0,2023-01-26,0.0
"[0,40)",1,65731,0,2023-01-26,0.0
"[40,60)",0,48762,0,2023-01-26,0.0
"[40,60)",1,46685,0,2023-01-26,0.0
"[60,80)",0,32893,0,2023-01-26,0.0
"[60,80)",1,39034,0,2023-01-26,0.0
"[80,200)",0,5728,0,2023-01-26,0.0
"[80,200)",1,10662,0,2023-01-26,0.0
"[0,40)",0,69733,1,2023-01-27,1.4340412717077997e-05
"[0,40)",1,65731,0,2023-01-27,0.0
"[40,60)",0,48762,0,2023-01-27,0.0
"[40,60)",1,46685,0,2023-01-27,0.0
"[60,80)",0,32893,0,2023-01-27,0.0
"[60,80)",1,39034,0,2023-01-27,0.0
"[80,200)",0,5728,0,2023-01-27,0.0
"[80,200)",1,10662,0,2023-01-27,0.0
"[0,40)",0,69733,0,2023-01-28,0.0
"[0,40)",1,65731,0,2023-01-28,0.0
"[40,60)",0,48762,0,2023-01-28,0.0
"[40,60)",1,46685,0,2023-01-28,0.0
"[60,80)",0,32893,0,2023-01-28,0.0
"[60,80)",1,39034,0,2023-01-28,0.0
"[80,200)",0,5728,0,2023-01-28,0.0
"[80,200)",1,10662,0,2023-01-28,0.0
"[0,40)",0,69733,0,2023-01-29,0.0
"[0,40)",1,65731,0,2023-01-29,0.0
"[40,60)",0,48762,0,2023-01-29,0.0
"[40,60)",1,46685,0,2023-01-29,0.0
"[60,80)",0,32893,0,2023-01-29,0.0
"[60,80)",1,39034,0,2023-01-29,0.0
"[80,200)",0,5728,0,2023-01-29,0.0
"[80,200)",1,10662,0,2023-01-29,0.0
"[0,40)",0,69733,1,2023-01-30,1.4340412717077997e-05
"[0,40)",1,65731,0,2023-01-30,0.0
"[40,60)",0,48762,0,2023-01-30,0.0
"[40,60)",1,46685,0,2023-01-30,0.0
"[60,80)",0,32893,0,2023-01-30,0.0
"[60,80)",1,39034,0,2023-01-30,0.0
"[80,200)",0,5728,0,2023-01-30,0.0
"[80,200)",1,10662,0,2023-01-30,0.0
"[0,40)",0,69733,0,2023-01-31,0.0
"[0,40)",1,65731,0,2023-01-31,0.0
"[40,60)",0,48762,0,2023-01-31,0.0
"[40,60)",1,46685,0,2023-01-31,0.0
"[60,80)",0,32893,0,2023-01-31,0.0
"[60,80)",1,39034,0,2023-01-31,0.0
"[80,200)",0,5728,0,2023-01-31,0.0
"[80,200)",1,10662,0,2023-01-31,0.0
"[0,40)",0,69733,0,2023-02-01,0.0
"[0,40)",1,65731,0,2023-02-01,0.0
"[40,60)",0,48762,0,2023-02-01,0.0
"[40,60)",1,46685,0,2023-02-01,0.0
"[60,80)",0,32893,0,2023-02-01,0.0
"[60,80)",1,39034,0,2023-02-01,0.0
"[80,200)",0,5728,0,2023-02-01,0.0
"[80,200)",1,10662,0,2023-02-01,0.0
"[0,40)",0,69733,0,2023-02-02,0.0
"[0,40)",1,65731,0,2023-02-02,0.0
"[40,60)",0,48762,0,2023-02-02,0.0
"[40,60)",1,46685,0,2023-02-02,0.0
"[60,80)",0,32893,0,2023-02-02,0.0
"[60,80)",1,39034,0,2023-02-02,0.0
"[80,200)",0,5728,0,2023-02-02,0.0
"[80,200)",1,10662,0,2023-02-02,0.0
"[0,40)",0,69733,1,2023-02-03,1.4340412717077997e-05
"[0,40)",1,65731,0,2023-02-03,0.0
"[40,60)",0,48762,0,2023-02-03,0.0
"[40,60)",1,46685,0,2023-02-03,0.0
"[60,80)",0,32893,0,2023-02-03,0.0
"[60,80)",1,39034,0,2023-02-03,0.0
"[80,200)",0,5728,0,2023-02-03,0.0
"[80,200)",1,10662,0,2023-02-03,0.0
"[0,40)",0,69733,0,2023-02-04,0.0
"[0,40)",1,65731,0,2023-02-04,0.0
"[40,60)",0,48762,0,2023-02-04,0.0
"[40,60)",1,46685,0,2023-02-04,0.0
"[60,80)",0,32893,0,2023-02-04,0.0
"[60,80)",1,39034,0,2023-02-04,0.0
"[80,200)",0,5728,0,2023-02-04,0.0
"[80,200)",1,10662,0,2023-02-04,0.0
"[0,40)",0,69733,0,2023-02-05,0.0
"[0,40)",1,65731,0,2023-02-05,0.0
"[40,60)",0,48762,0,2023-02-05,0.0
"[40,60)",1,46685,0,2023-02-05,0.0
"[60,80)",0,32893,0,2023-02-05,0.0
"[60,80)",1,39034,0,2023-02-05,0.0
"[80,200)",0,5728,0,2023-02-05,0.0
"[80,200)",1,10662,0,2023-02-05,0.0
"[0,40)",0,69733,1,2023-02-06,1.4340412717077997e-05
"[0,40)",1,65731,0,2023-02-06,0.0
"[40,60)",0,48762,0,2023-02-06,0.0
"[40,60)",1,46685,0,2023-02-06,0.0
"[60,80)",0,32893,0,2023-02-06,0.0
"[60,80)",1,39034,0,2023-02-06,0.0
"[80,200)",0,5728,0,2023-02-06,0.0
"[80,200)",1,10662,0,2023-02-06,0.0
"[0,40)",0,69733,0,2023-02-07,0.0
"[0,40)",1,65731,0,2023-02-07,0.0
"[40,60)",0,48762,0,2023-02-07,0.0
"[40,60)",1,46685,0,2023-02-07,0.0
"[60,80)",0,32893,0,2023-02-07,0.0
"[60,80)",1,39034,0,2023-02-07,0.0
"[80,200)",0,5728,0,2023-02-07,0.0
"[80,200)",1,10662,0,2023-02-07,0.0
"[0,40)",0,69733,0,2023-02-08,0.0
"[0,40)",1,65731,0,2023-02-08,0.0
"[40,60)",0,48762,1,2023-02-08,2.050777244575694e-05
"[40,60)",1,46685,0,2023-02-08,0.0
"[60,80)",0,32893,0,2023-02-08,0.0
"[60,80)",1,39034,0,2023-02-08,0.0
"[80,200)",0,5728,0,2023-02-08,0.0
"[80,200)",1,10662,0,2023-02-08,0.0
"[0,40)",0,69733,0,2023-02-09,0.0
"[0,40)",1,65731,0,2023-02-09,0.0
"[40,60)",0,48762,0,2023-02-09,0.0
"[40,60)",1,46685,0,2023-02-09,0.0
"[60,80)",0,32893,0,2023-02-09,0.0
"[60,80)",1,39034,0,2023-02-09,0.0
"[80,200)",0,5728,0,2023-02-09,0.0
"[80,200)",1,10662,0,2023-02-09,0.0
"[0,40)",0,69733,1,2023-02-10,1.4340412717077997e-05
"[0,40)",1,65731,0,2023-02-10,0.0
"[40,60)",0,48762,1,2023-02-10,2.050777244575694e-05
"[40,60)",1,46685,0,2023-02-10,0.0
"[60,80)",0,32893,0,2023-02-10,0.0
"[60,80)",1,39034,0,2023-02-10,0.0
"[80,200)",0,5728,0,2023-02-10,0.0
"[80,200)",1,10662,0,2023-02-10,0.0
"[0,40)",0,69733,0,2023-02-11,0.0
"[0,40)",1,65731,0,2023-02-11,0.0
"[40,60)",0,48762,0,2023-02-11,0.0
"[40,60)",1,46685,0,2023-02-11,0.0
"[60,80)",0,32893,0,2023-02-11,0.0
"[60,80)",1,39034,0,2023-02-11,0.0
"[80,200)",0,5728,0,2023-02-11,0.0
"[80,200)",1,10662,0,2023-02-11,0.0
"[0,40)",0,69733,0,2023-02-12,0.0
"[0,40)",1,65731,0,2023-02-12,0.0
"[40,60)",0,48762,0,2023-02-12,0.0
"[40,60)",1,46685,0,2023-02-12,0.0
"[60,80)",0,32893,0,2023-02-12,0.0
"[60,80)",1,39034,0,2023-02-12,0.0
"[80,200)",0,5728,0,2023-02-12,0.0
"[80,200)",1,10662,0,2023-02-12,0.0
"[0,40)",0,69733,0,2023-02-13,0.0
"[0,40)",1,65731,0,2023-02-13,0.0
"[40,60)",0,48762,0,2023-02-13,0.0
"[40,60)",1,46685,0,2023-02-13,0.0
"[60,80)",0,32893,0,2023-02-13,0.0
"[60,80)",1,39034,0,2023-02-13,0.0
"[80,200)",0,5728,0,2023-02-13,0.0
"[80,200)",1,10662,0,2023-02-13,0.0
"[0,40)",0,69733,0,2023-02-14,0.0
"[0,40)",1,65731,0,2023-02-14,0.0
"[40,60)",0,48762,0,2023-02-14,0.0
"[40,60)",1,46685,1,2023-02-14,2.142015636714148e-05
"[60,80)",0,32893,0,2023-02-14,0.0
"[60,80)",1,39034,0,2023-02-14,0.0
"[80,200)",0,5728,0,2023-02-14,0.0
"[80,200)",1,10662,0,2023-02-14,0.0
"[0,40)",0,69733,0,2023-02-15,0.0
"[0,40)",1,65731,0,2023-02-15,0.0
"[40,60)",0,48762,0,2023-02-15,0.0
"[40,60)",1,46685,1,2023-02-15,2.142015636714148e-05
"[60,80)",0,32893,0,2023-02-15,0.0
"[60,80)",1,39034,0,2023-02-15,0.0
"[80,200)",0,5728,0,2023-02-15,0.0
"[80,200)",1,10662,0,2023-02-15,0.0
"[0,40)",0,69733,0,2023-02-16,0.0
"[0,40)",1,65731,1,2023-02-16,1.5213521778156426e-05
"[40,60)",0,48762,0,2023-02-16,0.0
"[40,60)",1,46685,0,2023-02-16,0.0
"[60,80)",0,32893,0,2023-02-16,0.0
"[60,80)",1,39034,0,2023-02-16,0.0
"[80,200)",0,5728,0,2023-02-16,0.0
"[80,200)",1,10662,0,2023-02-16,0.0
"[0,40)",0,69733,2,2023-02-17,2.8680825434155993e-05
"[0,40)",1,65731,1,2023-02-17,1.5213521778156426e-05
"[40,60)",0,48762,0,2023-02-17,0.0
"[40,60)",1,46685,0,2023-02-17,0.0
"[60,80)",0,32893,0,2023-02-17,0.0
"[60,80)",1,39034,0,2023-02-17,0.0
"[80,200)",0,5728,0,2023-02-17,0.0
"[80,200)",1,10662,0,2023-02-17,0.0
"[0,40)",0,69733,0,2023-02-18,0.0
"[0,40)",1,65731,0,2023-02-18,0.0
"[40,60)",0,48762,0,2023-02-18,0.0
"[40,60)",1,46685,0,2023-02-18,0.0
"[60,80)",0,32893,0,2023-02-18,0.0
"[60,80)",1,39034,0,2023-02-18,0.0
"[80,200)",0,5728,0,2023-02-18,0.0
"[80,200)",1,10662,0,2023-02-18,0.0
"[0,40)",0,69733,0,2023-02-19,0.0
"[0,40)",1,65731,0,2023-02-19,0.0
"[40,60)",0,48762,0,2023-02-19,0.0
"[40,60)",1,46685,0,2023-02-19,0.0
"[60,80)",0,32893,0,2023-02-19,0.0
"[60,80)",1,39034,0,2023-02-19,0.0
"[80,200)",0,5728,0,2023-02-19,0.0
"[80,200)",1,10662,0,2023-02-19,0.0
"[0,40)",0,69733,0,2023-02-20,0.0
"[0,40)",1,65731,0,2023-02-20,0.0
"[40,60)",0,48762,0,2023-02-20,0.0
"[40,60)",1,46685,0,2023-02-20,0.0
"[60,80)",0,32893,0,2023-02-20,0.0
"[60,80)",1,39034,0,2023-02-20,0.0
"[80,200)",0,5728,0,2023-02-20,0.0
"[80,200)",1,10662,0,2023-02-20,0.0
"[0,40)",0,69733,0,2023-02-21,0.0
"[0,40)",1,65731,0,2023-02-21,0.0
"[40,60)",0,48762,0,2023-02-21,0.0
"[40,60)",1,46685,0,2023-02-21,0.0
"[60,80)",0,32893,0,2023-02-21,0.0
"[60,80)",1,39034,0,2023-02-21,0.0
"[80,200)",0,5728,0,2023-02-21,0.0
"[80,200)",1,10662,0,2023-02-21,0.0
"[0,40)",0,69733,0,2023-02-22,0.0
"[0,40)",1,65731,0,2023-02-22,0.0
"[40,60)",0,48762,0,2023-02-22,0.0
"[40,60)",1,46685,0,2023-02-22,0.0
"[60,80)",0,32893,0,2023-02-22,0.0
"[60,80)",1,39034,0,2023-02-22,0.0
"[80,200)",0,5728,0,2023-02-22,0.0
"[80,200)",1,10662,0,2023-02-22,0.0
"[0,40)",0,69733,1,2023-02-23,1.4340412717077997e-05
"[0,40)",1,65731,0,2023-02-23,0.0
"[40,60)",0,48762,0,2023-02-23,0.0
"[40,60)",1,46685,0,2023-02-23,0.0
"[60,80)",0,32893,0,2023-02-23,0.0
"[60,80)",1,39034,0,2023-02-23,0.0
"[80,200)",0,5728,0,2023-02-23,0.0
"[80,200)",1,10662,0,2023-02-23,0.0
"[0,40)",0,69733,0,2023-02-24,0.0
"[0,40)",1,65731,1,2023-02-24,1.5213521778156426e-05
"[40,60)",0,48762,0,2023-02-24,0.0
"[40,60)",1,46685,0,2023-02-24,0.0
"[60,80)",0,32893,0,2023-02-24,0.0
"[60,80)",1,39034,0,2023-02-24,0.0
"[80,200)",0,5728,0,2023-02-24,0.0
"[80,200)",1,10662,0,2023-02-24,0.0
"[0,40)",0,69733,0,2023-02-25,0.0
"[0,40)",1,65731,0,2023-02-25,0.0
"[40,60)",0,48762,0,2023-02-25,0.0
"[40,60)",1,46685,0,2023-02-25,0.0
"[60,80)",0,32893,0,2023-02-25,0.0
"[60,80)",1,39034,0,2023-02-25,0.0
"[80,200)",0,5728,0,2023-02-25,0.0
"[80,200)",1,10662,0,2023-02-25,0.0
"[0,40)",0,69733,0,2023-02-26,0.0
"[0,40)",1,65731,0,2023-02-26,0.0
"[40,60)",0,48762,0,2023-02-26,0.0
"[40,60)",1,46685,0,2023-02-26,0.0
"[60,80)",0,32893,0,2023-02-26,0.0
"[60,80)",1,39034,0,2023-02-26,0.0
"[80,200)",0,5728,0,2023-02-26,0.0
"[80,200)",1,10662,0,2023-02-26,0.0
"[0,40)",0,69733,1,2023-02-27,1.4340412717077997e-05
"[0,40)",1,65731,0,2023-02-27,0.0
"[40,60)",0,48762,0,2023-02-27,0.0
"[40,60)",1,46685,0,2023-02-27,0.0
"[60,80)",0,32893,0,2023-02-27,0.0
"[60,80)",1,39034,0,2023-02-27,0.0
"[80,200)",0,5728,0,2023-02-27,0.0
"[80,200)",1,10662,0,2023-02-27,0.0
"[0,40)",0,69733,0,2023-02-28,0.0
"[0,40)",1,65731,0,2023-02-28,0.0
"[40,60)",0,48762,0,2023-02-28,0.0
"[40,60)",1,46685,0,2023-02-28,0.0
"[60,80)",0,32893,0,2023-02-28,0.0
"[60,80)",1,39034,0,2023-02-28,0.0
"[80,200)",0,5728,0,2023-02-28,0.0
"[80,200)",1,10662,0,2023-02-28,0.0
"[0,40)",0,69733,0,2023-03-01,0.0
"[0,40)",1,65731,0,2023-03-01,0.0
"[40,60)",0,48762,0,2023-03-01,0.0
"[40,60)",1,46685,0,2023-03-01,0.0
"[60,80)",0,32893,0,2023-03-01,0.0
"[60,80)",1,39034,0,2023-03-01,0.0
"[80,200)",0,5728,0,2023-03-01,0.0
"[80,200)",1,10662,0,2023-03-01,0.0
"[0,40)",0,69733,0,2023-03-02,0.0
"[0,40)",1,65731,0,2023-03-02,0.0
"[40,60)",0,48762,0,2023-03-02,0.0
"[40,60)",1,46685,0,2023-03-02,0.0
"[60,80)",0,32893,0,2023-03-02,0.0
"[60,80)",1,39034,0,2023-03-02,0.0
"[80,200)",0,5728,0,2023-03-02,0.0
"[80,200)",1,10662,0,2023-03-02,0.0
"[0,40)",0,69733,1,2023-03-03,1.4340412717077997e-05
"[0,40)",1,65731,0,2023-03-03,0.0
"[40,60)",0,48762,0,2023-03-03,0.0
"[40,60)",1,46685,0,2023-03-03,0.0
"[60,80)",0,32893,0,2023-03-03,0.0
"[60,80)",1,39034,0,2023-03-03,0.0
"[80,200)",0,5728,0,2023-03-03,0.0
"[80,200)",1,10662,0,2023-03-03,0.0
"[0,40)",0,69733,0,2023-03-04,0.0
"[0,40)",1,65731,0,2023-03-04,0.0
"[40,60)",0,48762,0,2023-03-04,0.0
"[40,60)",1,46685,0,2023-03-04,0.0
"[60,80)",0,32893,0,2023-03-04,0.0
"[60,80)",1,39034,0,2023-03-04,0.0
"[80,200)",0,5728,0,2023-03-04,0.0
"[80,200)",1,10662,0,2023-03-04,0.0
"[0,40)",0,69733,0,2023-03-05,0.0
"[0,40)",1,65731,0,2023-03-05,0.0
"[40,60)",0,48762,0,2023-03-05,0.0
"[40,60)",1,46685,0,2023-03-05,0.0
"[60,80)",0,32893,0,2023-03-05,0.0
"[60,80)",1,39034,0,2023-03-05,0.0
"[80,200)",0,5728,0,2023-03-05,0.0
"[80,200)",1,10662,0,2023-03-05,0.0
"[0,40)",0,69733,0,2023-03-06,0.0
"[0,40)",1,65731,0,2023-03-06,0.0
"[40,60)",0,48762,0,2023-03-06,0.0
"[40,60)",1,46685,0,2023-03-06,0.0
"[60,80)",0,32893,0,2023-03-06,0.0
"[60,80)",1,39034,0,2023-03-06,0.0
"[80,200)",0,5728,0,2023-03-06,0.0
"[80,200)",1,10662,0,2023-03-06,0.0
"[0,40)",0,69733,0,2023-03-07,0.0
"[0,40)",1,65731,0,2023-03-07,0.0
"[40,60)",0,48762,0,2023-03-07,0.0
"[40,60)",1,46685,0,2023-03-07,0.0
"[60,80)",0,32893,0,2023-03-07,0.0
"[60,80)",1,39034,0,2023-03-07,0.0
"[80,200)",0,5728,0,2023-03-07,0.0
"[80,200)",1,10662,0,2023-03-07,0.0
"[0,40)",0,69733,1,2023-03-08,1.4340412717077997e-05
"[0,40)",1,65731,1,2023-03-08,1.5213521778156426e-05
"[40,60)",0,48762,0,2023-03-08,0.0
"[40,60)",1,46685,0,2023-03-08,0.0
"[60,80)",0,32893,0,2023-03-08,0.0
"[60,80)",1,39034,0,2023-03-08,0.0
"[80,200)",0,5728,0,2023-03-08,0.0
"[80,200)",1,10662,0,2023-03-08,0.0
"[0,40)",0,69733,0,2023-03-09,0.0
"[0,40)",1,65731,0,2023-03-09,0.0
"[40,60)",0,48762,0,2023-03-09,0.0
"[40,60)",1,46685,0,2023-03-09,0.0
"[60,80)",0,32893,0,2023-03-09,0.0
"[60,80)",1,39034,0,2023-03-09,0.0
"[80,200)",0,5728,0,2023-03-09,0.0
"[80,200)",1,10662,0,2023-03-09,0.0
"[0,40)",0,69733,0,2023-03-10,0.0
"[0,40)",1,65731,1,2023-03-10,1.5213521778156426e-05
"[40,60)",0,48762,0,2023-03-10,0.0
"[40,60)",1,46685,0,2023-03-10,0.0
"[60,80)",0,32893,0,2023-03-10,0.0
"[60,80)",1,39034,0,2023-03-10,0.0
"[80,200)",0,5728,0,2023-03-10,0.0
"[80,200)",1,10662,0,2023-03-10,0.0
"[0,40)",0,69733,0,2023-03-11,0.0
"[0,40)",1,65731,0,2023-03-11,0.0
"[40,60)",0,48762,0,2023-03-11,0.0
"[40,60)",1,46685,0,2023-03-11,0.0
"[60,80)",0,32893,0,2023-03-11,0.0
"[60,80)",1,39034,0,2023-03-11,0.0
"[80,200)",0,5728,0,2023-03-11,0.0
"[80,200)",1,10662,0,2023-03-11,0.0
"[0,40)",0,69733,0,2023-03-12,0.0
"[0,40)",1,65731,0,2023-03-12,0.0
"[40,60)",0,48762,0,2023-03-12,0.0
"[40,60)",1,46685,0,2023-03-12,0.0
"[60,80)",0,32893,0,2023-03-12,0.0
"[60,80)",1,39034,0,2023-03-12,0.0
"[80,200)",0,5728,0,2023-03-12,0.0
"[80,200)",1,10662,0,2023-03-12,0.0
"[0,40)",0,69733,0,2023-03-13,0.0
"[0,40)",1,65731,0,2023-03-13,0.0
"[40,60)",0,48762,0,2023-03-13,0.0
"[40,60)",1,46685,0,2023-03-13,0.0
"[60,80)",0,32893,0,2023-03-13,0.0
"[60,80)",1,39034,0,2023-03-13,0.0
"[80,200)",0,5728,0,2023-03-13,0.0
"[80,200)",1,10662,0,2023-03-13,0.0
"[0,40)",0,69733,0,2023-03-14,0.0
"[0,40)",1,65731,0,2023-03-14,0.0
"[40,60)",0,48762,0,2023-03-14,0.0
"[40,60)",1,46685,0,2023-03-14,0.0
"[60,80)",0,32893,0,2023-03-14,0.0
"[60,80)",1,39034,0,2023-03-14,0.0
"[80,200)",0,5728,0,2023-03-14,0.0
"[80,200)",1,10662,0,2023-03-14,0.0
"[0,40)",0,69733,0,2023-03-15,0.0
"[0,40)",1,65731,0,2023-03-15,0.0
"[40,60)",0,48762,0,2023-03-15,0.0
"[40,60)",1,46685,0,2023-03-15,0.0
"[60,80)",0,32893,0,2023-03-15,0.0
"[60,80)",1,39034,0,2023-03-15,0.0
"[80,200)",0,5728,0,2023-03-15,0.0
"[80,200)",1,10662,0,2023-03-15,0.0
"[0,40)",0,69733,0,2023-03-16,0.0
"[0,40)",1,65731,0,2023-03-16,0.0
"[40,60)",0,48762,0,2023-03-16,0.0
"[40,60)",1,46685,0,2023-03-16,0.0
"[60,80)",0,32893,0,2023-03-16,0.0
"[60,80)",1,39034,0,2023-03-16,0.0
"[80,200)",0,5728,0,2023-03-16,0.0
"[80,200)",1,10662,0,2023-03-16,0.0
"[0,40)",0,69733,0,2023-03-17,0.0
"[0,40)",1,65731,0,2023-03-17,0.0
"[40,60)",0,48762,0,2023-03-17,0.0
"[40,60)",1,46685,0,2023-03-17,0.0
"[60,80)",0,32893,0,2023-03-17,0.0
"[60,80)",1,39034,0,2023-03-17,0.0
"[80,200)",0,5728,0,2023-03-17,0.0
"[80,200)",1,10662,0,2023-03-17,0.0
"[0,40)",0,69733,0,2023-03-18,0.0
"[0,40)",1,65731,0,2023-03-18,0.0
"[40,60)",0,48762,0,2023-03-18,0.0
"[40,60)",1,46685,0,2023-03-18,0.0
"[60,80)",0,32893,0,2023-03-18,0.0
"[60,80)",1,39034,0,2023-03-18,0.0
"[80,200)",0,5728,0,2023-03-18,0.0
"[80,200)",1,10662,0,2023-03-18,0.0
"[0,40)",0,69733,0,2023-03-19,0.0
"[0,40)",1,65731,0,2023-03-19,0.0
"[40,60)",0,48762,0,2023-03-19,0.0
"[40,60)",1,46685,0,2023-03-19,0.0
"[60,80)",0,32893,0,2023-03-19,0.0
"[60,80)",1,39034,0,2023-03-19,0.0
"[80,200)",0,5728,0,2023-03-19,0.0
"[80,200)",1,10662,0,2023-03-19,0.0
"[0,40)",0,69733,1,2023-03-20,1.4340412717077997e-05
"[0,40)",1,65731,0,2023-03-20,0.0
"[40,60)",0,48762,0,2023-03-20,0.0
"[40,60)",1,46685,0,2023-03-20,0.0
"[60,80)",0,32893,0,2023-03-20,0.0
"[60,80)",1,39034,0,2023-03-20,0.0
"[80,200)",0,5728,0,2023-03-20,0.0
"[80,200)",1,10662,0,2023-03-20,0.0
"[0,40)",0,69733,0,2023-03-21,0.0
"[0,40)",1,65731,0,2023-03-21,0.0
"[40,60)",0,48762,0,2023-03-21,0.0
"[40,60)",1,46685,0,2023-03-21,0.0
"[60,80)",0,32893,0,2023-03-21,0.0
"[60,80)",1,39034,0,2023-03-21,0.0
"[80,200)",0,5728,0,2023-03-21,0.0
"[80,200)",1,10662,0,2023-03-21,0.0
"[0,40)",0,69733,1,2023-03-22,1.4340412717077997e-05
"[0,40)",1,65731,0,2023-03-22,0.0
"[40,60)",0,48762,0,2023-03-22,0.0
"[40,60)",1,46685,0,2023-03-22,0.0
"[60,80)",0,32893,0,2023-03-22,0.0
"[60,80)",1,39034,0,2023-03-22,0.0
"[80,200)",0,5728,0,2023-03-22,0.0
"[80,200)",1,10662,0,2023-03-22,0.0
"[0,40)",0,69733,0,2023-03-23,0.0
"[0,40)",1,65731,0,2023-03-23,0.0
"[40,60)",0,48762,0,2023-03-23,0.0
"[40,60)",1,46685,0,2023-03-23,0.0
"[60,80)",0,32893,0,2023-03-23,0.0
"[60,80)",1,39034,0,2023-03-23,0.0
"[80,200)",0,5728,0,2023-03-23,0.0
"[80,200)",1,10662,0,2023-03-23,0.0
"[0,40)",0,69733,0,2023-03-24,0.0
"[0,40)",1,65731,1,2023-03-24,1.5213521778156426e-05
"[40,60)",0,48762,0,2023-03-24,0.0
"[40,60)",1,46685,0,2023-03-24,0.0
"[60,80)",0,32893,0,2023-03-24,0.0
"[60,80)",1,39034,0,2023-03-24,0.0
"[80,200)",0,5728,0,2023-03-24,0.0
"[80,200)",1,10662,0,2023-03-24,0.0
"[0,40)",0,69733,0,2023-03-25,0.0
"[0,40)",1,65731,0,2023-03-25,0.0
"[40,60)",0,48762,0,2023-03-25,0.0
"[40,60)",1,46685,0,2023-03-25,0.0
"[60,80)",0,32893,0,2023-03-25,0.0
"[60,80)",1,39034,0,2023-03-25,0.0
"[80,200)",0,5728,0,2023-03-25,0.0
"[80,200)",1,10662,0,2023-03-25,0.0
"[0,40)",0,69733,0,2023-03-26,0.0
"[0,40)",1,65731,0,2023-03-26,0.0
"[40,60)",0,48762,0,2023-03-26,0.0
"[40,60)",1,46685,0,2023-03-26,0.0
"[60,80)",0,32893,0,2023-03-26,0.0
"[60,80)",1,39034,0,2023-03-26,0.0
"[80,200)",0,5728,0,2023-03-26,0.0
"[80,200)",1,10662,0,2023-03-26,0.0
"[0,40)",0,69733,0,2023-03-27,0.0
"[0,40)",1,65731,1,2023-03-27,1.5213521778156426e-05
"[40,60)",0,48762,0,2023-03-27,0.0
"[40,60)",1,46685,0,2023-03-27,0.0
"[60,80)",0,32893,0,2023-03-27,0.0
"[60,80)",1,39034,0,2023-03-27,0.0
"[80,200)",0,5728,0,2023-03-27,0.0
"[80,200)",1,10662,0,2023-03-27,0.0
"[0,40)",0,69733,0,2023-03-28,0.0
"[0,40)",1,65731,0,2023-03-28,0.0
"[40,60)",0,48762,0,2023-03-28,0.0
"[40,60)",1,46685,0,2023-03-28,0.0
"[60,80)",0,32893,0,2023-03-28,0.0
"[60,80)",1,39034,0,2023-03-28,0.0
"[80,200)",0,5728,0,2023-03-28,0.0
"[80,200)",1,10662,0,2023-03-28,0.0
"[0,40)",0,69733,0,2023-03-29,0.0
"[0,40)",1,65731,0,2023-03-29,0.0
"[40,60)",0,48762,0,2023-03-29,0.0
"[40,60)",1,46685,0,2023-03-29,0.0
"[60,80)",0,32893,0,2023-03-29,0.0
"[60,80)",1,39034,0,2023-03-29,0.0
"[80,200)",0,5728,0,2023-03-29,0.0
"[80,200)",1,10662,0,2023-03-29,0.0
"[0,40)",0,69733,0,2023-03-30,0.0
"[0,40)",1,65731,0,2023-03-30,0.0
"[40,60)",0,48762,0,2023-03-30,0.0
"[40,60)",1,46685,0,2023-03-30,0.0
"[60,80)",0,32893,0,2023-03-30,0.0
"[60,80)",1,39034,0,2023-03-30,0.0
"[80,200)",0,5728,0,2023-03-30,0.0
"[80,200)",1,10662,0,2023-03-30,0.0
"[0,40)",0,69733,1,2023-03-31,1.4340412717077997e-05
"[0,40)",1,65731,0,2023-03-31,0.0
"[40,60)",0,48762,0,2023-03-31,0.0
"[40,60)",1,46685,0,2023-03-31,0.0
"[60,80)",0,32893,0,2023-03-31,0.0
"[60,80)",1,39034,0,2023-03-31,0.0
"[80,200)",0,5728,0,2023-03-31,0.0
"[80,200)",1,10662,0,2023-03-31,0.0
"[0,40)",0,69733,0,2023-04-01,0.0
"[0,40)",1,65731,0,2023-04-01,0.0
"[40,60)",0,48762,0,2023-04-01,0.0
"[40,60)",1,46685,0,2023-04-01,0.0
"[60,80)",0,32893,0,2023-04-01,0.0
"[60,80)",1,39034,0,2023-04-01,0.0
"[80,200)",0,5728,0,2023-04-01,0.0
"[80,200)",1,10662,0,2023-04-01,0.0
"[0,40)",0,69733,0,2023-04-02,0.0
"[0,40)",1,65731,0,2023-04-02,0.0
"[40,60)",0,48762,0,2023-04-02,0.0
"[40,60)",1,46685,0,2023-04-02,0.0
"[60,80)",0,32893,0,2023-04-02,0.0
"[60,80)",1,39034,0,2023-04-02,0.0
"[80,200)",0,5728,0,2023-04-02,0.0
"[80,200)",1,10662,0,2023-04-02,0.0
"[0,40)",0,69733,1,2023-04-03,1.4340412717077997e-05
"[0,40)",1,65731,0,2023-04-03,0.0
"[40,60)",0,48762,0,2023-04-03,0.0
"[40,60)",1,46685,0,2023-04-03,0.0
"[60,80)",0,32893,0,2023-04-03,0.0
"[60,80)",1,39034,0,2023-04-03,0.0
"[80,200)",0,5728,0,2023-04-03,0.0
"[80,200)",1,10662,0,2023-04-03,0.0
"[0,40)",0,69733,0,2023-04-04,0.0
"[0,40)",1,65731,0,2023-04-04,0.0
"[40,60)",0,48762,0,2023-04-04,0.0
"[40,60)",1,46685,0,2023-04-04,0.0
"[60,80)",0,32893,0,2023-04-04,0.0
"[60,80)",1,39034,0,2023-04-04,0.0
"[80,200)",0,5728,0,2023-04-04,0.0
"[80,200)",1,10662,0,2023-04-04,0.0
"[0,40)",0,69733,0,2023-04-05,0.0
"[0,40)",1,65731,0,2023-04-05,0.0
"[40,60)",0,48762,0,2023-04-05,0.0
"[40,60)",1,46685,0,2023-04-05,0.0
"[60,80)",0,32893,0,2023-04-05,0.0
"[60,80)",1,39034,0,2023-04-05,0.0
"[80,200)",0,5728,0,2023-04-05,0.0
"[80,200)",1,10662,0,2023-04-05,0.0
"[0,40)",0,69733,0,2023-04-06,0.0
"[0,40)",1,65731,0,2023-04-06,0.0
"[40,60)",0,48762,0,2023-04-06,0.0
"[40,60)",1,46685,0,2023-04-06,0.0
"[60,80)",0,32893,0,2023-04-06,0.0
"[60,80)",1,39034,0,2023-04-06,0.0
"[80,200)",0,5728,0,2023-04-06,0.0
"[80,200)",1,10662,0,2023-04-06,0.0
"[0,40)",0,69733,0,2023-04-07,0.0
"[0,40)",1,65731,0,2023-04-07,0.0
"[40,60)",0,48762,0,2023-04-07,0.0
"[40,60)",1,46685,0,2023-04-07,0.0
"[60,80)",0,32893,0,2023-04-07,0.0
"[60,80)",1,39034,0,2023-04-07,0.0
"[80,200)",0,5728,0,2023-04-07,0.0
"[80,200)",1,10662,0,2023-04-07,0.0
"[0,40)",0,69733,0,2023-04-08,0.0
"[0,40)",1,65731,0,2023-04-08,0.0
"[40,60)",0,48762,0,2023-04-08,0.0
"[40,60)",1,46685,0,2023-04-08,0.0
"[60,80)",0,32893,0,2023-04-08,0.0
"[60,80)",1,39034,0,2023-04-08,0.0
"[80,200)",0,5728,0,2023-04-08,0.0
"[80,200)",1,10662,0,2023-04-08,0.0
"[0,40)",0,69733,0,2023-04-09,0.0
"[0,40)",1,65731,0,2023-04-09,0.0
"[40,60)",0,48762,0,2023-04-09,0.0
"[40,60)",1,46685,0,2023-04-09,0.0
"[60,80)",0,32893,0,2023-04-09,0.0
"[60,80)",1,39034,0,2023-04-09,0.0
"[80,200)",0,5728,0,2023-04-09,0.0
"[80,200)",1,10662,0,2023-04-09,0.0
"[0,40)",0,69733,0,2023-04-10,0.0
"[0,40)",1,65731,0,2023-04-10,0.0
"[40,60)",0,48762,0,2023-04-10,0.0
"[40,60)",1,46685,0,2023-04-10,0.0
"[60,80)",0,32893,0,2023-04-10,0.0
"[60,80)",1,39034,0,2023-04-10,0.0
"[80,200)",0,5728,0,2023-04-10,0.0
"[80,200)",1,10662,0,2023-04-10,0.0
"[0,40)",0,69733,0,2023-04-11,0.0
"[0,40)",1,65731,0,2023-04-11,0.0
"[40,60)",0,48762,0,2023-04-11,0.0
"[40,60)",1,46685,0,2023-04-11,0.0
"[60,80)",0,32893,0,2023-04-11,0.0
"[60,80)",1,39034,0,2023-04-11,0.0
"[80,200)",0,5728,0,2023-04-11,0.0
"[80,200)",1,10662,0,2023-04-11,0.0
"[0,40)",0,69733,0,2023-04-12,0.0
"[0,40)",1,65731,0,2023-04-12,0.0
"[40,60)",0,48762,0,2023-04-12,0.0
"[40,60)",1,46685,0,2023-04-12,0.0
"[60,80)",0,32893,0,2023-04-12,0.0
"[60,80)",1,39034,0,2023-04-12,0.0
"[80,200)",0,5728,0,2023-04-12,0.0
"[80,200)",1,10662,0,2023-04-12,0.0
"[0,40)",0,69733,0,2023-04-13,0.0
"[0,40)",1,65731,0,2023-04-13,0.0
"[40,60)",0,48762,0,2023-04-13,0.0
"[40,60)",1,46685,0,2023-04-13,0.0
"[60,80)",0,32893,0,2023-04-13,0.0
"[60,80)",1,39034,0,2023-04-13,0.0
"[80,200)",0,5728,0,2023-04-13,0.0
"[80,200)",1,10662,0,2023-04-13,0.0
"[0,40)",0,69733,0,2023-04-14,0.0
"[0,40)",1,65731,1,2023-04-14,1.5213521778156426e-05
"[40,60)",0,48762,0,2023-04-14,0.0
"[40,60)",1,46685,0,2023-04-14,0.0
"[60,80)",0,32893,0,2023-04-14,0.0
"[60,80)",1,39034,0,2023-04-14,0.0
"[80,200)",0,5728,0,2023-04-14,0.0
"[80,200)",1,10662,0,2023-04-14,0.0
"[0,40)",0,69733,0,2023-04-15,0.0
"[0,40)",1,65731,0,2023-04-15,0.0
"[40,60)",0,48762,0,2023-04-15,0.0
"[40,60)",1,46685,0,2023-04-15,0.0
"[60,80)",0,32893,0,2023-04-15,0.0
"[60,80)",1,39034,0,2023-04-15,0.0
"[80,200)",0,5728,0,2023-04-15,0.0
"[80,200)",1,10662,0,2023-04-15,0.0
"[0,40)",0,69733,0,2023-04-16,0.0
"[0,40)",1,65731,0,2023-04-16,0.0
"[40,60)",0,48762,0,2023-04-16,0.0
"[40,60)",1,46685,0,2023-04-16,0.0
"[60,80)",0,32893,0,2023-04-16,0.0
"[60,80)",1,39034,0,2023-04-16,0.0
"[80,200)",0,5728,0,2023-04-16,0.0
"[80,200)",1,10662,0,2023-04-16,0.0
"[0,40)",0,69733,0,2023-04-17,0.0
"[0,40)",1,65731,0,2023-04-17,0.0
"[40,60)",0,48762,0,2023-04-17,0.0
"[40,60)",1,46685,0,2023-04-17,0.0
"[60,80)",0,32893,0,2023-04-17,0.0
"[60,80)",1,39034,0,2023-04-17,0.0
"[80,200)",0,5728,0,2023-04-17,0.0
"[80,200)",1,10662,0,2023-04-17,0.0
"[0,40)",0,69733,0,2023-04-18,0.0
"[0,40)",1,65731,0,2023-04-18,0.0
"[40,60)",0,48762,0,2023-04-18,0.0
"[40,60)",1,46685,0,2023-04-18,0.0
"[60,80)",0,32893,0,2023-04-18,0.0
"[60,80)",1,39034,0,2023-04-18,0.0
"[80,200)",0,5728,0,2023-04-18,0.0
"[80,200)",1,10662,0,2023-04-18,0.0
"[0,40)",0,69733,0,2023-04-19,0.0
"[0,40)",1,65731,0,2023-04-19,0.0
"[40,60)",0,48762,0,2023-04-19,0.0
"[40,60)",1,46685,0,2023-04-19,0.0
"[60,80)",0,32893,0,2023-04-19,0.0
"[60,80)",1,39034,0,2023-04-19,0.0
"[80,200)",0,5728,0,2023-04-19,0.0
"[80,200)",1,10662,0,2023-04-19,0.0
"[0,40)",0,69733,0,2023-04-20,0.0
"[0,40)",1,65731,1,2023-04-20,1.5213521778156426e-05
"[40,60)",0,48762,0,2023-04-20,0.0
"[40,60)",1,46685,0,2023-04-20,0.0
"[60,80)",0,32893,0,2023-04-20,0.0
"[60,80)",1,39034,0,2023-04-20,0.0
"[80,200)",0,5728,0,2023-04-20,0.0
"[80,200)",1,10662,0,2023-04-20,0.0
"[0,40)",0,69733,0,2023-04-21,0.0
"[0,40)",1,65731,0,2023-04-21,0.0
"[40,60)",0,48762,0,2023-04-21,0.0
"[40,60)",1,46685,0,2023-04-21,0.0
"[60,80)",0,32893,0,2023-04-21,0.0
"[60,80)",1,39034,0,2023-04-21,0.0
"[80,200)",0,5728,0,2023-04-21,0.0
"[80,200)",1,10662,0,2023-04-21,0.0
"[0,40)",0,69733,0,2023-04-22,0.0
"[0,40)",1,65731,0,2023-04-22,0.0
"[40,60)",0,48762,0,2023-04-22,0.0
"[40,60)",1,46685,0,2023-04-22,0.0
"[60,80)",0,32893,0,2023-04-22,0.0
"[60,80)",1,39034,0,2023-04-22,0.0
"[80,200)",0,5728,0,2023-04-22,0.0
"[80,200)",1,10662,0,2023-04-22,0.0
"[0,40)",0,69733,0,2023-04-23,0.0
"[0,40)",1,65731,0,2023-04-23,0.0
"[40,60)",0,48762,0,2023-04-23,0.0
"[40,60)",1,46685,0,2023-04-23,0.0
"[60,80)",0,32893,0,2023-04-23,0.0
"[60,80)",1,39034,0,2023-04-23,0.0
"[80,200)",0,5728,0,2023-04-23,0.0
"[80,200)",1,10662,0,2023-04-23,0.0
"[0,40)",0,69733,1,2023-04-24,1.4340412717077997e-05
"[0,40)",1,65731,0,2023-04-24,0.0
"[40,60)",0,48762,0,2023-04-24,0.0
"[40,60)",1,46685,0,2023-04-24,0.0
"[60,80)",0,32893,0,2023-04-24,0.0
"[60,80)",1,39034,0,2023-04-24,0.0
"[80,200)",0,5728,0,2023-04-24,0.0
"[80,200)",1,10662,0,2023-04-24,0.0
"[0,40)",0,69733,0,2023-04-25,0.0
"[0,40)",1,65731,0,2023-04-25,0.0
"[40,60)",0,48762,0,2023-04-25,0.0
"[40,60)",1,46685,0,2023-04-25,0.0
"[60,80)",0,32893,0,2023-04-25,0.0
"[60,80)",1,39034,0,2023-04-25,0.0
"[80,200)",0,5728,0,2023-04-25,0.0
"[80,200)",1,10662,0,2023-04-25,0.0
"[0,40)",0,69733,0,2023-04-26,0.0
"[0,40)",1,65731,0,2023-04-26,0.0
"[40,60)",0,48762,0,2023-04-26,0.0
"[40,60)",1,46685,0,2023-04-26,0.0
"[60,80)",0,32893,0,2023-04-26,0.0
"[60,80)",1,39034,0,2023-04-26,0.0
"[80,200)",0,5728,0,2023-04-26,0.0
"[80,200)",1,10662,0,2023-04-26,0.0
"[0,40)",0,69733,0,2023-04-27,0.0
"[0,40)",1,65731,0,2023-04-27,0.0
"[40,60)",0,48762,0,2023-04-27,0.0
"[40,60)",1,46685,0,2023-04-27,0.0
"[60,80)",0,32893,0,2023-04-27,0.0
"[60,80)",1,39034,0,2023-04-27,0.0
"[80,200)",0,5728,0,2023-04-27,0.0
"[80,200)",1,10662,0,2023-04-27,0.0
"[0,40)",0,69733,3,2023-04-28,4.302123815123399e-05
"[0,40)",1,65731,1,2023-04-28,1.5213521778156426e-05
"[40,60)",0,48762,0,2023-04-28,0.0
"[40,60)",1,46685,0,2023-04-28,0.0
"[60,80)",0,32893,0,2023-04-28,0.0
"[60,80)",1,39034,0,2023-04-28,0.0
"[80,200)",0,5728,0,2023-04-28,0.0
"[80,200)",1,10662,0,2023-04-28,0.0
"[0,40)",0,69733,0,2023-04-29,0.0
"[0,40)",1,65731,0,2023-04-29,0.0
"[40,60)",0,48762,0,2023-04-29,0.0
"[40,60)",1,46685,0,2023-04-29,0.0
"[60,80)",0,32893,0,2023-04-29,0.0
"[60,80)",1,39034,0,2023-04-29,0.0
"[80,200)",0,5728,0,2023-04-29,0.0
"[80,200)",1,10662,0,2023-04-29,0.0
"[0,40)",0,69733,0,2023-04-30,0.0
"[0,40)",1,65731,0,2023-04-30,0.0
"[40,60)",0,48762,0,2023-04-30,0.0
"[40,60)",1,46685,0,2023-04-30,0.0
"[60,80)",0,32893,0,2023-04-30,0.0
"[60,80)",1,39034,0,2023-04-30,0.0
"[80,200)",0,5728,0,2023-04-30,0.0
"[80,200)",1,10662,0,2023-04-30,0.0
"[0,40)",0,69733,0,2023-05-01,0.0
"[0,40)",1,65731,0,2023-05-01,0.0
"[40,60)",0,48762,0,2023-05-01,0.0
"[40,60)",1,46685,0,2023-05-01,0.0
"[60,80)",0,32893,0,2023-05-01,0.0
"[60,80)",1,39034,0,2023-05-01,0.0
"[80,200)",0,5728,0,2023-05-01,0.0
"[80,200)",1,10662,0,2023-05-01,0.0
"[0,40)",0,69733,0,2023-05-02,0.0
"[0,40)",1,65731,1,2023-05-02,1.5213521778156426e-05
"[40,60)",0,48762,0,2023-05-02,0.0
"[40,60)",1,46685,0,2023-05-02,0.0
"[60,80)",0,32893,0,2023-05-02,0.0
"[60,80)",1,39034,0,2023-05-02,0.0
"[80,200)",0,5728,0,2023-05-02,0.0
"[80,200)",1,10662,0,2023-05-02,0.0
"[0,40)",0,69733,0,2023-05-03,0.0
"[0,40)",1,65731,0,2023-05-03,0.0
"[40,60)",0,48762,0,2023-05-03,0.0
"[40,60)",1,46685,0,2023-05-03,0.0
"[60,80)",0,32893,0,2023-05-03,0.0
"[60,80)",1,39034,0,2023-05-03,0.0
"[80,200)",0,5728,0,2023-05-03,0.0
"[80,200)",1,10662,0,2023-05-03,0.0
"[0,40)",0,69733,0,2023-05-04,0.0
"[0,40)",1,65731,0,2023-05-04,0.0
"[40,60)",0,48762,0,2023-05-04,0.0
"[40,60)",1,46685,0,2023-05-04,0.0
"[60,80)",0,32893,0,2023-05-04,0.0
"[60,80)",1,39034,0,2023-05-04,0.0
"[80,200)",0,5728,0,2023-05-04,0.0
"[80,200)",1,10662,0,2023-05-04,0.0
"[0,40)",0,69733,0,2023-05-05,0.0
"[0,40)",1,65731,0,2023-05-05,0.0
"[40,60)",0,48762,0,2023-05-05,0.0
"[40,60)",1,46685,0,2023-05-05,0.0
"[60,80)",0,32893,0,2023-05-05,0.0
"[60,80)",1,39034,0,2023-05-05,0.0
"[80,200)",0,5728,0,2023-05-05,0.0
"[80,200)",1,10662,0,2023-05-05,0.0
"[0,40)",0,69733,0,2023-05-06,0.0
"[0,40)",1,65731,0,2023-05-06,0.0
"[40,60)",0,48762,0,2023-05-06,0.0
"[40,60)",1,46685,0,2023-05-06,0.0
"[60,80)",0,32893,0,2023-05-06,0.0
"[60,80)",1,39034,0,2023-05-06,0.0
"[80,200)",0,5728,0,2023-05-06,0.0
"[80,200)",1,10662,0,2023-05-06,0.0
"[0,40)",0,69733,0,2023-05-07,0.0
"[0,40)",1,65731,0,2023-05-07,0.0
"[40,60)",0,48762,0,2023-05-07,0.0
"[40,60)",1,46685,0,2023-05-07,0.0
"[60,80)",0,32893,0,2023-05-07,0.0
"[60,80)",1,39034,0,2023-05-07,0.0
"[80,200)",0,5728,0,2023-05-07,0.0
"[80,200)",1,10662,0,2023-05-07,0.0
"[0,40)",0,69733,0,2023-05-08,0.0
"[0,40)",1,65731,0,2023-05-08,0.0
"[40,60)",0,48762,0,2023-05-08,0.0
"[40,60)",1,46685,0,2023-05-08,0.0
"[60,80)",0,32893,0,2023-05-08,0.0
"[60,80)",1,39034,0,2023-05-08,0.0
"[80,200)",0,5728,0,2023-05-08,0.0
"[80,200)",1,10662,0,2023-05-08,0.0
"[0,40)",0,69733,0,2023-05-09,0.0
"[0,40)",1,65731,0,2023-05-09,0.0
"[40,60)",0,48762,0,2023-05-09,0.0
"[40,60)",1,46685,0,2023-05-09,0.0
"[60,80)",0,32893,0,2023-05-09,0.0
"[60,80)",1,39034,0,2023-05-09,0.0
"[80,200)",0,5728,0,2023-05-09,0.0
"[80,200)",1,10662,0,2023-05-09,0.0
"[0,40)",0,69733,0,2023-05-10,0.0
"[0,40)",1,65731,0,2023-05-10,0.0
"[40,60)",0,48762,0,2023-05-10,0.0
"[40,60)",1,46685,0,2023-05-10,0.0
"[60,80)",0,32893,0,2023-05-10,0.0
"[60,80)",1,39034,0,2023-05-10,0.0
"[80,200)",0,5728,0,2023-05-10,0.0
"[80,200)",1,10662,0,2023-05-10,0.0
"[0,40)",0,69733,0,2023-05-11,0.0
"[0,40)",1,65731,0,2023-05-11,0.0
"[40,60)",0,48762,0,2023-05-11,0.0
"[40,60)",1,46685,0,2023-05-11,0.0
"[60,80)",0,32893,0,2023-05-11,0.0
"[60,80)",1,39034,0,2023-05-11,0.0
"[80,200)",0,5728,0,2023-05-11,0.0
"[80,200)",1,10662,0,2023-05-11,0.0
"[0,40)",0,69733,0,2023-05-12,0.0
"[0,40)",1,65731,0,2023-05-12,0.0
"[40,60)",0,48762,0,2023-05-12,0.0
"[40,60)",1,46685,0,2023-05-12,0.0
"[60,80)",0,32893,0,2023-05-12,0.0
"[60,80)",1,39034,0,2023-05-12,0.0
"[80,200)",0,5728,0,2023-05-12,0.0
"[80,200)",1,10662,0,2023-05-12,0.0
"[0,40)",0,69733,0,2023-05-13,0.0
"[0,40)",1,65731,0,2023-05-13,0.0
"[40,60)",0,48762,0,2023-05-13,0.0
"[40,60)",1,46685,0,2023-05-13,0.0
"[60,80)",0,32893,0,2023-05-13,0.0
"[60,80)",1,39034,0,2023-05-13,0.0
"[80,200)",0,5728,0,2023-05-13,0.0
"[80,200)",1,10662,0,2023-05-13,0.0
"[0,40)",0,69733,0,2023-05-14,0.0
"[0,40)",1,65731,0,2023-05-14,0.0
"[40,60)",0,48762,0,2023-05-14,0.0
"[40,60)",1,46685,0,2023-05-14,0.0
"[60,80)",0,32893,0,2023-05-14,0.0
"[60,80)",1,39034,0,2023-05-14,0.0
"[80,200)",0,5728,0,2023-05-14,0.0
"[80,200)",1,10662,0,2023-05-14,0.0
"[0,40)",0,69733,0,2023-05-15,0.0
"[0,40)",1,65731,0,2023-05-15,0.0
"[40,60)",0,48762,0,2023-05-15,0.0
"[40,60)",1,46685,0,2023-05-15,0.0
"[60,80)",0,32893,0,2023-05-15,0.0
"[60,80)",1,39034,0,2023-05-15,0.0
"[80,200)",0,5728,0,2023-05-15,0.0
"[80,200)",1,10662,0,2023-05-15,0.0
"[0,40)",0,69733,0,2023-05-16,0.0
"[0,40)",1,65731,1,2023-05-16,1.5213521778156426e-05
"[40,60)",0,48762,0,2023-05-16,0.0
"[40,60)",1,46685,0,2023-05-16,0.0
"[60,80)",0,32893,0,2023-05-16,0.0
"[60,80)",1,39034,0,2023-05-16,0.0
"[80,200)",0,5728,0,2023-05-16,0.0
"[80,200)",1,10662,0,2023-05-16,0.0
"[0,40)",0,69733,0,2023-05-17,0.0
"[0,40)",1,65731,0,2023-05-17,0.0
"[40,60)",0,48762,0,2023-05-17,0.0
"[40,60)",1,46685,0,2023-05-17,0.0
"[60,80)",0,32893,0,2023-05-17,0.0
"[60,80)",1,39034,0,2023-05-17,0.0
"[80,200)",0,5728,0,2023-05-17,0.0
"[80,200)",1,10662,0,2023-05-17,0.0
"[0,40)",0,69733,0,2023-05-18,0.0
"[0,40)",1,65731,0,2023-05-18,0.0
"[40,60)",0,48762,0,2023-05-18,0.0
"[40,60)",1,46685,0,2023-05-18,0.0
"[60,80)",0,32893,0,2023-05-18,0.0
"[60,80)",1,39034,0,2023-05-18,0.0
"[80,200)",0,5728,0,2023-05-18,0.0
"[80,200)",1,10662,0,2023-05-18,0.0
"[0,40)",0,69733,0,2023-05-19,0.0
"[0,40)",1,65731,0,2023-05-19,0.0
"[40,60)",0,48762,0,2023-05-19,0.0
"[40,60)",1,46685,0,2023-05-19,0.0
"[60,80)",0,32893,0,2023-05-19,0.0
"[60,80)",1,39034,0,2023-05-19,0.0
"[80,200)",0,5728,0,2023-05-19,0.0
"[80,200)",1,10662,0,2023-05-19,0.0
"[0,40)",0,69733,0,2023-05-20,0.0
"[0,40)",1,65731,0,2023-05-20,0.0
"[40,60)",0,48762,0,2023-05-20,0.0
"[40,60)",1,46685,0,2023-05-20,0.0
"[60,80)",0,32893,0,2023-05-20,0.0
"[60,80)",1,39034,0,2023-05-20,0.0
"[80,200)",0,5728,0,2023-05-20,0.0
"[80,200)",1,10662,0,2023-05-20,0.0
"[0,40)",0,69733,0,2023-05-21,0.0
"[0,40)",1,65731,0,2023-05-21,0.0
"[40,60)",0,48762,0,2023-05-21,0.0
"[40,60)",1,46685,0,2023-05-21,0.0
"[60,80)",0,32893,0,2023-05-21,0.0
"[60,80)",1,39034,0,2023-05-21,0.0
"[80,200)",0,5728,0,2023-05-21,0.0
"[80,200)",1,10662,0,2023-05-21,0.0
"[0,40)",0,69733,0,2023-05-22,0.0
"[0,40)",1,65731,0,2023-05-22,0.0
"[40,60)",0,48762,0,2023-05-22,0.0
"[40,60)",1,46685,0,2023-05-22,0.0
"[60,80)",0,32893,0,2023-05-22,0.0
"[60,80)",1,39034,0,2023-05-22,0.0
"[80,200)",0,5728,0,2023-05-22,0.0
"[80,200)",1,10662,0,2023-05-22,0.0
"[0,40)",0,69733,0,2023-05-23,0.0
"[0,40)",1,65731,0,2023-05-23,0.0
"[40,60)",0,48762,0,2023-05-23,0.0
"[40,60)",1,46685,0,2023-05-23,0.0
"[60,80)",0,32893,0,2023-05-23,0.0
"[60,80)",1,39034,0,2023-05-23,0.0
"[80,200)",0,5728,0,2023-05-23,0.0
"[80,200)",1,10662,0,2023-05-23,0.0
"[0,40)",0,69733,0,2023-05-24,0.0
"[0,40)",1,65731,0,2023-05-24,0.0
"[40,60)",0,48762,0,2023-05-24,0.0
"[40,60)",1,46685,0,2023-05-24,0.0
"[60,80)",0,32893,0,2023-05-24,0.0
"[60,80)",1,39034,0,2023-05-24,0.0
"[80,200)",0,5728,0,2023-05-24,0.0
"[80,200)",1,10662,0,2023-05-24,0.0
"[0,40)",0,69733,0,2023-05-25,0.0
"[0,40)",1,65731,1,2023-05-25,1.5213521778156426e-05
"[40,60)",0,48762,0,2023-05-25,0.0
"[40,60)",1,46685,0,2023-05-25,0.0
"[60,80)",0,32893,0,2023-05-25,0.0
"[60,80)",1,39034,0,2023-05-25,0.0
"[80,200)",0,5728,0,2023-05-25,0.0
"[80,200)",1,10662,0,2023-05-25,0.0
"[0,40)",0,69733,0,2023-05-26,0.0
"[0,40)",1,65731,0,2023-05-26,0.0
"[40,60)",0,48762,0,2023-05-26,0.0
"[40,60)",1,46685,0,2023-05-26,0.0
"[60,80)",0,32893,0,2023-05-26,0.0
"[60,80)",1,39034,0,2023-05-26,0.0
"[80,200)",0,5728,0,2023-05-26,0.0
"[80,200)",1,10662,0,2023-05-26,0.0
"[0,40)",0,69733,0,2023-05-27,0.0
"[0,40)",1,65731,0,2023-05-27,0.0
"[40,60)",0,48762,0,2023-05-27,0.0
"[40,60)",1,46685,0,2023-05-27,0.0
"[60,80)",0,32893,0,2023-05-27,0.0
"[60,80)",1,39034,0,2023-05-27,0.0
"[80,200)",0,5728,0,2023-05-27,0.0
"[80,200)",1,10662,0,2023-05-27,0.0
"[0,40)",0,69733,0,2023-05-28,0.0
"[0,40)",1,65731,0,2023-05-28,0.0
"[40,60)",0,48762,0,2023-05-28,0.0
"[40,60)",1,46685,0,2023-05-28,0.0
"[60,80)",0,32893,0,2023-05-28,0.0
"[60,80)",1,39034,0,2023-05-28,0.0
"[80,200)",0,5728,0,2023-05-28,0.0
"[80,200)",1,10662,0,2023-05-28,0.0
"[0,40)",0,69733,0,2023-05-29,0.0
"[0,40)",1,65731,0,2023-05-29,0.0
"[40,60)",0,48762,0,2023-05-29,0.0
"[40,60)",1,46685,0,2023-05-29,0.0
"[60,80)",0,32893,0,2023-05-29,0.0
"[60,80)",1,39034,0,2023-05-29,0.0
"[80,200)",0,5728,0,2023-05-29,0.0
"[80,200)",1,10662,0,2023-05-29,0.0
"[0,40)",0,69733,0,2023-05-30,0.0
"[0,40)",1,65731,0,2023-05-30,0.0
"[40,60)",0,48762,0,2023-05-30,0.0
"[40,60)",1,46685,0,2023-05-30,0.0
"[60,80)",0,32893,0,2023-05-30,0.0
"[60,80)",1,39034,0,2023-05-30,0.0
"[80,200)",0,5728,0,2023-05-30,0.0
"[80,200)",1,10662,0,2023-05-30,0.0
"[0,40)",0,69733,0,2023-05-31,0.0
"[0,40)",1,65731,0,2023-05-31,0.0
"[40,60)",0,48762,0,2023-05-31,0.0
"[40,60)",1,46685,0,2023-05-31,0.0
"[60,80)",0,32893,0,2023-05-31,0.0
"[60,80)",1,39034,0,2023-05-31,0.0
"[80,200)",0,5728,0,2023-05-31,0.0
"[80,200)",1,10662,0,2023-05-31,0.0
"[0,40)",0,69733,0,2023-06-01,0.0
"[0,40)",1,65731,0,2023-06-01,0.0
"[40,60)",0,48762,0,2023-06-01,0.0
"[40,60)",1,46685,0,2023-06-01,0.0
"[60,80)",0,32893,0,2023-06-01,0.0
"[60,80)",1,39034,0,2023-06-01,0.0
"[80,200)",0,5728,0,2023-06-01,0.0
"[80,200)",1,10662,0,2023-06-01,0.0
"[0,40)",0,69733,0,2023-06-02,0.0
"[0,40)",1,65731,0,2023-06-02,0.0
"[40,60)",0,48762,0,2023-06-02,0.0
"[40,60)",1,46685,0,2023-06-02,0.0
"[60,80)",0,32893,0,2023-06-02,0.0
"[60,80)",1,39034,0,2023-06-02,0.0
"[80,200)",0,5728,0,2023-06-02,0.0
"[80,200)",1,10662,0,2023-06-02,0.0
"[0,40)",0,69733,0,2023-06-03,0.0
"[0,40)",1,65731,0,2023-06-03,0.0
"[40,60)",0,48762,0,2023-06-03,0.0
"[40,60)",1,46685,0,2023-06-03,0.0
"[60,80)",0,32893,0,2023-06-03,0.0
"[60,80)",1,39034,0,2023-06-03,0.0
"[80,200)",0,5728,0,2023-06-03,0.0
"[80,200)",1,10662,0,2023-06-03,0.0
"[0,40)",0,69733,0,2023-06-04,0.0
"[0,40)",1,65731,0,2023-06-04,0.0
"[40,60)",0,48762,0,2023-06-04,0.0
"[40,60)",1,46685,0,2023-06-04,0.0
"[60,80)",0,32893,0,2023-06-04,0.0
"[60,80)",1,39034,0,2023-06-04,0.0
"[80,200)",0,5728,0,2023-06-04,0.0
"[80,200)",1,10662,0,2023-06-04,0.0
"[0,40)",0,69733,0,2023-06-05,0.0
"[0,40)",1,65731,0,2023-06-05,0.0
"[40,60)",0,48762,0,2023-06-05,0.0
"[40,60)",1,46685,0,2023-06-05,0.0
"[60,80)",0,32893,0,2023-06-05,0.0
"[60,80)",1,39034,0,2023-06-05,0.0
"[80,200)",0,5728,0,2023-06-05,0.0
"[80,200)",1,10662,0,2023-06-05,0.0
"[0,40)",0,69733,0,2023-06-06,0.0
"[0,40)",1,65731,0,2023-06-06,0.0
"[40,60)",0,48762,0,2023-06-06,0.0
"[40,60)",1,46685,0,2023-06-06,0.0
"[60,80)",0,32893,0,2023-06-06,0.0
"[60,80)",1,39034,0,2023-06-06,0.0
"[80,200)",0,5728,0,2023-06-06,0.0
"[80,200)",1,10662,0,2023-06-06,0.0
"[0,40)",0,69733,0,2023-06-07,0.0
"[0,40)",1,65731,0,2023-06-07,0.0
"[40,60)",0,48762,0,2023-06-07,0.0
"[40,60)",1,46685,0,2023-06-07,0.0
"[60,80)",0,32893,0,2023-06-07,0.0
"[60,80)",1,39034,0,2023-06-07,0.0
"[80,200)",0,5728,0,2023-06-07,0.0
"[80,200)",1,10662,0,2023-06-07,0.0
"[0,40)",0,69733,0,2023-06-08,0.0
"[0,40)",1,65731,0,2023-06-08,0.0
"[40,60)",0,48762,0,2023-06-08,0.0
"[40,60)",1,46685,0,2023-06-08,0.0
"[60,80)",0,32893,0,2023-06-08,0.0
"[60,80)",1,39034,0,2023-06-08,0.0
"[80,200)",0,5728,0,2023-06-08,0.0
"[80,200)",1,10662,0,2023-06-08,0.0
"[0,40)",0,69733,0,2023-06-09,0.0
"[0,40)",1,65731,0,2023-06-09,0.0
"[40,60)",0,48762,0,2023-06-09,0.0
"[40,60)",1,46685,0,2023-06-09,0.0
"[60,80)",0,32893,0,2023-06-09,0.0
"[60,80)",1,39034,0,2023-06-09,0.0
"[80,200)",0,5728,0,2023-06-09,0.0
"[80,200)",1,10662,0,2023-06-09,0.0
"[0,40)",0,69733,0,2023-06-10,0.0
"[0,40)",1,65731,0,2023-06-10,0.0
"[40,60)",0,48762,0,2023-06-10,0.0
"[40,60)",1,46685,0,2023-06-10,0.0
"[60,80)",0,32893,0,2023-06-10,0.0
"[60,80)",1,39034,0,2023-06-10,0.0
"[80,200)",0,5728,0,2023-06-10,0.0
"[80,200)",1,10662,0,2023-06-10,0.0
"[0,40)",0,69733,0,2023-06-11,0.0
"[0,40)",1,65731,0,2023-06-11,0.0
"[40,60)",0,48762,0,2023-06-11,0.0
"[40,60)",1,46685,0,2023-06-11,0.0
"[60,80)",0,32893,0,2023-06-11,0.0
"[60,80)",1,39034,0,2023-06-11,0.0
"[80,200)",0,5728,0,2023-06-11,0.0
"[80,200)",1,10662,0,2023-06-11,0.0
"[0,40)",0,69733,0,2023-06-12,0.0
"[0,40)",1,65731,0,2023-06-12,0.0
"[40,60)",0,48762,0,2023-06-12,0.0
"[40,60)",1,46685,0,2023-06-12,0.0
"[60,80)",0,32893,0,2023-06-12,0.0
"[60,80)",1,39034,0,2023-06-12,0.0
"[80,200)",0,5728,0,2023-06-12,0.0
"[80,200)",1,10662,0,2023-06-12,0.0
"[0,40)",0,69733,0,2023-06-13,0.0
"[0,40)",1,65731,0,2023-06-13,0.0
"[40,60)",0,48762,0,2023-06-13,0.0
"[40,60)",1,46685,0,2023-06-13,0.0
"[60,80)",0,32893,0,2023-06-13,0.0
"[60,80)",1,39034,0,2023-06-13,0.0
"[80,200)",0,5728,0,2023-06-13,0.0
"[80,200)",1,10662,0,2023-06-13,0.0
"[0,40)",0,69733,0,2023-06-14,0.0
"[0,40)",1,65731,0,2023-06-14,0.0
"[40,60)",0,48762,0,2023-06-14,0.0
"[40,60)",1,46685,0,2023-06-14,0.0
"[60,80)",0,32893,0,2023-06-14,0.0
"[60,80)",1,39034,0,2023-06-14,0.0
"[80,200)",0,5728,0,2023-06-14,0.0
"[80,200)",1,10662,0,2023-06-14,0.0
"[0,40)",0,69733,0,2023-06-15,0.0
"[0,40)",1,65731,0,2023-06-15,0.0
"[40,60)",0,48762,0,2023-06-15,0.0
"[40,60)",1,46685,0,2023-06-15,0.0
"[60,80)",0,32893,0,2023-06-15,0.0
"[60,80)",1,39034,0,2023-06-15,0.0
"[80,200)",0,5728,0,2023-06-15,0.0
"[80,200)",1,10662,0,2023-06-15,0.0
"[0,40)",0,69733,0,2023-06-16,0.0
"[0,40)",1,65731,0,2023-06-16,0.0
"[40,60)",0,48762,0,2023-06-16,0.0
"[40,60)",1,46685,0,2023-06-16,0.0
"[60,80)",0,32893,0,2023-06-16,0.0
"[60,80)",1,39034,0,2023-06-16,0.0
"[80,200)",0,5728,0,2023-06-16,0.0
"[80,200)",1,10662,0,2023-06-16,0.0
"[0,40)",0,69733,0,2023-06-17,0.0
"[0,40)",1,65731,0,2023-06-17,0.0
"[40,60)",0,48762,0,2023-06-17,0.0
"[40,60)",1,46685,0,2023-06-17,0.0
"[60,80)",0,32893,0,2023-06-17,0.0
"[60,80)",1,39034,0,2023-06-17,0.0
"[80,200)",0,5728,0,2023-06-17,0.0
"[80,200)",1,10662,0,2023-06-17,0.0
"[0,40)",0,69733,0,2023-06-18,0.0
"[0,40)",1,65731,0,2023-06-18,0.0
"[40,60)",0,48762,0,2023-06-18,0.0
"[40,60)",1,46685,0,2023-06-18,0.0
"[60,80)",0,32893,0,2023-06-18,0.0
"[60,80)",1,39034,0,2023-06-18,0.0
"[80,200)",0,5728,0,2023-06-18,0.0
"[80,200)",1,10662,0,2023-06-18,0.0
"[0,40)",0,69733,0,2023-06-19,0.0
"[0,40)",1,65731,0,2023-06-19,0.0
"[40,60)",0,48762,0,2023-06-19,0.0
"[40,60)",1,46685,0,2023-06-19,0.0
"[60,80)",0,32893,0,2023-06-19,0.0
"[60,80)",1,39034,0,2023-06-19,0.0
"[80,200)",0,5728,0,2023-06-19,0.0
"[80,200)",1,10662,0,2023-06-19,0.0
"[0,40)",0,69733,0,2023-06-20,0.0
"[0,40)",1,65731,0,2023-06-20,0.0
"[40,60)",0,48762,0,2023-06-20,0.0
"[40,60)",1,46685,0,2023-06-20,0.0
"[60,80)",0,32893,0,2023-06-20,0.0
"[60,80)",1,39034,0,2023-06-20,0.0
"[80,200)",0,5728,0,2023-06-20,0.0
"[80,200)",1,10662,0,2023-06-20,0.0
"[0,40)",0,69733,0,2023-06-21,0.0
"[0,40)",1,65731,0,2023-06-21,0.0
"[40,60)",0,48762,0,2023-06-21,0.0
"[40,60)",1,46685,0,2023-06-21,0.0
"[60,80)",0,32893,0,2023-06-21,0.0
"[60,80)",1,39034,0,2023-06-21,0.0
"[80,200)",0,5728,0,2023-06-21,0.0
"[80,200)",1,10662,0,2023-06-21,0.0
"[0,40)",0,69733,0,2023-06-22,0.0
"[0,40)",1,65731,0,2023-06-22,0.0
"[40,60)",0,48762,0,2023-06-22,0.0
"[40,60)",1,46685,0,2023-06-22,0.0
"[60,80)",0,32893,0,2023-06-22,0.0
"[60,80)",1,39034,0,2023-06-22,0.0
"[80,200)",0,5728,0,2023-06-22,0.0
"[80,200)",1,10662,0,2023-06-22,0.0
"[0,40)",0,69733,0,2023-06-23,0.0
"[0,40)",1,65731,0,2023-06-23,0.0
"[40,60)",0,48762,0,2023-06-23,0.0
"[40,60)",1,46685,0,2023-06-23,0.0
"[60,80)",0,32893,0,2023-06-23,0.0
"[60,80)",1,39034,0,2023-06-23,0.0
"[80,200)",0,5728,0,2023-06-23,0.0
"[80,200)",1,10662,0,2023-06-23,0.0
"[0,40)",0,69733,0,2023-06-24,0.0
"[0,40)",1,65731,0,2023-06-24,0.0
"[40,60)",0,48762,0,2023-06-24,0.0
"[40,60)",1,46685,0,2023-06-24,0.0
"[60,80)",0,32893,0,2023-06-24,0.0
"[60,80)",1,39034,0,2023-06-24,0.0
"[80,200)",0,5728,0,2023-06-24,0.0
"[80,200)",1,10662,0,2023-06-24,0.0
"[0,40)",0,69733,0,2023-06-25,0.0
"[0,40)",1,65731,0,2023-06-25,0.0
"[40,60)",0,48762,0,2023-06-25,0.0
"[40,60)",1,46685,0,2023-06-25,0.0
"[60,80)",0,32893,0,2023-06-25,0.0
"[60,80)",1,39034,0,2023-06-25,0.0
"[80,200)",0,5728,0,2023-06-25,0.0
"[80,200)",1,10662,0,2023-06-25,0.0
"[0,40)",0,69733,0,2023-06-26,0.0
"[0,40)",1,65731,0,2023-06-26,0.0
"[40,60)",0,48762,0,2023-06-26,0.0
"[40,60)",1,46685,0,2023-06-26,0.0
"[60,80)",0,32893,0,2023-06-26,0.0
"[60,80)",1,39034,0,2023-06-26,0.0
"[80,200)",0,5728,0,2023-06-26,0.0
"[80,200)",1,10662,0,2023-06-26,0.0
"[0,40)",0,69733,0,2023-06-27,0.0
"[0,40)",1,65731,0,2023-06-27,0.0
"[40,60)",0,48762,0,2023-06-27,0.0
"[40,60)",1,46685,0,2023-06-27,0.0
"[60,80)",0,32893,0,2023-06-27,0.0
"[60,80)",1,39034,0,2023-06-27,0.0
"[80,200)",0,5728,0,2023-06-27,0.0
"[80,200)",1,10662,0,2023-06-27,0.0
"[0,40)",0,69733,0,2023-06-28,0.0
"[0,40)",1,65731,0,2023-06-28,0.0
"[40,60)",0,48762,0,2023-06-28,0.0
"[40,60)",1,46685,0,2023-06-28,0.0
"[60,80)",0,32893,0,2023-06-28,0.0
"[60,80)",1,39034,0,2023-06-28,0.0
"[80,200)",0,5728,0,2023-06-28,0.0
"[80,200)",1,10662,0,2023-06-28,0.0
"[0,40)",0,69733,0,2023-06-29,0.0
"[0,40)",1,65731,0,2023-06-29,0.0
"[40,60)",0,48762,0,2023-06-29,0.0
"[40,60)",1,46685,0,2023-06-29,0.0
"[60,80)",0,32893,0,2023-06-29,0.0
"[60,80)",1,39034,0,2023-06-29,0.0
"[80,200)",0,5728,0,2023-06-29,0.0
"[80,200)",1,10662,0,2023-06-29,0.0
"[0,40)",0,69733,0,2023-06-30,0.0
"[0,40)",1,65731,0,2023-06-30,0.0
"[40,60)",0,48762,0,2023-06-30,0.0
"[40,60)",1,46685,0,2023-06-30,0.0
"[60,80)",0,32893,0,2023-06-30,0.0
"[60,80)",1,39034,0,2023-06-30,0.0
"[80,200)",0,5728,0,2023-06-30,0.0
"[80,200)",1,10662,0,2023-06-30,0.0
"[0,40)",0,69733,0,2023-07-01,0.0
"[0,40)",1,65731,0,2023-07-01,0.0
"[40,60)",0,48762,0,2023-07-01,0.0
"[40,60)",1,46685,0,2023-07-01,0.0
"[60,80)",0,32893,0,2023-07-01,0.0
"[60,80)",1,39034,0,2023-07-01,0.0
"[80,200)",0,5728,0,2023-07-01,0.0
"[80,200)",1,10662,0,2023-07-01,0.0
"[0,40)",0,69733,0,2023-07-02,0.0
"[0,40)",1,65731,0,2023-07-02,0.0
"[40,60)",0,48762,0,2023-07-02,0.0
"[40,60)",1,46685,0,2023-07-02,0.0
"[60,80)",0,32893,0,2023-07-02,0.0
"[60,80)",1,39034,0,2023-07-02,0.0
"[80,200)",0,5728,0,2023-07-02,0.0
"[80,200)",1,10662,0,2023-07-02,0.0
"[0,40)",0,69733,0,2023-07-03,0.0
"[0,40)",1,65731,0,2023-07-03,0.0
"[40,60)",0,48762,0,2023-07-03,0.0
"[40,60)",1,46685,0,2023-07-03,0.0
"[60,80)",0,32893,0,2023-07-03,0.0
"[60,80)",1,39034,0,2023-07-03,0.0
"[80,200)",0,5728,0,2023-07-03,0.0
"[80,200)",1,10662,0,2023-07-03,0.0
"[0,40)",0,69733,0,2023-07-04,0.0
"[0,40)",1,65731,1,2023-07-04,1.5213521778156426e-05
"[40,60)",0,48762,0,2023-07-04,0.0
"[40,60)",1,46685,0,2023-07-04,0.0
"[60,80)",0,32893,0,2023-07-04,0.0
"[60,80)",1,39034,0,2023-07-04,0.0
"[80,200)",0,5728,0,2023-07-04,0.0
"[80,200)",1,10662,0,2023-07-04,0.0
"[0,40)",0,69733,0,2023-07-05,0.0
"[0,40)",1,65731,0,2023-07-05,0.0
"[40,60)",0,48762,0,2023-07-05,0.0
"[40,60)",1,46685,0,2023-07-05,0.0
"[60,80)",0,32893,0,2023-07-05,0.0
"[60,80)",1,39034,0,2023-07-05,0.0
"[80,200)",0,5728,0,2023-07-05,0.0
"[80,200)",1,10662,0,2023-07-05,0.0
"[0,40)",0,69733,0,2023-07-06,0.0
"[0,40)",1,65731,0,2023-07-06,0.0
"[40,60)",0,48762,0,2023-07-06,0.0
"[40,60)",1,46685,0,2023-07-06,0.0
"[60,80)",0,32893,0,2023-07-06,0.0
"[60,80)",1,39034,0,2023-07-06,0.0
"[80,200)",0,5728,0,2023-07-06,0.0
"[80,200)",1,10662,0,2023-07-06,0.0
"[0,40)",0,69733,0,2023-07-07,0.0
"[0,40)",1,65731,0,2023-07-07,0.0
"[40,60)",0,48762,0,2023-07-07,0.0
"[40,60)",1,46685,0,2023-07-07,0.0
"[60,80)",0,32893,0,2023-07-07,0.0
"[60,80)",1,39034,0,2023-07-07,0.0
"[80,200)",0,5728,0,2023-07-07,0.0
"[80,200)",1,10662,0,2023-07-07,0.0
"[0,40)",0,69733,0,2023-07-08,0.0
"[0,40)",1,65731,0,2023-07-08,0.0
"[40,60)",0,48762,0,2023-07-08,0.0
"[40,60)",1,46685,0,2023-07-08,0.0
"[60,80)",0,32893,0,2023-07-08,0.0
"[60,80)",1,39034,0,2023-07-08,0.0
"[80,200)",0,5728,0,2023-07-08,0.0
"[80,200)",1,10662,0,2023-07-08,0.0
"[0,40)",0,69733,0,2023-07-09,0.0
"[0,40)",1,65731,0,2023-07-09,0.0
"[40,60)",0,48762,0,2023-07-09,0.0
"[40,60)",1,46685,0,2023-07-09,0.0
"[60,80)",0,32893,0,2023-07-09,0.0
"[60,80)",1,39034,0,2023-07-09,0.0
"[80,200)",0,5728,0,2023-07-09,0.0
"[80,200)",1,10662,0,2023-07-09,0.0
"[0,40)",0,69733,0,2023-07-10,0.0
"[0,40)",1,65731,0,2023-07-10,0.0
"[40,60)",0,48762,0,2023-07-10,0.0
"[40,60)",1,46685,0,2023-07-10,0.0
"[60,80)",0,32893,0,2023-07-10,0.0
"[60,80)",1,39034,0,2023-07-10,0.0
"[80,200)",0,5728,0,2023-07-10,0.0
"[80,200)",1,10662,0,2023-07-10,0.0
"[0,40)",0,69733,0,2023-07-11,0.0
"[0,40)",1,65731,0,2023-07-11,0.0
"[40,60)",0,48762,0,2023-07-11,0.0
"[40,60)",1,46685,0,2023-07-11,0.0
"[60,80)",0,32893,0,2023-07-11,0.0
"[60,80)",1,39034,0,2023-07-11,0.0
"[80,200)",0,5728,0,2023-07-11,0.0
"[80,200)",1,10662,0,2023-07-11,0.0
"[0,40)",0,69733,0,2023-07-12,0.0
"[0,40)",1,65731,0,2023-07-12,0.0
"[40,60)",0,48762,0,2023-07-12,0.0
"[40,60)",1,46685,0,2023-07-12,0.0
"[60,80)",0,32893,0,2023-07-12,0.0
"[60,80)",1,39034,0,2023-07-12,0.0
"[80,200)",0,5728,0,2023-07-12,0.0
"[80,200)",1,10662,0,2023-07-12,0.0
"[0,40)",0,69733,0,2023-07-13,0.0
"[0,40)",1,65731,0,2023-07-13,0.0
"[40,60)",0,48762,0,2023-07-13,0.0
"[40,60)",1,46685,0,2023-07-13,0.0
"[60,80)",0,32893,0,2023-07-13,0.0
"[60,80)",1,39034,0,2023-07-13,0.0
"[80,200)",0,5728,0,2023-07-13,0.0
"[80,200)",1,10662,0,2023-07-13,0.0
"[0,40)",0,69733,0,2023-07-14,0.0
"[0,40)",1,65731,0,2023-07-14,0.0
"[40,60)",0,48762,0,2023-07-14,0.0
"[40,60)",1,46685,0,2023-07-14,0.0
"[60,80)",0,32893,0,2023-07-14,0.0
"[60,80)",1,39034,0,2023-07-14,0.0
"[80,200)",0,5728,0,2023-07-14,0.0
"[80,200)",1,10662,0,2023-07-14,0.0
"[0,40)",0,69733,0,2023-07-15,0.0
"[0,40)",1,65731,0,2023-07-15,0.0
"[40,60)",0,48762,0,2023-07-15,0.0
"[40,60)",1,46685,0,2023-07-15,0.0
"[60,80)",0,32893,0,2023-07-15,0.0
"[60,80)",1,39034,0,2023-07-15,0.0
"[80,200)",0,5728,0,2023-07-15,0.0
"[80,200)",1,10662,0,2023-07-15,0.0
"[0,40)",0,69733,0,2023-07-16,0.0
"[0,40)",1,65731,0,2023-07-16,0.0
"[40,60)",0,48762,0,2023-07-16,0.0
"[40,60)",1,46685,0,2023-07-16,0.0
"[60,80)",0,32893,0,2023-07-16,0.0
"[60,80)",1,39034,0,2023-07-16,0.0
"[80,200)",0,5728,0,2023-07-16,0.0
"[80,200)",1,10662,0,2023-07-16,0.0
"[0,40)",0,69733,1,2023-07-17,1.4340412717077997e-05
"[0,40)",1,65731,0,2023-07-17,0.0
"[40,60)",0,48762,0,2023-07-17,0.0
"[40,60)",1,46685,0,2023-07-17,0.0
"[60,80)",0,32893,0,2023-07-17,0.0
"[60,80)",1,39034,0,2023-07-17,0.0
"[80,200)",0,5728,0,2023-07-17,0.0
"[80,200)",1,10662,0,2023-07-17,0.0
"[0,40)",0,69733,0,2023-07-18,0.0
"[0,40)",1,65731,0,2023-07-18,0.0
"[40,60)",0,48762,0,2023-07-18,0.0
"[40,60)",1,46685,0,2023-07-18,0.0
"[60,80)",0,32893,0,2023-07-18,0.0
"[60,80)",1,39034,0,2023-07-18,0.0
"[80,200)",0,5728,0,2023-07-18,0.0
"[80,200)",1,10662,0,2023-07-18,0.0
"[0,40)",0,69733,0,2023-07-19,0.0
"[0,40)",1,65731,0,2023-07-19,0.0
"[40,60)",0,48762,0,2023-07-19,0.0
"[40,60)",1,46685,0,2023-07-19,0.0
"[60,80)",0,32893,0,2023-07-19,0.0
"[60,80)",1,39034,0,2023-07-19,0.0
"[80,200)",0,5728,0,2023-07-19,0.0
"[80,200)",1,10662,0,2023-07-19,0.0
"[0,40)",0,69733,0,2023-07-20,0.0
"[0,40)",1,65731,0,2023-07-20,0.0
"[40,60)",0,48762,0,2023-07-20,0.0
"[40,60)",1,46685,0,2023-07-20,0.0
"[60,80)",0,32893,0,2023-07-20,0.0
"[60,80)",1,39034,0,2023-07-20,0.0
"[80,200)",0,5728,0,2023-07-20,0.0
"[80,200)",1,10662,0,2023-07-20,0.0
"[0,40)",0,69733,0,2023-07-21,0.0
"[0,40)",1,65731,0,2023-07-21,0.0
"[40,60)",0,48762,0,2023-07-21,0.0
"[40,60)",1,46685,0,2023-07-21,0.0
"[60,80)",0,32893,0,2023-07-21,0.0
"[60,80)",1,39034,0,2023-07-21,0.0
"[80,200)",0,5728,0,2023-07-21,0.0
"[80,200)",1,10662,0,2023-07-21,0.0
"[0,40)",0,69733,0,2023-07-22,0.0
"[0,40)",1,65731,0,2023-07-22,0.0
"[40,60)",0,48762,0,2023-07-22,0.0
"[40,60)",1,46685,0,2023-07-22,0.0
"[60,80)",0,32893,0,2023-07-22,0.0
"[60,80)",1,39034,0,2023-07-22,0.0
"[80,200)",0,5728,0,2023-07-22,0.0
"[80,200)",1,10662,0,2023-07-22,0.0
"[0,40)",0,69733,0,2023-07-23,0.0
"[0,40)",1,65731,0,2023-07-23,0.0
"[40,60)",0,48762,0,2023-07-23,0.0
"[40,60)",1,46685,0,2023-07-23,0.0
"[60,80)",0,32893,0,2023-07-23,0.0
"[60,80)",1,39034,0,2023-07-23,0.0
"[80,200)",0,5728,0,2023-07-23,0.0
"[80,200)",1,10662,0,2023-07-23,0.0
"[0,40)",0,69733,0,2023-07-24,0.0
"[0,40)",1,65731,0,2023-07-24,0.0
"[40,60)",0,48762,0,2023-07-24,0.0
"[40,60)",1,46685,0,2023-07-24,0.0
"[60,80)",0,32893,0,2023-07-24,0.0
"[60,80)",1,39034,0,2023-07-24,0.0
"[80,200)",0,5728,0,2023-07-24,0.0
"[80,200)",1,10662,0,2023-07-24,0.0
"[0,40)",0,69733,0,2023-07-25,0.0
"[0,40)",1,65731,0,2023-07-25,0.0
"[40,60)",0,48762,0,2023-07-25,0.0
"[40,60)",1,46685,0,2023-07-25,0.0
"[60,80)",0,32893,0,2023-07-25,0.0
"[60,80)",1,39034,0,2023-07-25,0.0
"[80,200)",0,5728,0,2023-07-25,0.0
"[80,200)",1,10662,0,2023-07-25,0.0
"[0,40)",0,69733,0,2023-07-26,0.0
"[0,40)",1,65731,0,2023-07-26,0.0
"[40,60)",0,48762,0,2023-07-26,0.0
"[40,60)",1,46685,0,2023-07-26,0.0
"[60,80)",0,32893,0,2023-07-26,0.0
"[60,80)",1,39034,0,2023-07-26,0.0
"[80,200)",0,5728,0,2023-07-26,0.0
"[80,200)",1,10662,0,2023-07-26,0.0
"[0,40)",0,69733,0,2023-07-27,0.0
"[0,40)",1,65731,0,2023-07-27,0.0
"[40,60)",0,48762,0,2023-07-27,0.0
"[40,60)",1,46685,0,2023-07-27,0.0
"[60,80)",0,32893,0,2023-07-27,0.0
"[60,80)",1,39034,0,2023-07-27,0.0
"[80,200)",0,5728,0,2023-07-27,0.0
"[80,200)",1,10662,0,2023-07-27,0.0
"[0,40)",0,69733,0,2023-07-28,0.0
"[0,40)",1,65731,0,2023-07-28,0.0
"[40,60)",0,48762,0,2023-07-28,0.0
"[40,60)",1,46685,0,2023-07-28,0.0
"[60,80)",0,32893,0,2023-07-28,0.0
"[60,80)",1,39034,0,2023-07-28,0.0
"[80,200)",0,5728,0,2023-07-28,0.0
"[80,200)",1,10662,0,2023-07-28,0.0
"[0,40)",0,69733,0,2023-07-29,0.0
"[0,40)",1,65731,0,2023-07-29,0.0
"[40,60)",0,48762,0,2023-07-29,0.0
"[40,60)",1,46685,0,2023-07-29,0.0
"[60,80)",0,32893,0,2023-07-29,0.0
"[60,80)",1,39034,0,2023-07-29,0.0
"[80,200)",0,5728,0,2023-07-29,0.0
"[80,200)",1,10662,0,2023-07-29,0.0
"[0,40)",0,69733,0,2023-07-30,0.0
"[0,40)",1,65731,0,2023-07-30,0.0
"[40,60)",0,48762,0,2023-07-30,0.0
"[40,60)",1,46685,0,2023-07-30,0.0
"[60,80)",0,32893,0,2023-07-30,0.0
"[60,80)",1,39034,0,2023-07-30,0.0
"[80,200)",0,5728,0,2023-07-30,0.0
"[80,200)",1,10662,0,2023-07-30,0.0
"[0,40)",0,69733,0,2023-07-31,0.0
"[0,40)",1,65731,0,2023-07-31,0.0
"[40,60)",0,48762,0,2023-07-31,0.0
"[40,60)",1,46685,0,2023-07-31,0.0
"[60,80)",0,32893,0,2023-07-31,0.0
"[60,80)",1,39034,0,2023-07-31,0.0
"[80,200)",0,5728,0,2023-07-31,0.0
"[80,200)",1,10662,0,2023-07-31,0.0
"[0,40)",0,69733,0,2023-08-01,0.0
"[0,40)",1,65731,0,2023-08-01,0.0
"[40,60)",0,48762,0,2023-08-01,0.0
"[40,60)",1,46685,0,2023-08-01,0.0
"[60,80)",0,32893,0,2023-08-01,0.0
"[60,80)",1,39034,0,2023-08-01,0.0
"[80,200)",0,5728,0,2023-08-01,0.0
"[80,200)",1,10662,0,2023-08-01,0.0
"[0,40)",0,69733,0,2023-08-02,0.0
"[0,40)",1,65731,0,2023-08-02,0.0
"[40,60)",0,48762,0,2023-08-02,0.0
"[40,60)",1,46685,0,2023-08-02,0.0
"[60,80)",0,32893,0,2023-08-02,0.0
"[60,80)",1,39034,0,2023-08-02,0.0
"[80,200)",0,5728,0,2023-08-02,0.0
"[80,200)",1,10662,0,2023-08-02,0.0
"[0,40)",0,69733,0,2023-08-03,0.0
"[0,40)",1,65731,0,2023-08-03,0.0
"[40,60)",0,48762,0,2023-08-03,0.0
"[40,60)",1,46685,0,2023-08-03,0.0
"[60,80)",0,32893,0,2023-08-03,0.0
"[60,80)",1,39034,0,2023-08-03,0.0
"[80,200)",0,5728,0,2023-08-03,0.0
"[80,200)",1,10662,0,2023-08-03,0.0
"[0,40)",0,69733,0,2023-08-04,0.0
"[0,40)",1,65731,0,2023-08-04,0.0
"[40,60)",0,48762,0,2023-08-04,0.0
"[40,60)",1,46685,0,2023-08-04,0.0
"[60,80)",0,32893,0,2023-08-04,0.0
"[60,80)",1,39034,0,2023-08-04,0.0
"[80,200)",0,5728,0,2023-08-04,0.0
"[80,200)",1,10662,0,2023-08-04,0.0
"[0,40)",0,69733,0,2023-08-05,0.0
"[0,40)",1,65731,0,2023-08-05,0.0
"[40,60)",0,48762,0,2023-08-05,0.0
"[40,60)",1,46685,0,2023-08-05,0.0
"[60,80)",0,32893,0,2023-08-05,0.0
"[60,80)",1,39034,0,2023-08-05,0.0
"[80,200)",0,5728,0,2023-08-05,0.0
"[80,200)",1,10662,0,2023-08-05,0.0
"[0,40)",0,69733,0,2023-08-06,0.0
"[0,40)",1,65731,0,2023-08-06,0.0
"[40,60)",0,48762,0,2023-08-06,0.0
"[40,60)",1,46685,0,2023-08-06,0.0
"[60,80)",0,32893,0,2023-08-06,0.0
"[60,80)",1,39034,0,2023-08-06,0.0
"[80,200)",0,5728,0,2023-08-06,0.0
"[80,200)",1,10662,0,2023-08-06,0.0
"[0,40)",0,69733,0,2023-08-07,0.0
"[0,40)",1,65731,0,2023-08-07,0.0
"[40,60)",0,48762,0,2023-08-07,0.0
"[40,60)",1,46685,0,2023-08-07,0.0
"[60,80)",0,32893,0,2023-08-07,0.0
"[60,80)",1,39034,0,2023-08-07,0.0
"[80,200)",0,5728,0,2023-08-07,0.0
"[80,200)",1,10662,0,2023-08-07,0.0
"[0,40)",0,69733,0,2023-08-08,0.0
"[0,40)",1,65731,0,2023-08-08,0.0
"[40,60)",0,48762,0,2023-08-08,0.0
"[40,60)",1,46685,0,2023-08-08,0.0
"[60,80)",0,32893,0,2023-08-08,0.0
"[60,80)",1,39034,0,2023-08-08,0.0
"[80,200)",0,5728,0,2023-08-08,0.0
"[80,200)",1,10662,0,2023-08-08,0.0
"[0,40)",0,69733,0,2023-08-09,0.0
"[0,40)",1,65731,0,2023-08-09,0.0
"[40,60)",0,48762,0,2023-08-09,0.0
"[40,60)",1,46685,0,2023-08-09,0.0
"[60,80)",0,32893,0,2023-08-09,0.0
"[60,80)",1,39034,0,2023-08-09,0.0
"[80,200)",0,5728,0,2023-08-09,0.0
"[80,200)",1,10662,0,2023-08-09,0.0
"[0,40)",0,69733,0,2023-08-10,0.0
"[0,40)",1,65731,0,2023-08-10,0.0
"[40,60)",0,48762,0,2023-08-10,0.0
"[40,60)",1,46685,0,2023-08-10,0.0
"[60,80)",0,32893,0,2023-08-10,0.0
"[60,80)",1,39034,0,2023-08-10,0.0
"[80,200)",0,5728,0,2023-08-10,0.0
"[80,200)",1,10662,0,2023-08-10,0.0
"[0,40)",0,69733,0,2023-08-11,0.0
"[0,40)",1,65731,0,2023-08-11,0.0
"[40,60)",0,48762,0,2023-08-11,0.0
"[40,60)",1,46685,0,2023-08-11,0.0
"[60,80)",0,32893,0,2023-08-11,0.0
"[60,80)",1,39034,0,2023-08-11,0.0
"[80,200)",0,5728,0,2023-08-11,0.0
"[80,200)",1,10662,0,2023-08-11,0.0
"[0,40)",0,69733,0,2023-08-12,0.0
"[0,40)",1,65731,0,2023-08-12,0.0
"[40,60)",0,48762,0,2023-08-12,0.0
"[40,60)",1,46685,0,2023-08-12,0.0
"[60,80)",0,32893,0,2023-08-12,0.0
"[60,80)",1,39034,0,2023-08-12,0.0
"[80,200)",0,5728,0,2023-08-12,0.0
"[80,200)",1,10662,0,2023-08-12,0.0
"[0,40)",0,69733,0,2023-08-13,0.0
"[0,40)",1,65731,0,2023-08-13,0.0
"[40,60)",0,48762,0,2023-08-13,0.0
"[40,60)",1,46685,0,2023-08-13,0.0
"[60,80)",0,32893,0,2023-08-13,0.0
"[60,80)",1,39034,0,2023-08-13,0.0
"[80,200)",0,5728,0,2023-08-13,0.0
"[80,200)",1,10662,0,2023-08-13,0.0
"[0,40)",0,69733,0,2023-08-14,0.0
"[0,40)",1,65731,0,2023-08-14,0.0
"[40,60)",0,48762,0,2023-08-14,0.0
"[40,60)",1,46685,0,2023-08-14,0.0
"[60,80)",0,32893,0,2023-08-14,0.0
"[60,80)",1,39034,0,2023-08-14,0.0
"[80,200)",0,5728,0,2023-08-14,0.0
"[80,200)",1,10662,0,2023-08-14,0.0
"[0,40)",0,69733,0,2023-08-15,0.0
"[0,40)",1,65731,0,2023-08-15,0.0
"[40,60)",0,48762,0,2023-08-15,0.0
"[40,60)",1,46685,0,2023-08-15,0.0
"[60,80)",0,32893,0,2023-08-15,0.0
"[60,80)",1,39034,0,2023-08-15,0.0
"[80,200)",0,5728,0,2023-08-15,0.0
"[80,200)",1,10662,0,2023-08-15,0.0
"[0,40)",0,69733,0,2023-08-16,0.0
"[0,40)",1,65731,0,2023-08-16,0.0
"[40,60)",0,48762,0,2023-08-16,0.0
"[40,60)",1,46685,0,2023-08-16,0.0
"[60,80)",0,32893,0,2023-08-16,0.0
"[60,80)",1,39034,0,2023-08-16,0.0
"[80,200)",0,5728,0,2023-08-16,0.0
"[80,200)",1,10662,0,2023-08-16,0.0
"[0,40)",0,69733,0,2023-08-17,0.0
"[0,40)",1,65731,0,2023-08-17,0.0
"[40,60)",0,48762,0,2023-08-17,0.0
"[40,60)",1,46685,0,2023-08-17,0.0
"[60,80)",0,32893,0,2023-08-17,0.0
"[60,80)",1,39034,0,2023-08-17,0.0
"[80,200)",0,5728,0,2023-08-17,0.0
"[80,200)",1,10662,0,2023-08-17,0.0
"[0,40)",0,69733,0,2023-08-18,0.0
"[0,40)",1,65731,0,2023-08-18,0.0
"[40,60)",0,48762,0,2023-08-18,0.0
"[40,60)",1,46685,0,2023-08-18,0.0
"[60,80)",0,32893,0,2023-08-18,0.0
"[60,80)",1,39034,0,2023-08-18,0.0
"[80,200)",0,5728,0,2023-08-18,0.0
"[80,200)",1,10662,0,2023-08-18,0.0
"[0,40)",0,69733,0,2023-08-19,0.0
"[0,40)",1,65731,0,2023-08-19,0.0
"[40,60)",0,48762,0,2023-08-19,0.0
"[40,60)",1,46685,0,2023-08-19,0.0
"[60,80)",0,32893,0,2023-08-19,0.0
"[60,80)",1,39034,0,2023-08-19,0.0
"[80,200)",0,5728,0,2023-08-19,0.0
"[80,200)",1,10662,0,2023-08-19,0.0
"[0,40)",0,69733,0,2023-08-20,0.0
"[0,40)",1,65731,0,2023-08-20,0.0
"[40,60)",0,48762,0,2023-08-20,0.0
"[40,60)",1,46685,0,2023-08-20,0.0
"[60,80)",0,32893,0,2023-08-20,0.0
"[60,80)",1,39034,0,2023-08-20,0.0
"[80,200)",0,5728,0,2023-08-20,0.0
"[80,200)",1,10662,0,2023-08-20,0.0
"[0,40)",0,69733,0,2023-08-21,0.0
"[0,40)",1,65731,0,2023-08-21,0.0
"[40,60)",0,48762,0,2023-08-21,0.0
"[40,60)",1,46685,0,2023-08-21,0.0
"[60,80)",0,32893,0,2023-08-21,0.0
"[60,80)",1,39034,0,2023-08-21,0.0
"[80,200)",0,5728,0,2023-08-21,0.0
"[80,200)",1,10662,0,2023-08-21,0.0
"[0,40)",0,69733,0,2023-08-22,0.0
"[0,40)",1,65731,0,2023-08-22,0.0
"[40,60)",0,48762,0,2023-08-22,0.0
"[40,60)",1,46685,0,2023-08-22,0.0
"[60,80)",0,32893,0,2023-08-22,0.0
"[60,80)",1,39034,0,2023-08-22,0.0
"[80,200)",0,5728,0,2023-08-22,0.0
"[80,200)",1,10662,0,2023-08-22,0.0
"[0,40)",0,69733,0,2023-08-23,0.0
"[0,40)",1,65731,0,2023-08-23,0.0
"[40,60)",0,48762,0,2023-08-23,0.0
"[40,60)",1,46685,0,2023-08-23,0.0
"[60,80)",0,32893,0,2023-08-23,0.0
"[60,80)",1,39034,0,2023-08-23,0.0
"[80,200)",0,5728,0,2023-08-23,0.0
"[80,200)",1,10662,0,2023-08-23,0.0
"[0,40)",0,69733,0,2023-08-24,0.0
"[0,40)",1,65731,0,2023-08-24,0.0
"[40,60)",0,48762,0,2023-08-24,0.0
"[40,60)",1,46685,0,2023-08-24,0.0
"[60,80)",0,32893,0,2023-08-24,0.0
"[60,80)",1,39034,0,2023-08-24,0.0
"[80,200)",0,5728,0,2023-08-24,0.0
"[80,200)",1,10662,0,2023-08-24,0.0
"[0,40)",0,69733,0,2023-08-25,0.0
"[0,40)",1,65731,0,2023-08-25,0.0
"[40,60)",0,48762,0,2023-08-25,0.0
"[40,60)",1,46685,0,2023-08-25,0.0
"[60,80)",0,32893,0,2023-08-25,0.0
"[60,80)",1,39034,0,2023-08-25,0.0
"[80,200)",0,5728,0,2023-08-25,0.0
"[80,200)",1,10662,0,2023-08-25,0.0
"[0,40)",0,69733,0,2023-08-26,0.0
"[0,40)",1,65731,0,2023-08-26,0.0
"[40,60)",0,48762,0,2023-08-26,0.0
"[40,60)",1,46685,0,2023-08-26,0.0
"[60,80)",0,32893,0,2023-08-26,0.0
"[60,80)",1,39034,0,2023-08-26,0.0
"[80,200)",0,5728,0,2023-08-26,0.0
"[80,200)",1,10662,0,2023-08-26,0.0
"[0,40)",0,69733,0,2023-08-27,0.0
"[0,40)",1,65731,0,2023-08-27,0.0
"[40,60)",0,48762,0,2023-08-27,0.0
"[40,60)",1,46685,0,2023-08-27,0.0
"[60,80)",0,32893,0,2023-08-27,0.0
"[60,80)",1,39034,0,2023-08-27,0.0
"[80,200)",0,5728,0,2023-08-27,0.0
"[80,200)",1,10662,0,2023-08-27,0.0
"[0,40)",0,69733,0,2023-08-28,0.0
"[0,40)",1,65731,1,2023-08-28,1.5213521778156426e-05
"[40,60)",0,48762,0,2023-08-28,0.0
"[40,60)",1,46685,0,2023-08-28,0.0
"[60,80)",0,32893,0,2023-08-28,0.0
"[60,80)",1,39034,0,2023-08-28,0.0
"[80,200)",0,5728,0,2023-08-28,0.0
"[80,200)",1,10662,0,2023-08-28,0.0
"[0,40)",0,69733,0,2023-08-29,0.0
"[0,40)",1,65731,0,2023-08-29,0.0
"[40,60)",0,48762,0,2023-08-29,0.0
"[40,60)",1,46685,0,2023-08-29,0.0
"[60,80)",0,32893,0,2023-08-29,0.0
"[60,80)",1,39034,0,2023-08-29,0.0
"[80,200)",0,5728,0,2023-08-29,0.0
"[80,200)",1,10662,0,2023-08-29,0.0
"[0,40)",0,69733,0,2023-08-30,0.0
"[0,40)",1,65731,0,2023-08-30,0.0
"[40,60)",0,48762,0,2023-08-30,0.0
"[40,60)",1,46685,0,2023-08-30,0.0
"[60,80)",0,32893,0,2023-08-30,0.0
"[60,80)",1,39034,0,2023-08-30,0.0
"[80,200)",0,5728,0,2023-08-30,0.0
"[80,200)",1,10662,0,2023-08-30,0.0
"[0,40)",0,69733,0,2023-08-31,0.0
"[0,40)",1,65731,0,2023-08-31,0.0
"[40,60)",0,48762,0,2023-08-31,0.0
"[40,60)",1,46685,0,2023-08-31,0.0
"[60,80)",0,32893,0,2023-08-31,0.0
"[60,80)",1,39034,0,2023-08-31,0.0
"[80,200)",0,5728,0,2023-08-31,0.0
"[80,200)",1,10662,0,2023-08-31,0.0
"[0,40)",0,69733,0,2023-09-01,0.0
"[0,40)",1,65731,0,2023-09-01,0.0
"[40,60)",0,48762,0,2023-09-01,0.0
"[40,60)",1,46685,0,2023-09-01,0.0
"[60,80)",0,32893,0,2023-09-01,0.0
"[60,80)",1,39034,0,2023-09-01,0.0
"[80,200)",0,5728,0,2023-09-01,0.0
"[80,200)",1,10662,0,2023-09-01,0.0
"[0,40)",0,69733,0,2023-09-02,0.0
"[0,40)",1,65731,0,2023-09-02,0.0
"[40,60)",0,48762,0,2023-09-02,0.0
"[40,60)",1,46685,0,2023-09-02,0.0
"[60,80)",0,32893,0,2023-09-02,0.0
"[60,80)",1,39034,0,2023-09-02,0.0
"[80,200)",0,5728,0,2023-09-02,0.0
"[80,200)",1,10662,0,2023-09-02,0.0
"[0,40)",0,69733,0,2023-09-03,0.0
"[0,40)",1,65731,0,2023-09-03,0.0
"[40,60)",0,48762,0,2023-09-03,0.0
"[40,60)",1,46685,0,2023-09-03,0.0
"[60,80)",0,32893,0,2023-09-03,0.0
"[60,80)",1,39034,0,2023-09-03,0.0
"[80,200)",0,5728,0,2023-09-03,0.0
"[80,200)",1,10662,0,2023-09-03,0.0
"[0,40)",0,69733,0,2023-09-04,0.0
"[0,40)",1,65731,0,2023-09-04,0.0
"[40,60)",0,48762,0,2023-09-04,0.0
"[40,60)",1,46685,0,2023-09-04,0.0
"[60,80)",0,32893,0,2023-09-04,0.0
"[60,80)",1,39034,0,2023-09-04,0.0
"[80,200)",0,5728,0,2023-09-04,0.0
"[80,200)",1,10662,0,2023-09-04,0.0
"[0,40)",0,69733,0,2023-09-05,0.0
"[0,40)",1,65731,0,2023-09-05,0.0
"[40,60)",0,48762,0,2023-09-05,0.0
"[40,60)",1,46685,0,2023-09-05,0.0
"[60,80)",0,32893,0,2023-09-05,0.0
"[60,80)",1,39034,0,2023-09-05,0.0
"[80,200)",0,5728,0,2023-09-05,0.0
"[80,200)",1,10662,0,2023-09-05,0.0
"[0,40)",0,69733,0,2023-09-06,0.0
"[0,40)",1,65731,0,2023-09-06,0.0
"[40,60)",0,48762,0,2023-09-06,0.0
"[40,60)",1,46685,0,2023-09-06,0.0
"[60,80)",0,32893,0,2023-09-06,0.0
"[60,80)",1,39034,0,2023-09-06,0.0
"[80,200)",0,5728,0,2023-09-06,0.0
"[80,200)",1,10662,0,2023-09-06,0.0
"[0,40)",0,69733,0,2023-09-07,0.0
"[0,40)",1,65731,0,2023-09-07,0.0
"[40,60)",0,48762,0,2023-09-07,0.0
"[40,60)",1,46685,0,2023-09-07,0.0
"[60,80)",0,32893,0,2023-09-07,0.0
"[60,80)",1,39034,0,2023-09-07,0.0
"[80,200)",0,5728,0,2023-09-07,0.0
"[80,200)",1,10662,0,2023-09-07,0.0
"[0,40)",0,69733,0,2023-09-08,0.0
"[0,40)",1,65731,0,2023-09-08,0.0
"[40,60)",0,48762,0,2023-09-08,0.0
"[40,60)",1,46685,0,2023-09-08,0.0
"[60,80)",0,32893,0,2023-09-08,0.0
"[60,80)",1,39034,0,2023-09-08,0.0
"[80,200)",0,5728,0,2023-09-08,0.0
"[80,200)",1,10662,0,2023-09-08,0.0
"[0,40)",0,69733,0,2023-09-09,0.0
"[0,40)",1,65731,0,2023-09-09,0.0
"[40,60)",0,48762,0,2023-09-09,0.0
"[40,60)",1,46685,0,2023-09-09,0.0
"[60,80)",0,32893,0,2023-09-09,0.0
"[60,80)",1,39034,0,2023-09-09,0.0
"[80,200)",0,5728,0,2023-09-09,0.0
"[80,200)",1,10662,0,2023-09-09,0.0
"[0,40)",0,69733,0,2023-09-10,0.0
"[0,40)",1,65731,0,2023-09-10,0.0
"[40,60)",0,48762,0,2023-09-10,0.0
"[40,60)",1,46685,0,2023-09-10,0.0
"[60,80)",0,32893,0,2023-09-10,0.0
"[60,80)",1,39034,0,2023-09-10,0.0
"[80,200)",0,5728,0,2023-09-10,0.0
"[80,200)",1,10662,0,2023-09-10,0.0
"[0,40)",0,69733,0,2023-09-11,0.0
"[0,40)",1,65731,0,2023-09-11,0.0
"[40,60)",0,48762,0,2023-09-11,0.0
"[40,60)",1,46685,0,2023-09-11,0.0
"[60,80)",0,32893,0,2023-09-11,0.0
"[60,80)",1,39034,0,2023-09-11,0.0
"[80,200)",0,5728,0,2023-09-11,0.0
"[80,200)",1,10662,0,2023-09-11,0.0
"[0,40)",0,69733,0,2023-09-12,0.0
"[0,40)",1,65731,0,2023-09-12,0.0
"[40,60)",0,48762,0,2023-09-12,0.0
"[40,60)",1,46685,0,2023-09-12,0.0
"[60,80)",0,32893,0,2023-09-12,0.0
"[60,80)",1,39034,0,2023-09-12,0.0
"[80,200)",0,5728,0,2023-09-12,0.0
"[80,200)",1,10662,0,2023-09-12,0.0
"[0,40)",0,69733,0,2023-09-13,0.0
"[0,40)",1,65731,0,2023-09-13,0.0
"[40,60)",0,48762,0,2023-09-13,0.0
"[40,60)",1,46685,0,2023-09-13,0.0
"[60,80)",0,32893,0,2023-09-13,0.0
"[60,80)",1,39034,0,2023-09-13,0.0
"[80,200)",0,5728,0,2023-09-13,0.0
"[80,200)",1,10662,0,2023-09-13,0.0
"[0,40)",0,69733,0,2023-09-14,0.0
"[0,40)",1,65731,0,2023-09-14,0.0
"[40,60)",0,48762,0,2023-09-14,0.0
"[40,60)",1,46685,0,2023-09-14,0.0
"[60,80)",0,32893,0,2023-09-14,0.0
"[60,80)",1,39034,0,2023-09-14,0.0
"[80,200)",0,5728,0,2023-09-14,0.0
"[80,200)",1,10662,0,2023-09-14,0.0
"[0,40)",0,69733,0,2023-09-15,0.0
"[0,40)",1,65731,0,2023-09-15,0.0
"[40,60)",0,48762,0,2023-09-15,0.0
"[40,60)",1,46685,0,2023-09-15,0.0
"[60,80)",0,32893,0,2023-09-15,0.0
"[60,80)",1,39034,0,2023-09-15,0.0
"[80,200)",0,5728,0,2023-09-15,0.0
"[80,200)",1,10662,0,2023-09-15,0.0
"[0,40)",0,69733,0,2023-09-16,0.0
"[0,40)",1,65731,0,2023-09-16,0.0
"[40,60)",0,48762,0,2023-09-16,0.0
"[40,60)",1,46685,0,2023-09-16,0.0
"[60,80)",0,32893,0,2023-09-16,0.0
"[60,80)",1,39034,0,2023-09-16,0.0
"[80,200)",0,5728,0,2023-09-16,0.0
"[80,200)",1,10662,0,2023-09-16,0.0
"[0,40)",0,69733,0,2023-09-17,0.0
"[0,40)",1,65731,0,2023-09-17,0.0
"[40,60)",0,48762,0,2023-09-17,0.0
"[40,60)",1,46685,0,2023-09-17,0.0
"[60,80)",0,32893,0,2023-09-17,0.0
"[60,80)",1,39034,0,2023-09-17,0.0
"[80,200)",0,5728,0,2023-09-17,0.0
"[80,200)",1,10662,0,2023-09-17,0.0
"[0,40)",0,69733,0,2023-09-18,0.0
"[0,40)",1,65731,0,2023-09-18,0.0
"[40,60)",0,48762,0,2023-09-18,0.0
"[40,60)",1,46685,0,2023-09-18,0.0
"[60,80)",0,32893,0,2023-09-18,0.0
"[60,80)",1,39034,0,2023-09-18,0.0
"[80,200)",0,5728,0,2023-09-18,0.0
"[80,200)",1,10662,0,2023-09-18,0.0
"[0,40)",0,69733,0,2023-09-19,0.0
"[0,40)",1,65731,0,2023-09-19,0.0
"[40,60)",0,48762,1,2023-09-19,2.050777244575694e-05
"[40,60)",1,46685,0,2023-09-19,0.0
"[60,80)",0,32893,0,2023-09-19,0.0
"[60,80)",1,39034,0,2023-09-19,0.0
"[80,200)",0,5728,0,2023-09-19,0.0
"[80,200)",1,10662,0,2023-09-19,0.0
"[0,40)",0,69733,0,2023-09-20,0.0
"[0,40)",1,65731,0,2023-09-20,0.0
"[40,60)",0,48762,0,2023-09-20,0.0
"[40,60)",1,46685,0,2023-09-20,0.0
"[60,80)",0,32893,0,2023-09-20,0.0
"[60,80)",1,39034,0,2023-09-20,0.0
"[80,200)",0,5728,0,2023-09-20,0.0
"[80,200)",1,10662,0,2023-09-20,0.0
"[0,40)",0,69733,0,2023-09-21,0.0
"[0,40)",1,65731,0,2023-09-21,0.0
"[40,60)",0,48762,0,2023-09-21,0.0
"[40,60)",1,46685,0,2023-09-21,0.0
"[60,80)",0,32893,0,2023-09-21,0.0
"[60,80)",1,39034,0,2023-09-21,0.0
"[80,200)",0,5728,0,2023-09-21,0.0
"[80,200)",1,10662,0,2023-09-21,0.0
"[0,40)",0,69733,0,2023-09-22,0.0
"[0,40)",1,65731,0,2023-09-22,0.0
"[40,60)",0,48762,0,2023-09-22,0.0
"[40,60)",1,46685,0,2023-09-22,0.0
"[60,80)",0,32893,0,2023-09-22,0.0
"[60,80)",1,39034,0,2023-09-22,0.0
"[80,200)",0,5728,0,2023-09-22,0.0
"[80,200)",1,10662,0,2023-09-22,0.0
"[0,40)",0,69733,0,2023-09-23,0.0
"[0,40)",1,65731,0,2023-09-23,0.0
"[40,60)",0,48762,0,2023-09-23,0.0
"[40,60)",1,46685,0,2023-09-23,0.0
"[60,80)",0,32893,0,2023-09-23,0.0
"[60,80)",1,39034,0,2023-09-23,0.0
"[80,200)",0,5728,0,2023-09-23,0.0
"[80,200)",1,10662,0,2023-09-23,0.0
"[0,40)",0,69733,0,2023-09-24,0.0
"[0,40)",1,65731,0,2023-09-24,0.0
"[40,60)",0,48762,0,2023-09-24,0.0
"[40,60)",1,46685,0,2023-09-24,0.0
"[60,80)",0,32893,0,2023-09-24,0.0
"[60,80)",1,39034,0,2023-09-24,0.0
"[80,200)",0,5728,0,2023-09-24,0.0
"[80,200)",1,10662,0,2023-09-24,0.0
"[0,40)",0,69733,0,2023-09-25,0.0
"[0,40)",1,65731,0,2023-09-25,0.0
"[40,60)",0,48762,0,2023-09-25,0.0
"[40,60)",1,46685,0,2023-09-25,0.0
"[60,80)",0,32893,0,2023-09-25,0.0
"[60,80)",1,39034,0,2023-09-25,0.0
"[80,200)",0,5728,0,2023-09-25,0.0
"[80,200)",1,10662,0,2023-09-25,0.0
"[0,40)",0,69733,1,2023-09-26,1.4340412717077997e-05
"[0,40)",1,65731,0,2023-09-26,0.0
"[40,60)",0,48762,0,2023-09-26,0.0
"[40,60)",1,46685,0,2023-09-26,0.0
"[60,80)",0,32893,0,2023-09-26,0.0
"[60,80)",1,39034,0,2023-09-26,0.0
"[80,200)",0,5728,0,2023-09-26,0.0
"[80,200)",1,10662,0,2023-09-26,0.0
"[0,40)",0,69733,0,2023-09-27,0.0
"[0,40)",1,65731,0,2023-09-27,0.0
"[40,60)",0,48762,0,2023-09-27,0.0
"[40,60)",1,46685,0,2023-09-27,0.0
"[60,80)",0,32893,0,2023-09-27,0.0
"[60,80)",1,39034,0,2023-09-27,0.0
"[80,200)",0,5728,0,2023-09-27,0.0
"[80,200)",1,10662,0,2023-09-27,0.0
"[0,40)",0,69733,0,2023-09-28,0.0
"[0,40)",1,65731,0,2023-09-28,0.0
"[40,60)",0,48762,0,2023-09-28,0.0
"[40,60)",1,46685,0,2023-09-28,0.0
"[60,80)",0,32893,0,2023-09-28,0.0
"[60,80)",1,39034,0,2023-09-28,0.0
"[80,200)",0,5728,0,2023-09-28,0.0
"[80,200)",1,10662,0,2023-09-28,0.0
"[0,40)",0,69733,0,2023-09-29,0.0
"[0,40)",1,65731,1,2023-09-29,1.5213521778156426e-05
"[40,60)",0,48762,0,2023-09-29,0.0
"[40,60)",1,46685,0,2023-09-29,0.0
"[60,80)",0,32893,0,2023-09-29,0.0
"[60,80)",1,39034,0,2023-09-29,0.0
"[80,200)",0,5728,0,2023-09-29,0.0
"[80,200)",1,10662,0,2023-09-29,0.0
"[0,40)",0,69733,0,2023-09-30,0.0
"[0,40)",1,65731,0,2023-09-30,0.0
"[40,60)",0,48762,0,2023-09-30,0.0
"[40,60)",1,46685,0,2023-09-30,0.0
"[60,80)",0,32893,0,2023-09-30,0.0
"[60,80)",1,39034,0,2023-09-30,0.0
"[80,200)",0,5728,0,2023-09-30,0.0
"[80,200)",1,10662,0,2023-09-30,0.0
"[0,40)",0,69733,0,2023-10-01,0.0
"[0,40)",1,65731,0,2023-10-01,0.0
"[40,60)",0,48762,0,2023-10-01,0.0
"[40,60)",1,46685,0,2023-10-01,0.0
"[60,80)",0,32893,0,2023-10-01,0.0
"[60,80)",1,39034,0,2023-10-01,0.0
"[80,200)",0,5728,0,2023-10-01,0.0
"[80,200)",1,10662,0,2023-10-01,0.0
"[0,40)",0,69733,0,2023-10-02,0.0
"[0,40)",1,65731,0,2023-10-02,0.0
"[40,60)",0,48762,0,2023-10-02,0.0
"[40,60)",1,46685,0,2023-10-02,0.0
"[60,80)",0,32893,1,2023-10-02,3.040160520475481e-05
"[60,80)",1,39034,0,2023-10-02,0.0
"[80,200)",0,5728,0,2023-10-02,0.0
"[80,200)",1,10662,0,2023-10-02,0.0
"[0,40)",0,69733,0,2023-10-03,0.0
"[0,40)",1,65731,1,2023-10-03,1.5213521778156426e-05
"[40,60)",0,48762,0,2023-10-03,0.0
"[40,60)",1,46685,1,2023-10-03,2.142015636714148e-05
"[60,80)",0,32893,0,2023-10-03,0.0
"[60,80)",1,39034,0,2023-10-03,0.0
"[80,200)",0,5728,0,2023-10-03,0.0
"[80,200)",1,10662,0,2023-10-03,0.0
"[0,40)",0,69733,0,2023-10-04,0.0
"[0,40)",1,65731,0,2023-10-04,0.0
"[40,60)",0,48762,0,2023-10-04,0.0
"[40,60)",1,46685,2,2023-10-04,4.284031273428296e-05
"[60,80)",0,32893,1,2023-10-04,3.040160520475481e-05
"[60,80)",1,39034,1,2023-10-04,2.5618691397243427e-05
"[80,200)",0,5728,1,2023-10-04,0.00017458100558659218
"[80,200)",1,10662,0,2023-10-04,0.0
"[0,40)",0,69733,0,2023-10-05,0.0
"[0,40)",1,65731,0,2023-10-05,0.0
"[40,60)",0,48762,0,2023-10-05,0.0
"[40,60)",1,46685,0,2023-10-05,0.0
"[60,80)",0,32893,0,2023-10-05,0.0
"[60,80)",1,39034,0,2023-10-05,0.0
"[80,200)",0,5728,0,2023-10-05,0.0
"[80,200)",1,10662,1,2023-10-05,9.379103357719002e-05
"[0,40)",0,69733,0,2023-10-06,0.0
"[0,40)",1,65731,0,2023-10-06,0.0
"[40,60)",0,48762,1,2023-10-06,2.050777244575694e-05
"[40,60)",1,46685,0,2023-10-06,0.0
"[60,80)",0,32893,1,2023-10-06,3.040160520475481e-05
"[60,80)",1,39034,0,2023-10-06,0.0
"[80,200)",0,5728,0,2023-10-06,0.0
"[80,200)",1,10662,0,2023-10-06,0.0
"[0,40)",0,69733,0,2023-10-07,0.0
"[0,40)",1,65731,0,2023-10-07,0.0
"[40,60)",0,48762,0,2023-10-07,0.0
"[40,60)",1,46685,0,2023-10-07,0.0
"[60,80)",0,32893,0,2023-10-07,0.0
"[60,80)",1,39034,0,2023-10-07,0.0
"[80,200)",0,5728,0,2023-10-07,0.0
"[80,200)",1,10662,0,2023-10-07,0.0
"[0,40)",0,69733,0,2023-10-08,0.0
"[0,40)",1,65731,0,2023-10-08,0.0
"[40,60)",0,48762,0,2023-10-08,0.0
"[40,60)",1,46685,0,2023-10-08,0.0
"[60,80)",0,32893,0,2023-10-08,0.0
"[60,80)",1,39034,0,2023-10-08,0.0
"[80,200)",0,5728,0,2023-10-08,0.0
"[80,200)",1,10662,0,2023-10-08,0.0
"[0,40)",0,69733,0,2023-10-09,0.0
"[0,40)",1,65731,0,2023-10-09,0.0
"[40,60)",0,48762,2,2023-10-09,4.101554489151388e-05
"[40,60)",1,46685,0,2023-10-09,0.0
"[60,80)",0,32893,0,2023-10-09,0.0
"[60,80)",1,39034,0,2023-10-09,0.0
"[80,200)",0,5728,0,2023-10-09,0.0
"[80,200)",1,10662,0,2023-10-09,0.0
"[0,40)",0,69733,2,2023-10-10,2.8680825434155993e-05
"[0,40)",1,65731,1,2023-10-10,1.5213521778156426e-05
"[40,60)",0,48762,0,2023-10-10,0.0
"[40,60)",1,46685,0,2023-10-10,0.0
"[60,80)",0,32893,1,2023-10-10,3.040160520475481e-05
"[60,80)",1,39034,0,2023-10-10,0.0
"[80,200)",0,5728,0,2023-10-10,0.0
"[80,200)",1,10662,0,2023-10-10,0.0
"[0,40)",0,69733,0,2023-10-11,0.0
"[0,40)",1,65731,0,2023-10-11,0.0
"[40,60)",0,48762,0,2023-10-11,0.0
"[40,60)",1,46685,0,2023-10-11,0.0
"[60,80)",0,32893,1,2023-10-11,3.040160520475481e-05
"[60,80)",1,39034,1,2023-10-11,2.5618691397243427e-05
"[80,200)",0,5728,0,2023-10-11,0.0
"[80,200)",1,10662,0,2023-10-11,0.0
"[0,40)",0,69733,0,2023-10-12,0.0
"[0,40)",1,65731,0,2023-10-12,0.0
"[40,60)",0,48762,0,2023-10-12,0.0
"[40,60)",1,46685,0,2023-10-12,0.0
"[60,80)",0,32893,0,2023-10-12,0.0
"[60,80)",1,39034,0,2023-10-12,0.0
"[80,200)",0,5728,0,2023-10-12,0.0
"[80,200)",1,10662,0,2023-10-12,0.0
"[0,40)",0,69733,0,2023-10-13,0.0
"[0,40)",1,65731,0,2023-10-13,0.0
"[40,60)",0,48762,0,2023-10-13,0.0
"[40,60)",1,46685,0,2023-10-13,0.0
"[60,80)",0,32893,0,2023-10-13,0.0
"[60,80)",1,39034,1,2023-10-13,2.5618691397243427e-05
"[80,200)",0,5728,0,2023-10-13,0.0
"[80,200)",1,10662,0,2023-10-13,0.0
"[0,40)",0,69733,0,2023-10-14,0.0
"[0,40)",1,65731,0,2023-10-14,0.0
"[40,60)",0,48762,0,2023-10-14,0.0
"[40,60)",1,46685,0,2023-10-14,0.0
"[60,80)",0,32893,0,2023-10-14,0.0
"[60,80)",1,39034,0,2023-10-14,0.0
"[80,200)",0,5728,0,2023-10-14,0.0
"[80,200)",1,10662,0,2023-10-14,0.0
"[0,40)",0,69733,0,2023-10-15,0.0
"[0,40)",1,65731,0,2023-10-15,0.0
"[40,60)",0,48762,0,2023-10-15,0.0
"[40,60)",1,46685,0,2023-10-15,0.0
"[60,80)",0,32893,0,2023-10-15,0.0
"[60,80)",1,39034,0,2023-10-15,0.0
"[80,200)",0,5728,0,2023-10-15,0.0
"[80,200)",1,10662,0,2023-10-15,0.0
"[0,40)",0,69733,0,2023-10-16,0.0
"[0,40)",1,65731,0,2023-10-16,0.0
"[40,60)",0,48762,0,2023-10-16,0.0
"[40,60)",1,46685,0,2023-10-16,0.0
"[60,80)",0,32893,0,2023-10-16,0.0
"[60,80)",1,39034,0,2023-10-16,0.0
"[80,200)",0,5728,1,2023-10-16,0.00017458100558659218
"[80,200)",1,10662,0,2023-10-16,0.0
"[0,40)",0,69733,0,2023-10-17,0.0
"[0,40)",1,65731,1,2023-10-17,1.5213521778156426e-05
"[40,60)",0,48762,0,2023-10-17,0.0
"[40,60)",1,46685,0,2023-10-17,0.0
"[60,80)",0,32893,0,2023-10-17,0.0
"[60,80)",1,39034,0,2023-10-17,0.0
"[80,200)",0,5728,0,2023-10-17,0.0
"[80,200)",1,10662,1,2023-10-17,9.379103357719002e-05
"[0,40)",0,69733,0,2023-10-18,0.0
"[0,40)",1,65731,0,2023-10-18,0.0
"[40,60)",0,48762,0,2023-10-18,0.0
"[40,60)",1,46685,0,2023-10-18,0.0
"[60,80)",0,32893,0,2023-10-18,0.0
"[60,80)",1,39034,0,2023-10-18,0.0
"[80,200)",0,5728,0,2023-10-18,0.0
"[80,200)",1,10662,0,2023-10-18,0.0
"[0,40)",0,69733,0,2023-10-19,0.0
"[0,40)",1,65731,0,2023-10-19,0.0
"[40,60)",0,48762,0,2023-10-19,0.0
"[40,60)",1,46685,0,2023-10-19,0.0
"[60,80)",0,32893,0,2023-10-19,0.0
"[60,80)",1,39034,0,2023-10-19,0.0
"[80,200)",0,5728,0,2023-10-19,0.0
"[80,200)",1,10662,0,2023-10-19,0.0
"[0,40)",0,69733,1,2023-10-20,1.4340412717077997e-05
"[0,40)",1,65731,0,2023-10-20,0.0
"[40,60)",0,48762,0,2023-10-20,0.0
"[40,60)",1,46685,0,2023-10-20,0.0
"[60,80)",0,32893,0,2023-10-20,0.0
"[60,80)",1,39034,0,2023-10-20,0.0
"[80,200)",0,5728,0,2023-10-20,0.0
"[80,200)",1,10662,0,2023-10-20,0.0
"[0,40)",0,69733,0,2023-10-21,0.0
"[0,40)",1,65731,0,2023-10-21,0.0
"[40,60)",0,48762,0,2023-10-21,0.0
"[40,60)",1,46685,0,2023-10-21,0.0
"[60,80)",0,32893,0,2023-10-21,0.0
"[60,80)",1,39034,0,2023-10-21,0.0
"[80,200)",0,5728,0,2023-10-21,0.0
"[80,200)",1,10662,0,2023-10-21,0.0
"[0,40)",0,69733,0,2023-10-22,0.0
"[0,40)",1,65731,0,2023-10-22,0.0
"[40,60)",0,48762,0,2023-10-22,0.0
"[40,60)",1,46685,0,2023-10-22,0.0
"[60,80)",0,32893,0,2023-10-22,0.0
"[60,80)",1,39034,0,2023-10-22,0.0
"[80,200)",0,5728,0,2023-10-22,0.0
"[80,200)",1,10662,0,2023-10-22,0.0
"[0,40)",0,69733,0,2023-10-23,0.0
"[0,40)",1,65731,0,2023-10-23,0.0
"[40,60)",0,48762,0,2023-10-23,0.0
"[40,60)",1,46685,0,2023-10-23,0.0
"[60,80)",0,32893,0,2023-10-23,0.0
"[60,80)",1,39034,0,2023-10-23,0.0
"[80,200)",0,5728,0,2023-10-23,0.0
"[80,200)",1,10662,0,2023-10-23,0.0
"[0,40)",0,69733,1,2023-10-24,1.4340412717077997e-05
"[0,40)",1,65731,0,2023-10-24,0.0
"[40,60)",0,48762,0,2023-10-24,0.0
"[40,60)",1,46685,1,2023-10-24,2.142015636714148e-05
"[60,80)",0,32893,1,2023-10-24,3.040160520475481e-05
"[60,80)",1,39034,1,2023-10-24,2.5618691397243427e-05
"[80,200)",0,5728,0,2023-10-24,0.0
"[80,200)",1,10662,0,2023-10-24,0.0
"[0,40)",0,69733,0,2023-10-25,0.0
"[0,40)",1,65731,0,2023-10-25,0.0
"[40,60)",0,48762,0,2023-10-25,0.0
"[40,60)",1,46685,0,2023-10-25,0.0
"[60,80)",0,32893,1,2023-10-25,3.040160520475481e-05
"[60,80)",1,39034,0,2023-10-25,0.0
"[80,200)",0,5728,0,2023-10-25,0.0
"[80,200)",1,10662,0,2023-10-25,0.0
"[0,40)",0,69733,1,2023-10-26,1.4340412717077997e-05
"[0,40)",1,65731,0,2023-10-26,0.0
"[40,60)",0,48762,0,2023-10-26,0.0
"[40,60)",1,46685,0,2023-10-26,0.0
"[60,80)",0,32893,1,2023-10-26,3.040160520475481e-05
"[60,80)",1,39034,0,2023-10-26,0.0
"[80,200)",0,5728,0,2023-10-26,0.0
"[80,200)",1,10662,0,2023-10-26,0.0
"[0,40)",0,69733,0,2023-10-27,0.0
"[0,40)",1,65731,0,2023-10-27,0.0
"[40,60)",0,48762,0,2023-10-27,0.0
"[40,60)",1,46685,0,2023-10-27,0.0
"[60,80)",0,32893,0,2023-10-27,0.0
"[60,80)",1,39034,0,2023-10-27,0.0
"[80,200)",0,5728,0,2023-10-27,0.0
"[80,200)",1,10662,0,2023-10-27,0.0
"[0,40)",0,69733,0,2023-10-28,0.0
"[0,40)",1,65731,0,2023-10-28,0.0
"[40,60)",0,48762,0,2023-10-28,0.0
"[40,60)",1,46685,0,2023-10-28,0.0
"[60,80)",0,32893,0,2023-10-28,0.0
"[60,80)",1,39034,0,2023-10-28,0.0
"[80,200)",0,5728,0,2023-10-28,0.0
"[80,200)",1,10662,0,2023-10-28,0.0
"[0,40)",0,69733,0,2023-10-29,0.0
"[0,40)",1,65731,0,2023-10-29,0.0
"[40,60)",0,48762,0,2023-10-29,0.0
"[40,60)",1,46685,0,2023-10-29,0.0
"[60,80)",0,32893,0,2023-10-29,0.0
"[60,80)",1,39034,0,2023-10-29,0.0
"[80,200)",0,5728,0,2023-10-29,0.0
"[80,200)",1,10662,0,2023-10-29,0.0
"[0,40)",0,69733,0,2023-10-30,0.0
"[0,40)",1,65731,1,2023-10-30,1.5213521778156426e-05
"[40,60)",0,48762,0,2023-10-30,0.0
"[40,60)",1,46685,0,2023-10-30,0.0
"[60,80)",0,32893,0,2023-10-30,0.0
"[60,80)",1,39034,2,2023-10-30,5.1237382794486854e-05
"[80,200)",0,5728,0,2023-10-30,0.0
"[80,200)",1,10662,0,2023-10-30,0.0
"[0,40)",0,69733,0,2023-10-31,0.0
"[0,40)",1,65731,0,2023-10-31,0.0
"[40,60)",0,48762,0,2023-10-31,0.0
"[40,60)",1,46685,1,2023-10-31,2.142015636714148e-05
"[60,80)",0,32893,0,2023-10-31,0.0
"[60,80)",1,39034,0,2023-10-31,0.0
"[80,200)",0,5728,0,2023-10-31,0.0
"[80,200)",1,10662,0,2023-10-31,0.0
"[0,40)",0,69733,0,2023-11-01,0.0
"[0,40)",1,65731,1,2023-11-01,1.5213521778156426e-05
"[40,60)",0,48762,1,2023-11-01,2.050777244575694e-05
"[40,60)",1,46685,0,2023-11-01,0.0
"[60,80)",0,32893,0,2023-11-01,0.0
"[60,80)",1,39034,0,2023-11-01,0.0
"[80,200)",0,5728,0,2023-11-01,0.0
"[80,200)",1,10662,0,2023-11-01,0.0
"[0,40)",0,69733,0,2023-11-02,0.0
"[0,40)",1,65731,0,2023-11-02,0.0
"[40,60)",0,48762,0,2023-11-02,0.0
"[40,60)",1,46685,1,2023-11-02,2.142015636714148e-05
"[60,80)",0,32893,0,2023-11-02,0.0
"[60,80)",1,39034,1,2023-11-02,2.5618691397243427e-05
"[80,200)",0,5728,0,2023-11-02,0.0
"[80,200)",1,10662,0,2023-11-02,0.0
"[0,40)",0,69733,0,2023-11-03,0.0
"[0,40)",1,65731,1,2023-11-03,1.5213521778156426e-05
"[40,60)",0,48762,0,2023-11-03,0.0
"[40,60)",1,46685,0,2023-11-03,0.0
"[60,80)",0,32893,0,2023-11-03,0.0
"[60,80)",1,39034,1,2023-11-03,2.5618691397243427e-05
"[80,200)",0,5728,0,2023-11-03,0.0
"[80,200)",1,10662,0,2023-11-03,0.0
"[0,40)",0,69733,0,2023-11-04,0.0
"[0,40)",1,65731,0,2023-11-04,0.0
"[40,60)",0,48762,0,2023-11-04,0.0
"[40,60)",1,46685,0,2023-11-04,0.0
"[60,80)",0,32893,0,2023-11-04,0.0
"[60,80)",1,39034,0,2023-11-04,0.0
"[80,200)",0,5728,0,2023-11-04,0.0
"[80,200)",1,10662,0,2023-11-04,0.0
"[0,40)",0,69733,0,2023-11-05,0.0
"[0,40)",1,65731,0,2023-11-05,0.0
"[40,60)",0,48762,0,2023-11-05,0.0
"[40,60)",1,46685,0,2023-11-05,0.0
"[60,80)",0,32893,0,2023-11-05,0.0
"[60,80)",1,39034,0,2023-11-05,0.0
"[80,200)",0,5728,0,2023-11-05,0.0
"[80,200)",1,10662,0,2023-11-05,0.0
"[0,40)",0,69733,0,2023-11-06,0.0
"[0,40)",1,65731,1,2023-11-06,1.5213521778156426e-05
"[40,60)",0,48762,0,2023-11-06,0.0
"[40,60)",1,46685,0,2023-11-06,0.0
"[60,80)",0,32893,1,2023-11-06,3.040160520475481e-05
"[60,80)",1,39034,0,2023-11-06,0.0
"[80,200)",0,5728,0,2023-11-06,0.0
"[80,200)",1,10662,0,2023-11-06,0.0
"[0,40)",0,69733,0,2023-11-07,0.0
"[0,40)",1,65731,0,2023-11-07,0.0
"[40,60)",0,48762,0,2023-11-07,0.0
"[40,60)",1,46685,0,2023-11-07,0.0
"[60,80)",0,32893,0,2023-11-07,0.0
"[60,80)",1,39034,0,2023-11-07,0.0
"[80,200)",0,5728,0,2023-11-07,0.0
"[80,200)",1,10662,0,2023-11-07,0.0
"[0,40)",0,69733,0,2023-11-08,0.0
"[0,40)",1,65731,0,2023-11-08,0.0
"[40,60)",0,48762,0,2023-11-08,0.0
"[40,60)",1,46685,0,2023-11-08,0.0
"[60,80)",0,32893,0,2023-11-08,0.0
"[60,80)",1,39034,0,2023-11-08,0.0
"[80,200)",0,5728,0,2023-11-08,0.0
"[80,200)",1,10662,1,2023-11-08,9.379103357719002e-05
"[0,40)",0,69733,0,2023-11-09,0.0
"[0,40)",1,65731,0,2023-11-09,0.0
"[40,60)",0,48762,0,2023-11-09,0.0
"[40,60)",1,46685,0,2023-11-09,0.0
"[60,80)",0,32893,0,2023-11-09,0.0
"[60,80)",1,39034,0,2023-11-09,0.0
"[80,200)",0,5728,0,2023-11-09,0.0
"[80,200)",1,10662,0,2023-11-09,0.0
"[0,40)",0,69733,1,2023-11-10,1.4340412717077997e-05
"[0,40)",1,65731,0,2023-11-10,0.0
"[40,60)",0,48762,0,2023-11-10,0.0
"[40,60)",1,46685,0,2023-11-10,0.0
"[60,80)",0,32893,0,2023-11-10,0.0
"[60,80)",1,39034,0,2023-11-10,0.0
"[80,200)",0,5728,0,2023-11-10,0.0
"[80,200)",1,10662,0,2023-11-10,0.0
"[0,40)",0,69733,0,2023-11-11,0.0
"[0,40)",1,65731,0,2023-11-11,0.0
"[40,60)",0,48762,0,2023-11-11,0.0
"[40,60)",1,46685,0,2023-11-11,0.0
"[60,80)",0,32893,0,2023-11-11,0.0
"[60,80)",1,39034,0,2023-11-11,0.0
"[80,200)",0,5728,0,2023-11-11,0.0
"[80,200)",1,10662,0,2023-11-11,0.0
"[0,40)",0,69733,0,2023-11-12,0.0
"[0,40)",1,65731,0,2023-11-12,0.0
"[40,60)",0,48762,0,2023-11-12,0.0
"[40,60)",1,46685,0,2023-11-12,0.0
"[60,80)",0,32893,0,2023-11-12,0.0
"[60,80)",1,39034,0,2023-11-12,0.0
"[80,200)",0,5728,0,2023-11-12,0.0
"[80,200)",1,10662,0,2023-11-12,0.0
"[0,40)",0,69733,0,2023-11-13,0.0
"[0,40)",1,65731,0,2023-11-13,0.0
"[40,60)",0,48762,0,2023-11-13,0.0
"[40,60)",1,46685,0,2023-11-13,0.0
"[60,80)",0,32893,1,2023-11-13,3.040160520475481e-05
"[60,80)",1,39034,0,2023-11-13,0.0
"[80,200)",0,5728,0,2023-11-13,0.0
"[80,200)",1,10662,0,2023-11-13,0.0
"[0,40)",0,69733,0,2023-11-14,0.0
"[0,40)",1,65731,0,2023-11-14,0.0
"[40,60)",0,48762,0,2023-11-14,0.0
"[40,60)",1,46685,0,2023-11-14,0.0
"[60,80)",0,32893,0,2023-11-14,0.0
"[60,80)",1,39034,0,2023-11-14,0.0
"[80,200)",0,5728,0,2023-11-14,0.0
"[80,200)",1,10662,0,2023-11-14,0.0
"[0,40)",0,69733,0,2023-11-15,0.0
"[0,40)",1,65731,0,2023-11-15,0.0
"[40,60)",0,48762,0,2023-11-15,0.0
"[40,60)",1,46685,0,2023-11-15,0.0
"[60,80)",0,32893,0,2023-11-15,0.0
"[60,80)",1,39034,3,2023-11-15,7.685607419173028e-05
"[80,200)",0,5728,0,2023-11-15,0.0
"[80,200)",1,10662,0,2023-11-15,0.0
"[0,40)",0,69733,0,2023-11-16,0.0
"[0,40)",1,65731,0,2023-11-16,0.0
"[40,60)",0,48762,0,2023-11-16,0.0
"[40,60)",1,46685,0,2023-11-16,0.0
"[60,80)",0,32893,0,2023-11-16,0.0
"[60,80)",1,39034,0,2023-11-16,0.0
"[80,200)",0,5728,0,2023-11-16,0.0
"[80,200)",1,10662,0,2023-11-16,0.0
"[0,40)",0,69733,0,2023-11-17,0.0
"[0,40)",1,65731,0,2023-11-17,0.0
"[40,60)",0,48762,0,2023-11-17,0.0
"[40,60)",1,46685,0,2023-11-17,0.0
"[60,80)",0,32893,0,2023-11-17,0.0
"[60,80)",1,39034,0,2023-11-17,0.0
"[80,200)",0,5728,0,2023-11-17,0.0
"[80,200)",1,10662,0,2023-11-17,0.0
"[0,40)",0,69733,0,2023-11-18,0.0
"[0,40)",1,65731,0,2023-11-18,0.0
"[40,60)",0,48762,0,2023-11-18,0.0
"[40,60)",1,46685,0,2023-11-18,0.0
"[60,80)",0,32893,0,2023-11-18,0.0
"[60,80)",1,39034,0,2023-11-18,0.0
"[80,200)",0,5728,0,2023-11-18,0.0
"[80,200)",1,10662,0,2023-11-18,0.0
"[0,40)",0,69733,0,2023-11-19,0.0
"[0,40)",1,65731,0,2023-11-19,0.0
"[40,60)",0,48762,0,2023-11-19,0.0
"[40,60)",1,46685,0,2023-11-19,0.0
"[60,80)",0,32893,0,2023-11-19,0.0
"[60,80)",1,39034,0,2023-11-19,0.0
"[80,200)",0,5728,0,2023-11-19,0.0
"[80,200)",1,10662,0,2023-11-19,0.0
"[0,40)",0,69733,0,2023-11-20,0.0
"[0,40)",1,65731,0,2023-11-20,0.0
"[40,60)",0,48762,0,2023-11-20,0.0
"[40,60)",1,46685,0,2023-11-20,0.0
"[60,80)",0,32893,0,2023-11-20,0.0
"[60,80)",1,39034,0,2023-11-20,0.0
"[80,200)",0,5728,0,2023-11-20,0.0
"[80,200)",1,10662,0,2023-11-20,0.0
"[0,40)",0,69733,0,2023-11-21,0.0
"[0,40)",1,65731,0,2023-11-21,0.0
"[40,60)",0,48762,0,2023-11-21,0.0
"[40,60)",1,46685,0,2023-11-21,0.0
"[60,80)",0,32893,0,2023-11-21,0.0
"[60,80)",1,39034,0,2023-11-21,0.0
"[80,200)",0,5728,0,2023-11-21,0.0
"[80,200)",1,10662,0,2023-11-21,0.0
"[0,40)",0,69733,0,2023-11-22,0.0
"[0,40)",1,65731,0,2023-11-22,0.0
"[40,60)",0,48762,0,2023-11-22,0.0
"[40,60)",1,46685,0,2023-11-22,0.0
"[60,80)",0,32893,1,2023-11-22,3.040160520475481e-05
"[60,80)",1,39034,0,2023-11-22,0.0
"[80,200)",0,5728,0,2023-11-22,0.0
"[80,200)",1,10662,0,2023-11-22,0.0
"[0,40)",0,69733,0,2023-11-23,0.0
"[0,40)",1,65731,0,2023-11-23,0.0
"[40,60)",0,48762,0,2023-11-23,0.0
"[40,60)",1,46685,0,2023-11-23,0.0
"[60,80)",0,32893,0,2023-11-23,0.0
"[60,80)",1,39034,0,2023-11-23,0.0
"[80,200)",0,5728,0,2023-11-23,0.0
"[80,200)",1,10662,1,2023-11-23,9.379103357719002e-05
"[0,40)",0,69733,0,2023-11-24,0.0
"[0,40)",1,65731,0,2023-11-24,0.0
"[40,60)",0,48762,2,2023-11-24,4.101554489151388e-05
"[40,60)",1,46685,0,2023-11-24,0.0
"[60,80)",0,32893,0,2023-11-24,0.0
"[60,80)",1,39034,0,2023-11-24,0.0
"[80,200)",0,5728,0,2023-11-24,0.0
"[80,200)",1,10662,0,2023-11-24,0.0
"[0,40)",0,69733,0,2023-11-25,0.0
"[0,40)",1,65731,0,2023-11-25,0.0
"[40,60)",0,48762,0,2023-11-25,0.0
"[40,60)",1,46685,0,2023-11-25,0.0
"[60,80)",0,32893,0,2023-11-25,0.0
"[60,80)",1,39034,0,2023-11-25,0.0
"[80,200)",0,5728,0,2023-11-25,0.0
"[80,200)",1,10662,0,2023-11-25,0.0
"[0,40)",0,69733,0,2023-11-26,0.0
"[0,40)",1,65731,0,2023-11-26,0.0
"[40,60)",0,48762,0,2023-11-26,0.0
"[40,60)",1,46685,0,2023-11-26,0.0
"[60,80)",0,32893,0,2023-11-26,0.0
"[60,80)",1,39034,0,2023-11-26,0.0
"[80,200)",0,5728,0,2023-11-26,0.0
"[80,200)",1,10662,0,2023-11-26,0.0
"[0,40)",0,69733,0,2023-11-27,0.0
"[0,40)",1,65731,1,2023-11-27,1.5213521778156426e-05
"[40,60)",0,48762,0,2023-11-27,0.0
"[40,60)",1,46685,0,2023-11-27,0.0
"[60,80)",0,32893,0,2023-11-27,0.0
"[60,80)",1,39034,2,2023-11-27,5.1237382794486854e-05
"[80,200)",0,5728,0,2023-11-27,0.0
"[80,200)",1,10662,0,2023-11-27,0.0
"[0,40)",0,69733,0,2023-11-28,0.0
"[0,40)",1,65731,0,2023-11-28,0.0
"[40,60)",0,48762,0,2023-11-28,0.0
"[40,60)",1,46685,0,2023-11-28,0.0
"[60,80)",0,32893,1,2023-11-28,3.040160520475481e-05
"[60,80)",1,39034,1,2023-11-28,2.5618691397243427e-05
"[80,200)",0,5728,0,2023-11-28,0.0
"[80,200)",1,10662,0,2023-11-28,0.0
"[0,40)",0,69733,1,2023-11-29,1.4340412717077997e-05
"[0,40)",1,65731,0,2023-11-29,0.0
"[40,60)",0,48762,0,2023-11-29,0.0
"[40,60)",1,46685,0,2023-11-29,0.0
"[60,80)",0,32893,0,2023-11-29,0.0
"[60,80)",1,39034,0,2023-11-29,0.0
"[80,200)",0,5728,0,2023-11-29,0.0
"[80,200)",1,10662,0,2023-11-29,0.0
"[0,40)",0,69733,0,2023-11-30,0.0
"[0,40)",1,65731,0,2023-11-30,0.0
"[40,60)",0,48762,0,2023-11-30,0.0
"[40,60)",1,46685,0,2023-11-30,0.0
"[60,80)",0,32893,0,2023-11-30,0.0
"[60,80)",1,39034,0,2023-11-30,0.0
"[80,200)",0,5728,0,2023-11-30,0.0
"[80,200)",1,10662,0,2023-11-30,0.0
"[0,40)",0,69733,0,2023-12-01,0.0
"[0,40)",1,65731,0,2023-12-01,0.0
"[40,60)",0,48762,0,2023-12-01,0.0
"[40,60)",1,46685,0,2023-12-01,0.0
"[60,80)",0,32893,0,2023-12-01,0.0
"[60,80)",1,39034,0,2023-12-01,0.0
"[80,200)",0,5728,0,2023-12-01,0.0
"[80,200)",1,10662,0,2023-12-01,0.0
"[0,40)",0,69733,0,2023-12-02,0.0
"[0,40)",1,65731,0,2023-12-02,0.0
"[40,60)",0,48762,0,2023-12-02,0.0
"[40,60)",1,46685,0,2023-12-02,0.0
"[60,80)",0,32893,0,2023-12-02,0.0
"[60,80)",1,39034,0,2023-12-02,0.0
"[80,200)",0,5728,0,2023-12-02,0.0
"[80,200)",1,10662,0,2023-12-02,0.0
"[0,40)",0,69733,0,2023-12-03,0.0
"[0,40)",1,65731,0,2023-12-03,0.0
"[40,60)",0,48762,0,2023-12-03,0.0
"[40,60)",1,46685,0,2023-12-03,0.0
"[60,80)",0,32893,0,2023-12-03,0.0
"[60,80)",1,39034,0,2023-12-03,0.0
"[80,200)",0,5728,0,2023-12-03,0.0
"[80,200)",1,10662,0,2023-12-03,0.0
"[0,40)",0,69733,1,2023-12-04,1.4340412717077997e-05
"[0,40)",1,65731,0,2023-12-04,0.0
"[40,60)",0,48762,0,2023-12-04,0.0
"[40,60)",1,46685,0,2023-12-04,0.0
"[60,80)",0,32893,0,2023-12-04,0.0
"[60,80)",1,39034,0,2023-12-04,0.0
"[80,200)",0,5728,0,2023-12-04,0.0
"[80,200)",1,10662,0,2023-12-04,0.0
"[0,40)",0,69733,0,2023-12-05,0.0
"[0,40)",1,65731,0,2023-12-05,0.0
"[40,60)",0,48762,0,2023-12-05,0.0
"[40,60)",1,46685,0,2023-12-05,0.0
"[60,80)",0,32893,0,2023-12-05,0.0
"[60,80)",1,39034,0,2023-12-05,0.0
"[80,200)",0,5728,0,2023-12-05,0.0
"[80,200)",1,10662,0,2023-12-05,0.0
"[0,40)",0,69733,0,2023-12-06,0.0
"[0,40)",1,65731,0,2023-12-06,0.0
"[40,60)",0,48762,1,2023-12-06,2.050777244575694e-05
"[40,60)",1,46685,1,2023-12-06,2.142015636714148e-05
"[60,80)",0,32893,0,2023-12-06,0.0
"[60,80)",1,39034,0,2023-12-06,0.0
"[80,200)",0,5728,0,2023-12-06,0.0
"[80,200)",1,10662,0,2023-12-06,0.0
"[0,40)",0,69733,0,2023-12-07,0.0
"[0,40)",1,65731,0,2023-12-07,0.0
"[40,60)",0,48762,0,2023-12-07,0.0
"[40,60)",1,46685,0,2023-12-07,0.0
"[60,80)",0,32893,0,2023-12-07,0.0
"[60,80)",1,39034,0,2023-12-07,0.0
"[80,200)",0,5728,0,2023-12-07,0.0
"[80,200)",1,10662,0,2023-12-07,0.0
"[0,40)",0,69733,0,2023-12-08,0.0
"[0,40)",1,65731,0,2023-12-08,0.0
"[40,60)",0,48762,0,2023-12-08,0.0
"[40,60)",1,46685,0,2023-12-08,0.0
"[60,80)",0,32893,0,2023-12-08,0.0
"[60,80)",1,39034,0,2023-12-08,0.0
"[80,200)",0,5728,0,2023-12-08,0.0
"[80,200)",1,10662,1,2023-12-08,9.379103357719002e-05
"[0,40)",0,69733,0,2023-12-09,0.0
"[0,40)",1,65731,0,2023-12-09,0.0
"[40,60)",0,48762,0,2023-12-09,0.0
"[40,60)",1,46685,0,2023-12-09,0.0
"[60,80)",0,32893,0,2023-12-09,0.0
"[60,80)",1,39034,0,2023-12-09,0.0
"[80,200)",0,5728,0,2023-12-09,0.0
"[80,200)",1,10662,0,2023-12-09,0.0
"[0,40)",0,69733,0,2023-12-10,0.0
"[0,40)",1,65731,0,2023-12-10,0.0
"[40,60)",0,48762,0,2023-12-10,0.0
"[40,60)",1,46685,0,2023-12-10,0.0
"[60,80)",0,32893,0,2023-12-10,0.0
"[60,80)",1,39034,0,2023-12-10,0.0
"[80,200)",0,5728,0,2023-12-10,0.0
"[80,200)",1,10662,0,2023-12-10,0.0
"[0,40)",0,69733,0,2023-12-11,0.0
"[0,40)",1,65731,0,2023-12-11,0.0
"[40,60)",0,48762,0,2023-12-11,0.0
"[40,60)",1,46685,0,2023-12-11,0.0
"[60,80)",0,32893,0,2023-12-11,0.0
"[60,80)",1,39034,0,2023-12-11,0.0
"[80,200)",0,5728,0,2023-12-11,0.0
"[80,200)",1,10662,0,2023-12-11,0.0
"[0,40)",0,69733,0,2023-12-12,0.0
"[0,40)",1,65731,1,2023-12-12,1.5213521778156426e-05
"[40,60)",0,48762,0,2023-12-12,0.0
"[40,60)",1,46685,0,2023-12-12,0.0
"[60,80)",0,32893,0,2023-12-12,0.0
"[60,80)",1,39034,0,2023-12-12,0.0
"[80,200)",0,5728,0,2023-12-12,0.0
"[80,200)",1,10662,0,2023-12-12,0.0
"[0,40)",0,69733,0,2023-12-13,0.0
"[0,40)",1,65731,0,2023-12-13,0.0
"[40,60)",0,48762,0,2023-12-13,0.0
"[40,60)",1,46685,0,2023-12-13,0.0
"[60,80)",0,32893,0,2023-12-13,0.0
"[60,80)",1,39034,0,2023-12-13,0.0
"[80,200)",0,5728,0,2023-12-13,0.0
"[80,200)",1,10662,1,2023-12-13,9.379103357719002e-05
"[0,40)",0,69733,0,2023-12-14,0.0
"[0,40)",1,65731,0,2023-12-14,0.0
"[40,60)",0,48762,0,2023-12-14,0.0
"[40,60)",1,46685,0,2023-12-14,0.0
"[60,80)",0,32893,0,2023-12-14,0.0
"[60,80)",1,39034,0,2023-12-14,0.0
"[80,200)",0,5728,0,2023-12-14,0.0
"[80,200)",1,10662,0,2023-12-14,0.0
"[0,40)",0,69733,0,2023-12-15,0.0
"[0,40)",1,65731,0,2023-12-15,0.0
"[40,60)",0,48762,0,2023-12-15,0.0
"[40,60)",1,46685,0,2023-12-15,0.0
"[60,80)",0,32893,0,2023-12-15,0.0
"[60,80)",1,39034,0,2023-12-15,0.0
"[80,200)",0,5728,0,2023-12-15,0.0
"[80,200)",1,10662,0,2023-12-15,0.0
"[0,40)",0,69733,0,2023-12-16,0.0
"[0,40)",1,65731,0,2023-12-16,0.0
"[40,60)",0,48762,0,2023-12-16,0.0
"[40,60)",1,46685,0,2023-12-16,0.0
"[60,80)",0,32893,0,2023-12-16,0.0
"[60,80)",1,39034,0,2023-12-16,0.0
"[80,200)",0,5728,0,2023-12-16,0.0
"[80,200)",1,10662,0,2023-12-16,0.0
"[0,40)",0,69733,0,2023-12-17,0.0
"[0,40)",1,65731,0,2023-12-17,0.0
"[40,60)",0,48762,0,2023-12-17,0.0
"[40,60)",1,46685,0,2023-12-17,0.0
"[60,80)",0,32893,0,2023-12-17,0.0
"[60,80)",1,39034,0,2023-12-17,0.0
"[80,200)",0,5728,0,2023-12-17,0.0
"[80,200)",1,10662,0,2023-12-17,0.0
"[0,40)",0,69733,0,2023-12-18,0.0
"[0,40)",1,65731,0,2023-12-18,0.0
"[40,60)",0,48762,0,2023-12-18,0.0
"[40,60)",1,46685,0,2023-12-18,0.0
"[60,80)",0,32893,0,2023-12-18,0.0
"[60,80)",1,39034,0,2023-12-18,0.0
"[80,200)",0,5728,1,2023-12-18,0.00017458100558659218
"[80,200)",1,10662,0,2023-12-18,0.0
"[0,40)",0,69733,0,2023-12-19,0.0
"[0,40)",1,65731,0,2023-12-19,0.0
"[40,60)",0,48762,1,2023-12-19,2.050777244575694e-05
"[40,60)",1,46685,0,2023-12-19,0.0
"[60,80)",0,32893,0,2023-12-19,0.0
"[60,80)",1,39034,0,2023-12-19,0.0
"[80,200)",0,5728,0,2023-12-19,0.0
"[80,200)",1,10662,0,2023-12-19,0.0
"[0,40)",0,69733,0,2023-12-20,0.0
"[0,40)",1,65731,0,2023-12-20,0.0
"[40,60)",0,48762,0,2023-12-20,0.0
"[40,60)",1,46685,0,2023-12-20,0.0
"[60,80)",0,32893,0,2023-12-20,0.0
"[60,80)",1,39034,0,2023-12-20,0.0
"[80,200)",0,5728,0,2023-12-20,0.0
"[80,200)",1,10662,0,2023-12-20,0.0
"[0,40)",0,69733,0,2023-12-21,0.0
"[0,40)",1,65731,0,2023-12-21,0.0
"[40,60)",0,48762,0,2023-12-21,0.0
"[40,60)",1,46685,0,2023-12-21,0.0
"[60,80)",0,32893,0,2023-12-21,0.0
"[60,80)",1,39034,0,2023-12-21,0.0
"[80,200)",0,5728,0,2023-12-21,0.0
"[80,200)",1,10662,0,2023-12-21,0.0
"[0,40)",0,69733,0,2023-12-22,0.0
"[0,40)",1,65731,0,2023-12-22,0.0
"[40,60)",0,48762,0,2023-12-22,0.0
"[40,60)",1,46685,0,2023-12-22,0.0
"[60,80)",0,32893,0,2023-12-22,0.0
"[60,80)",1,39034,0,2023-12-22,0.0
"[80,200)",0,5728,0,2023-12-22,0.0
"[80,200)",1,10662,0,2023-12-22,0.0
"[0,40)",0,69733,0,2023-12-23,0.0
"[0,40)",1,65731,0,2023-12-23,0.0
"[40,60)",0,48762,0,2023-12-23,0.0
"[40,60)",1,46685,0,2023-12-23,0.0
"[60,80)",0,32893,0,2023-12-23,0.0
"[60,80)",1,39034,0,2023-12-23,0.0
"[80,200)",0,5728,0,2023-12-23,0.0
"[80,200)",1,10662,0,2023-12-23,0.0
"[0,40)",0,69733,0,2023-12-24,0.0
"[0,40)",1,65731,0,2023-12-24,0.0
"[40,60)",0,48762,0,2023-12-24,0.0
"[40,60)",1,46685,0,2023-12-24,0.0
"[60,80)",0,32893,0,2023-12-24,0.0
"[60,80)",1,39034,0,2023-12-24,0.0
"[80,200)",0,5728,0,2023-12-24,0.0
"[80,200)",1,10662,0,2023-12-24,0.0
"[0,40)",0,69733,0,2023-12-25,0.0
"[0,40)",1,65731,0,2023-12-25,0.0
"[40,60)",0,48762,0,2023-12-25,0.0
"[40,60)",1,46685,0,2023-12-25,0.0
"[60,80)",0,32893,0,2023-12-25,0.0
"[60,80)",1,39034,0,2023-12-25,0.0
"[80,200)",0,5728,0,2023-12-25,0.0
"[80,200)",1,10662,0,2023-12-25,0.0
"[0,40)",0,69733,0,2023-12-26,0.0
"[0,40)",1,65731,0,2023-12-26,0.0
"[40,60)",0,48762,0,2023-12-26,0.0
"[40,60)",1,46685,0,2023-12-26,0.0
"[60,80)",0,32893,0,2023-12-26,0.0
"[60,80)",1,39034,0,2023-12-26,0.0
"[80,200)",0,5728,0,2023-12-26,0.0
"[80,200)",1,10662,0,2023-12-26,0.0
"[0,40)",0,69733,0,2023-12-27,0.0
"[0,40)",1,65731,0,2023-12-27,0.0
"[40,60)",0,48762,0,2023-12-27,0.0
"[40,60)",1,46685,0,2023-12-27,0.0
"[60,80)",0,32893,0,2023-12-27,0.0
"[60,80)",1,39034,0,2023-12-27,0.0
"[80,200)",0,5728,0,2023-12-27,0.0
"[80,200)",1,10662,0,2023-12-27,0.0
"[0,40)",0,69733,0,2023-12-28,0.0
"[0,40)",1,65731,0,2023-12-28,0.0
"[40,60)",0,48762,0,2023-12-28,0.0
"[40,60)",1,46685,0,2023-12-28,0.0
"[60,80)",0,32893,0,2023-12-28,0.0
"[60,80)",1,39034,0,2023-12-28,0.0
"[80,200)",0,5728,0,2023-12-28,0.0
"[80,200)",1,10662,0,2023-12-28,0.0
"[0,40)",0,69733,0,2023-12-29,0.0
"[0,40)",1,65731,0,2023-12-29,0.0
"[40,60)",0,48762,0,2023-12-29,0.0
"[40,60)",1,46685,0,2023-12-29,0.0
"[60,80)",0,32893,0,2023-12-29,0.0
"[60,80)",1,39034,0,2023-12-29,0.0
"[80,200)",0,5728,0,2023-12-29,0.0
"[80,200)",1,10662,0,2023-12-29,0.0
"[0,40)",0,69733,0,2023-12-30,0.0
"[0,40)",1,65731,0,2023-12-30,0.0
"[40,60)",0,48762,0,2023-12-30,0.0
"[40,60)",1,46685,0,2023-12-30,0.0
"[60,80)",0,32893,0,2023-12-30,0.0
"[60,80)",1,39034,0,2023-12-30,0.0
"[80,200)",0,5728,0,2023-12-30,0.0
"[80,200)",1,10662,0,2023-12-30,0.0
"[0,40)",0,69733,0,2023-12-31,0.0
"[0,40)",1,65731,0,2023-12-31,0.0
"[40,60)",0,48762,0,2023-12-31,0.0
"[40,60)",1,46685,0,2023-12-31,0.0
"[60,80)",0,32893,0,2023-12-31,0.0
"[60,80)",1,39034,0,2023-12-31,0.0
"[80,200)",0,5728,0,2023-12-31,0.0
"[80,200)",1,10662,0,2023-12-31,0.0
"[0,40)",0,67373,0,2024-01-01,0.0
"[0,40)",1,63604,0,2024-01-01,0.0
"[40,60)",0,48956,0,2024-01-01,0.0
"[40,60)",1,46769,0,2024-01-01,0.0
"[60,80)",0,34102,0,2024-01-01,0.0
"[60,80)",1,39576,0,2024-01-01,0.0
"[80,200)",0,6685,0,2024-01-01,0.0
"[80,200)",1,12163,0,2024-01-01,0.0
"[0,40)",0,67373,0,2024-01-02,0.0
"[0,40)",1,63604,0,2024-01-02,0.0
"[40,60)",0,48956,0,2024-01-02,0.0
"[40,60)",1,46769,0,2024-01-02,0.0
"[60,80)",0,34102,0,2024-01-02,0.0
"[60,80)",1,39576,0,2024-01-02,0.0
"[80,200)",0,6685,0,2024-01-02,0.0
"[80,200)",1,12163,0,2024-01-02,0.0
"[0,40)",0,67373,0,2024-01-03,0.0
"[0,40)",1,63604,1,2024-01-03,1.572228161750833e-05
"[40,60)",0,48956,0,2024-01-03,0.0
"[40,60)",1,46769,0,2024-01-03,0.0
"[60,80)",0,34102,0,2024-01-03,0.0
"[60,80)",1,39576,0,2024-01-03,0.0
"[80,200)",0,6685,0,2024-01-03,0.0
"[80,200)",1,12163,0,2024-01-03,0.0
"[0,40)",0,67373,0,2024-01-04,0.0
"[0,40)",1,63604,0,2024-01-04,0.0
"[40,60)",0,48956,0,2024-01-04,0.0
"[40,60)",1,46769,0,2024-01-04,0.0
"[60,80)",0,34102,0,2024-01-04,0.0
"[60,80)",1,39576,0,2024-01-04,0.0
"[80,200)",0,6685,0,2024-01-04,0.0
"[80,200)",1,12163,0,2024-01-04,0.0
"[0,40)",0,67373,0,2024-01-05,0.0
"[0,40)",1,63604,0,2024-01-05,0.0
"[40,60)",0,48956,0,2024-01-05,0.0
"[40,60)",1,46769,0,2024-01-05,0.0
"[60,80)",0,34102,0,2024-01-05,0.0
"[60,80)",1,39576,0,2024-01-05,0.0
"[80,200)",0,6685,0,2024-01-05,0.0
"[80,200)",1,12163,0,2024-01-05,0.0
"[0,40)",0,67373,0,2024-01-06,0.0
"[0,40)",1,63604,0,2024-01-06,0.0
"[40,60)",0,48956,0,2024-01-06,0.0
"[40,60)",1,46769,0,2024-01-06,0.0
"[60,80)",0,34102,0,2024-01-06,0.0
"[60,80)",1,39576,0,2024-01-06,0.0
"[80,200)",0,6685,0,2024-01-06,0.0
"[80,200)",1,12163,0,2024-01-06,0.0
"[0,40)",0,67373,0,2024-01-07,0.0
"[0,40)",1,63604,0,2024-01-07,0.0
"[40,60)",0,48956,0,2024-01-07,0.0
"[40,60)",1,46769,0,2024-01-07,0.0
"[60,80)",0,34102,0,2024-01-07,0.0
"[60,80)",1,39576,0,2024-01-07,0.0
"[80,200)",0,6685,0,2024-01-07,0.0
"[80,200)",1,12163,0,2024-01-07,0.0
"[0,40)",0,67373,0,2024-01-08,0.0
"[0,40)",1,63604,0,2024-01-08,0.0
"[40,60)",0,48956,0,2024-01-08,0.0
"[40,60)",1,46769,0,2024-01-08,0.0
"[60,80)",0,34102,0,2024-01-08,0.0
"[60,80)",1,39576,0,2024-01-08,0.0
"[80,200)",0,6685,0,2024-01-08,0.0
"[80,200)",1,12163,0,2024-01-08,0.0
"[0,40)",0,67373,0,2024-01-09,0.0
"[0,40)",1,63604,0,2024-01-09,0.0
"[40,60)",0,48956,0,2024-01-09,0.0
"[40,60)",1,46769,0,2024-01-09,0.0
"[60,80)",0,34102,0,2024-01-09,0.0
"[60,80)",1,39576,0,2024-01-09,0.0
"[80,200)",0,6685,0,2024-01-09,0.0
"[80,200)",1,12163,0,2024-01-09,0.0
"[0,40)",0,67373,0,2024-01-10,0.0
"[0,40)",1,63604,0,2024-01-10,0.0
"[40,60)",0,48956,0,2024-01-10,0.0
"[40,60)",1,46769,0,2024-01-10,0.0
"[60,80)",0,34102,0,2024-01-10,0.0
"[60,80)",1,39576,0,2024-01-10,0.0
"[80,200)",0,6685,0,2024-01-10,0.0
"[80,200)",1,12163,0,2024-01-10,0.0
"[0,40)",0,67373,0,2024-01-11,0.0
"[0,40)",1,63604,0,2024-01-11,0.0
"[40,60)",0,48956,0,2024-01-11,0.0
"[40,60)",1,46769,0,2024-01-11,0.0
"[60,80)",0,34102,0,2024-01-11,0.0
"[60,80)",1,39576,0,2024-01-11,0.0
"[80,200)",0,6685,0,2024-01-11,0.0
"[80,200)",1,12163,0,2024-01-11,0.0
"[0,40)",0,67373,0,2024-01-12,0.0
"[0,40)",1,63604,0,2024-01-12,0.0
"[40,60)",0,48956,0,2024-01-12,0.0
"[40,60)",1,46769,0,2024-01-12,0.0
"[60,80)",0,34102,0,2024-01-12,0.0
"[60,80)",1,39576,0,2024-01-12,0.0
"[80,200)",0,6685,0,2024-01-12,0.0
"[80,200)",1,12163,0,2024-01-12,0.0
"[0,40)",0,67373,0,2024-01-13,0.0
"[0,40)",1,63604,0,2024-01-13,0.0
"[40,60)",0,48956,0,2024-01-13,0.0
"[40,60)",1,46769,0,2024-01-13,0.0
"[60,80)",0,34102,0,2024-01-13,0.0
"[60,80)",1,39576,0,2024-01-13,0.0
"[80,200)",0,6685,0,2024-01-13,0.0
"[80,200)",1,12163,0,2024-01-13,0.0
"[0,40)",0,67373,0,2024-01-14,0.0
"[0,40)",1,63604,0,2024-01-14,0.0
"[40,60)",0,48956,0,2024-01-14,0.0
"[40,60)",1,46769,0,2024-01-14,0.0
"[60,80)",0,34102,0,2024-01-14,0.0
"[60,80)",1,39576,0,2024-01-14,0.0
"[80,200)",0,6685,0,2024-01-14,0.0
"[80,200)",1,12163,0,2024-01-14,0.0
"[0,40)",0,67373,0,2024-01-15,0.0
"[0,40)",1,63604,0,2024-01-15,0.0
"[40,60)",0,48956,0,2024-01-15,0.0
"[40,60)",1,46769,0,2024-01-15,0.0
"[60,80)",0,34102,0,2024-01-15,0.0
"[60,80)",1,39576,0,2024-01-15,0.0
"[80,200)",0,6685,0,2024-01-15,0.0
"[80,200)",1,12163,0,2024-01-15,0.0
"[0,40)",0,67373,0,2024-01-16,0.0
"[0,40)",1,63604,0,2024-01-16,0.0
"[40,60)",0,48956,0,2024-01-16,0.0
"[40,60)",1,46769,0,2024-01-16,0.0
"[60,80)",0,34102,0,2024-01-16,0.0
"[60,80)",1,39576,0,2024-01-16,0.0
"[80,200)",0,6685,0,2024-01-16,0.0
"[80,200)",1,12163,1,2024-01-16,8.221655841486475e-05
"[0,40)",0,67373,0,2024-01-17,0.0
"[0,40)",1,63604,0,2024-01-17,0.0
"[40,60)",0,48956,0,2024-01-17,0.0
"[40,60)",1,46769,0,2024-01-17,0.0
"[60,80)",0,34102,0,2024-01-17,0.0
"[60,80)",1,39576,0,2024-01-17,0.0
"[80,200)",0,6685,0,2024-01-17,0.0
"[80,200)",1,12163,0,2024-01-17,0.0
"[0,40)",0,67373,0,2024-01-18,0.0
"[0,40)",1,63604,0,2024-01-18,0.0
"[40,60)",0,48956,0,2024-01-18,0.0
"[40,60)",1,46769,0,2024-01-18,0.0
"[60,80)",0,34102,0,2024-01-18,0.0
"[60,80)",1,39576,0,2024-01-18,0.0
"[80,200)",0,6685,0,2024-01-18,0.0
"[80,200)",1,12163,0,2024-01-18,0.0
"[0,40)",0,67373,0,2024-01-19,0.0
"[0,40)",1,63604,0,2024-01-19,0.0
"[40,60)",0,48956,0,2024-01-19,0.0
"[40,60)",1,46769,0,2024-01-19,0.0
"[60,80)",0,34102,0,2024-01-19,0.0
"[60,80)",1,39576,0,2024-01-19,0.0
"[80,200)",0,6685,0,2024-01-19,0.0
"[80,200)",1,12163,0,2024-01-19,0.0
"[0,40)",0,67373,0,2024-01-20,0.0
"[0,40)",1,63604,0,2024-01-20,0.0
"[40,60)",0,48956,0,2024-01-20,0.0
"[40,60)",1,46769,0,2024-01-20,0.0
"[60,80)",0,34102,0,2024-01-20,0.0
"[60,80)",1,39576,0,2024-01-20,0.0
"[80,200)",0,6685,0,2024-01-20,0.0
"[80,200)",1,12163,0,2024-01-20,0.0
"[0,40)",0,67373,0,2024-01-21,0.0
"[0,40)",1,63604,0,2024-01-21,0.0
"[40,60)",0,48956,0,2024-01-21,0.0
"[40,60)",1,46769,0,2024-01-21,0.0
"[60,80)",0,34102,0,2024-01-21,0.0
"[60,80)",1,39576,0,2024-01-21,0.0
"[80,200)",0,6685,0,2024-01-21,0.0
"[80,200)",1,12163,0,2024-01-21,0.0
"[0,40)",0,67373,0,2024-01-22,0.0
"[0,40)",1,63604,0,2024-01-22,0.0
"[40,60)",0,48956,0,2024-01-22,0.0
"[40,60)",1,46769,0,2024-01-22,0.0
"[60,80)",0,34102,0,2024-01-22,0.0
"[60,80)",1,39576,0,2024-01-22,0.0
"[80,200)",0,6685,0,2024-01-22,0.0
"[80,200)",1,12163,0,2024-01-22,0.0
"[0,40)",0,67373,0,2024-01-23,0.0
"[0,40)",1,63604,0,2024-01-23,0.0
"[40,60)",0,48956,0,2024-01-23,0.0
"[40,60)",1,46769,0,2024-01-23,0.0
"[60,80)",0,34102,0,2024-01-23,0.0
"[60,80)",1,39576,0,2024-01-23,0.0
"[80,200)",0,6685,0,2024-01-23,0.0
"[80,200)",1,12163,0,2024-01-23,0.0
"[0,40)",0,67373,0,2024-01-24,0.0
"[0,40)",1,63604,0,2024-01-24,0.0
"[40,60)",0,48956,0,2024-01-24,0.0
"[40,60)",1,46769,1,2024-01-24,2.13816844491009e-05
"[60,80)",0,34102,0,2024-01-24,0.0
"[60,80)",1,39576,0,2024-01-24,0.0
"[80,200)",0,6685,0,2024-01-24,0.0
"[80,200)",1,12163,0,2024-01-24,0.0
"[0,40)",0,67373,0,2024-01-25,0.0
"[0,40)",1,63604,0,2024-01-25,0.0
"[40,60)",0,48956,0,2024-01-25,0.0
"[40,60)",1,46769,0,2024-01-25,0.0
"[60,80)",0,34102,0,2024-01-25,0.0
"[60,80)",1,39576,0,2024-01-25,0.0
"[80,200)",0,6685,0,2024-01-25,0.0
"[80,200)",1,12163,0,2024-01-25,0.0
"[0,40)",0,67373,1,2024-01-26,1.4842741157436955e-05
"[0,40)",1,63604,0,2024-01-26,0.0
"[40,60)",0,48956,0,2024-01-26,0.0
"[40,60)",1,46769,0,2024-01-26,0.0
"[60,80)",0,34102,0,2024-01-26,0.0
"[60,80)",1,39576,0,2024-01-26,0.0
"[80,200)",0,6685,0,2024-01-26,0.0
"[80,200)",1,12163,0,2024-01-26,0.0
"[0,40)",0,67373,0,2024-01-27,0.0
"[0,40)",1,63604,0,2024-01-27,0.0
"[40,60)",0,48956,0,2024-01-27,0.0
"[40,60)",1,46769,0,2024-01-27,0.0
"[60,80)",0,34102,0,2024-01-27,0.0
"[60,80)",1,39576,0,2024-01-27,0.0
"[80,200)",0,6685,0,2024-01-27,0.0
"[80,200)",1,12163,0,2024-01-27,0.0
"[0,40)",0,67373,0,2024-01-28,0.0
"[0,40)",1,63604,0,2024-01-28,0.0
"[40,60)",0,48956,0,2024-01-28,0.0
"[40,60)",1,46769,0,2024-01-28,0.0
"[60,80)",0,34102,0,2024-01-28,0.0
"[60,80)",1,39576,0,2024-01-28,0.0
"[80,200)",0,6685,0,2024-01-28,0.0
"[80,200)",1,12163,0,2024-01-28,0.0
"[0,40)",0,67373,0,2024-01-29,0.0
"[0,40)",1,63604,0,2024-01-29,0.0
"[40,60)",0,48956,0,2024-01-29,0.0
"[40,60)",1,46769,0,2024-01-29,0.0
"[60,80)",0,34102,0,2024-01-29,0.0
"[60,80)",1,39576,0,2024-01-29,0.0
"[80,200)",0,6685,0,2024-01-29,0.0
"[80,200)",1,12163,0,2024-01-29,0.0
"[0,40)",0,67373,0,2024-01-30,0.0
"[0,40)",1,63604,0,2024-01-30,0.0
"[40,60)",0,48956,0,2024-01-30,0.0
"[40,60)",1,46769,0,2024-01-30,0.0
"[60,80)",0,34102,0,2024-01-30,0.0
"[60,80)",1,39576,0,2024-01-30,0.0
"[80,200)",0,6685,0,2024-01-30,0.0
"[80,200)",1,12163,0,2024-01-30,0.0
"[0,40)",0,67373,0,2024-01-31,0.0
"[0,40)",1,63604,0,2024-01-31,0.0
"[40,60)",0,48956,0,2024-01-31,0.0
"[40,60)",1,46769,0,2024-01-31,0.0
"[60,80)",0,34102,0,2024-01-31,0.0
"[60,80)",1,39576,0,2024-01-31,0.0
"[80,200)",0,6685,0,2024-01-31,0.0
"[80,200)",1,12163,0,2024-01-31,0.0
"[0,40)",0,67373,0,2024-02-01,0.0
"[0,40)",1,63604,0,2024-02-01,0.0
"[40,60)",0,48956,0,2024-02-01,0.0
"[40,60)",1,46769,0,2024-02-01,0.0
"[60,80)",0,34102,0,2024-02-01,0.0
"[60,80)",1,39576,0,2024-02-01,0.0
"[80,200)",0,6685,0,2024-02-01,0.0
"[80,200)",1,12163,0,2024-02-01,0.0
"[0,40)",0,67373,0,2024-02-02,0.0
"[0,40)",1,63604,0,2024-02-02,0.0
"[40,60)",0,48956,0,2024-02-02,0.0
"[40,60)",1,46769,0,2024-02-02,0.0
"[60,80)",0,34102,0,2024-02-02,0.0
"[60,80)",1,39576,0,2024-02-02,0.0
"[80,200)",0,6685,0,2024-02-02,0.0
"[80,200)",1,12163,0,2024-02-02,0.0
"[0,40)",0,67373,0,2024-02-03,0.0
"[0,40)",1,63604,0,2024-02-03,0.0
"[40,60)",0,48956,0,2024-02-03,0.0
"[40,60)",1,46769,0,2024-02-03,0.0
"[60,80)",0,34102,0,2024-02-03,0.0
"[60,80)",1,39576,0,2024-02-03,0.0
"[80,200)",0,6685,0,2024-02-03,0.0
"[80,200)",1,12163,0,2024-02-03,0.0
"[0,40)",0,67373,0,2024-02-04,0.0
"[0,40)",1,63604,0,2024-02-04,0.0
"[40,60)",0,48956,0,2024-02-04,0.0
"[40,60)",1,46769,0,2024-02-04,0.0
"[60,80)",0,34102,0,2024-02-04,0.0
"[60,80)",1,39576,0,2024-02-04,0.0
"[80,200)",0,6685,0,2024-02-04,0.0
"[80,200)",1,12163,0,2024-02-04,0.0
"[0,40)",0,67373,0,2024-02-05,0.0
"[0,40)",1,63604,0,2024-02-05,0.0
"[40,60)",0,48956,0,2024-02-05,0.0
"[40,60)",1,46769,0,2024-02-05,0.0
"[60,80)",0,34102,0,2024-02-05,0.0
"[60,80)",1,39576,0,2024-02-05,0.0
"[80,200)",0,6685,0,2024-02-05,0.0
"[80,200)",1,12163,0,2024-02-05,0.0
"[0,40)",0,67373,0,2024-02-06,0.0
"[0,40)",1,63604,0,2024-02-06,0.0
"[40,60)",0,48956,0,2024-02-06,0.0
"[40,60)",1,46769,0,2024-02-06,0.0
"[60,80)",0,34102,0,2024-02-06,0.0
"[60,80)",1,39576,0,2024-02-06,0.0
"[80,200)",0,6685,0,2024-02-06,0.0
"[80,200)",1,12163,0,2024-02-06,0.0
"[0,40)",0,67373,0,2024-02-07,0.0
"[0,40)",1,63604,0,2024-02-07,0.0
"[40,60)",0,48956,1,2024-02-07,2.0426505433450444e-05
"[40,60)",1,46769,0,2024-02-07,0.0
"[60,80)",0,34102,0,2024-02-07,0.0
"[60,80)",1,39576,0,2024-02-07,0.0
"[80,200)",0,6685,0,2024-02-07,0.0
"[80,200)",1,12163,0,2024-02-07,0.0
