age_group,sex,n_at_risk,n_vacc,calendar_day,hazard
"[60,70)",0,631246,0,2020-12-27,0.0
"[60,70)",1,686110,0,2020-12-27,0.0
"[70,80)",0,466250,0,2020-12-27,0.0
"[70,80)",1,608990,0,2020-12-27,0.0
,0,4239474,0,2020-12-27,0.0
,1,4179441,0,2020-12-27,0.0
"[60,70)",0,631218,0,2020-12-28,0.0
"[60,70)",1,686089,0,2020-12-28,0.0
"[70,80)",0,466194,0,2020-12-28,0.0
"[70,80)",1,608949,0,2020-12-28,0.0
,0,4239392,0,2020-12-28,0.0
,1,4179346,0,2020-12-28,0.0
"[60,70)",0,631183,0,2020-12-29,0.0
"[60,70)",1,686076,0,2020-12-29,0.0
"[70,80)",0,466145,0,2020-12-29,0.0
"[70,80)",1,608899,0,2020-12-29,0.0
,0,4239306,0,2020-12-29,0.0
,1,4179239,0,2020-12-29,0.0
"[60,70)",0,631145,0,2020-12-30,0.0
"[60,70)",1,686070,0,2020-12-30,0.0
"[70,80)",0,466079,0,2020-12-30,0.0
"[70,80)",1,608866,0,2020-12-30,0.0
,0,4239236,0,2020-12-30,0.0
,1,4179131,0,2020-12-30,0.0
"[60,70)",0,631107,0,2020-12-31,0.0
"[60,70)",1,686050,0,2020-12-31,0.0
"[70,80)",0,466028,0,2020-12-31,0.0
"[70,80)",1,608833,0,2020-12-31,0.0
,0,4239158,0,2020-12-31,0.0
,1,4179006,0,2020-12-31,0.0
"[60,70)",0,629548,0,2021-01-01,0.0
"[60,70)",1,673587,0,2021-01-01,0.0
"[70,80)",0,499362,0,2021-01-01,0.0
"[70,80)",1,639231,0,2021-01-01,0.0
,0,4207196,0,2021-01-01,0.0
,1,4160950,0,2021-01-01,0.0
"[60,70)",0,629521,0,2021-01-02,0.0
"[60,70)",1,673568,0,2021-01-02,0.0
"[70,80)",0,499311,0,2021-01-02,0.0
"[70,80)",1,639188,0,2021-01-02,0.0
,0,4207121,0,2021-01-02,0.0
,1,4160832,0,2021-01-02,0.0
"[60,70)",0,629496,0,2021-01-03,0.0
"[60,70)",1,673548,0,2021-01-03,0.0
"[70,80)",0,499268,0,2021-01-03,0.0
"[70,80)",1,639145,0,2021-01-03,0.0
,0,4207021,0,2021-01-03,0.0
,1,4160697,0,2021-01-03,0.0
"[60,70)",0,629467,0,2021-01-04,0.0
"[60,70)",1,673533,0,2021-01-04,0.0
"[70,80)",0,499207,0,2021-01-04,0.0
"[70,80)",1,639114,0,2021-01-04,0.0
,0,4206932,0,2021-01-04,0.0
,1,4160593,0,2021-01-04,0.0
"[60,70)",0,629431,0,2021-01-05,0.0
"[60,70)",1,673517,0,2021-01-05,0.0
"[70,80)",0,499153,0,2021-01-05,0.0
"[70,80)",1,639080,0,2021-01-05,0.0
,0,4206863,0,2021-01-05,0.0
,1,4160466,0,2021-01-05,0.0
"[60,70)",0,629407,0,2021-01-06,0.0
"[60,70)",1,673507,0,2021-01-06,0.0
"[70,80)",0,499102,0,2021-01-06,0.0
"[70,80)",1,639056,0,2021-01-06,0.0
,0,4206773,0,2021-01-06,0.0
,1,4160354,0,2021-01-06,0.0
"[60,70)",0,629368,0,2021-01-07,0.0
"[60,70)",1,673490,0,2021-01-07,0.0
"[70,80)",0,499046,0,2021-01-07,0.0
"[70,80)",1,639017,0,2021-01-07,0.0
,0,4206700,0,2021-01-07,0.0
,1,4160236,0,2021-01-07,0.0
"[60,70)",0,629350,0,2021-01-08,0.0
"[60,70)",1,673477,0,2021-01-08,0.0
"[70,80)",0,498978,0,2021-01-08,0.0
"[70,80)",1,638980,0,2021-01-08,0.0
,0,4206617,0,2021-01-08,0.0
,1,4160132,0,2021-01-08,0.0
"[60,70)",0,629318,0,2021-01-09,0.0
"[60,70)",1,673459,0,2021-01-09,0.0
"[70,80)",0,498929,0,2021-01-09,0.0
"[70,80)",1,638945,0,2021-01-09,0.0
,0,4206536,0,2021-01-09,0.0
,1,4160027,0,2021-01-09,0.0
"[60,70)",0,629290,0,2021-01-10,0.0
"[60,70)",1,673444,0,2021-01-10,0.0
"[70,80)",0,498866,0,2021-01-10,0.0
"[70,80)",1,638900,0,2021-01-10,0.0
,0,4206448,0,2021-01-10,0.0
,1,4159913,0,2021-01-10,0.0
"[60,70)",0,629250,0,2021-01-11,0.0
"[60,70)",1,673430,0,2021-01-11,0.0
"[70,80)",0,498828,0,2021-01-11,0.0
"[70,80)",1,638868,0,2021-01-11,0.0
,0,4206370,0,2021-01-11,0.0
,1,4159824,0,2021-01-11,0.0
"[60,70)",0,629216,0,2021-01-12,0.0
"[60,70)",1,673414,0,2021-01-12,0.0
"[70,80)",0,498776,0,2021-01-12,0.0
"[70,80)",1,638829,0,2021-01-12,0.0
,0,4206295,0,2021-01-12,0.0
,1,4159715,0,2021-01-12,0.0
"[60,70)",0,629190,0,2021-01-13,0.0
"[60,70)",1,673400,0,2021-01-13,0.0
"[70,80)",0,498725,0,2021-01-13,0.0
"[70,80)",1,638801,0,2021-01-13,0.0
,0,4206221,0,2021-01-13,0.0
,1,4159606,0,2021-01-13,0.0
"[60,70)",0,629157,0,2021-01-14,0.0
"[60,70)",1,673387,0,2021-01-14,0.0
"[70,80)",0,498678,0,2021-01-14,0.0
"[70,80)",1,638768,0,2021-01-14,0.0
,0,4206136,0,2021-01-14,0.0
,1,4159487,0,2021-01-14,0.0
"[60,70)",0,629128,0,2021-01-15,0.0
"[60,70)",1,673372,0,2021-01-15,0.0
"[70,80)",0,498612,0,2021-01-15,0.0
"[70,80)",1,638732,0,2021-01-15,0.0
,0,4206049,0,2021-01-15,0.0
,1,4159376,0,2021-01-15,0.0
"[60,70)",0,629095,0,2021-01-16,0.0
"[60,70)",1,673359,0,2021-01-16,0.0
"[70,80)",0,498557,0,2021-01-16,0.0
"[70,80)",1,638703,0,2021-01-16,0.0
,0,4205946,0,2021-01-16,0.0
,1,4159246,0,2021-01-16,0.0
"[60,70)",0,629069,0,2021-01-17,0.0
"[60,70)",1,673340,0,2021-01-17,0.0
"[70,80)",0,498513,0,2021-01-17,0.0
"[70,80)",1,638664,0,2021-01-17,0.0
,0,4205860,0,2021-01-17,0.0
,1,4159155,0,2021-01-17,0.0
"[60,70)",0,629036,0,2021-01-18,0.0
"[60,70)",1,673322,0,2021-01-18,0.0
"[70,80)",0,498450,0,2021-01-18,0.0
"[70,80)",1,638624,0,2021-01-18,0.0
,0,4205772,0,2021-01-18,0.0
,1,4159054,0,2021-01-18,0.0
"[60,70)",0,629006,0,2021-01-19,0.0
"[60,70)",1,673306,0,2021-01-19,0.0
"[70,80)",0,498407,0,2021-01-19,0.0
"[70,80)",1,638588,0,2021-01-19,0.0
,0,4205681,0,2021-01-19,0.0
,1,4158933,0,2021-01-19,0.0
"[60,70)",0,628979,0,2021-01-20,0.0
"[60,70)",1,673295,0,2021-01-20,0.0
"[70,80)",0,498340,0,2021-01-20,0.0
"[70,80)",1,638539,0,2021-01-20,0.0
,0,4205603,0,2021-01-20,0.0
,1,4158829,0,2021-01-20,0.0
"[60,70)",0,628945,0,2021-01-21,0.0
"[60,70)",1,673283,0,2021-01-21,0.0
"[70,80)",0,498294,0,2021-01-21,0.0
"[70,80)",1,638500,0,2021-01-21,0.0
,0,4205518,0,2021-01-21,0.0
,1,4158736,0,2021-01-21,0.0
"[60,70)",0,628907,0,2021-01-22,0.0
"[60,70)",1,673273,0,2021-01-22,0.0
"[70,80)",0,498249,0,2021-01-22,0.0
"[70,80)",1,638469,0,2021-01-22,0.0
,0,4205423,0,2021-01-22,0.0
,1,4158626,0,2021-01-22,0.0
"[60,70)",0,628882,0,2021-01-23,0.0
"[60,70)",1,673259,0,2021-01-23,0.0
"[70,80)",0,498183,0,2021-01-23,0.0
"[70,80)",1,638440,0,2021-01-23,0.0
,0,4205338,0,2021-01-23,0.0
,1,4158515,0,2021-01-23,0.0
"[60,70)",0,628849,0,2021-01-24,0.0
"[60,70)",1,673240,0,2021-01-24,0.0
"[70,80)",0,498134,0,2021-01-24,0.0
"[70,80)",1,638402,0,2021-01-24,0.0
,0,4205241,0,2021-01-24,0.0
,1,4158414,0,2021-01-24,0.0
"[60,70)",0,628814,0,2021-01-25,0.0
"[60,70)",1,673229,0,2021-01-25,0.0
"[70,80)",0,498070,0,2021-01-25,0.0
"[70,80)",1,638365,0,2021-01-25,0.0
,0,4205165,0,2021-01-25,0.0
,1,4158311,0,2021-01-25,0.0
"[60,70)",0,628782,0,2021-01-26,0.0
"[60,70)",1,673212,0,2021-01-26,0.0
"[70,80)",0,498015,0,2021-01-26,0.0
"[70,80)",1,638330,0,2021-01-26,0.0
,0,4205084,0,2021-01-26,0.0
,1,4158200,0,2021-01-26,0.0
"[60,70)",0,628754,0,2021-01-27,0.0
"[60,70)",1,673191,0,2021-01-27,0.0
"[70,80)",0,497954,0,2021-01-27,0.0
"[70,80)",1,638289,0,2021-01-27,0.0
,0,4204994,0,2021-01-27,0.0
,1,4158085,0,2021-01-27,0.0
"[60,70)",0,628717,0,2021-01-28,0.0
"[60,70)",1,673179,0,2021-01-28,0.0
"[70,80)",0,497898,0,2021-01-28,0.0
"[70,80)",1,638254,0,2021-01-28,0.0
,0,4204899,0,2021-01-28,0.0
,1,4157965,0,2021-01-28,0.0
"[60,70)",0,628687,0,2021-01-29,0.0
"[60,70)",1,673162,0,2021-01-29,0.0
"[70,80)",0,497843,0,2021-01-29,0.0
"[70,80)",1,638218,0,2021-01-29,0.0
,0,4204800,0,2021-01-29,0.0
,1,4157846,0,2021-01-29,0.0
"[60,70)",0,628653,0,2021-01-30,0.0
"[60,70)",1,673151,0,2021-01-30,0.0
"[70,80)",0,497784,0,2021-01-30,0.0
"[70,80)",1,638180,0,2021-01-30,0.0
,0,4204720,0,2021-01-30,0.0
,1,4157719,0,2021-01-30,0.0
"[60,70)",0,628621,0,2021-01-31,0.0
"[60,70)",1,673131,0,2021-01-31,0.0
"[70,80)",0,497726,0,2021-01-31,0.0
"[70,80)",1,638147,0,2021-01-31,0.0
,0,4204644,0,2021-01-31,0.0
,1,4157622,0,2021-01-31,0.0
"[60,70)",0,628580,0,2021-02-01,0.0
"[60,70)",1,673112,0,2021-02-01,0.0
"[70,80)",0,497663,0,2021-02-01,0.0
"[70,80)",1,638118,0,2021-02-01,0.0
,0,4204574,0,2021-02-01,0.0
,1,4157516,0,2021-02-01,0.0
"[60,70)",0,628550,0,2021-02-02,0.0
"[60,70)",1,673081,0,2021-02-02,0.0
"[70,80)",0,497606,0,2021-02-02,0.0
"[70,80)",1,638072,0,2021-02-02,0.0
,0,4204494,0,2021-02-02,0.0
,1,4157405,0,2021-02-02,0.0
"[60,70)",0,628524,0,2021-02-03,0.0
"[60,70)",1,673068,0,2021-02-03,0.0
"[70,80)",0,497557,0,2021-02-03,0.0
"[70,80)",1,638039,0,2021-02-03,0.0
,0,4204397,0,2021-02-03,0.0
,1,4157296,0,2021-02-03,0.0
"[60,70)",0,628491,0,2021-02-04,0.0
"[60,70)",1,673056,0,2021-02-04,0.0
"[70,80)",0,497503,0,2021-02-04,0.0
"[70,80)",1,638000,0,2021-02-04,0.0
,0,4204315,0,2021-02-04,0.0
,1,4157192,0,2021-02-04,0.0
"[60,70)",0,628451,0,2021-02-05,0.0
"[60,70)",1,673040,0,2021-02-05,0.0
"[70,80)",0,497451,0,2021-02-05,0.0
"[70,80)",1,637963,0,2021-02-05,0.0
,0,4204255,0,2021-02-05,0.0
,1,4157073,0,2021-02-05,0.0
"[60,70)",0,628415,0,2021-02-06,0.0
"[60,70)",1,673020,0,2021-02-06,0.0
"[70,80)",0,497380,0,2021-02-06,0.0
"[70,80)",1,637921,0,2021-02-06,0.0
,0,4204146,0,2021-02-06,0.0
,1,4156953,0,2021-02-06,0.0
"[60,70)",0,628381,0,2021-02-07,0.0
"[60,70)",1,673005,0,2021-02-07,0.0
"[70,80)",0,497320,0,2021-02-07,0.0
"[70,80)",1,637880,0,2021-02-07,0.0
,0,4204063,0,2021-02-07,0.0
,1,4156804,0,2021-02-07,0.0
"[60,70)",0,628358,0,2021-02-08,0.0
"[60,70)",1,672994,0,2021-02-08,0.0
"[70,80)",0,497276,0,2021-02-08,0.0
"[70,80)",1,637833,0,2021-02-08,0.0
,0,4203970,0,2021-02-08,0.0
,1,4156695,0,2021-02-08,0.0
"[60,70)",0,628330,0,2021-02-09,0.0
"[60,70)",1,672977,0,2021-02-09,0.0
"[70,80)",0,497236,0,2021-02-09,0.0
"[70,80)",1,637786,0,2021-02-09,0.0
,0,4203897,0,2021-02-09,0.0
,1,4156585,0,2021-02-09,0.0
"[60,70)",0,628300,0,2021-02-10,0.0
"[60,70)",1,672961,0,2021-02-10,0.0
"[70,80)",0,497182,0,2021-02-10,0.0
"[70,80)",1,637749,0,2021-02-10,0.0
,0,4203798,0,2021-02-10,0.0
,1,4156475,0,2021-02-10,0.0
"[60,70)",0,628276,0,2021-02-11,0.0
"[60,70)",1,672953,0,2021-02-11,0.0
"[70,80)",0,497143,0,2021-02-11,0.0
"[70,80)",1,637708,0,2021-02-11,0.0
,0,4203702,0,2021-02-11,0.0
,1,4156384,0,2021-02-11,0.0
"[60,70)",0,628248,0,2021-02-12,0.0
"[60,70)",1,672941,0,2021-02-12,0.0
"[70,80)",0,497086,0,2021-02-12,0.0
"[70,80)",1,637672,0,2021-02-12,0.0
,0,4203610,0,2021-02-12,0.0
,1,4156267,0,2021-02-12,0.0
"[60,70)",0,628219,0,2021-02-13,0.0
"[60,70)",1,672929,0,2021-02-13,0.0
"[70,80)",0,497030,0,2021-02-13,0.0
"[70,80)",1,637636,0,2021-02-13,0.0
,0,4203523,0,2021-02-13,0.0
,1,4156150,0,2021-02-13,0.0
"[60,70)",0,628188,0,2021-02-14,0.0
"[60,70)",1,672919,0,2021-02-14,0.0
"[70,80)",0,496966,0,2021-02-14,0.0
"[70,80)",1,637597,0,2021-02-14,0.0
,0,4203427,0,2021-02-14,0.0
,1,4156029,0,2021-02-14,0.0
"[60,70)",0,628161,0,2021-02-15,0.0
"[60,70)",1,672906,0,2021-02-15,0.0
"[70,80)",0,496906,0,2021-02-15,0.0
"[70,80)",1,637558,0,2021-02-15,0.0
,0,4203330,0,2021-02-15,0.0
,1,4155929,0,2021-02-15,0.0
"[60,70)",0,628116,0,2021-02-16,0.0
"[60,70)",1,672894,0,2021-02-16,0.0
"[70,80)",0,496868,0,2021-02-16,0.0
"[70,80)",1,637521,0,2021-02-16,0.0
,0,4203243,0,2021-02-16,0.0
,1,4155818,0,2021-02-16,0.0
"[60,70)",0,628086,0,2021-02-17,0.0
"[60,70)",1,672874,0,2021-02-17,0.0
"[70,80)",0,496821,0,2021-02-17,0.0
"[70,80)",1,637475,0,2021-02-17,0.0
,0,4203163,0,2021-02-17,0.0
,1,4155720,0,2021-02-17,0.0
"[60,70)",0,628056,0,2021-02-18,0.0
"[60,70)",1,672858,0,2021-02-18,0.0
"[70,80)",0,496779,0,2021-02-18,0.0
"[70,80)",1,637440,0,2021-02-18,0.0
,0,4203077,0,2021-02-18,0.0
,1,4155606,0,2021-02-18,0.0
"[60,70)",0,628017,0,2021-02-19,0.0
"[60,70)",1,672838,0,2021-02-19,0.0
"[70,80)",0,496722,0,2021-02-19,0.0
"[70,80)",1,637401,0,2021-02-19,0.0
,0,4202995,0,2021-02-19,0.0
,1,4155484,0,2021-02-19,0.0
"[60,70)",0,627988,0,2021-02-20,0.0
"[60,70)",1,672816,0,2021-02-20,0.0
"[70,80)",0,496670,0,2021-02-20,0.0
"[70,80)",1,637364,0,2021-02-20,0.0
,0,4202909,0,2021-02-20,0.0
,1,4155368,0,2021-02-20,0.0
"[60,70)",0,627952,0,2021-02-21,0.0
"[60,70)",1,672805,0,2021-02-21,0.0
"[70,80)",0,496611,0,2021-02-21,0.0
"[70,80)",1,637323,0,2021-02-21,0.0
,0,4202821,0,2021-02-21,0.0
,1,4155267,0,2021-02-21,0.0
"[60,70)",0,627916,0,2021-02-22,0.0
"[60,70)",1,672793,0,2021-02-22,0.0
"[70,80)",0,496569,0,2021-02-22,0.0
"[70,80)",1,637295,0,2021-02-22,0.0
,0,4202738,0,2021-02-22,0.0
,1,4155160,0,2021-02-22,0.0
"[60,70)",0,627874,0,2021-02-23,0.0
"[60,70)",1,672777,0,2021-02-23,0.0
"[70,80)",0,496523,0,2021-02-23,0.0
"[70,80)",1,637265,0,2021-02-23,0.0
,0,4202656,0,2021-02-23,0.0
,1,4155054,0,2021-02-23,0.0
"[60,70)",0,627833,0,2021-02-24,0.0
"[60,70)",1,672762,0,2021-02-24,0.0
"[70,80)",0,496462,0,2021-02-24,0.0
"[70,80)",1,637231,0,2021-02-24,0.0
,0,4202586,0,2021-02-24,0.0
,1,4154947,0,2021-02-24,0.0
"[60,70)",0,627800,0,2021-02-25,0.0
"[60,70)",1,672749,0,2021-02-25,0.0
"[70,80)",0,496408,0,2021-02-25,0.0
"[70,80)",1,637189,0,2021-02-25,0.0
,0,4202483,0,2021-02-25,0.0
,1,4154827,0,2021-02-25,0.0
"[60,70)",0,627763,0,2021-02-26,0.0
"[60,70)",1,672731,0,2021-02-26,0.0
"[70,80)",0,496357,0,2021-02-26,0.0
"[70,80)",1,637156,0,2021-02-26,0.0
,0,4202409,0,2021-02-26,0.0
,1,4154714,0,2021-02-26,0.0
"[60,70)",0,627716,0,2021-02-27,0.0
"[60,70)",1,672714,0,2021-02-27,0.0
"[70,80)",0,496295,0,2021-02-27,0.0
"[70,80)",1,637115,0,2021-02-27,0.0
,0,4202318,0,2021-02-27,0.0
,1,4154591,0,2021-02-27,0.0
"[60,70)",0,627690,0,2021-02-28,0.0
"[60,70)",1,672696,0,2021-02-28,0.0
"[70,80)",0,496250,0,2021-02-28,0.0
"[70,80)",1,637084,0,2021-02-28,0.0
,0,4202216,0,2021-02-28,0.0
,1,4154479,0,2021-02-28,0.0
"[60,70)",0,627664,0,2021-03-01,0.0
"[60,70)",1,672679,0,2021-03-01,0.0
"[70,80)",0,496191,0,2021-03-01,0.0
"[70,80)",1,637049,0,2021-03-01,0.0
,0,4202145,0,2021-03-01,0.0
,1,4154377,0,2021-03-01,0.0
"[60,70)",0,627631,0,2021-03-02,0.0
"[60,70)",1,672663,0,2021-03-02,0.0
"[70,80)",0,496127,0,2021-03-02,0.0
"[70,80)",1,637015,0,2021-03-02,0.0
,0,4202061,0,2021-03-02,0.0
,1,4154271,0,2021-03-02,0.0
"[60,70)",0,627610,0,2021-03-03,0.0
"[60,70)",1,672653,0,2021-03-03,0.0
"[70,80)",0,496082,0,2021-03-03,0.0
"[70,80)",1,636985,0,2021-03-03,0.0
,0,4201984,0,2021-03-03,0.0
,1,4154171,0,2021-03-03,0.0
"[60,70)",0,627575,0,2021-03-04,0.0
"[60,70)",1,672632,0,2021-03-04,0.0
"[70,80)",0,496033,0,2021-03-04,0.0
"[70,80)",1,636942,0,2021-03-04,0.0
,0,4201912,0,2021-03-04,0.0
,1,4154068,0,2021-03-04,0.0
"[60,70)",0,627537,0,2021-03-05,0.0
"[60,70)",1,672621,0,2021-03-05,0.0
"[70,80)",0,495979,0,2021-03-05,0.0
"[70,80)",1,636907,0,2021-03-05,0.0
,0,4201842,0,2021-03-05,0.0
,1,4153945,0,2021-03-05,0.0
"[60,70)",0,627510,0,2021-03-06,0.0
"[60,70)",1,672609,0,2021-03-06,0.0
"[70,80)",0,495921,0,2021-03-06,0.0
"[70,80)",1,636879,0,2021-03-06,0.0
,0,4201754,0,2021-03-06,0.0
,1,4153846,0,2021-03-06,0.0
"[60,70)",0,627468,0,2021-03-07,0.0
"[60,70)",1,672591,0,2021-03-07,0.0
"[70,80)",0,495863,0,2021-03-07,0.0
"[70,80)",1,636834,0,2021-03-07,0.0
,0,4201674,0,2021-03-07,0.0
,1,4153746,0,2021-03-07,0.0
"[60,70)",0,627454,0,2021-03-08,0.0
"[60,70)",1,672580,0,2021-03-08,0.0
"[70,80)",0,495803,0,2021-03-08,0.0
"[70,80)",1,636805,0,2021-03-08,0.0
,0,4201592,0,2021-03-08,0.0
,1,4153659,0,2021-03-08,0.0
"[60,70)",0,627422,0,2021-03-09,0.0
"[60,70)",1,672564,0,2021-03-09,0.0
"[70,80)",0,495753,0,2021-03-09,0.0
"[70,80)",1,636757,0,2021-03-09,0.0
,0,4201520,0,2021-03-09,0.0
,1,4153530,0,2021-03-09,0.0
"[60,70)",0,627388,0,2021-03-10,0.0
"[60,70)",1,672548,0,2021-03-10,0.0
"[70,80)",0,495705,0,2021-03-10,0.0
"[70,80)",1,636711,0,2021-03-10,0.0
,0,4201441,0,2021-03-10,0.0
,1,4153412,0,2021-03-10,0.0
"[60,70)",0,627356,0,2021-03-11,0.0
"[60,70)",1,672532,0,2021-03-11,0.0
"[70,80)",0,495653,0,2021-03-11,0.0
"[70,80)",1,636675,0,2021-03-11,0.0
,0,4201358,0,2021-03-11,0.0
,1,4153293,0,2021-03-11,0.0
"[60,70)",0,627313,0,2021-03-12,0.0
"[60,70)",1,672515,0,2021-03-12,0.0
"[70,80)",0,495604,0,2021-03-12,0.0
"[70,80)",1,636638,0,2021-03-12,0.0
,0,4201266,0,2021-03-12,0.0
,1,4153185,0,2021-03-12,0.0
"[60,70)",0,627283,0,2021-03-13,0.0
"[60,70)",1,672493,0,2021-03-13,0.0
"[70,80)",0,495558,0,2021-03-13,0.0
"[70,80)",1,636602,0,2021-03-13,0.0
,0,4201180,0,2021-03-13,0.0
,1,4153071,0,2021-03-13,0.0
"[60,70)",0,627242,0,2021-03-14,0.0
"[60,70)",1,672480,0,2021-03-14,0.0
"[70,80)",0,495500,0,2021-03-14,0.0
"[70,80)",1,636581,0,2021-03-14,0.0
,0,4201094,0,2021-03-14,0.0
,1,4152944,0,2021-03-14,0.0
"[60,70)",0,627214,0,2021-03-15,0.0
"[60,70)",1,672467,0,2021-03-15,0.0
"[70,80)",0,495452,0,2021-03-15,0.0
"[70,80)",1,636547,0,2021-03-15,0.0
,0,4201014,0,2021-03-15,0.0
,1,4152842,0,2021-03-15,0.0
"[60,70)",0,627184,0,2021-03-16,0.0
"[60,70)",1,672451,0,2021-03-16,0.0
"[70,80)",0,495399,0,2021-03-16,0.0
"[70,80)",1,636510,0,2021-03-16,0.0
,0,4200911,0,2021-03-16,0.0
,1,4152746,0,2021-03-16,0.0
"[60,70)",0,627149,0,2021-03-17,0.0
"[60,70)",1,672434,0,2021-03-17,0.0
"[70,80)",0,495343,0,2021-03-17,0.0
"[70,80)",1,636467,0,2021-03-17,0.0
,0,4200839,0,2021-03-17,0.0
,1,4152635,0,2021-03-17,0.0
"[60,70)",0,627116,0,2021-03-18,0.0
"[60,70)",1,672417,0,2021-03-18,0.0
"[70,80)",0,495297,0,2021-03-18,0.0
"[70,80)",1,636424,0,2021-03-18,0.0
,0,4200759,0,2021-03-18,0.0
,1,4152529,0,2021-03-18,0.0
"[60,70)",0,627079,0,2021-03-19,0.0
"[60,70)",1,672401,0,2021-03-19,0.0
"[70,80)",0,495241,0,2021-03-19,0.0
"[70,80)",1,636373,0,2021-03-19,0.0
,0,4200671,0,2021-03-19,0.0
,1,4152397,0,2021-03-19,0.0
"[60,70)",0,627057,0,2021-03-20,0.0
"[60,70)",1,672386,0,2021-03-20,0.0
"[70,80)",0,495171,0,2021-03-20,0.0
"[70,80)",1,636331,0,2021-03-20,0.0
,0,4200599,0,2021-03-20,0.0
,1,4152298,0,2021-03-20,0.0
"[60,70)",0,627011,0,2021-03-21,0.0
"[60,70)",1,672377,0,2021-03-21,0.0
"[70,80)",0,495123,0,2021-03-21,0.0
"[70,80)",1,636296,0,2021-03-21,0.0
,0,4200514,0,2021-03-21,0.0
,1,4152202,0,2021-03-21,0.0
"[60,70)",0,626975,0,2021-03-22,0.0
"[60,70)",1,672362,0,2021-03-22,0.0
"[70,80)",0,495077,0,2021-03-22,0.0
"[70,80)",1,636261,0,2021-03-22,0.0
,0,4200433,0,2021-03-22,0.0
,1,4152085,0,2021-03-22,0.0
"[60,70)",0,626932,0,2021-03-23,0.0
"[60,70)",1,672349,0,2021-03-23,0.0
"[70,80)",0,495033,0,2021-03-23,0.0
"[70,80)",1,636224,0,2021-03-23,0.0
,0,4200359,0,2021-03-23,0.0
,1,4151986,0,2021-03-23,0.0
"[60,70)",0,626888,0,2021-03-24,0.0
"[60,70)",1,672328,0,2021-03-24,0.0
"[70,80)",0,494988,0,2021-03-24,0.0
"[70,80)",1,636185,0,2021-03-24,0.0
,0,4200273,0,2021-03-24,0.0
,1,4151880,0,2021-03-24,0.0
"[60,70)",0,626863,0,2021-03-25,0.0
"[60,70)",1,672319,0,2021-03-25,0.0
"[70,80)",0,494939,0,2021-03-25,0.0
"[70,80)",1,636139,0,2021-03-25,0.0
,0,4200210,0,2021-03-25,0.0
,1,4151775,0,2021-03-25,0.0
"[60,70)",0,626841,0,2021-03-26,0.0
"[60,70)",1,672299,0,2021-03-26,0.0
"[70,80)",0,494886,0,2021-03-26,0.0
"[70,80)",1,636099,0,2021-03-26,0.0
,0,4200134,0,2021-03-26,0.0
,1,4151670,0,2021-03-26,0.0
"[60,70)",0,626813,0,2021-03-27,0.0
"[60,70)",1,672284,0,2021-03-27,0.0
"[70,80)",0,494820,0,2021-03-27,0.0
"[70,80)",1,636058,0,2021-03-27,0.0
,0,4200051,0,2021-03-27,0.0
,1,4151576,0,2021-03-27,0.0
"[60,70)",0,626778,0,2021-03-28,0.0
"[60,70)",1,672268,0,2021-03-28,0.0
"[70,80)",0,494762,0,2021-03-28,0.0
"[70,80)",1,636008,0,2021-03-28,0.0
,0,4199953,0,2021-03-28,0.0
,1,4151484,0,2021-03-28,0.0
"[60,70)",0,626763,0,2021-03-29,0.0
"[60,70)",1,672250,0,2021-03-29,0.0
"[70,80)",0,494704,0,2021-03-29,0.0
"[70,80)",1,635964,0,2021-03-29,0.0
,0,4199866,0,2021-03-29,0.0
,1,4151375,0,2021-03-29,0.0
"[60,70)",0,626734,0,2021-03-30,0.0
"[60,70)",1,672237,0,2021-03-30,0.0
"[70,80)",0,494641,0,2021-03-30,0.0
"[70,80)",1,635923,0,2021-03-30,0.0
,0,4199796,0,2021-03-30,0.0
,1,4151261,0,2021-03-30,0.0
"[60,70)",0,626704,0,2021-03-31,0.0
"[60,70)",1,672216,0,2021-03-31,0.0
"[70,80)",0,494581,0,2021-03-31,0.0
"[70,80)",1,635881,0,2021-03-31,0.0
,0,4199721,0,2021-03-31,0.0
,1,4151144,0,2021-03-31,0.0
"[60,70)",0,626683,0,2021-04-01,0.0
"[60,70)",1,672204,0,2021-04-01,0.0
"[70,80)",0,494521,0,2021-04-01,0.0
"[70,80)",1,635850,0,2021-04-01,0.0
,0,4199635,0,2021-04-01,0.0
,1,4151032,0,2021-04-01,0.0
"[60,70)",0,626653,0,2021-04-02,0.0
"[60,70)",1,672194,0,2021-04-02,0.0
"[70,80)",0,494471,0,2021-04-02,0.0
"[70,80)",1,635813,0,2021-04-02,0.0
,0,4199551,0,2021-04-02,0.0
,1,4150932,0,2021-04-02,0.0
"[60,70)",0,626633,0,2021-04-03,0.0
"[60,70)",1,672181,0,2021-04-03,0.0
"[70,80)",0,494426,0,2021-04-03,0.0
"[70,80)",1,635782,0,2021-04-03,0.0
,0,4199461,0,2021-04-03,0.0
,1,4150832,0,2021-04-03,0.0
"[60,70)",0,626604,0,2021-04-04,0.0
"[60,70)",1,672162,0,2021-04-04,0.0
"[70,80)",0,494378,0,2021-04-04,0.0
"[70,80)",1,635752,0,2021-04-04,0.0
,0,4199373,0,2021-04-04,0.0
,1,4150725,0,2021-04-04,0.0
"[60,70)",0,626570,0,2021-04-05,0.0
"[60,70)",1,672152,0,2021-04-05,0.0
"[70,80)",0,494310,0,2021-04-05,0.0
"[70,80)",1,635726,0,2021-04-05,0.0
,0,4199278,0,2021-04-05,0.0
,1,4150614,0,2021-04-05,0.0
"[60,70)",0,626536,0,2021-04-06,0.0
"[60,70)",1,672139,0,2021-04-06,0.0
"[70,80)",0,494257,0,2021-04-06,0.0
"[70,80)",1,635687,0,2021-04-06,0.0
,0,4199195,0,2021-04-06,0.0
,1,4150501,0,2021-04-06,0.0
"[60,70)",0,626505,0,2021-04-07,0.0
"[60,70)",1,672119,0,2021-04-07,0.0
"[70,80)",0,494209,0,2021-04-07,0.0
"[70,80)",1,635660,0,2021-04-07,0.0
,0,4199124,0,2021-04-07,0.0
,1,4150390,0,2021-04-07,0.0
"[60,70)",0,626463,0,2021-04-08,0.0
"[60,70)",1,672103,0,2021-04-08,0.0
"[70,80)",0,494151,0,2021-04-08,0.0
"[70,80)",1,635627,0,2021-04-08,0.0
,0,4199049,0,2021-04-08,0.0
,1,4150288,0,2021-04-08,0.0
"[60,70)",0,626437,0,2021-04-09,0.0
"[60,70)",1,672090,0,2021-04-09,0.0
"[70,80)",0,494101,0,2021-04-09,0.0
"[70,80)",1,635588,0,2021-04-09,0.0
,0,4198978,0,2021-04-09,0.0
,1,4150178,0,2021-04-09,0.0
"[60,70)",0,626411,0,2021-04-10,0.0
"[60,70)",1,672078,0,2021-04-10,0.0
"[70,80)",0,494050,0,2021-04-10,0.0
"[70,80)",1,635553,0,2021-04-10,0.0
,0,4198891,0,2021-04-10,0.0
,1,4150078,0,2021-04-10,0.0
"[60,70)",0,626383,0,2021-04-11,0.0
"[60,70)",1,672056,0,2021-04-11,0.0
"[70,80)",0,493997,0,2021-04-11,0.0
"[70,80)",1,635521,0,2021-04-11,0.0
,0,4198806,0,2021-04-11,0.0
,1,4149990,0,2021-04-11,0.0
"[60,70)",0,626349,0,2021-04-12,0.0
"[60,70)",1,672043,0,2021-04-12,0.0
"[70,80)",0,493937,0,2021-04-12,0.0
"[70,80)",1,635482,0,2021-04-12,0.0
,0,4198725,0,2021-04-12,0.0
,1,4149897,0,2021-04-12,0.0
"[60,70)",0,626308,0,2021-04-13,0.0
"[60,70)",1,672030,0,2021-04-13,0.0
"[70,80)",0,493892,0,2021-04-13,0.0
"[70,80)",1,635448,0,2021-04-13,0.0
,0,4198649,0,2021-04-13,0.0
,1,4149808,0,2021-04-13,0.0
"[60,70)",0,626282,0,2021-04-14,0.0
"[60,70)",1,672014,0,2021-04-14,0.0
"[70,80)",0,493841,0,2021-04-14,0.0
"[70,80)",1,635417,0,2021-04-14,0.0
,0,4198588,0,2021-04-14,0.0
,1,4149706,0,2021-04-14,0.0
"[60,70)",0,626250,0,2021-04-15,0.0
"[60,70)",1,671995,0,2021-04-15,0.0
"[70,80)",0,493800,0,2021-04-15,0.0
"[70,80)",1,635388,0,2021-04-15,0.0
,0,4198507,0,2021-04-15,0.0
,1,4149616,0,2021-04-15,0.0
"[60,70)",0,626224,0,2021-04-16,0.0
"[60,70)",1,671989,0,2021-04-16,0.0
"[70,80)",0,493755,0,2021-04-16,0.0
"[70,80)",1,635356,0,2021-04-16,0.0
,0,4198419,0,2021-04-16,0.0
,1,4149523,0,2021-04-16,0.0
"[60,70)",0,626184,0,2021-04-17,0.0
"[60,70)",1,671980,0,2021-04-17,0.0
"[70,80)",0,493705,0,2021-04-17,0.0
"[70,80)",1,635330,0,2021-04-17,0.0
,0,4198344,0,2021-04-17,0.0
,1,4149425,0,2021-04-17,0.0
"[60,70)",0,626153,0,2021-04-18,0.0
"[60,70)",1,671966,0,2021-04-18,0.0
"[70,80)",0,493665,0,2021-04-18,0.0
"[70,80)",1,635301,0,2021-04-18,0.0
,0,4198264,0,2021-04-18,0.0
,1,4149335,0,2021-04-18,0.0
"[60,70)",0,626127,0,2021-04-19,0.0
"[60,70)",1,671943,0,2021-04-19,0.0
"[70,80)",0,493622,0,2021-04-19,0.0
"[70,80)",1,635268,0,2021-04-19,0.0
,0,4198200,0,2021-04-19,0.0
,1,4149242,0,2021-04-19,0.0
"[60,70)",0,626099,0,2021-04-20,0.0
"[60,70)",1,671931,0,2021-04-20,0.0
"[70,80)",0,493571,0,2021-04-20,0.0
"[70,80)",1,635239,0,2021-04-20,0.0
,0,4198117,0,2021-04-20,0.0
,1,4149152,0,2021-04-20,0.0
"[60,70)",0,626068,0,2021-04-21,0.0
"[60,70)",1,671916,0,2021-04-21,0.0
"[70,80)",0,493525,0,2021-04-21,0.0
"[70,80)",1,635207,0,2021-04-21,0.0
,0,4198042,0,2021-04-21,0.0
,1,4149059,0,2021-04-21,0.0
"[60,70)",0,626041,0,2021-04-22,0.0
"[60,70)",1,671902,0,2021-04-22,0.0
"[70,80)",0,493480,0,2021-04-22,0.0
"[70,80)",1,635180,0,2021-04-22,0.0
,0,4197964,0,2021-04-22,0.0
,1,4148953,0,2021-04-22,0.0
"[60,70)",0,626022,0,2021-04-23,0.0
"[60,70)",1,671888,0,2021-04-23,0.0
"[70,80)",0,493433,0,2021-04-23,0.0
"[70,80)",1,635148,0,2021-04-23,0.0
,0,4197898,0,2021-04-23,0.0
,1,4148864,0,2021-04-23,0.0
"[60,70)",0,625986,0,2021-04-24,0.0
"[60,70)",1,671870,0,2021-04-24,0.0
"[70,80)",0,493379,0,2021-04-24,0.0
"[70,80)",1,635107,0,2021-04-24,0.0
,0,4197837,0,2021-04-24,0.0
,1,4148754,0,2021-04-24,0.0
"[60,70)",0,625957,0,2021-04-25,0.0
"[60,70)",1,671855,0,2021-04-25,0.0
"[70,80)",0,493326,0,2021-04-25,0.0
"[70,80)",1,635074,0,2021-04-25,0.0
,0,4197772,0,2021-04-25,0.0
,1,4148667,0,2021-04-25,0.0
"[60,70)",0,625925,0,2021-04-26,0.0
"[60,70)",1,671839,0,2021-04-26,0.0
"[70,80)",0,493280,0,2021-04-26,0.0
"[70,80)",1,635034,0,2021-04-26,0.0
,0,4197690,0,2021-04-26,0.0
,1,4148555,0,2021-04-26,0.0
"[60,70)",0,625901,0,2021-04-27,0.0
"[60,70)",1,671822,0,2021-04-27,0.0
"[70,80)",0,493220,0,2021-04-27,0.0
"[70,80)",1,635001,0,2021-04-27,0.0
,0,4197610,0,2021-04-27,0.0
,1,4148437,0,2021-04-27,0.0
"[60,70)",0,625866,0,2021-04-28,0.0
"[60,70)",1,671807,0,2021-04-28,0.0
"[70,80)",0,493168,0,2021-04-28,0.0
"[70,80)",1,634975,0,2021-04-28,0.0
,0,4197532,0,2021-04-28,0.0
,1,4148346,0,2021-04-28,0.0
"[60,70)",0,625833,0,2021-04-29,0.0
"[60,70)",1,671791,0,2021-04-29,0.0
"[70,80)",0,493121,0,2021-04-29,0.0
"[70,80)",1,634941,0,2021-04-29,0.0
,0,4197465,0,2021-04-29,0.0
,1,4148260,0,2021-04-29,0.0
"[60,70)",0,625816,0,2021-04-30,0.0
"[60,70)",1,671770,0,2021-04-30,0.0
"[70,80)",0,493075,0,2021-04-30,0.0
"[70,80)",1,634907,0,2021-04-30,0.0
,0,4197397,0,2021-04-30,0.0
,1,4148157,0,2021-04-30,0.0
"[60,70)",0,625795,0,2021-05-01,0.0
"[60,70)",1,671756,0,2021-05-01,0.0
"[70,80)",0,493026,0,2021-05-01,0.0
"[70,80)",1,634870,0,2021-05-01,0.0
,0,4197331,0,2021-05-01,0.0
,1,4148071,0,2021-05-01,0.0
"[60,70)",0,625774,0,2021-05-02,0.0
"[60,70)",1,671743,0,2021-05-02,0.0
"[70,80)",0,492983,0,2021-05-02,0.0
"[70,80)",1,634841,0,2021-05-02,0.0
,0,4197257,0,2021-05-02,0.0
,1,4147981,0,2021-05-02,0.0
"[60,70)",0,625745,0,2021-05-03,0.0
"[60,70)",1,671731,0,2021-05-03,0.0
"[70,80)",0,492932,0,2021-05-03,0.0
"[70,80)",1,634812,0,2021-05-03,0.0
,0,4197205,0,2021-05-03,0.0
,1,4147889,0,2021-05-03,0.0
"[60,70)",0,625712,0,2021-05-04,0.0
"[60,70)",1,671716,0,2021-05-04,0.0
"[70,80)",0,492887,0,2021-05-04,0.0
"[70,80)",1,634777,0,2021-05-04,0.0
,0,4197124,0,2021-05-04,0.0
,1,4147799,0,2021-05-04,0.0
"[60,70)",0,625684,0,2021-05-05,0.0
"[60,70)",1,671700,0,2021-05-05,0.0
"[70,80)",0,492841,0,2021-05-05,0.0
"[70,80)",1,634747,0,2021-05-05,0.0
,0,4197041,0,2021-05-05,0.0
,1,4147700,0,2021-05-05,0.0
"[60,70)",0,625652,0,2021-05-06,0.0
"[60,70)",1,671691,0,2021-05-06,0.0
"[70,80)",0,492795,0,2021-05-06,0.0
"[70,80)",1,634717,0,2021-05-06,0.0
,0,4196960,0,2021-05-06,0.0
,1,4147597,0,2021-05-06,0.0
"[60,70)",0,625626,0,2021-05-07,0.0
"[60,70)",1,671680,0,2021-05-07,0.0
"[70,80)",0,492737,0,2021-05-07,0.0
"[70,80)",1,634683,0,2021-05-07,0.0
,0,4196881,0,2021-05-07,0.0
,1,4147493,0,2021-05-07,0.0
"[60,70)",0,625596,0,2021-05-08,0.0
"[60,70)",1,671666,0,2021-05-08,0.0
"[70,80)",0,492696,0,2021-05-08,0.0
"[70,80)",1,634658,0,2021-05-08,0.0
,0,4196816,0,2021-05-08,0.0
,1,4147417,0,2021-05-08,0.0
"[60,70)",0,625556,0,2021-05-09,0.0
"[60,70)",1,671654,0,2021-05-09,0.0
"[70,80)",0,492648,0,2021-05-09,0.0
"[70,80)",1,634619,0,2021-05-09,0.0
,0,4196753,0,2021-05-09,0.0
,1,4147312,0,2021-05-09,0.0
"[60,70)",0,625533,0,2021-05-10,0.0
"[60,70)",1,671642,0,2021-05-10,0.0
"[70,80)",0,492605,0,2021-05-10,0.0
"[70,80)",1,634578,0,2021-05-10,0.0
,0,4196682,0,2021-05-10,0.0
,1,4147232,0,2021-05-10,0.0
"[60,70)",0,625516,0,2021-05-11,0.0
"[60,70)",1,671626,0,2021-05-11,0.0
"[70,80)",0,492559,0,2021-05-11,0.0
"[70,80)",1,634543,0,2021-05-11,0.0
,0,4196602,0,2021-05-11,0.0
,1,4147144,0,2021-05-11,0.0
"[60,70)",0,625480,0,2021-05-12,0.0
"[60,70)",1,671611,0,2021-05-12,0.0
"[70,80)",0,492515,0,2021-05-12,0.0
"[70,80)",1,634512,0,2021-05-12,0.0
,0,4196541,0,2021-05-12,0.0
,1,4147030,0,2021-05-12,0.0
"[60,70)",0,625447,0,2021-05-13,0.0
"[60,70)",1,671592,0,2021-05-13,0.0
"[70,80)",0,492463,0,2021-05-13,0.0
"[70,80)",1,634483,0,2021-05-13,0.0
,0,4196458,0,2021-05-13,0.0
,1,4146943,0,2021-05-13,0.0
"[60,70)",0,625419,0,2021-05-14,0.0
"[60,70)",1,671585,0,2021-05-14,0.0
"[70,80)",0,492418,0,2021-05-14,0.0
"[70,80)",1,634447,0,2021-05-14,0.0
,0,4196380,0,2021-05-14,0.0
,1,4146857,0,2021-05-14,0.0
"[60,70)",0,625394,0,2021-05-15,0.0
"[60,70)",1,671573,0,2021-05-15,0.0
"[70,80)",0,492377,0,2021-05-15,0.0
"[70,80)",1,634413,0,2021-05-15,0.0
,0,4196314,0,2021-05-15,0.0
,1,4146750,0,2021-05-15,0.0
"[60,70)",0,625367,0,2021-05-16,0.0
"[60,70)",1,671561,0,2021-05-16,0.0
"[70,80)",0,492340,0,2021-05-16,0.0
"[70,80)",1,634386,0,2021-05-16,0.0
,0,4196257,0,2021-05-16,0.0
,1,4146655,0,2021-05-16,0.0
"[60,70)",0,625339,0,2021-05-17,0.0
"[60,70)",1,671546,0,2021-05-17,0.0
"[70,80)",0,492295,0,2021-05-17,0.0
"[70,80)",1,634342,0,2021-05-17,0.0
,0,4196196,0,2021-05-17,0.0
,1,4146564,0,2021-05-17,0.0
"[60,70)",0,625311,0,2021-05-18,0.0
"[60,70)",1,671537,0,2021-05-18,0.0
"[70,80)",0,492248,0,2021-05-18,0.0
"[70,80)",1,634312,0,2021-05-18,0.0
,0,4196129,0,2021-05-18,0.0
,1,4146488,0,2021-05-18,0.0
"[60,70)",0,625277,0,2021-05-19,0.0
"[60,70)",1,671517,0,2021-05-19,0.0
"[70,80)",0,492195,0,2021-05-19,0.0
"[70,80)",1,634282,0,2021-05-19,0.0
,0,4196050,0,2021-05-19,0.0
,1,4146404,0,2021-05-19,0.0
"[60,70)",0,625261,0,2021-05-20,0.0
"[60,70)",1,671506,0,2021-05-20,0.0
"[70,80)",0,492160,0,2021-05-20,0.0
"[70,80)",1,634242,0,2021-05-20,0.0
,0,4195987,0,2021-05-20,0.0
,1,4146311,0,2021-05-20,0.0
"[60,70)",0,625227,0,2021-05-21,0.0
"[60,70)",1,671491,0,2021-05-21,0.0
"[70,80)",0,492125,0,2021-05-21,0.0
"[70,80)",1,634214,0,2021-05-21,0.0
,0,4195930,0,2021-05-21,0.0
,1,4146224,0,2021-05-21,0.0
"[60,70)",0,625207,0,2021-05-22,0.0
"[60,70)",1,671484,0,2021-05-22,0.0
"[70,80)",0,492078,0,2021-05-22,0.0
"[70,80)",1,634171,0,2021-05-22,0.0
,0,4195861,0,2021-05-22,0.0
,1,4146149,0,2021-05-22,0.0
"[60,70)",0,625184,0,2021-05-23,0.0
"[60,70)",1,671474,0,2021-05-23,0.0
"[70,80)",0,492032,0,2021-05-23,0.0
"[70,80)",1,634143,0,2021-05-23,0.0
,0,4195787,0,2021-05-23,0.0
,1,4146052,0,2021-05-23,0.0
"[60,70)",0,625155,0,2021-05-24,0.0
"[60,70)",1,671458,0,2021-05-24,0.0
"[70,80)",0,491987,0,2021-05-24,0.0
"[70,80)",1,634103,0,2021-05-24,0.0
,0,4195703,0,2021-05-24,0.0
,1,4145960,0,2021-05-24,0.0
"[60,70)",0,625131,0,2021-05-25,0.0
"[60,70)",1,671447,0,2021-05-25,0.0
"[70,80)",0,491931,0,2021-05-25,0.0
"[70,80)",1,634063,0,2021-05-25,0.0
,0,4195632,0,2021-05-25,0.0
,1,4145866,0,2021-05-25,0.0
"[60,70)",0,625106,0,2021-05-26,0.0
"[60,70)",1,671433,0,2021-05-26,0.0
"[70,80)",0,491873,0,2021-05-26,0.0
"[70,80)",1,634031,0,2021-05-26,0.0
,0,4195565,0,2021-05-26,0.0
,1,4145782,0,2021-05-26,0.0
"[60,70)",0,625080,0,2021-05-27,0.0
"[60,70)",1,671419,0,2021-05-27,0.0
"[70,80)",0,491824,0,2021-05-27,0.0
"[70,80)",1,634002,0,2021-05-27,0.0
,0,4195498,0,2021-05-27,0.0
,1,4145705,0,2021-05-27,0.0
"[60,70)",0,625045,0,2021-05-28,0.0
"[60,70)",1,671401,0,2021-05-28,0.0
"[70,80)",0,491768,0,2021-05-28,0.0
"[70,80)",1,633972,0,2021-05-28,0.0
,0,4195418,0,2021-05-28,0.0
,1,4145609,0,2021-05-28,0.0
"[60,70)",0,625016,0,2021-05-29,0.0
"[60,70)",1,671379,0,2021-05-29,0.0
"[70,80)",0,491701,0,2021-05-29,0.0
"[70,80)",1,633945,0,2021-05-29,0.0
,0,4195350,0,2021-05-29,0.0
,1,4145512,0,2021-05-29,0.0
"[60,70)",0,624992,0,2021-05-30,0.0
"[60,70)",1,671366,0,2021-05-30,0.0
"[70,80)",0,491645,0,2021-05-30,0.0
"[70,80)",1,633915,0,2021-05-30,0.0
,0,4195274,0,2021-05-30,0.0
,1,4145418,0,2021-05-30,0.0
"[60,70)",0,624965,0,2021-05-31,0.0
"[60,70)",1,671348,0,2021-05-31,0.0
"[70,80)",0,491582,0,2021-05-31,0.0
"[70,80)",1,633877,0,2021-05-31,0.0
,0,4195202,0,2021-05-31,0.0
,1,4145307,0,2021-05-31,0.0
"[60,70)",0,624933,0,2021-06-01,0.0
"[60,70)",1,671333,0,2021-06-01,0.0
"[70,80)",0,491532,0,2021-06-01,0.0
"[70,80)",1,633838,0,2021-06-01,0.0
,0,4195149,0,2021-06-01,0.0
,1,4145211,0,2021-06-01,0.0
"[60,70)",0,624913,0,2021-06-02,0.0
"[60,70)",1,671315,0,2021-06-02,0.0
"[70,80)",0,491466,0,2021-06-02,0.0
"[70,80)",1,633806,0,2021-06-02,0.0
,0,4195067,0,2021-06-02,0.0
,1,4145115,0,2021-06-02,0.0
"[60,70)",0,624883,0,2021-06-03,0.0
"[60,70)",1,671301,0,2021-06-03,0.0
"[70,80)",0,491418,0,2021-06-03,0.0
"[70,80)",1,633782,0,2021-06-03,0.0
,0,4194998,0,2021-06-03,0.0
,1,4145011,0,2021-06-03,0.0
"[60,70)",0,624861,0,2021-06-04,0.0
"[60,70)",1,671284,0,2021-06-04,0.0
"[70,80)",0,491379,0,2021-06-04,0.0
"[70,80)",1,633746,0,2021-06-04,0.0
,0,4194922,0,2021-06-04,0.0
,1,4144938,0,2021-06-04,0.0
"[60,70)",0,624837,0,2021-06-05,0.0
"[60,70)",1,671272,0,2021-06-05,0.0
"[70,80)",0,491324,0,2021-06-05,0.0
"[70,80)",1,633697,0,2021-06-05,0.0
,0,4194840,0,2021-06-05,0.0
,1,4144861,0,2021-06-05,0.0
"[60,70)",0,624821,0,2021-06-06,0.0
"[60,70)",1,671255,0,2021-06-06,0.0
"[70,80)",0,491284,0,2021-06-06,0.0
"[70,80)",1,633670,0,2021-06-06,0.0
,0,4194772,0,2021-06-06,0.0
,1,4144775,0,2021-06-06,0.0
"[60,70)",0,624791,0,2021-06-07,0.0
"[60,70)",1,671240,0,2021-06-07,0.0
"[70,80)",0,491235,0,2021-06-07,0.0
"[70,80)",1,633639,0,2021-06-07,0.0
,0,4194703,0,2021-06-07,0.0
,1,4144659,0,2021-06-07,0.0
"[60,70)",0,624768,0,2021-06-08,0.0
"[60,70)",1,671230,0,2021-06-08,0.0
"[70,80)",0,491184,0,2021-06-08,0.0
"[70,80)",1,633613,0,2021-06-08,0.0
,0,4194630,0,2021-06-08,0.0
,1,4144568,0,2021-06-08,0.0
"[60,70)",0,624738,0,2021-06-09,0.0
"[60,70)",1,671216,0,2021-06-09,0.0
"[70,80)",0,491127,0,2021-06-09,0.0
"[70,80)",1,633586,0,2021-06-09,0.0
,0,4194561,0,2021-06-09,0.0
,1,4144473,0,2021-06-09,0.0
"[60,70)",0,624700,0,2021-06-10,0.0
"[60,70)",1,671206,0,2021-06-10,0.0
"[70,80)",0,491072,0,2021-06-10,0.0
"[70,80)",1,633558,0,2021-06-10,0.0
,0,4194478,0,2021-06-10,0.0
,1,4144396,0,2021-06-10,0.0
"[60,70)",0,624670,0,2021-06-11,0.0
"[60,70)",1,671190,0,2021-06-11,0.0
"[70,80)",0,491032,0,2021-06-11,0.0
"[70,80)",1,633521,0,2021-06-11,0.0
,0,4194407,0,2021-06-11,0.0
,1,4144308,0,2021-06-11,0.0
"[60,70)",0,624639,0,2021-06-12,0.0
"[60,70)",1,671168,0,2021-06-12,0.0
"[70,80)",0,490990,0,2021-06-12,0.0
"[70,80)",1,633488,0,2021-06-12,0.0
,0,4194332,0,2021-06-12,0.0
,1,4144204,0,2021-06-12,0.0
"[60,70)",0,624602,0,2021-06-13,0.0
"[60,70)",1,671147,0,2021-06-13,0.0
"[70,80)",0,490938,0,2021-06-13,0.0
"[70,80)",1,633460,0,2021-06-13,0.0
,0,4194264,0,2021-06-13,0.0
,1,4144097,0,2021-06-13,0.0
"[60,70)",0,624577,0,2021-06-14,0.0
"[60,70)",1,671129,0,2021-06-14,0.0
"[70,80)",0,490889,0,2021-06-14,0.0
"[70,80)",1,633427,0,2021-06-14,0.0
,0,4194196,0,2021-06-14,0.0
,1,4144001,0,2021-06-14,0.0
"[60,70)",0,624553,0,2021-06-15,0.0
"[60,70)",1,671115,0,2021-06-15,0.0
"[70,80)",0,490844,0,2021-06-15,0.0
"[70,80)",1,633389,0,2021-06-15,0.0
,0,4194121,0,2021-06-15,0.0
,1,4143911,0,2021-06-15,0.0
"[60,70)",0,624531,0,2021-06-16,0.0
"[60,70)",1,671100,0,2021-06-16,0.0
"[70,80)",0,490802,0,2021-06-16,0.0
"[70,80)",1,633354,0,2021-06-16,0.0
,0,4194056,0,2021-06-16,0.0
,1,4143811,0,2021-06-16,0.0
"[60,70)",0,624506,0,2021-06-17,0.0
"[60,70)",1,671085,0,2021-06-17,0.0
"[70,80)",0,490770,0,2021-06-17,0.0
"[70,80)",1,633322,0,2021-06-17,0.0
,0,4193978,0,2021-06-17,0.0
,1,4143727,0,2021-06-17,0.0
"[60,70)",0,624479,0,2021-06-18,0.0
"[60,70)",1,671062,0,2021-06-18,0.0
"[70,80)",0,490722,0,2021-06-18,0.0
"[70,80)",1,633306,0,2021-06-18,0.0
,0,4193909,0,2021-06-18,0.0
,1,4143643,0,2021-06-18,0.0
"[60,70)",0,624446,0,2021-06-19,0.0
"[60,70)",1,671053,0,2021-06-19,0.0
"[70,80)",0,490667,0,2021-06-19,0.0
"[70,80)",1,633276,0,2021-06-19,0.0
,0,4193845,0,2021-06-19,0.0
,1,4143545,0,2021-06-19,0.0
"[60,70)",0,624415,0,2021-06-20,0.0
"[60,70)",1,671036,0,2021-06-20,0.0
"[70,80)",0,490620,0,2021-06-20,0.0
"[70,80)",1,633244,0,2021-06-20,0.0
,0,4193777,0,2021-06-20,0.0
,1,4143444,0,2021-06-20,0.0
"[60,70)",0,624382,0,2021-06-21,0.0
"[60,70)",1,671024,0,2021-06-21,0.0
"[70,80)",0,490574,0,2021-06-21,0.0
"[70,80)",1,633212,0,2021-06-21,0.0
,0,4193708,0,2021-06-21,0.0
,1,4143374,0,2021-06-21,0.0
"[60,70)",0,624355,0,2021-06-22,0.0
"[60,70)",1,671000,0,2021-06-22,0.0
"[70,80)",0,490513,0,2021-06-22,0.0
"[70,80)",1,633183,0,2021-06-22,0.0
,0,4193624,0,2021-06-22,0.0
,1,4143270,0,2021-06-22,0.0
"[60,70)",0,624317,0,2021-06-23,0.0
"[60,70)",1,670987,0,2021-06-23,0.0
"[70,80)",0,490467,0,2021-06-23,0.0
"[70,80)",1,633145,0,2021-06-23,0.0
,0,4193542,0,2021-06-23,0.0
,1,4143161,0,2021-06-23,0.0
"[60,70)",0,624278,0,2021-06-24,0.0
"[60,70)",1,670974,0,2021-06-24,0.0
"[70,80)",0,490430,0,2021-06-24,0.0
"[70,80)",1,633104,0,2021-06-24,0.0
,0,4193455,0,2021-06-24,0.0
,1,4143065,0,2021-06-24,0.0
"[60,70)",0,624246,0,2021-06-25,0.0
"[60,70)",1,670958,0,2021-06-25,0.0
"[70,80)",0,490380,0,2021-06-25,0.0
"[70,80)",1,633066,0,2021-06-25,0.0
,0,4193386,0,2021-06-25,0.0
,1,4142946,0,2021-06-25,0.0
"[60,70)",0,624216,0,2021-06-26,0.0
"[60,70)",1,670941,0,2021-06-26,0.0
"[70,80)",0,490337,0,2021-06-26,0.0
"[70,80)",1,633031,0,2021-06-26,0.0
,0,4193309,0,2021-06-26,0.0
,1,4142847,0,2021-06-26,0.0
"[60,70)",0,624188,0,2021-06-27,0.0
"[60,70)",1,670925,0,2021-06-27,0.0
"[70,80)",0,490292,0,2021-06-27,0.0
"[70,80)",1,632995,0,2021-06-27,0.0
,0,4193236,0,2021-06-27,0.0
,1,4142756,0,2021-06-27,0.0
"[60,70)",0,624163,0,2021-06-28,0.0
"[60,70)",1,670915,0,2021-06-28,0.0
"[70,80)",0,490243,0,2021-06-28,0.0
"[70,80)",1,632965,0,2021-06-28,0.0
,0,4193161,0,2021-06-28,0.0
,1,4142656,0,2021-06-28,0.0
"[60,70)",0,624136,0,2021-06-29,0.0
"[60,70)",1,670900,0,2021-06-29,0.0
"[70,80)",0,490191,0,2021-06-29,0.0
"[70,80)",1,632926,0,2021-06-29,0.0
,0,4193080,0,2021-06-29,0.0
,1,4142571,0,2021-06-29,0.0
"[60,70)",0,624104,0,2021-06-30,0.0
"[60,70)",1,670882,0,2021-06-30,0.0
"[70,80)",0,490149,0,2021-06-30,0.0
"[70,80)",1,632899,0,2021-06-30,0.0
,0,4193002,0,2021-06-30,0.0
,1,4142459,0,2021-06-30,0.0
"[60,70)",0,624080,0,2021-07-01,0.0
"[60,70)",1,670866,0,2021-07-01,0.0
"[70,80)",0,490104,0,2021-07-01,0.0
"[70,80)",1,632857,0,2021-07-01,0.0
,0,4192921,0,2021-07-01,0.0
,1,4142367,0,2021-07-01,0.0
"[60,70)",0,624054,0,2021-07-02,0.0
"[60,70)",1,670856,0,2021-07-02,0.0
"[70,80)",0,490049,0,2021-07-02,0.0
"[70,80)",1,632828,0,2021-07-02,0.0
,0,4192834,0,2021-07-02,0.0
,1,4142277,0,2021-07-02,0.0
"[60,70)",0,624034,0,2021-07-03,0.0
"[60,70)",1,670843,0,2021-07-03,0.0
"[70,80)",0,490012,0,2021-07-03,0.0
"[70,80)",1,632795,0,2021-07-03,0.0
,0,4192766,0,2021-07-03,0.0
,1,4142175,0,2021-07-03,0.0
"[60,70)",0,624000,0,2021-07-04,0.0
"[60,70)",1,670833,0,2021-07-04,0.0
"[70,80)",0,489966,0,2021-07-04,0.0
"[70,80)",1,632774,0,2021-07-04,0.0
,0,4192700,0,2021-07-04,0.0
,1,4142101,0,2021-07-04,0.0
"[60,70)",0,623967,0,2021-07-05,0.0
"[60,70)",1,670815,0,2021-07-05,0.0
"[70,80)",0,489915,0,2021-07-05,0.0
"[70,80)",1,632744,0,2021-07-05,0.0
,0,4192633,0,2021-07-05,0.0
,1,4142002,0,2021-07-05,0.0
"[60,70)",0,623938,0,2021-07-06,0.0
"[60,70)",1,670797,0,2021-07-06,0.0
"[70,80)",0,489864,0,2021-07-06,0.0
"[70,80)",1,632706,0,2021-07-06,0.0
,0,4192548,0,2021-07-06,0.0
,1,4141910,0,2021-07-06,0.0
"[60,70)",0,623914,0,2021-07-07,0.0
"[60,70)",1,670788,0,2021-07-07,0.0
"[70,80)",0,489822,0,2021-07-07,0.0
"[70,80)",1,632665,0,2021-07-07,0.0
,0,4192472,0,2021-07-07,0.0
,1,4141824,0,2021-07-07,0.0
"[60,70)",0,623883,0,2021-07-08,0.0
"[60,70)",1,670782,0,2021-07-08,0.0
"[70,80)",0,489780,0,2021-07-08,0.0
"[70,80)",1,632634,0,2021-07-08,0.0
,0,4192386,0,2021-07-08,0.0
,1,4141731,0,2021-07-08,0.0
"[60,70)",0,623855,0,2021-07-09,0.0
"[60,70)",1,670769,0,2021-07-09,0.0
"[70,80)",0,489731,0,2021-07-09,0.0
"[70,80)",1,632595,0,2021-07-09,0.0
,0,4192314,0,2021-07-09,0.0
,1,4141642,0,2021-07-09,0.0
"[60,70)",0,623821,0,2021-07-10,0.0
"[60,70)",1,670755,0,2021-07-10,0.0
"[70,80)",0,489678,0,2021-07-10,0.0
"[70,80)",1,632556,0,2021-07-10,0.0
,0,4192240,0,2021-07-10,0.0
,1,4141547,0,2021-07-10,0.0
"[60,70)",0,623792,0,2021-07-11,0.0
"[60,70)",1,670739,0,2021-07-11,0.0
"[70,80)",0,489631,0,2021-07-11,0.0
"[70,80)",1,632517,0,2021-07-11,0.0
,0,4192169,0,2021-07-11,0.0
,1,4141464,0,2021-07-11,0.0
"[60,70)",0,623756,0,2021-07-12,0.0
"[60,70)",1,670729,0,2021-07-12,0.0
"[70,80)",0,489593,0,2021-07-12,0.0
"[70,80)",1,632474,0,2021-07-12,0.0
,0,4192092,0,2021-07-12,0.0
,1,4141373,0,2021-07-12,0.0
"[60,70)",0,623722,0,2021-07-13,0.0
"[60,70)",1,670719,0,2021-07-13,0.0
"[70,80)",0,489549,0,2021-07-13,0.0
"[70,80)",1,632436,0,2021-07-13,0.0
,0,4192041,0,2021-07-13,0.0
,1,4141284,0,2021-07-13,0.0
"[60,70)",0,623698,0,2021-07-14,0.0
"[60,70)",1,670703,0,2021-07-14,0.0
"[70,80)",0,489491,0,2021-07-14,0.0
"[70,80)",1,632410,0,2021-07-14,0.0
,0,4191971,0,2021-07-14,0.0
,1,4141198,0,2021-07-14,0.0
"[60,70)",0,623677,0,2021-07-15,0.0
"[60,70)",1,670691,0,2021-07-15,0.0
"[70,80)",0,489442,0,2021-07-15,0.0
"[70,80)",1,632378,0,2021-07-15,0.0
,0,4191902,0,2021-07-15,0.0
,1,4141117,0,2021-07-15,0.0
"[60,70)",0,623639,0,2021-07-16,0.0
"[60,70)",1,670678,0,2021-07-16,0.0
"[70,80)",0,489398,0,2021-07-16,0.0
"[70,80)",1,632335,0,2021-07-16,0.0
,0,4191832,0,2021-07-16,0.0
,1,4141028,0,2021-07-16,0.0
"[60,70)",0,623610,0,2021-07-17,0.0
"[60,70)",1,670667,0,2021-07-17,0.0
"[70,80)",0,489356,0,2021-07-17,0.0
"[70,80)",1,632304,0,2021-07-17,0.0
,0,4191754,0,2021-07-17,0.0
,1,4140929,0,2021-07-17,0.0
"[60,70)",0,623584,0,2021-07-18,0.0
"[60,70)",1,670657,0,2021-07-18,0.0
"[70,80)",0,489314,0,2021-07-18,0.0
"[70,80)",1,632273,0,2021-07-18,0.0
,0,4191674,0,2021-07-18,0.0
,1,4140850,0,2021-07-18,0.0
"[60,70)",0,623534,0,2021-07-19,0.0
"[60,70)",1,670646,0,2021-07-19,0.0
"[70,80)",0,489269,0,2021-07-19,0.0
"[70,80)",1,632249,0,2021-07-19,0.0
,0,4191611,0,2021-07-19,0.0
,1,4140769,0,2021-07-19,0.0
"[60,70)",0,623494,0,2021-07-20,0.0
"[60,70)",1,670627,0,2021-07-20,0.0
"[70,80)",0,489202,0,2021-07-20,0.0
"[70,80)",1,632211,0,2021-07-20,0.0
,0,4191518,0,2021-07-20,0.0
,1,4140678,0,2021-07-20,0.0
"[60,70)",0,623450,0,2021-07-21,0.0
"[60,70)",1,670611,0,2021-07-21,0.0
"[70,80)",0,489162,0,2021-07-21,0.0
"[70,80)",1,632178,0,2021-07-21,0.0
,0,4191433,0,2021-07-21,0.0
,1,4140572,0,2021-07-21,0.0
"[60,70)",0,623423,0,2021-07-22,0.0
"[60,70)",1,670599,0,2021-07-22,0.0
"[70,80)",0,489110,0,2021-07-22,0.0
"[70,80)",1,632156,0,2021-07-22,0.0
,0,4191350,0,2021-07-22,0.0
,1,4140481,0,2021-07-22,0.0
"[60,70)",0,623389,0,2021-07-23,0.0
"[60,70)",1,670577,0,2021-07-23,0.0
"[70,80)",0,489058,0,2021-07-23,0.0
"[70,80)",1,632113,0,2021-07-23,0.0
,0,4191261,0,2021-07-23,0.0
,1,4140379,0,2021-07-23,0.0
"[60,70)",0,623355,0,2021-07-24,0.0
"[60,70)",1,670562,0,2021-07-24,0.0
"[70,80)",0,489001,0,2021-07-24,0.0
"[70,80)",1,632076,0,2021-07-24,0.0
,0,4191176,0,2021-07-24,0.0
,1,4140262,0,2021-07-24,0.0
"[60,70)",0,623328,0,2021-07-25,0.0
"[60,70)",1,670545,0,2021-07-25,0.0
"[70,80)",0,488948,0,2021-07-25,0.0
"[70,80)",1,632048,0,2021-07-25,0.0
,0,4191075,0,2021-07-25,0.0
,1,4140151,0,2021-07-25,0.0
"[60,70)",0,623292,0,2021-07-26,0.0
"[60,70)",1,670531,0,2021-07-26,0.0
"[70,80)",0,488910,0,2021-07-26,0.0
"[70,80)",1,632016,0,2021-07-26,0.0
,0,4191017,0,2021-07-26,0.0
,1,4140043,0,2021-07-26,0.0
"[60,70)",0,623266,0,2021-07-27,0.0
"[60,70)",1,670509,0,2021-07-27,0.0
"[70,80)",0,488862,0,2021-07-27,0.0
"[70,80)",1,631977,0,2021-07-27,0.0
,0,4190944,0,2021-07-27,0.0
,1,4139945,0,2021-07-27,0.0
"[60,70)",0,623238,0,2021-07-28,0.0
"[60,70)",1,670496,0,2021-07-28,0.0
"[70,80)",0,488808,0,2021-07-28,0.0
"[70,80)",1,631946,0,2021-07-28,0.0
,0,4190863,0,2021-07-28,0.0
,1,4139858,0,2021-07-28,0.0
"[60,70)",0,623217,0,2021-07-29,0.0
"[60,70)",1,670484,0,2021-07-29,0.0
"[70,80)",0,488750,0,2021-07-29,0.0
"[70,80)",1,631906,0,2021-07-29,0.0
,0,4190783,0,2021-07-29,0.0
,1,4139752,0,2021-07-29,0.0
"[60,70)",0,623197,0,2021-07-30,0.0
"[60,70)",1,670474,0,2021-07-30,0.0
"[70,80)",0,488697,0,2021-07-30,0.0
"[70,80)",1,631865,0,2021-07-30,0.0
,0,4190697,0,2021-07-30,0.0
,1,4139630,0,2021-07-30,0.0
"[60,70)",0,623180,0,2021-07-31,0.0
"[60,70)",1,670460,0,2021-07-31,0.0
"[70,80)",0,488645,0,2021-07-31,0.0
"[70,80)",1,631827,0,2021-07-31,0.0
,0,4190628,0,2021-07-31,0.0
,1,4139528,0,2021-07-31,0.0
"[60,70)",0,623161,0,2021-08-01,0.0
"[60,70)",1,670445,0,2021-08-01,0.0
"[70,80)",0,488596,0,2021-08-01,0.0
"[70,80)",1,631788,0,2021-08-01,0.0
,0,4190543,0,2021-08-01,0.0
,1,4139432,0,2021-08-01,0.0
"[60,70)",0,623136,0,2021-08-02,0.0
"[60,70)",1,670416,0,2021-08-02,0.0
"[70,80)",0,488547,0,2021-08-02,0.0
"[70,80)",1,631755,0,2021-08-02,0.0
,0,4190458,0,2021-08-02,0.0
,1,4139339,0,2021-08-02,0.0
"[60,70)",0,623112,0,2021-08-03,0.0
"[60,70)",1,670397,0,2021-08-03,0.0
"[70,80)",0,488490,0,2021-08-03,0.0
"[70,80)",1,631718,0,2021-08-03,0.0
,0,4190394,0,2021-08-03,0.0
,1,4139222,0,2021-08-03,0.0
"[60,70)",0,623089,0,2021-08-04,0.0
"[60,70)",1,670379,0,2021-08-04,0.0
"[70,80)",0,488431,0,2021-08-04,0.0
"[70,80)",1,631682,0,2021-08-04,0.0
,0,4190314,0,2021-08-04,0.0
,1,4139133,0,2021-08-04,0.0
"[60,70)",0,623065,0,2021-08-05,0.0
"[60,70)",1,670351,0,2021-08-05,0.0
"[70,80)",0,488386,0,2021-08-05,0.0
"[70,80)",1,631642,0,2021-08-05,0.0
,0,4190244,0,2021-08-05,0.0
,1,4139038,0,2021-08-05,0.0
"[60,70)",0,623043,0,2021-08-06,0.0
"[60,70)",1,670339,0,2021-08-06,0.0
"[70,80)",0,488323,0,2021-08-06,0.0
"[70,80)",1,631597,0,2021-08-06,0.0
,0,4190167,0,2021-08-06,0.0
,1,4138929,0,2021-08-06,0.0
"[60,70)",0,623017,0,2021-08-07,0.0
"[60,70)",1,670327,0,2021-08-07,0.0
"[70,80)",0,488275,0,2021-08-07,0.0
"[70,80)",1,631568,0,2021-08-07,0.0
,0,4190084,0,2021-08-07,0.0
,1,4138818,0,2021-08-07,0.0
"[60,70)",0,622985,0,2021-08-08,0.0
"[60,70)",1,670311,0,2021-08-08,0.0
"[70,80)",0,488224,0,2021-08-08,0.0
"[70,80)",1,631530,0,2021-08-08,0.0
,0,4190017,0,2021-08-08,0.0
,1,4138723,0,2021-08-08,0.0
"[60,70)",0,622945,0,2021-08-09,0.0
"[60,70)",1,670299,0,2021-08-09,0.0
"[70,80)",0,488174,0,2021-08-09,0.0
"[70,80)",1,631493,0,2021-08-09,0.0
,0,4189945,0,2021-08-09,0.0
,1,4138632,0,2021-08-09,0.0
"[60,70)",0,622909,0,2021-08-10,0.0
"[60,70)",1,670279,0,2021-08-10,0.0
"[70,80)",0,488126,0,2021-08-10,0.0
"[70,80)",1,631462,0,2021-08-10,0.0
,0,4189871,0,2021-08-10,0.0
,1,4138529,0,2021-08-10,0.0
"[60,70)",0,622878,0,2021-08-11,0.0
"[60,70)",1,670258,0,2021-08-11,0.0
"[70,80)",0,488072,0,2021-08-11,0.0
"[70,80)",1,631418,0,2021-08-11,0.0
,0,4189783,0,2021-08-11,0.0
,1,4138435,0,2021-08-11,0.0
"[60,70)",0,622844,0,2021-08-12,0.0
"[60,70)",1,670244,0,2021-08-12,0.0
"[70,80)",0,488021,0,2021-08-12,0.0
"[70,80)",1,631379,0,2021-08-12,0.0
,0,4189714,0,2021-08-12,0.0
,1,4138337,0,2021-08-12,0.0
"[60,70)",0,622818,0,2021-08-13,0.0
"[60,70)",1,670232,0,2021-08-13,0.0
"[70,80)",0,487988,0,2021-08-13,0.0
"[70,80)",1,631347,0,2021-08-13,0.0
,0,4189620,0,2021-08-13,0.0
,1,4138248,0,2021-08-13,0.0
"[60,70)",0,622793,0,2021-08-14,0.0
"[60,70)",1,670217,0,2021-08-14,0.0
"[70,80)",0,487935,0,2021-08-14,0.0
"[70,80)",1,631316,0,2021-08-14,0.0
,0,4189548,0,2021-08-14,0.0
,1,4138156,0,2021-08-14,0.0
"[60,70)",0,622769,0,2021-08-15,0.0
"[60,70)",1,670205,0,2021-08-15,0.0
"[70,80)",0,487886,0,2021-08-15,0.0
"[70,80)",1,631291,0,2021-08-15,0.0
,0,4189461,0,2021-08-15,0.0
,1,4138069,0,2021-08-15,0.0
"[60,70)",0,622739,0,2021-08-16,0.0
"[60,70)",1,670189,0,2021-08-16,0.0
"[70,80)",0,487829,0,2021-08-16,0.0
"[70,80)",1,631258,0,2021-08-16,0.0
,0,4189389,0,2021-08-16,0.0
,1,4137963,0,2021-08-16,0.0
"[60,70)",0,622707,0,2021-08-17,0.0
"[60,70)",1,670184,0,2021-08-17,0.0
"[70,80)",0,487780,0,2021-08-17,0.0
"[70,80)",1,631220,0,2021-08-17,0.0
,0,4189298,0,2021-08-17,0.0
,1,4137875,0,2021-08-17,0.0
"[60,70)",0,622671,0,2021-08-18,0.0
"[60,70)",1,670172,0,2021-08-18,0.0
"[70,80)",0,487721,0,2021-08-18,0.0
"[70,80)",1,631185,0,2021-08-18,0.0
,0,4189200,0,2021-08-18,0.0
,1,4137772,0,2021-08-18,0.0
"[60,70)",0,622635,0,2021-08-19,0.0
"[60,70)",1,670152,0,2021-08-19,0.0
"[70,80)",0,487690,0,2021-08-19,0.0
"[70,80)",1,631152,0,2021-08-19,0.0
,0,4189133,0,2021-08-19,0.0
,1,4137673,0,2021-08-19,0.0
"[60,70)",0,622613,0,2021-08-20,0.0
"[60,70)",1,670142,0,2021-08-20,0.0
"[70,80)",0,487650,0,2021-08-20,0.0
"[70,80)",1,631120,0,2021-08-20,0.0
,0,4189060,0,2021-08-20,0.0
,1,4137575,0,2021-08-20,0.0
"[60,70)",0,622582,0,2021-08-21,0.0
"[60,70)",1,670128,0,2021-08-21,0.0
"[70,80)",0,487605,0,2021-08-21,0.0
"[70,80)",1,631093,0,2021-08-21,0.0
,0,4188997,0,2021-08-21,0.0
,1,4137469,0,2021-08-21,0.0
"[60,70)",0,622555,0,2021-08-22,0.0
"[60,70)",1,670110,0,2021-08-22,0.0
"[70,80)",0,487558,0,2021-08-22,0.0
"[70,80)",1,631053,0,2021-08-22,0.0
,0,4188933,0,2021-08-22,0.0
,1,4137370,0,2021-08-22,0.0
"[60,70)",0,622539,0,2021-08-23,0.0
"[60,70)",1,670095,0,2021-08-23,0.0
"[70,80)",0,487508,0,2021-08-23,0.0
"[70,80)",1,631012,0,2021-08-23,0.0
,0,4188863,0,2021-08-23,0.0
,1,4137273,0,2021-08-23,0.0
"[60,70)",0,622509,0,2021-08-24,0.0
"[60,70)",1,670081,0,2021-08-24,0.0
"[70,80)",0,487464,0,2021-08-24,0.0
"[70,80)",1,630984,0,2021-08-24,0.0
,0,4188780,0,2021-08-24,0.0
,1,4137187,0,2021-08-24,0.0
"[60,70)",0,622478,0,2021-08-25,0.0
"[60,70)",1,670063,0,2021-08-25,0.0
"[70,80)",0,487407,0,2021-08-25,0.0
"[70,80)",1,630959,0,2021-08-25,0.0
,0,4188703,0,2021-08-25,0.0
,1,4137071,0,2021-08-25,0.0
"[60,70)",0,622450,0,2021-08-26,0.0
"[60,70)",1,670045,0,2021-08-26,0.0
"[70,80)",0,487361,0,2021-08-26,0.0
"[70,80)",1,630923,0,2021-08-26,0.0
,0,4188625,0,2021-08-26,0.0
,1,4136998,0,2021-08-26,0.0
"[60,70)",0,622419,0,2021-08-27,0.0
"[60,70)",1,670037,0,2021-08-27,0.0
"[70,80)",0,487314,0,2021-08-27,0.0
"[70,80)",1,630890,0,2021-08-27,0.0
,0,4188551,0,2021-08-27,0.0
,1,4136913,0,2021-08-27,0.0
"[60,70)",0,622394,0,2021-08-28,0.0
"[60,70)",1,670018,0,2021-08-28,0.0
"[70,80)",0,487258,0,2021-08-28,0.0
"[70,80)",1,630864,0,2021-08-28,0.0
,0,4188476,0,2021-08-28,0.0
,1,4136813,0,2021-08-28,0.0
"[60,70)",0,622363,0,2021-08-29,0.0
"[60,70)",1,670004,0,2021-08-29,0.0
"[70,80)",0,487202,0,2021-08-29,0.0
"[70,80)",1,630826,0,2021-08-29,0.0
,0,4188408,0,2021-08-29,0.0
,1,4136717,0,2021-08-29,0.0
"[60,70)",0,622341,0,2021-08-30,0.0
"[60,70)",1,669987,0,2021-08-30,0.0
"[70,80)",0,487162,0,2021-08-30,0.0
"[70,80)",1,630799,0,2021-08-30,0.0
,0,4188335,0,2021-08-30,0.0
,1,4136630,0,2021-08-30,0.0
"[60,70)",0,622311,0,2021-08-31,0.0
"[60,70)",1,669968,0,2021-08-31,0.0
"[70,80)",0,487098,0,2021-08-31,0.0
"[70,80)",1,630768,0,2021-08-31,0.0
,0,4188263,0,2021-08-31,0.0
,1,4136546,0,2021-08-31,0.0
"[60,70)",0,622288,0,2021-09-01,0.0
"[60,70)",1,669951,0,2021-09-01,0.0
"[70,80)",0,487054,0,2021-09-01,0.0
"[70,80)",1,630741,0,2021-09-01,0.0
,0,4188203,0,2021-09-01,0.0
,1,4136450,0,2021-09-01,0.0
"[60,70)",0,622261,0,2021-09-02,0.0
"[60,70)",1,669939,0,2021-09-02,0.0
"[70,80)",0,486990,0,2021-09-02,0.0
"[70,80)",1,630701,0,2021-09-02,0.0
,0,4188117,0,2021-09-02,0.0
,1,4136356,0,2021-09-02,0.0
"[60,70)",0,622235,0,2021-09-03,0.0
"[60,70)",1,669931,0,2021-09-03,0.0
"[70,80)",0,486947,0,2021-09-03,0.0
"[70,80)",1,630664,0,2021-09-03,0.0
,0,4188039,0,2021-09-03,0.0
,1,4136269,0,2021-09-03,0.0
"[60,70)",0,622212,0,2021-09-04,0.0
"[60,70)",1,669913,0,2021-09-04,0.0
"[70,80)",0,486895,0,2021-09-04,0.0
"[70,80)",1,630629,0,2021-09-04,0.0
,0,4187972,0,2021-09-04,0.0
,1,4136181,0,2021-09-04,0.0
"[60,70)",0,622180,0,2021-09-05,0.0
"[60,70)",1,669901,0,2021-09-05,0.0
"[70,80)",0,486842,0,2021-09-05,0.0
"[70,80)",1,630600,0,2021-09-05,0.0
,0,4187896,0,2021-09-05,0.0
,1,4136076,0,2021-09-05,0.0
"[60,70)",0,622154,0,2021-09-06,0.0
"[60,70)",1,669881,0,2021-09-06,0.0
"[70,80)",0,486783,0,2021-09-06,0.0
"[70,80)",1,630563,0,2021-09-06,0.0
,0,4187815,0,2021-09-06,0.0
,1,4135993,0,2021-09-06,0.0
"[60,70)",0,622127,0,2021-09-07,0.0
"[60,70)",1,669867,0,2021-09-07,0.0
"[70,80)",0,486739,0,2021-09-07,0.0
"[70,80)",1,630527,0,2021-09-07,0.0
,0,4187735,0,2021-09-07,0.0
,1,4135901,0,2021-09-07,0.0
"[60,70)",0,622108,0,2021-09-08,0.0
"[60,70)",1,669858,0,2021-09-08,0.0
"[70,80)",0,486676,0,2021-09-08,0.0
"[70,80)",1,630485,0,2021-09-08,0.0
,0,4187660,0,2021-09-08,0.0
,1,4135789,0,2021-09-08,0.0
"[60,70)",0,622084,0,2021-09-09,0.0
"[60,70)",1,669844,0,2021-09-09,0.0
"[70,80)",0,486625,0,2021-09-09,0.0
"[70,80)",1,630445,0,2021-09-09,0.0
,0,4187576,0,2021-09-09,0.0
,1,4135701,0,2021-09-09,0.0
"[60,70)",0,622060,0,2021-09-10,0.0
"[60,70)",1,669835,0,2021-09-10,0.0
"[70,80)",0,486566,0,2021-09-10,0.0
"[70,80)",1,630409,0,2021-09-10,0.0
,0,4187487,0,2021-09-10,0.0
,1,4135612,0,2021-09-10,0.0
"[60,70)",0,622028,0,2021-09-11,0.0
"[60,70)",1,669822,0,2021-09-11,0.0
"[70,80)",0,486521,0,2021-09-11,0.0
"[70,80)",1,630369,0,2021-09-11,0.0
,0,4187408,0,2021-09-11,0.0
,1,4135521,0,2021-09-11,0.0
"[60,70)",0,621995,0,2021-09-12,0.0
"[60,70)",1,669807,0,2021-09-12,0.0
"[70,80)",0,486474,0,2021-09-12,0.0
"[70,80)",1,630325,0,2021-09-12,0.0
,0,4187318,0,2021-09-12,0.0
,1,4135401,0,2021-09-12,0.0
"[60,70)",0,621969,0,2021-09-13,0.0
"[60,70)",1,669799,0,2021-09-13,0.0
"[70,80)",0,486412,0,2021-09-13,0.0
"[70,80)",1,630287,0,2021-09-13,0.0
,0,4187207,0,2021-09-13,0.0
,1,4135297,0,2021-09-13,0.0
"[60,70)",0,621944,0,2021-09-14,0.0
"[60,70)",1,669782,0,2021-09-14,0.0
"[70,80)",0,486359,0,2021-09-14,0.0
"[70,80)",1,630254,0,2021-09-14,0.0
,0,4187129,0,2021-09-14,0.0
,1,4135200,0,2021-09-14,0.0
"[60,70)",0,621928,0,2021-09-15,0.0
"[60,70)",1,669760,0,2021-09-15,0.0
"[70,80)",0,486309,0,2021-09-15,0.0
"[70,80)",1,630215,0,2021-09-15,0.0
,0,4187051,0,2021-09-15,0.0
,1,4135110,0,2021-09-15,0.0
"[60,70)",0,621893,0,2021-09-16,0.0
"[60,70)",1,669745,0,2021-09-16,0.0
"[70,80)",0,486262,0,2021-09-16,0.0
"[70,80)",1,630180,0,2021-09-16,0.0
,0,4186969,0,2021-09-16,0.0
,1,4135006,0,2021-09-16,0.0
"[60,70)",0,621866,0,2021-09-17,0.0
"[60,70)",1,669726,0,2021-09-17,0.0
"[70,80)",0,486191,0,2021-09-17,0.0
"[70,80)",1,630139,0,2021-09-17,0.0
,0,4186875,0,2021-09-17,0.0
,1,4134897,0,2021-09-17,0.0
"[60,70)",0,621835,0,2021-09-18,0.0
"[60,70)",1,669707,0,2021-09-18,0.0
"[70,80)",0,486133,0,2021-09-18,0.0
"[70,80)",1,630103,0,2021-09-18,0.0
,0,4186781,0,2021-09-18,0.0
,1,4134793,0,2021-09-18,0.0
"[60,70)",0,621802,0,2021-09-19,0.0
"[60,70)",1,669689,0,2021-09-19,0.0
"[70,80)",0,486067,0,2021-09-19,0.0
"[70,80)",1,630063,0,2021-09-19,0.0
,0,4186681,0,2021-09-19,0.0
,1,4134686,0,2021-09-19,0.0
"[60,70)",0,621768,0,2021-09-20,0.0
"[60,70)",1,669678,0,2021-09-20,0.0
"[70,80)",0,486024,0,2021-09-20,0.0
"[70,80)",1,630020,0,2021-09-20,0.0
,0,4186599,0,2021-09-20,0.0
,1,4134586,0,2021-09-20,0.0
"[60,70)",0,621735,0,2021-09-21,0.0
"[60,70)",1,669669,0,2021-09-21,0.0
"[70,80)",0,485977,0,2021-09-21,0.0
"[70,80)",1,629985,0,2021-09-21,0.0
,0,4186517,0,2021-09-21,0.0
,1,4134479,0,2021-09-21,0.0
"[60,70)",0,621703,0,2021-09-22,0.0
"[60,70)",1,669658,0,2021-09-22,0.0
"[70,80)",0,485921,0,2021-09-22,0.0
"[70,80)",1,629949,0,2021-09-22,0.0
,0,4186413,0,2021-09-22,0.0
,1,4134360,0,2021-09-22,0.0
"[60,70)",0,621673,0,2021-09-23,0.0
"[60,70)",1,669636,0,2021-09-23,0.0
"[70,80)",0,485875,0,2021-09-23,0.0
"[70,80)",1,629915,0,2021-09-23,0.0
,0,4186319,0,2021-09-23,0.0
,1,4134245,0,2021-09-23,0.0
"[60,70)",0,621647,0,2021-09-24,0.0
"[60,70)",1,669623,0,2021-09-24,0.0
"[70,80)",0,485815,0,2021-09-24,0.0
"[70,80)",1,629872,0,2021-09-24,0.0
,0,4186249,0,2021-09-24,0.0
,1,4134144,0,2021-09-24,0.0
"[60,70)",0,621620,0,2021-09-25,0.0
"[60,70)",1,669606,0,2021-09-25,0.0
"[70,80)",0,485759,0,2021-09-25,0.0
"[70,80)",1,629825,0,2021-09-25,0.0
,0,4186159,0,2021-09-25,0.0
,1,4134048,0,2021-09-25,0.0
"[60,70)",0,621596,0,2021-09-26,0.0
"[60,70)",1,669589,0,2021-09-26,0.0
"[70,80)",0,485700,0,2021-09-26,0.0
"[70,80)",1,629790,0,2021-09-26,0.0
,0,4186067,0,2021-09-26,0.0
,1,4133923,0,2021-09-26,0.0
"[60,70)",0,621563,0,2021-09-27,0.0
"[60,70)",1,669574,0,2021-09-27,0.0
"[70,80)",0,485644,0,2021-09-27,0.0
"[70,80)",1,629755,0,2021-09-27,0.0
,0,4185972,0,2021-09-27,0.0
,1,4133799,0,2021-09-27,0.0
"[60,70)",0,621530,0,2021-09-28,0.0
"[60,70)",1,669556,0,2021-09-28,0.0
"[70,80)",0,485584,0,2021-09-28,0.0
"[70,80)",1,629715,0,2021-09-28,0.0
,0,4185890,0,2021-09-28,0.0
,1,4133686,0,2021-09-28,0.0
"[60,70)",0,621502,0,2021-09-29,0.0
"[60,70)",1,669543,0,2021-09-29,0.0
"[70,80)",0,485531,0,2021-09-29,0.0
"[70,80)",1,629666,0,2021-09-29,0.0
,0,4185800,0,2021-09-29,0.0
,1,4133580,0,2021-09-29,0.0
"[60,70)",0,621475,0,2021-09-30,0.0
"[60,70)",1,669526,0,2021-09-30,0.0
"[70,80)",0,485477,0,2021-09-30,0.0
"[70,80)",1,629630,0,2021-09-30,0.0
,0,4185712,0,2021-09-30,0.0
,1,4133462,0,2021-09-30,0.0
"[60,70)",0,621449,0,2021-10-01,0.0
"[60,70)",1,669511,0,2021-10-01,0.0
"[70,80)",0,485405,0,2021-10-01,0.0
"[70,80)",1,629595,0,2021-10-01,0.0
,0,4185617,0,2021-10-01,0.0
,1,4133356,0,2021-10-01,0.0
"[60,70)",0,621408,0,2021-10-02,0.0
"[60,70)",1,669492,0,2021-10-02,0.0
"[70,80)",0,485331,0,2021-10-02,0.0
"[70,80)",1,629548,0,2021-10-02,0.0
,0,4185525,0,2021-10-02,0.0
,1,4133234,0,2021-10-02,0.0
"[60,70)",0,621371,0,2021-10-03,0.0
"[60,70)",1,669475,0,2021-10-03,0.0
"[70,80)",0,485274,0,2021-10-03,0.0
"[70,80)",1,629502,0,2021-10-03,0.0
,0,4185434,0,2021-10-03,0.0
,1,4133116,0,2021-10-03,0.0
"[60,70)",0,621353,0,2021-10-04,0.0
"[60,70)",1,669457,0,2021-10-04,0.0
"[70,80)",0,485199,0,2021-10-04,0.0
"[70,80)",1,629465,0,2021-10-04,0.0
,0,4185350,0,2021-10-04,0.0
,1,4133006,0,2021-10-04,0.0
"[60,70)",0,621319,0,2021-10-05,0.0
"[60,70)",1,669440,0,2021-10-05,0.0
"[70,80)",0,485125,0,2021-10-05,0.0
"[70,80)",1,629417,0,2021-10-05,0.0
,0,4185269,0,2021-10-05,0.0
,1,4132881,0,2021-10-05,0.0
"[60,70)",0,621277,0,2021-10-06,0.0
"[60,70)",1,669423,0,2021-10-06,0.0
"[70,80)",0,485063,0,2021-10-06,0.0
"[70,80)",1,629371,0,2021-10-06,0.0
,0,4185160,0,2021-10-06,0.0
,1,4132757,0,2021-10-06,0.0
"[60,70)",0,621228,0,2021-10-07,0.0
"[60,70)",1,669407,0,2021-10-07,0.0
"[70,80)",0,485007,0,2021-10-07,0.0
"[70,80)",1,629337,0,2021-10-07,0.0
,0,4185057,0,2021-10-07,0.0
,1,4132637,0,2021-10-07,0.0
"[60,70)",0,621194,0,2021-10-08,0.0
"[60,70)",1,669390,0,2021-10-08,0.0
"[70,80)",0,484956,0,2021-10-08,0.0
"[70,80)",1,629284,0,2021-10-08,0.0
,0,4184962,0,2021-10-08,0.0
,1,4132511,0,2021-10-08,0.0
"[60,70)",0,621164,0,2021-10-09,0.0
"[60,70)",1,669383,0,2021-10-09,0.0
"[70,80)",0,484899,0,2021-10-09,0.0
"[70,80)",1,629238,0,2021-10-09,0.0
,0,4184853,0,2021-10-09,0.0
,1,4132382,0,2021-10-09,0.0
"[60,70)",0,621126,0,2021-10-10,0.0
"[60,70)",1,669359,0,2021-10-10,0.0
"[70,80)",0,484824,0,2021-10-10,0.0
"[70,80)",1,629183,0,2021-10-10,0.0
,0,4184732,0,2021-10-10,0.0
,1,4132247,0,2021-10-10,0.0
"[60,70)",0,621078,0,2021-10-11,0.0
"[60,70)",1,669335,0,2021-10-11,0.0
"[70,80)",0,484748,0,2021-10-11,0.0
"[70,80)",1,629138,0,2021-10-11,0.0
,0,4184642,0,2021-10-11,0.0
,1,4132096,0,2021-10-11,0.0
"[60,70)",0,621041,0,2021-10-12,0.0
"[60,70)",1,669319,0,2021-10-12,0.0
"[70,80)",0,484671,0,2021-10-12,0.0
"[70,80)",1,629089,0,2021-10-12,0.0
,0,4184517,0,2021-10-12,0.0
,1,4131954,0,2021-10-12,0.0
"[60,70)",0,621010,0,2021-10-13,0.0
"[60,70)",1,669298,0,2021-10-13,0.0
"[70,80)",0,484603,0,2021-10-13,0.0
"[70,80)",1,629040,0,2021-10-13,0.0
,0,4184401,0,2021-10-13,0.0
,1,4131829,0,2021-10-13,0.0
"[60,70)",0,620967,0,2021-10-14,0.0
"[60,70)",1,669278,0,2021-10-14,0.0
"[70,80)",0,484523,0,2021-10-14,0.0
"[70,80)",1,628996,0,2021-10-14,0.0
,0,4184270,0,2021-10-14,0.0
,1,4131693,0,2021-10-14,0.0
"[60,70)",0,620929,0,2021-10-15,0.0
"[60,70)",1,669262,0,2021-10-15,0.0
"[70,80)",0,484456,0,2021-10-15,0.0
"[70,80)",1,628935,0,2021-10-15,0.0
,0,4184144,0,2021-10-15,0.0
,1,4131546,0,2021-10-15,0.0
"[60,70)",0,620892,0,2021-10-16,0.0
"[60,70)",1,669242,0,2021-10-16,0.0
"[70,80)",0,484367,0,2021-10-16,0.0
"[70,80)",1,628885,0,2021-10-16,0.0
,0,4184017,0,2021-10-16,0.0
,1,4131389,0,2021-10-16,0.0
"[60,70)",0,620863,0,2021-10-17,0.0
"[60,70)",1,669222,0,2021-10-17,0.0
"[70,80)",0,484264,0,2021-10-17,0.0
"[70,80)",1,628830,0,2021-10-17,0.0
,0,4183891,0,2021-10-17,0.0
,1,4131194,0,2021-10-17,0.0
"[60,70)",0,620825,0,2021-10-18,0.0
"[60,70)",1,669203,0,2021-10-18,0.0
"[70,80)",0,484179,0,2021-10-18,0.0
"[70,80)",1,628788,0,2021-10-18,0.0
,0,4183748,0,2021-10-18,0.0
,1,4131012,0,2021-10-18,0.0
"[60,70)",0,620786,0,2021-10-19,0.0
"[60,70)",1,669185,0,2021-10-19,0.0
"[70,80)",0,484096,0,2021-10-19,0.0
"[70,80)",1,628733,0,2021-10-19,0.0
,0,4183619,0,2021-10-19,0.0
,1,4130842,0,2021-10-19,0.0
"[60,70)",0,620738,0,2021-10-20,0.0
"[60,70)",1,669159,0,2021-10-20,0.0
"[70,80)",0,483996,0,2021-10-20,0.0
"[70,80)",1,628667,0,2021-10-20,0.0
,0,4183458,0,2021-10-20,0.0
,1,4130641,0,2021-10-20,0.0
"[60,70)",0,620698,0,2021-10-21,0.0
"[60,70)",1,669136,0,2021-10-21,0.0
"[70,80)",0,483884,0,2021-10-21,0.0
"[70,80)",1,628613,0,2021-10-21,0.0
,0,4183309,0,2021-10-21,0.0
,1,4130440,0,2021-10-21,0.0
"[60,70)",0,620643,0,2021-10-22,0.0
"[60,70)",1,669124,0,2021-10-22,0.0
"[70,80)",0,483792,0,2021-10-22,0.0
"[70,80)",1,628563,0,2021-10-22,0.0
,0,4183159,0,2021-10-22,0.0
,1,4130244,0,2021-10-22,0.0
"[60,70)",0,620601,0,2021-10-23,0.0
"[60,70)",1,669102,0,2021-10-23,0.0
"[70,80)",0,483701,0,2021-10-23,0.0
"[70,80)",1,628491,0,2021-10-23,0.0
,0,4182986,0,2021-10-23,0.0
,1,4130041,0,2021-10-23,0.0
"[60,70)",0,620556,0,2021-10-24,0.0
"[60,70)",1,669077,0,2021-10-24,0.0
"[70,80)",0,483586,0,2021-10-24,0.0
"[70,80)",1,628407,0,2021-10-24,0.0
,0,4182852,0,2021-10-24,0.0
,1,4129860,0,2021-10-24,0.0
"[60,70)",0,620504,0,2021-10-25,0.0
"[60,70)",1,669046,0,2021-10-25,0.0
"[70,80)",0,483459,0,2021-10-25,0.0
"[70,80)",1,628343,0,2021-10-25,0.0
,0,4182696,0,2021-10-25,0.0
,1,4129675,0,2021-10-25,0.0
"[60,70)",0,620458,0,2021-10-26,0.0
"[60,70)",1,669023,0,2021-10-26,0.0
"[70,80)",0,483328,0,2021-10-26,0.0
"[70,80)",1,628260,0,2021-10-26,0.0
,0,4182536,0,2021-10-26,0.0
,1,4129489,0,2021-10-26,0.0
"[60,70)",0,620406,0,2021-10-27,0.0
"[60,70)",1,668993,0,2021-10-27,0.0
"[70,80)",0,483226,0,2021-10-27,0.0
"[70,80)",1,628194,0,2021-10-27,0.0
,0,4182394,0,2021-10-27,0.0
,1,4129263,0,2021-10-27,0.0
"[60,70)",0,620359,0,2021-10-28,0.0
"[60,70)",1,668972,0,2021-10-28,0.0
"[70,80)",0,483119,0,2021-10-28,0.0
"[70,80)",1,628133,0,2021-10-28,0.0
,0,4182233,0,2021-10-28,0.0
,1,4129038,0,2021-10-28,0.0
"[60,70)",0,620310,0,2021-10-29,0.0
"[60,70)",1,668949,0,2021-10-29,0.0
"[70,80)",0,482985,0,2021-10-29,0.0
"[70,80)",1,628072,0,2021-10-29,0.0
,0,4182061,0,2021-10-29,0.0
,1,4128822,0,2021-10-29,0.0
"[60,70)",0,620260,0,2021-10-30,0.0
"[60,70)",1,668931,0,2021-10-30,0.0
"[70,80)",0,482873,0,2021-10-30,0.0
"[70,80)",1,628012,0,2021-10-30,0.0
,0,4181857,0,2021-10-30,0.0
,1,4128628,0,2021-10-30,0.0
"[60,70)",0,620210,0,2021-10-31,0.0
"[60,70)",1,668909,0,2021-10-31,0.0
"[70,80)",0,482792,0,2021-10-31,0.0
"[70,80)",1,627943,0,2021-10-31,0.0
,0,4181686,0,2021-10-31,0.0
,1,4128419,0,2021-10-31,0.0
"[60,70)",0,620166,0,2021-11-01,0.0
"[60,70)",1,668892,0,2021-11-01,0.0
"[70,80)",0,482694,0,2021-11-01,0.0
"[70,80)",1,627872,0,2021-11-01,0.0
,0,4181536,0,2021-11-01,0.0
,1,4128232,0,2021-11-01,0.0
"[60,70)",0,620131,0,2021-11-02,0.0
"[60,70)",1,668874,0,2021-11-02,0.0
"[70,80)",0,482586,0,2021-11-02,0.0
"[70,80)",1,627807,0,2021-11-02,0.0
,0,4181383,0,2021-11-02,0.0
,1,4128008,0,2021-11-02,0.0
"[60,70)",0,620082,0,2021-11-03,0.0
"[60,70)",1,668856,0,2021-11-03,0.0
"[70,80)",0,482493,0,2021-11-03,0.0
"[70,80)",1,627757,0,2021-11-03,0.0
,0,4181219,0,2021-11-03,0.0
,1,4127805,0,2021-11-03,0.0
"[60,70)",0,620038,0,2021-11-04,0.0
"[60,70)",1,668831,0,2021-11-04,0.0
"[70,80)",0,482391,0,2021-11-04,0.0
"[70,80)",1,627681,0,2021-11-04,0.0
,0,4181059,0,2021-11-04,0.0
,1,4127616,0,2021-11-04,0.0
"[60,70)",0,619994,0,2021-11-05,0.0
"[60,70)",1,668814,0,2021-11-05,0.0
"[70,80)",0,482280,0,2021-11-05,0.0
"[70,80)",1,627623,0,2021-11-05,0.0
,0,4180924,0,2021-11-05,0.0
,1,4127428,0,2021-11-05,0.0
"[60,70)",0,619941,0,2021-11-06,0.0
"[60,70)",1,668799,0,2021-11-06,0.0
"[70,80)",0,482168,0,2021-11-06,0.0
"[70,80)",1,627558,0,2021-11-06,0.0
,0,4180795,0,2021-11-06,0.0
,1,4127234,0,2021-11-06,0.0
"[60,70)",0,619900,0,2021-11-07,0.0
"[60,70)",1,668781,0,2021-11-07,0.0
"[70,80)",0,482074,0,2021-11-07,0.0
"[70,80)",1,627498,0,2021-11-07,0.0
,0,4180667,0,2021-11-07,0.0
,1,4127026,0,2021-11-07,0.0
"[60,70)",0,619859,0,2021-11-08,0.0
"[60,70)",1,668754,0,2021-11-08,0.0
"[70,80)",0,481976,0,2021-11-08,0.0
"[70,80)",1,627442,0,2021-11-08,0.0
,0,4180531,0,2021-11-08,0.0
,1,4126831,0,2021-11-08,0.0
"[60,70)",0,619820,0,2021-11-09,0.0
"[60,70)",1,668732,0,2021-11-09,0.0
"[70,80)",0,481864,0,2021-11-09,0.0
"[70,80)",1,627368,0,2021-11-09,0.0
,0,4180391,0,2021-11-09,0.0
,1,4126659,0,2021-11-09,0.0
"[60,70)",0,619773,0,2021-11-10,0.0
"[60,70)",1,668714,0,2021-11-10,0.0
"[70,80)",0,481774,0,2021-11-10,0.0
"[70,80)",1,627291,0,2021-11-10,0.0
,0,4180242,0,2021-11-10,0.0
,1,4126479,0,2021-11-10,0.0
"[60,70)",0,619734,0,2021-11-11,0.0
"[60,70)",1,668702,0,2021-11-11,0.0
"[70,80)",0,481694,0,2021-11-11,0.0
"[70,80)",1,627228,0,2021-11-11,0.0
,0,4180090,0,2021-11-11,0.0
,1,4126316,0,2021-11-11,0.0
"[60,70)",0,619688,0,2021-11-12,0.0
"[60,70)",1,668685,0,2021-11-12,0.0
"[70,80)",0,481589,0,2021-11-12,0.0
"[70,80)",1,627162,0,2021-11-12,0.0
,0,4179955,0,2021-11-12,0.0
,1,4126140,0,2021-11-12,0.0
"[60,70)",0,619644,0,2021-11-13,0.0
"[60,70)",1,668665,0,2021-11-13,0.0
"[70,80)",0,481516,0,2021-11-13,0.0
"[70,80)",1,627100,0,2021-11-13,0.0
,0,4179826,0,2021-11-13,0.0
,1,4125979,0,2021-11-13,0.0
"[60,70)",0,619604,0,2021-11-14,0.0
"[60,70)",1,668645,0,2021-11-14,0.0
"[70,80)",0,481432,0,2021-11-14,0.0
"[70,80)",1,627037,0,2021-11-14,0.0
,0,4179681,0,2021-11-14,0.0
,1,4125800,0,2021-11-14,0.0
"[60,70)",0,619563,0,2021-11-15,0.0
"[60,70)",1,668618,0,2021-11-15,0.0
"[70,80)",0,481354,0,2021-11-15,0.0
"[70,80)",1,626991,0,2021-11-15,0.0
,0,4179557,0,2021-11-15,0.0
,1,4125634,0,2021-11-15,0.0
"[60,70)",0,619519,0,2021-11-16,0.0
"[60,70)",1,668598,0,2021-11-16,0.0
"[70,80)",0,481264,0,2021-11-16,0.0
"[70,80)",1,626934,0,2021-11-16,0.0
,0,4179454,0,2021-11-16,0.0
,1,4125498,0,2021-11-16,0.0
"[60,70)",0,619484,0,2021-11-17,0.0
"[60,70)",1,668579,0,2021-11-17,0.0
"[70,80)",0,481181,0,2021-11-17,0.0
"[70,80)",1,626877,0,2021-11-17,0.0
,0,4179343,0,2021-11-17,0.0
,1,4125352,0,2021-11-17,0.0
"[60,70)",0,619439,0,2021-11-18,0.0
"[60,70)",1,668561,0,2021-11-18,0.0
"[70,80)",0,481104,0,2021-11-18,0.0
"[70,80)",1,626828,0,2021-11-18,0.0
,0,4179219,0,2021-11-18,0.0
,1,4125189,0,2021-11-18,0.0
"[60,70)",0,619397,0,2021-11-19,0.0
"[60,70)",1,668544,0,2021-11-19,0.0
"[70,80)",0,481025,0,2021-11-19,0.0
"[70,80)",1,626766,0,2021-11-19,0.0
,0,4179087,0,2021-11-19,0.0
,1,4125046,0,2021-11-19,0.0
"[60,70)",0,619357,0,2021-11-20,0.0
"[60,70)",1,668529,0,2021-11-20,0.0
"[70,80)",0,480939,0,2021-11-20,0.0
"[70,80)",1,626715,0,2021-11-20,0.0
,0,4178971,0,2021-11-20,0.0
,1,4124891,0,2021-11-20,0.0
"[60,70)",0,619317,0,2021-11-21,0.0
"[60,70)",1,668515,0,2021-11-21,0.0
"[70,80)",0,480876,0,2021-11-21,0.0
"[70,80)",1,626674,0,2021-11-21,0.0
,0,4178853,0,2021-11-21,0.0
,1,4124750,0,2021-11-21,0.0
"[60,70)",0,619275,0,2021-11-22,0.0
"[60,70)",1,668502,0,2021-11-22,0.0
"[70,80)",0,480797,0,2021-11-22,0.0
"[70,80)",1,626616,0,2021-11-22,0.0
,0,4178728,0,2021-11-22,0.0
,1,4124621,0,2021-11-22,0.0
"[60,70)",0,619235,0,2021-11-23,0.0
"[60,70)",1,668475,0,2021-11-23,0.0
"[70,80)",0,480719,0,2021-11-23,0.0
"[70,80)",1,626557,0,2021-11-23,0.0
,0,4178594,0,2021-11-23,0.0
,1,4124446,0,2021-11-23,0.0
"[60,70)",0,619201,0,2021-11-24,0.0
"[60,70)",1,668458,0,2021-11-24,0.0
"[70,80)",0,480643,0,2021-11-24,0.0
"[70,80)",1,626506,0,2021-11-24,0.0
,0,4178495,0,2021-11-24,0.0
,1,4124290,0,2021-11-24,0.0
"[60,70)",0,619161,0,2021-11-25,0.0
"[60,70)",1,668439,0,2021-11-25,0.0
"[70,80)",0,480573,0,2021-11-25,0.0
"[70,80)",1,626463,0,2021-11-25,0.0
,0,4178385,0,2021-11-25,0.0
,1,4124150,0,2021-11-25,0.0
"[60,70)",0,619110,0,2021-11-26,0.0
"[60,70)",1,668415,0,2021-11-26,0.0
"[70,80)",0,480492,0,2021-11-26,0.0
"[70,80)",1,626408,0,2021-11-26,0.0
,0,4178282,0,2021-11-26,0.0
,1,4124018,0,2021-11-26,0.0
"[60,70)",0,619062,0,2021-11-27,0.0
"[60,70)",1,668393,0,2021-11-27,0.0
"[70,80)",0,480403,0,2021-11-27,0.0
"[70,80)",1,626361,0,2021-11-27,0.0
,0,4178172,0,2021-11-27,0.0
,1,4123870,0,2021-11-27,0.0
"[60,70)",0,619029,0,2021-11-28,0.0
"[60,70)",1,668376,0,2021-11-28,0.0
"[70,80)",0,480328,0,2021-11-28,0.0
"[70,80)",1,626311,0,2021-11-28,0.0
,0,4178069,0,2021-11-28,0.0
,1,4123721,0,2021-11-28,0.0
"[60,70)",0,618993,0,2021-11-29,0.0
"[60,70)",1,668351,0,2021-11-29,0.0
"[70,80)",0,480254,0,2021-11-29,0.0
"[70,80)",1,626268,0,2021-11-29,0.0
,0,4177961,0,2021-11-29,0.0
,1,4123563,0,2021-11-29,0.0
"[60,70)",0,618955,0,2021-11-30,0.0
"[60,70)",1,668332,0,2021-11-30,0.0
"[70,80)",0,480188,0,2021-11-30,0.0
"[70,80)",1,626215,0,2021-11-30,0.0
,0,4177834,0,2021-11-30,0.0
,1,4123417,0,2021-11-30,0.0
"[60,70)",0,618907,0,2021-12-01,0.0
"[60,70)",1,668319,0,2021-12-01,0.0
"[70,80)",0,480099,0,2021-12-01,0.0
"[70,80)",1,626160,0,2021-12-01,0.0
,0,4177732,0,2021-12-01,0.0
,1,4123268,0,2021-12-01,0.0
"[60,70)",0,618862,0,2021-12-02,0.0
"[60,70)",1,668309,0,2021-12-02,0.0
"[70,80)",0,480026,0,2021-12-02,0.0
"[70,80)",1,626119,0,2021-12-02,0.0
,0,4177615,0,2021-12-02,0.0
,1,4123140,0,2021-12-02,0.0
"[60,70)",0,618830,0,2021-12-03,0.0
"[60,70)",1,668290,0,2021-12-03,0.0
"[70,80)",0,479943,0,2021-12-03,0.0
"[70,80)",1,626075,0,2021-12-03,0.0
,0,4177503,0,2021-12-03,0.0
,1,4122983,0,2021-12-03,0.0
"[60,70)",0,618803,0,2021-12-04,0.0
"[60,70)",1,668277,0,2021-12-04,0.0
"[70,80)",0,479861,0,2021-12-04,0.0
"[70,80)",1,626035,0,2021-12-04,0.0
,0,4177398,0,2021-12-04,0.0
,1,4122829,0,2021-12-04,0.0
"[60,70)",0,618769,0,2021-12-05,0.0
"[60,70)",1,668260,0,2021-12-05,0.0
"[70,80)",0,479788,0,2021-12-05,0.0
"[70,80)",1,625991,0,2021-12-05,0.0
,0,4177302,0,2021-12-05,0.0
,1,4122678,0,2021-12-05,0.0
"[60,70)",0,618738,0,2021-12-06,0.0
"[60,70)",1,668240,0,2021-12-06,0.0
"[70,80)",0,479704,0,2021-12-06,0.0
"[70,80)",1,625940,0,2021-12-06,0.0
,0,4177168,0,2021-12-06,0.0
,1,4122504,0,2021-12-06,0.0
"[60,70)",0,618694,0,2021-12-07,0.0
"[60,70)",1,668217,0,2021-12-07,0.0
"[70,80)",0,479634,0,2021-12-07,0.0
"[70,80)",1,625883,0,2021-12-07,0.0
,0,4177048,0,2021-12-07,0.0
,1,4122379,0,2021-12-07,0.0
"[60,70)",0,618666,0,2021-12-08,0.0
"[60,70)",1,668200,0,2021-12-08,0.0
"[70,80)",0,479549,0,2021-12-08,0.0
"[70,80)",1,625845,0,2021-12-08,0.0
,0,4176920,0,2021-12-08,0.0
,1,4122232,0,2021-12-08,0.0
"[60,70)",0,618630,0,2021-12-09,0.0
"[60,70)",1,668183,0,2021-12-09,0.0
"[70,80)",0,479484,0,2021-12-09,0.0
"[70,80)",1,625791,0,2021-12-09,0.0
,0,4176799,0,2021-12-09,0.0
,1,4122080,0,2021-12-09,0.0
"[60,70)",0,618586,0,2021-12-10,0.0
"[60,70)",1,668165,0,2021-12-10,0.0
"[70,80)",0,479414,0,2021-12-10,0.0
"[70,80)",1,625731,0,2021-12-10,0.0
,0,4176663,0,2021-12-10,0.0
,1,4121934,0,2021-12-10,0.0
"[60,70)",0,618542,0,2021-12-11,0.0
"[60,70)",1,668152,0,2021-12-11,0.0
"[70,80)",0,479326,0,2021-12-11,0.0
"[70,80)",1,625682,0,2021-12-11,0.0
,0,4176549,0,2021-12-11,0.0
,1,4121805,0,2021-12-11,0.0
"[60,70)",0,618499,0,2021-12-12,0.0
"[60,70)",1,668134,0,2021-12-12,0.0
"[70,80)",0,479254,0,2021-12-12,0.0
"[70,80)",1,625634,0,2021-12-12,0.0
,0,4176433,0,2021-12-12,0.0
,1,4121658,0,2021-12-12,0.0
"[60,70)",0,618462,0,2021-12-13,0.0
"[60,70)",1,668110,0,2021-12-13,0.0
"[70,80)",0,479187,0,2021-12-13,0.0
"[70,80)",1,625581,0,2021-12-13,0.0
,0,4176304,0,2021-12-13,0.0
,1,4121504,0,2021-12-13,0.0
"[60,70)",0,618423,0,2021-12-14,0.0
"[60,70)",1,668089,0,2021-12-14,0.0
"[70,80)",0,479109,0,2021-12-14,0.0
"[70,80)",1,625529,0,2021-12-14,0.0
,0,4176196,0,2021-12-14,0.0
,1,4121349,0,2021-12-14,0.0
"[60,70)",0,618380,0,2021-12-15,0.0
"[60,70)",1,668072,0,2021-12-15,0.0
"[70,80)",0,479031,0,2021-12-15,0.0
"[70,80)",1,625473,0,2021-12-15,0.0
,0,4176056,0,2021-12-15,0.0
,1,4121182,0,2021-12-15,0.0
"[60,70)",0,618344,0,2021-12-16,0.0
"[60,70)",1,668060,0,2021-12-16,0.0
"[70,80)",0,478955,0,2021-12-16,0.0
"[70,80)",1,625424,0,2021-12-16,0.0
,0,4175927,0,2021-12-16,0.0
,1,4121015,0,2021-12-16,0.0
"[60,70)",0,618301,0,2021-12-17,0.0
"[60,70)",1,668048,0,2021-12-17,0.0
"[70,80)",0,478884,0,2021-12-17,0.0
"[70,80)",1,625372,0,2021-12-17,0.0
,0,4175809,0,2021-12-17,0.0
,1,4120868,0,2021-12-17,0.0
"[60,70)",0,618259,0,2021-12-18,0.0
"[60,70)",1,668028,0,2021-12-18,0.0
"[70,80)",0,478810,0,2021-12-18,0.0
"[70,80)",1,625308,0,2021-12-18,0.0
,0,4175698,0,2021-12-18,0.0
,1,4120695,0,2021-12-18,0.0
"[60,70)",0,618223,0,2021-12-19,0.0
"[60,70)",1,668012,0,2021-12-19,0.0
"[70,80)",0,478731,0,2021-12-19,0.0
"[70,80)",1,625253,0,2021-12-19,0.0
,0,4175581,0,2021-12-19,0.0
,1,4120539,0,2021-12-19,0.0
"[60,70)",0,618182,0,2021-12-20,0.0
"[60,70)",1,667995,0,2021-12-20,0.0
"[70,80)",0,478652,0,2021-12-20,0.0
"[70,80)",1,625200,0,2021-12-20,0.0
,0,4175461,0,2021-12-20,0.0
,1,4120392,0,2021-12-20,0.0
"[60,70)",0,618141,0,2021-12-21,0.0
"[60,70)",1,667982,0,2021-12-21,0.0
"[70,80)",0,478575,0,2021-12-21,0.0
"[70,80)",1,625147,0,2021-12-21,0.0
,0,4175349,0,2021-12-21,0.0
,1,4120246,0,2021-12-21,0.0
"[60,70)",0,618101,0,2021-12-22,0.0
"[60,70)",1,667966,0,2021-12-22,0.0
"[70,80)",0,478487,0,2021-12-22,0.0
"[70,80)",1,625099,0,2021-12-22,0.0
,0,4175218,0,2021-12-22,0.0
,1,4120110,0,2021-12-22,0.0
"[60,70)",0,618061,73,2021-12-23,0.00011811131910927886
"[60,70)",1,667946,116,2021-12-23,0.00017366673353833993
"[70,80)",0,478404,37,2021-12-23,7.734049046412655e-05
"[70,80)",1,625045,41,2021-12-23,6.559527714004592e-05
,0,4175088,339,2021-12-23,8.119589335602027e-05
,1,4119967,684,2021-12-23,0.0001660207472535581
"[60,70)",0,617952,101,2021-12-24,0.00016344311532287298
"[60,70)",1,667807,226,2021-12-24,0.0003384211306560129
"[70,80)",0,478287,69,2021-12-24,0.00014426484516618683
"[70,80)",1,624945,54,2021-12-24,8.640760386914048e-05
,0,4174608,592,2021-12-24,0.0001418097220146179
,1,4119127,1257,2021-12-24,0.0003051617490793559
"[60,70)",0,617820,164,2021-12-25,0.0002654494836683824
"[60,70)",1,667560,288,2021-12-25,0.00043142189466115405
"[70,80)",0,478120,68,2021-12-25,0.00014222370952898854
"[70,80)",1,624840,103,2021-12-25,0.0001648421996030984
,0,4173892,760,2021-12-25,0.00018208425134143386
,1,4117704,2081,2021-12-25,0.0005053787256199086
"[60,70)",0,617599,168,2021-12-26,0.0002720211658373799
"[60,70)",1,667258,331,2021-12-26,0.0004960599947846261
"[70,80)",0,477962,82,2021-12-26,0.00017156175595549436
"[70,80)",1,624682,87,2021-12-26,0.00013927086101408396
,0,4173020,794,2021-12-26,0.0001902698764923245
,1,4115457,2052,2021-12-26,0.0004986080525200482
"[60,70)",0,617396,64,2021-12-27,0.00010366118342198524
"[60,70)",1,666902,97,2021-12-27,0.00014544865662421166
"[70,80)",0,477796,54,2021-12-27,0.00011301894532394579
"[70,80)",1,624542,57,2021-12-27,9.126688036993509e-05
,0,4172101,295,2021-12-27,7.070778008490207e-05
,1,4113256,745,2021-12-27,0.00018112171963038527
"[60,70)",0,617291,12,2021-12-28,1.9439777997735267e-05
"[60,70)",1,666779,29,2021-12-28,4.3492671484854803e-05
"[70,80)",0,477653,8,2021-12-28,1.6748560147219844e-05
"[70,80)",1,624430,3,2021-12-28,4.804381596015567e-06
,0,4171646,53,2021-12-28,1.2704817235211233e-05
,1,4112349,167,2021-12-28,4.0609393803881916e-05
"[60,70)",0,617235,55,2021-12-29,8.91070661903489e-05
"[60,70)",1,666719,118,2021-12-29,0.00017698610659063263
"[70,80)",0,477556,18,2021-12-29,3.76919146655052e-05
"[70,80)",1,624373,26,2021-12-29,4.16417750287088e-05
,0,4171458,361,2021-12-29,8.6540485365069e-05
,1,4112017,712,2021-12-29,0.0001731510351246116
"[60,70)",0,617128,32,2021-12-30,5.1853100167226245e-05
"[60,70)",1,666576,87,2021-12-30,0.0001305177504140563
"[70,80)",0,477447,15,2021-12-30,3.1417099699024184e-05
"[70,80)",1,624290,21,2021-12-30,3.363821300997934e-05
,0,4170950,286,2021-12-30,6.856951054316163e-05
,1,4111167,487,2021-12-30,0.00011845784907302476
"[60,70)",0,617060,196,2021-12-31,0.00031763523806436974
"[60,70)",1,666464,331,2021-12-31,0.0004966509818984971
"[70,80)",0,477341,83,2021-12-31,0.00017387988880066872
"[70,80)",1,624200,69,2021-12-31,0.00011054149311118231
,0,4170550,872,2021-12-31,0.00020908513265636427
,1,4110508,2056,2021-12-31,0.0005001814860839585
"[60,70)",0,617315,205,2022-01-01,0.0003320832962102006
"[60,70)",1,656060,462,2022-01-01,0.0007042038837911167
"[70,80)",0,509108,105,2022-01-01,0.0002062430761253015
"[70,80)",1,651726,99,2022-01-01,0.0001519043278923965
,0,4137082,1157,2022-01-01,0.0002796657160771771
,1,4090664,2488,2022-01-01,0.0006082142165672858
"[60,70)",0,617054,258,2022-01-02,0.0004181157564816045
"[60,70)",1,655580,596,2022-01-02,0.0009091186430336495
"[70,80)",0,508901,166,2022-01-02,0.00032619311025130625
"[70,80)",1,651553,152,2022-01-02,0.00023328877313127252
,0,4135776,1304,2022-01-02,0.0003152975402923176
,1,4087998,3363,2022-01-02,0.0008226520658767446
"[60,70)",0,616753,358,2022-01-03,0.0005804592762418667
"[60,70)",1,654967,839,2022-01-03,0.0012809805684866565
"[70,80)",0,508640,239,2022-01-03,0.00046988046555520603
"[70,80)",1,651342,293,2022-01-03,0.00044984048318702003
,0,4134299,1627,2022-01-03,0.00039353709056843736
,1,4084455,4635,2022-01-03,0.0011347903208628813
"[60,70)",0,616348,449,2022-01-04,0.0007284845574253506
"[60,70)",1,654112,976,2022-01-04,0.001492099212367301
"[70,80)",0,508293,267,2022-01-04,0.0005252875801948876
"[70,80)",1,650980,311,2022-01-04,0.00047774125165135644
,0,4132526,2020,2022-01-04,0.0004888051521030963
,1,4079654,6014,2022-01-04,0.0014741446210879648
"[60,70)",0,615849,131,2022-01-05,0.000212714480335277
"[60,70)",1,653110,225,2022-01-05,0.0003445055197439941
"[70,80)",0,507926,105,2022-01-05,0.00020672302658261243
"[70,80)",1,650604,94,2022-01-05,0.00014448112830539006
,0,4130385,460,2022-01-05,0.00011136976335135829
,1,4073474,1014,2022-01-05,0.00024892757385956064
"[60,70)",0,615676,113,2022-01-06,0.0001835380947121538
"[60,70)",1,652866,189,2022-01-06,0.00028949279025098566
"[70,80)",0,507723,82,2022-01-06,0.0001615053877803448
"[70,80)",1,650445,87,2022-01-06,0.00013375458340059498
,0,4129769,448,2022-01-06,0.00010848064383262115
,1,4072303,855,2022-01-06,0.00020995490757932304
"[60,70)",0,615511,487,2022-01-07,0.0007912125047318406
"[60,70)",1,652655,963,2022-01-07,0.0014755115643027327
"[70,80)",0,507538,230,2022-01-07,0.00045316803864932283
"[70,80)",1,650293,321,2022-01-07,0.0004936236434960856
,0,4129184,2464,2022-01-07,0.0005967280702434185
,1,4071300,5389,2022-01-07,0.0013236558347456586
"[60,70)",0,614981,638,2022-01-08,0.0010374304246797868
"[60,70)",1,651660,1291,2022-01-08,0.0019810944357487033
"[70,80)",0,507200,435,2022-01-08,0.0008576498422712933
"[70,80)",1,649920,553,2022-01-08,0.0008508739537173806
,0,4126570,3028,2022-01-08,0.0007337813244413642
,1,4065756,7501,2022-01-08,0.0018449213381226026
"[60,70)",0,614288,636,2022-01-09,0.0010353449847628473
"[60,70)",1,650349,1331,2022-01-09,0.0020465934444429067
"[70,80)",0,506675,557,2022-01-09,0.0010993240242759166
"[70,80)",1,649296,711,2022-01-09,0.0010950321579064094
,0,4123400,2989,2022-01-09,0.0007248872289857885
,1,4058087,7309,2022-01-09,0.001801094949418285
"[60,70)",0,613588,738,2022-01-10,0.0012027614620885676
"[60,70)",1,648988,1508,2022-01-10,0.0023236176940097508
"[70,80)",0,506019,626,2022-01-10,0.001237107697537049
"[70,80)",1,648536,837,2022-01-10,0.0012905991340496133
,0,4120270,3118,2022-01-10,0.0007567465238928517
,1,4050597,8412,2022-01-10,0.0020767309115174875
"[60,70)",0,612808,683,2022-01-11,0.0011145415856189866
"[60,70)",1,647462,1467,2022-01-11,0.0022657700374693803
"[70,80)",0,505274,491,2022-01-11,0.0009717499811983201
"[70,80)",1,647652,773,2022-01-11,0.0011935422109404434
,0,4116996,2840,2022-01-11,0.0006898233566415902
,1,4042032,7755,2022-01-11,0.0019185894619339976
"[60,70)",0,612084,129,2022-01-12,0.0002107553865155763
"[60,70)",1,645979,242,2022-01-12,0.00037462518131394363
"[70,80)",0,504692,136,2022-01-12,0.000269471281494456
"[70,80)",1,646831,205,2022-01-12,0.00031692976990898707
,0,4114027,825,2022-01-12,0.00020053344326617206
,1,4034124,1864,2022-01-12,0.00046205818165232404
"[60,70)",0,611907,38,2022-01-13,6.210094017554955e-05
"[60,70)",1,645710,133,2022-01-13,0.0002059748184169364
"[70,80)",0,504468,68,2022-01-13,0.0001347954677006272
"[70,80)",1,646565,122,2022-01-13,0.00018868945890977706
,0,4113069,768,2022-01-13,0.00018672188577434514
,1,4032094,1492,2022-01-13,0.0003700310558235994
"[60,70)",0,611831,427,2022-01-14,0.0006979051404717969
"[60,70)",1,645552,1045,2022-01-14,0.001618769673085979
"[70,80)",0,504317,351,2022-01-14,0.0006959908153006938
"[70,80)",1,646386,552,2022-01-14,0.000853978891869564
,0,4112147,2874,2022-01-14,0.0006989049759164738
,1,4030451,7230,2022-01-14,0.0017938439147380776
"[60,70)",0,611354,419,2022-01-15,0.0006853639626141319
"[60,70)",1,644483,1033,2022-01-15,0.0016028351407252014
"[70,80)",0,503865,353,2022-01-15,0.0007005844819544918
"[70,80)",1,645780,510,2022-01-15,0.000789742636811298
,0,4109149,3018,2022-01-15,0.000734458643383338
,1,4023063,7264,2022-01-15,0.0018055894227855742
"[60,70)",0,610878,419,2022-01-16,0.0006858980025471535
"[60,70)",1,643431,999,2022-01-16,0.0015526140332063577
"[70,80)",0,503414,382,2022-01-16,0.0007588187853337413
"[70,80)",1,645210,621,2022-01-16,0.0009624773329613614
,0,4106014,3110,2022-01-16,0.000757425571369216
,1,4015657,8160,2022-01-16,0.002032046063695181
"[60,70)",0,610405,429,2022-01-17,0.0007028120673978752
"[60,70)",1,642411,929,2022-01-17,0.001446114714723129
"[70,80)",0,502928,429,2022-01-17,0.0008530048038685458
"[70,80)",1,644546,584,2022-01-17,0.000906064113344897
,0,4102756,3989,2022-01-17,0.0009722732719177061
,1,4007356,9287,2022-01-17,0.0023174881393118055
"[60,70)",0,609930,276,2022-01-18,0.0004525109438788058
"[60,70)",1,641459,756,2022-01-18,0.0011785632441044557
"[70,80)",0,502408,291,2022-01-18,0.0005792105221254438
"[70,80)",1,643890,471,2022-01-18,0.00073149140381121
,0,4098635,4147,2022-01-18,0.0010118002700899202
,1,3997943,8929,2022-01-18,0.0022333985251915796
"[60,70)",0,609605,46,2022-01-19,7.545869866552932e-05
"[60,70)",1,640687,99,2022-01-19,0.00015452163068705935
"[70,80)",0,502012,51,2022-01-19,0.00010159119702317873
"[70,80)",1,643358,117,2022-01-19,0.00018185831216834173
,0,4094365,984,2022-01-19,0.00024033030763012092
,1,3988859,2021,2022-01-19,0.0005066611780461531
"[60,70)",0,609518,27,2022-01-20,4.429729720861402e-05
"[60,70)",1,640570,59,2022-01-20,9.210546856705747e-05
"[70,80)",0,501881,31,2022-01-20,6.176763017528059e-05
"[70,80)",1,643191,54,2022-01-20,8.395639864363773e-05
,0,4093242,766,2022-01-20,0.00018713772603720964
,1,3986693,1319,2022-01-20,0.00033085065742458725
"[60,70)",0,609450,175,2022-01-21,0.0002871441463614735
"[60,70)",1,640495,476,2022-01-21,0.0007431752004309168
"[70,80)",0,501763,148,2022-01-21,0.00029495997114175416
"[70,80)",1,643065,281,2022-01-21,0.00043696982420128605
,0,4092352,2782,2022-01-21,0.0006798046697840264
,1,3985225,5794,2022-01-21,0.0014538702331737857
"[60,70)",0,609249,249,2022-01-22,0.0004086998911774989
"[60,70)",1,640004,598,2022-01-22,0.0009343691601927488
"[70,80)",0,501512,222,2022-01-22,0.00044266139195074097
"[70,80)",1,642721,345,2022-01-22,0.0005367803448152464
,0,4089462,2827,2022-01-22,0.0006912889763983624
,1,3979282,6304,2022-01-22,0.0015842053918269678
"[60,70)",0,608952,182,2022-01-23,0.00029887413129442057
"[60,70)",1,639380,430,2022-01-23,0.0006725265100566174
"[70,80)",0,501206,175,2022-01-23,0.00034915783131087816
"[70,80)",1,642328,277,2022-01-23,0.0004312438504938287
,0,4086523,2500,2022-01-23,0.0006117670205208682
,1,3972839,5462,2022-01-23,0.0013748354765949489
"[60,70)",0,608713,125,2022-01-24,0.00020535129034536802
"[60,70)",1,638929,383,2022-01-24,0.0005994406264232802
"[70,80)",0,500948,131,2022-01-24,0.0002615041880594393
"[70,80)",1,641985,241,2022-01-24,0.00037539817908518113
,0,4083909,2015,2022-01-24,0.0004933998284486751
,1,3967257,4206,2022-01-24,0.001060178354969189
"[60,70)",0,608534,156,2022-01-25,0.0002563537945291471
"[60,70)",1,638522,298,2022-01-25,0.0004667027917597201
"[70,80)",0,500710,111,2022-01-25,0.0002216852070060514
"[70,80)",1,641693,154,2022-01-25,0.0002399901510535412
,0,4081779,1765,2022-01-25,0.0004324094959575224
,1,3962908,3732,2022-01-25,0.0009417326872084843
"[60,70)",0,608343,14,2022-01-26,2.3013332938819053e-05
"[60,70)",1,638207,32,2022-01-26,5.014047166514939e-05
"[70,80)",0,500522,9,2022-01-26,1.7981227598387283e-05
"[70,80)",1,641483,23,2022-01-26,3.585441858942482e-05
,0,4079898,214,2022-01-26,5.245229169944935e-05
,1,3959038,452,2022-01-26,0.00011416914917209686
"[60,70)",0,608288,10,2022-01-27,1.6439581250986375e-05
"[60,70)",1,638148,15,2022-01-27,2.3505519095883712e-05
"[70,80)",0,500430,8,2022-01-27,1.5986251823431847e-05
"[70,80)",1,641414,23,2022-01-27,3.585827562229699e-05
,0,4079564,214,2022-01-27,5.245658604694031e-05
,1,3958447,449,2022-01-27,0.00011342832176356031
"[60,70)",0,608222,85,2022-01-28,0.0001397516038551713
"[60,70)",1,638110,166,2022-01-28,0.00026014323549231326
"[70,80)",0,500342,76,2022-01-28,0.0001518961030655032
"[70,80)",1,641341,154,2022-01-28,0.00024012186964500945
,0,4079238,1184,2022-01-28,0.0002902502869408453
,1,3957869,2317,2022-01-28,0.000585416040803776
"[60,70)",0,608100,96,2022-01-29,0.0001578687715836211
"[60,70)",1,637924,201,2022-01-29,0.00031508455552699065
"[70,80)",0,500176,96,2022-01-29,0.00019193243978119702
"[70,80)",1,641135,142,2022-01-29,0.00022148221513409812
,0,4077945,1140,2022-01-29,0.0002795525687570578
,1,3955411,2482,2022-01-29,0.0006274948418761034
"[60,70)",0,607964,104,2022-01-30,0.00017106276029501746
"[60,70)",1,637706,231,2022-01-30,0.00036223588926558633
"[70,80)",0,500006,103,2022-01-30,0.00020599752802966364
"[70,80)",1,640935,136,2022-01-30,0.00021219000366651844
,0,4076707,1308,2022-01-30,0.00032084719358050506
,1,3952799,2547,2022-01-30,0.0006443535327751297
"[60,70)",0,607809,107,2022-01-31,0.0001760421448185203
"[60,70)",1,637455,189,2022-01-31,0.00029649151704826224
"[70,80)",0,499833,103,2022-01-31,0.00020606882698821405
"[70,80)",1,640749,162,2022-01-31,0.00025282911093111346
,0,4075288,1462,2022-01-31,0.0003587476516997081
,1,3950127,2879,2022-01-31,0.0007288373259897719
"[60,70)",0,607658,124,2022-02-01,0.0002040621533823302
"[60,70)",1,637236,267,2022-02-01,0.00041899704348153586
"[70,80)",0,499626,124,2022-02-01,0.0002481856428608599
"[70,80)",1,640533,193,2022-02-01,0.00030131156396313695
,0,4073722,1468,2022-02-01,0.0003603584142462348
,1,3947130,3287,2022-02-01,0.000832756965187364
"[60,70)",0,607476,10,2022-02-02,1.6461555682858252e-05
"[60,70)",1,636952,15,2022-02-02,2.354965523304739e-05
"[70,80)",0,499435,9,2022-02-02,1.802036301020153e-05
"[70,80)",1,640272,17,2022-02-02,2.655121573331334e-05
,0,4072157,308,2022-02-02,7.563559067098837e-05
,1,3943706,499,2022-02-02,0.0001265307302319189
"[60,70)",0,607435,7,2022-02-03,1.1523866751175023e-05
"[60,70)",1,636913,14,2022-02-03,2.1981024095912628e-05
"[70,80)",0,499337,15,2022-02-03,3.0039832818317088e-05
"[70,80)",1,640207,16,2022-02-03,2.49919166769498e-05
,0,4071750,274,2022-02-03,6.729293301406029e-05
,1,3943082,528,2022-02-03,0.00013390540698874636
"[60,70)",0,607367,70,2022-02-04,0.00011525156947940866
"[60,70)",1,636877,151,2022-02-04,0.00023709444680841042
"[70,80)",0,499231,78,2022-02-04,0.00015624029757767445
"[70,80)",1,640138,148,2022-02-04,0.00023120014746820218
,0,4071346,1174,2022-02-04,0.0002883567252697265
,1,3942415,2471,2022-02-04,0.0006267731834421287
"[60,70)",0,607256,132,2022-02-05,0.00021737125693282569
"[60,70)",1,636705,200,2022-02-05,0.0003141172128379705
"[70,80)",0,499075,135,2022-02-05,0.00027050042578770725
"[70,80)",1,639930,192,2022-02-05,0.00030003281608925974
,0,4070071,1533,2022-02-05,0.0003766519060724002
,1,3939822,2929,2022-02-05,0.0007434346018678001
"[60,70)",0,607078,147,2022-02-06,0.00024214351368357937
"[60,70)",1,636488,248,2022-02-06,0.00038963813928935033
"[70,80)",0,498850,133,2022-02-06,0.0002666132103838829
"[70,80)",1,639693,169,2022-02-06,0.000264189228270436
,0,4068434,1633,2022-02-06,0.00040138293997149765
,1,3936773,3191,2022-02-06,0.0008105623565290658
"[60,70)",0,606882,184,2022-02-07,0.000303189087829265
"[60,70)",1,636218,308,2022-02-07,0.0004841107922127321
"[70,80)",0,498629,215,2022-02-07,0.0004311823018717323
"[70,80)",1,639455,293,2022-02-07,0.00045820268822669303
,0,4066708,1816,2022-02-07,0.00044655283831541385
,1,3933444,3567,2022-02-07,0.0009068388923294701
"[60,70)",0,606661,183,2022-02-08,0.0003016511692691635
"[60,70)",1,635895,366,2022-02-08,0.0005755667209209068
"[70,80)",0,498319,196,2022-02-08,0.0003933223497398253
"[70,80)",1,639107,353,2022-02-08,0.0005523331773865722
,0,4064767,1764,2022-02-08,0.0004339732142088341
,1,3929753,3974,2022-02-08,0.0010112594862832346
"[60,70)",0,606434,26,2022-02-09,4.287358558392175e-05
"[60,70)",1,635509,90,2022-02-09,0.00014161876543054464
"[70,80)",0,498031,31,2022-02-09,6.22451212876307e-05
"[70,80)",1,638697,46,2022-02-09,7.202163154046441e-05
,0,4062898,506,2022-02-09,0.00012454164490469612
,1,3925665,919,2022-02-09,0.0002341004645072873
"[60,70)",0,606356,21,2022-02-10,3.4633119817401e-05
"[60,70)",1,635394,50,2022-02-10,7.869133167766772e-05
"[70,80)",0,497893,12,2022-02-10,2.4101563990656628e-05
"[70,80)",1,638599,29,2022-02-10,4.54119095081577e-05
,0,4062294,304,2022-02-10,7.48345639188104e-05
,1,3924625,589,2022-02-10,0.00015007803293308277
"[60,70)",0,606294,108,2022-02-11,0.0001781314015972449
"[60,70)",1,635321,308,2022-02-11,0.00048479430083375177
"[70,80)",0,497809,128,2022-02-11,0.00025712672932791495
"[70,80)",1,638519,257,2022-02-11,0.0004024938960312849
,0,4061883,1846,2022-02-11,0.0004544690233569012
,1,3923915,3749,2022-02-11,0.0009554233463263093
"[60,70)",0,606130,157,2022-02-12,0.00025902034217082146
"[60,70)",1,634994,347,2022-02-12,0.0005464618563325008
"[70,80)",0,497591,204,2022-02-12,0.00040997526080656605
"[70,80)",1,638201,327,2022-02-12,0.0005123777618649924
,0,4059914,2572,2022-02-12,0.000633510956143406
,1,3920031,5107,2022-02-12,0.0013027958197269359
"[60,70)",0,605930,279,2022-02-13,0.0004604492268083772
"[60,70)",1,634630,374,2022-02-13,0.000589319761120653
"[70,80)",0,497295,249,2022-02-13,0.0005007088347962477
"[70,80)",1,637825,385,2022-02-13,0.000603613843922706
,0,4057224,3040,2022-02-13,0.0007492807890321066
,1,3914812,5375,2022-02-13,0.0013729905803905782
"[60,70)",0,605598,338,2022-02-14,0.0005581260175892259
"[60,70)",1,634234,577,2022-02-14,0.0009097588587177603
"[70,80)",0,496968,351,2022-02-14,0.0007062828995025837
"[70,80)",1,637364,477,2022-02-14,0.0007483949517073446
,0,4054081,3760,2022-02-14,0.0009274605021458624
,1,3909321,6821,2022-02-14,0.0017448042767529196
"[60,70)",0,605225,301,2022-02-15,0.000497335701598579
"[60,70)",1,633629,493,2022-02-15,0.000778057822479716
"[70,80)",0,496517,289,2022-02-15,0.0005820545922898914
"[70,80)",1,636825,421,2022-02-15,0.0006610921367722687
,0,4050193,3490,2022-02-15,0.0008616873319370213
,1,3902380,6866,2022-02-15,0.0017594391115165616
"[60,70)",0,604877,46,2022-02-16,7.604851895509335e-05
"[60,70)",1,633109,101,2022-02-16,0.00015953019148361497
"[70,80)",0,496140,49,2022-02-16,9.876244608376667e-05
"[70,80)",1,636346,82,2022-02-16,0.00012886071413979188
,0,4046587,584,2022-02-16,0.00014431915092891863
,1,3895393,1148,2022-02-16,0.0002947071065743559
"[60,70)",0,604777,22,2022-02-17,3.637704476195358e-05
"[60,70)",1,632980,41,2022-02-17,6.477297860911877e-05
"[70,80)",0,495989,17,2022-02-17,3.427495367840819e-05
"[70,80)",1,636200,33,2022-02-17,5.187048098082364e-05
,0,4045884,375,2022-02-17,9.26867898338163e-05
,1,3894144,650,2022-02-17,0.00016691729941162935
"[60,70)",0,604706,265,2022-02-18,0.00043822948672578077
"[60,70)",1,632916,401,2022-02-18,0.0006335753875711784
"[70,80)",0,495860,226,2022-02-18,0.00045577380712297824
"[70,80)",1,636110,296,2022-02-18,0.000465328323717596
,0,4045391,3334,2022-02-18,0.0008241477770628352
,1,3893392,5599,2022-02-18,0.0014380776454053432
"[60,70)",0,604397,322,2022-02-19,0.0005327624061668075
"[60,70)",1,632492,463,2022-02-19,0.0007320250690917829
"[70,80)",0,495549,268,2022-02-19,0.000540814329158166
"[70,80)",1,635761,381,2022-02-19,0.0005992818055841739
,0,4041950,4089,2022-02-19,0.0010116404210838827
,1,3887680,7441,2022-02-19,0.0019139949790106183
"[60,70)",0,604041,482,2022-02-20,0.0007979590789366947
"[60,70)",1,632010,740,2022-02-20,0.0011708675495640892
"[70,80)",0,495178,400,2022-02-20,0.0008077903299419602
"[70,80)",1,635312,581,2022-02-20,0.0009145112952376155
,0,4037754,4196,2022-02-20,0.0010391915901761227
,1,3880129,7478,2022-02-20,0.001927255511350267
"[60,70)",0,603508,478,2022-02-21,0.0007920358967901006
"[60,70)",1,631251,878,2022-02-21,0.001390888885720577
"[70,80)",0,494674,489,2022-02-21,0.0009885298196387923
"[70,80)",1,634671,829,2022-02-21,0.0013061885606873483
,0,4033428,5462,2022-02-21,0.0013541830919009835
,1,3872524,9841,2022-02-21,0.002541236671483508
"[60,70)",0,602974,518,2022-02-22,0.0008590751840046171
"[60,70)",1,630343,836,2022-02-22,0.001326262050978594
"[70,80)",0,494070,611,2022-02-22,0.0012366668690671362
"[70,80)",1,633788,1014,2022-02-22,0.0015999040688684544
,0,4027848,4650,2022-02-22,0.0011544626311618513
,1,3862563,8542,2022-02-22,0.0022114849647759793
"[60,70)",0,602407,52,2022-02-23,8.6320378083256e-05
"[60,70)",1,629482,109,2022-02-23,0.00017315824757499024
"[70,80)",0,493348,119,2022-02-23,0.00024120904513649595
"[70,80)",1,632714,155,2022-02-23,0.0002449764032406427
,0,4023068,927,2022-02-23,0.00023042116116356968
,1,3853909,1649,2022-02-23,0.0004278772539777146
"[60,70)",0,602307,81,2022-02-24,0.0001344829131987508
"[60,70)",1,629344,156,2022-02-24,0.0002478771546244979
"[70,80)",0,493135,37,2022-02-24,7.503016415383212e-05
"[70,80)",1,632503,71,2022-02-24,0.00011225243200427508
,0,4022031,675,2022-02-24,0.00016782565823087887
,1,3852122,1338,2022-02-24,0.00034734102398626006
"[60,70)",0,602169,834,2022-02-25,0.0013849932494034067
"[60,70)",1,629161,1750,2022-02-25,0.0027814820054008435
"[70,80)",0,492962,1001,2022-02-25,0.0020305824789740388
"[70,80)",1,632368,1386,2022-02-25,0.0021917617589757863
,0,4021234,4880,2022-02-25,0.0012135578282686358
,1,3850665,9744,2022-02-25,0.0025304720093801978
"[60,70)",0,601295,1282,2022-02-26,0.0021320649597951088
"[60,70)",1,627378,3376,2022-02-26,0.005381125892205337
"[70,80)",0,491864,1826,2022-02-26,0.0037124083079875738
"[70,80)",1,630897,2628,2022-02-26,0.0041654976961374044
,0,4016243,5483,2022-02-26,0.0013652062387659312
,1,3840805,12624,2022-02-26,0.003286810968013216
"[60,70)",0,599951,1198,2022-02-27,0.001996829741095523
"[60,70)",1,623973,2873,2022-02-27,0.004604365894037081
"[70,80)",0,489917,2848,2022-02-27,0.005813229587868966
"[70,80)",1,628204,4060,2022-02-27,0.006462868749641836
,0,4010634,6302,2022-02-27,0.0015713226387648437
,1,3828067,13672,2022-02-27,0.003571515336591549
"[60,70)",0,598704,1271,2022-02-28,0.002122918838023464
"[60,70)",1,621070,3055,2022-02-28,0.0049189302333070345
"[70,80)",0,486974,3646,2022-02-28,0.007487052696858559
"[70,80)",1,624065,5257,2022-02-28,0.008423802007803674
,0,4004198,6447,2022-02-28,0.0016100602417762559
,1,3814260,13595,2022-02-28,0.00356425623843157
"[60,70)",0,597386,1031,2022-03-01,0.0017258522965051073
"[60,70)",1,617988,2111,2022-03-01,0.0034159239337980675
"[70,80)",0,483216,3576,2022-03-01,0.0074004172047283205
"[70,80)",1,618751,4941,2022-03-01,0.00798544163969028
,0,3997627,5431,2022-03-01,0.0013585559633252427
,1,3800526,11756,2022-03-01,0.0030932560387693705
"[60,70)",0,596298,506,2022-03-02,0.0008485690040885598
"[60,70)",1,615854,1066,2022-03-02,0.0017309297333458905
"[70,80)",0,479543,1632,2022-03-02,0.003403240168243515
"[70,80)",1,613762,2300,2022-03-02,0.003747380906605492
,0,3992074,2276,2022-03-02,0.0005701297120243763
,1,3788651,4384,2022-03-02,0.0011571401007904923
"[60,70)",0,595745,447,2022-03-03,0.0007503210266137357
"[60,70)",1,614763,951,2022-03-03,0.001546937600343547
"[70,80)",0,477813,1644,2022-03-03,0.003440676582679835
"[70,80)",1,611393,2235,2022-03-03,0.0036555865049158233
,0,3989686,2236,2022-03-03,0.0005604451077102308
,1,3784136,4031,2022-03-03,0.0010652365559800177
"[60,70)",0,595235,975,2022-03-04,0.0016380085176442918
"[60,70)",1,613782,2133,2022-03-04,0.0034751752250799144
"[70,80)",0,476054,4608,2022-03-04,0.009679574165955962
"[70,80)",1,609090,6253,2022-03-04,0.010266134725574217
,0,3987344,5413,2022-03-04,0.0013575452732445458
,1,3779970,10351,2022-03-04,0.0027383815215464673
"[60,70)",0,594192,1098,2022-03-05,0.0018478875514985056
"[60,70)",1,611622,2384,2022-03-05,0.003897832321270327
"[70,80)",0,471329,5704,2022-03-05,0.012101950017928029
"[70,80)",1,602775,7821,2022-03-05,0.01297499066815976
,0,3981814,6450,2022-03-05,0.001619864714926413
,1,3769506,12905,2022-03-05,0.0034235255229730366
"[60,70)",0,593024,1067,2022-03-06,0.0017992526440751132
"[60,70)",1,609210,2222,2022-03-06,0.0036473465635823445
"[70,80)",0,465510,7675,2022-03-06,0.01648729350604713
"[70,80)",1,594887,10573,2022-03-06,0.01777312329904671
,0,3975234,6362,2022-03-06,0.0016004089319018703
,1,3756489,13418,2022-03-06,0.0035719524268539053
"[60,70)",0,591900,1082,2022-03-07,0.0018280114884270992
"[60,70)",1,606965,2323,2022-03-07,0.003827238802896378
"[70,80)",0,457734,8603,2022-03-07,0.01879475852787864
"[70,80)",1,584235,11917,2022-03-07,0.020397613973829023
,0,3968752,6841,2022-03-07,0.0017237156667889552
,1,3742949,14070,2022-03-07,0.00375906805035281
"[60,70)",0,590758,996,2022-03-08,0.0016859695509836516
"[60,70)",1,604614,1790,2022-03-08,0.0029605665763611164
"[70,80)",0,449024,8196,2022-03-08,0.01825292189281642
"[70,80)",1,572262,10878,2022-03-08,0.019008775700640617
,0,3961796,5484,2022-03-08,0.0013842206918276458
,1,3728767,11404,2022-03-08,0.003058383642635756
"[60,70)",0,589721,309,2022-03-09,0.0005239765923207754
"[60,70)",1,602797,743,2022-03-09,0.0012325874216361395
"[70,80)",0,440732,3772,2022-03-09,0.008558489059110752
"[70,80)",1,561330,5155,2022-03-09,0.009183546220583257
,0,3956209,2281,2022-03-09,0.0005765620572623943
,1,3717245,4837,2022-03-09,0.001301232498799514
"[60,70)",0,589353,208,2022-03-10,0.0003529293988492465
"[60,70)",1,602030,463,2022-03-10,0.0007690646645516005
"[70,80)",0,436848,2746,2022-03-10,0.006285939274072446
"[70,80)",1,556095,3748,2022-03-10,0.006739855600212194
,0,3953801,1617,2022-03-10,0.00040897354216866253
,1,3712291,3335,2022-03-10,0.0008983670730554259
"[60,70)",0,589073,752,2022-03-11,0.0012765820195459645
"[60,70)",1,601540,1186,2022-03-11,0.001971606210725804
"[70,80)",0,433973,6729,2022-03-11,0.015505572927348015
"[70,80)",1,552273,9038,2022-03-11,0.01636509479913014
,0,3952073,3620,2022-03-11,0.000915974983255623
,1,3708827,7062,2022-03-11,0.0019041060691156531
"[60,70)",0,588265,1087,2022-03-12,0.001847806685762369
"[60,70)",1,600323,1831,2022-03-12,0.003050024736683419
"[70,80)",0,427141,8600,2022-03-12,0.020133866802765365
"[70,80)",1,543174,11634,2022-03-12,0.021418550961570325
,0,3948323,4956,2022-03-12,0.0012552164551886966
,1,3701666,10770,2022-03-12,0.002909500749122152
"[60,70)",0,587118,986,2022-03-13,0.001679389833048893
"[60,70)",1,598465,1589,2022-03-13,0.002655126030762033
"[70,80)",0,418448,8954,2022-03-13,0.02139811876266585
"[70,80)",1,531487,11665,2022-03-13,0.02194785573306591
,0,3943269,4879,2022-03-13,0.0012372982923559107
,1,3690786,9389,2022-03-13,0.0025439025725143643
"[60,70)",0,586083,970,2022-03-14,0.0016550556832394046
"[60,70)",1,596845,1508,2022-03-14,0.00252661913897243
"[70,80)",0,409404,9196,2022-03-14,0.02246192025480943
"[70,80)",1,519760,11967,2022-03-14,0.02302408804063414
,0,3938290,4759,2022-03-14,0.0012083924749066218
,1,3681295,9599,2022-03-14,0.0026075063258989024
"[60,70)",0,585056,1192,2022-03-15,0.0020374118033145545
"[60,70)",1,595307,1802,2022-03-15,0.0030270095933694714
"[70,80)",0,400109,7410,2022-03-15,0.018519953312722284
"[70,80)",1,507735,9914,2022-03-15,0.019525933804051324
,0,3933440,4496,2022-03-15,0.0011430198503091442
,1,3671572,9686,2022-03-15,0.0026381070560511956
"[60,70)",0,583801,290,2022-03-16,0.0004967446098927546
"[60,70)",1,593488,560,2022-03-16,0.0009435742592942064
"[70,80)",0,392601,3618,2022-03-16,0.009215463027348377
"[70,80)",1,497754,5015,2022-03-16,0.010075258059201935
,0,3928833,1848,2022-03-16,0.0004703686819979368
,1,3661781,3852,2022-03-16,0.0010519471262754381
"[60,70)",0,583451,119,2022-03-17,0.0002039588585845255
"[60,70)",1,592896,237,2022-03-17,0.0003997328367875648
"[70,80)",0,388888,1813,2022-03-17,0.004662010656024357
"[70,80)",1,492676,2583,2022-03-17,0.005242796482881245
,0,3926898,878,2022-03-17,0.00022358614865983277
,1,3657829,1823,2022-03-17,0.0004983830572724969
"[60,70)",0,583277,824,2022-03-18,0.001412707855787216
"[60,70)",1,592625,1097,2022-03-18,0.0018510862687196794
"[70,80)",0,386975,5930,2022-03-18,0.015323987337683313
"[70,80)",1,490025,7741,2022-03-18,0.01579715320646906
,0,3925922,3039,2022-03-18,0.0007740856797460571
,1,3655909,5941,2022-03-18,0.0016250404482168457
"[60,70)",0,582417,963,2022-03-19,0.0016534544836431628
"[60,70)",1,591504,1158,2022-03-19,0.0019577213340907246
"[70,80)",0,380937,6446,2022-03-19,0.016921433202865564
"[70,80)",1,482212,8128,2022-03-19,0.01685565684802535
,0,3922782,3528,2022-03-19,0.0008993617284875886
,1,3649868,6427,2022-03-19,0.001760885599150435
"[60,70)",0,581389,1033,2022-03-20,0.0017767794024310746
"[60,70)",1,590318,1236,2022-03-20,0.002093786738673054
"[70,80)",0,374393,6400,2022-03-20,0.0170943366996712
"[70,80)",1,474027,8189,2022-03-20,0.017275387266970026
,0,3919162,3930,2022-03-20,0.0010027653870904034
,1,3643360,6105,2022-03-20,0.0016756510473848315
"[60,70)",0,580308,1040,2022-03-21,0.0017921517538962068
"[60,70)",1,589054,1198,2022-03-21,0.002033769399749429
"[70,80)",0,367912,5986,2022-03-21,0.016270195046641588
"[70,80)",1,465783,7822,2022-03-21,0.01679322774768508
,0,3915150,4072,2022-03-21,0.0010400623220055425
,1,3637152,6232,2022-03-21,0.001713428528694979
"[60,70)",0,579213,1210,2022-03-22,0.0020890415097727434
"[60,70)",1,587826,1424,2022-03-22,0.0024224855654564445
"[70,80)",0,361834,4916,2022-03-22,0.013586340697667992
"[70,80)",1,457895,6370,2022-03-22,0.013911486257766519
,0,3910984,3905,2022-03-22,0.000998469950273384
,1,3630839,6991,2022-03-22,0.001925450288487041
"[60,70)",0,577949,263,2022-03-23,0.00045505745316628285
"[60,70)",1,586374,363,2022-03-23,0.0006190588259370299
"[70,80)",0,356830,2040,2022-03-23,0.005717008099094807
"[70,80)",1,451473,2843,2022-03-23,0.006297165057489595
,0,3906994,1189,2022-03-23,0.0003043260368457182
,1,3623764,1766,2022-03-23,0.00048733857944391524
"[60,70)",0,577640,286,2022-03-24,0.0004951180666158853
"[60,70)",1,585989,317,2022-03-24,0.0005409657860471783
"[70,80)",0,354720,1175,2022-03-24,0.003312471808750564
"[70,80)",1,448588,1526,2022-03-24,0.0034017851569814617
,0,3905726,853,2022-03-24,0.00021839729668696677
,1,3621919,1391,2022-03-24,0.000384050554416043
"[60,70)",0,577296,1174,2022-03-25,0.0020336188021396304
"[60,70)",1,585640,1263,2022-03-25,0.0021566149853152108
"[70,80)",0,353469,4101,2022-03-25,0.011602148986191151
"[70,80)",1,447001,5282,2022-03-25,0.01181652837465688
,0,3904784,2834,2022-03-25,0.0007257763809726736
,1,3620423,4493,2022-03-25,0.0012410152073390318
"[60,70)",0,576048,1408,2022-03-26,0.002444240757714635
"[60,70)",1,584353,1492,2022-03-26,0.0025532512026121197
"[70,80)",0,349302,5109,2022-03-26,0.014626311902021747
"[70,80)",1,441672,6668,2022-03-26,0.015097176185042294
,0,3901864,3649,2022-03-26,0.0009351940508433918
,1,3615820,6392,2022-03-26,0.001767787113296569
"[60,70)",0,574566,1401,2022-03-27,0.002438362172491933
"[60,70)",1,582842,1443,2022-03-27,0.002475799616362582
"[70,80)",0,344114,4814,2022-03-27,0.01398954997471768
"[70,80)",1,434944,6142,2022-03-27,0.014121358151854032
,0,3898132,3537,2022-03-27,0.0009073576779852503
,1,3609345,5829,2022-03-27,0.0016149744621253995
"[60,70)",0,573113,1553,2022-03-28,0.0027097622981855237
"[60,70)",1,581373,1579,2022-03-28,0.00271598440244043
"[70,80)",0,339219,5484,2022-03-28,0.016166547274769398
"[70,80)",1,428762,7038,2022-03-28,0.016414700929653282
,0,3894524,4230,2022-03-28,0.0010861404371882162
,1,3603425,5815,2022-03-28,0.0016137424811117202
"[60,70)",0,571527,393,2022-03-29,0.0006876315554645712
"[60,70)",1,579770,398,2022-03-29,0.0006864791210307536
"[70,80)",0,333652,1346,2022-03-29,0.004034143358948845
"[70,80)",1,421668,1731,2022-03-29,0.004105125359287401
,0,3890207,1434,2022-03-29,0.00036861791673296565
,1,3597533,1694,2022-03-29,0.0004708782379480605
"[60,70)",0,571093,203,2022-03-30,0.00035545874314691305
"[60,70)",1,579356,200,2022-03-30,0.0003452108893322931
"[70,80)",0,332235,760,2022-03-30,0.0022875374358511296
"[70,80)",1,419884,951,2022-03-30,0.0022649112612054757
,0,3888696,754,2022-03-30,0.0001938953314941564
,1,3595754,792,2022-03-30,0.0002202597841787842
"[60,70)",0,570845,107,2022-03-31,0.00018744142455482662
"[60,70)",1,579132,123,2022-03-31,0.00021238681336897288
"[70,80)",0,331388,576,2022-03-31,0.0017381438072591644
"[70,80)",1,418883,817,2022-03-31,0.0019504252977561754
,0,3887860,323,2022-03-31,8.307912321945749e-05
,1,3594878,600,2022-03-31,0.00016690413415976842
"[60,70)",0,570699,117,2022-04-01,0.00020501174875021684
"[60,70)",1,578987,140,2022-04-01,0.00024180162939755123
"[70,80)",0,330747,554,2022-04-01,0.0016749962962627023
"[70,80)",1,418007,717,2022-04-01,0.0017152822799618187
,0,3887452,362,2022-04-01,9.312012084007726e-05
,1,3594200,551,2022-04-01,0.00015330254298592176
"[60,70)",0,570520,985,2022-04-02,0.0017264951272523313
"[60,70)",1,578826,1043,2022-04-02,0.0018019232031733197
"[70,80)",0,330126,3738,2022-04-02,0.011322949419312627
"[70,80)",1,417241,4702,2022-04-02,0.011269266443134782
,0,3887026,2175,2022-04-02,0.0005595537565223387
,1,3593559,3566,2022-04-02,0.0009923310011050327
"[60,70)",0,569491,1489,2022-04-03,0.0026146155075321646
"[60,70)",1,577765,1515,2022-04-03,0.0026221733749881007
"[70,80)",0,326321,5226,2022-04-03,0.016014905568443344
"[70,80)",1,412497,6553,2022-04-03,0.015886176141887094
,0,3884780,3315,2022-04-03,0.0008533301757113659
,1,3589915,5403,2022-04-03,0.0015050495624548213
"[60,70)",0,567950,2586,2022-04-04,0.004553217712826833
"[60,70)",1,576230,2515,2022-04-04,0.00436457664474255
"[70,80)",0,321025,8974,2022-04-04,0.027954209173740363
"[70,80)",1,405906,11396,2022-04-04,0.028075465748227422
,0,3881398,5529,2022-04-04,0.001424486744209174
,1,3584438,7807,2022-04-04,0.0021780262345170985
"[60,70)",0,565312,2609,2022-04-05,0.004615150571719687
"[60,70)",1,573688,2649,2022-04-05,0.004617492434912357
"[70,80)",0,311978,8491,2022-04-05,0.02721666271339646
"[70,80)",1,394454,11114,2022-04-05,0.028175655462994418
,0,3875813,6096,2022-04-05,0.0015728313001685066
,1,3576557,8635,2022-04-05,0.002414333114221303
"[60,70)",0,562667,1039,2022-04-06,0.0018465628871072945
"[60,70)",1,571012,1094,2022-04-06,0.001915896688686052
"[70,80)",0,303412,3266,2022-04-06,0.010764241361580953
"[70,80)",1,383302,4223,2022-04-06,0.011017422293648351
,0,3869665,2255,2022-04-06,0.0005827377822111217
,1,3567839,3694,2022-04-06,0.001035360620252203
"[60,70)",0,561587,589,2022-04-07,0.0010488134518783377
"[60,70)",1,569904,582,2022-04-07,0.0010212246273056515
"[70,80)",0,300084,2413,2022-04-07,0.008041081830420816
"[70,80)",1,379030,3077,2022-04-07,0.00811809091628631
,0,3867355,1084,2022-04-07,0.0002802949302559501
,1,3564083,2046,2022-04-07,0.0005740607050958128
"[60,70)",0,560954,3170,2022-04-08,0.005651087254926429
"[60,70)",1,569297,2845,2022-04-08,0.004997391519716422
"[70,80)",0,297607,9212,2022-04-08,0.030953573000635067
"[70,80)",1,375912,11783,2022-04-08,0.03134510204515951
,0,3866197,4817,2022-04-08,0.001245927199260669
,1,3561966,6489,2022-04-08,0.0018217467544608791
"[60,70)",0,557745,3103,2022-04-09,0.0055634743475961234
"[60,70)",1,566431,2800,2022-04-09,0.004943232273657339
"[70,80)",0,288332,8426,2022-04-09,0.02922325652372959
"[70,80)",1,364088,10626,2022-04-09,0.02918525191711894
,0,3861316,4672,2022-04-09,0.0012099501827874228
,1,3555402,6668,2022-04-09,0.0018754559962558383
"[60,70)",0,554611,3665,2022-04-10,0.006608235321693944
"[60,70)",1,563618,3344,2022-04-10,0.0059330965299192
"[70,80)",0,279856,9274,2022-04-10,0.03313847121376708
"[70,80)",1,353434,11537,2022-04-10,0.03264258673472275
,0,3856562,4534,2022-04-10,0.001175658526947058
,1,3548652,6531,2022-04-10,0.0018404171499487693
"[60,70)",0,550913,5385,2022-04-11,0.009774683116934978
"[60,70)",1,560253,5016,2022-04-11,0.00895309797537898
"[70,80)",0,270513,10329,2022-04-11,0.038183007840658305
"[70,80)",1,341867,12866,2022-04-11,0.037634518687091764
,0,3851971,6057,2022-04-11,0.0015724417447587223
,1,3542053,8151,2022-04-11,0.002301207802367723
"[60,70)",0,545486,4908,2022-04-12,0.008997481145253956
"[60,70)",1,555219,4852,2022-04-12,0.008738894021998527
"[70,80)",0,260121,8030,2022-04-12,0.030870248845729486
"[70,80)",1,328967,10380,2022-04-12,0.03155331689804752
,0,3845853,6071,2022-04-12,0.0015785834767995553
,1,3533848,10454,2022-04-12,0.002958248345712662
"[60,70)",0,540538,1782,2022-04-13,0.0032967154945628243
"[60,70)",1,550352,1883,2022-04-13,0.0034214466377881793
"[70,80)",0,252046,2812,2022-04-13,0.011156693619418678
"[70,80)",1,318553,3785,2022-04-13,0.011881853255188304
,0,3839725,2551,2022-04-13,0.0006643704952828653
,1,3523325,3912,2022-04-13,0.0011103148304513492
"[60,70)",0,538718,1157,2022-04-14,0.002147691370995586
"[60,70)",1,548452,1168,2022-04-14,0.0021296303049309693
"[70,80)",0,249175,2547,2022-04-14,0.010221731714658372
"[70,80)",1,314742,3115,2022-04-14,0.00989699499907861
,0,3837114,1742,2022-04-14,0.00045398703296279443
,1,3519334,3274,2022-04-14,0.0009302896513942695
"[60,70)",0,537504,5879,2022-04-15,0.010937593022563552
"[60,70)",1,547271,6353,2022-04-15,0.011608508398946775
"[70,80)",0,246580,7907,2022-04-15,0.03206667207397194
"[70,80)",1,311601,10053,2022-04-15,0.03226241250830389
,0,3835304,6506,2022-04-15,0.0016963453223003966
,1,3516005,7263,2022-04-15,0.002065696721136631
"[60,70)",0,531599,6456,2022-04-16,0.012144492371129367
"[60,70)",1,540908,6756,2022-04-16,0.012490109223749695
"[70,80)",0,238615,7275,2022-04-16,0.03048844372734321
"[70,80)",1,301510,9355,2022-04-16,0.031027163278166563
,0,3828732,5717,2022-04-16,0.0014931836440889568
,1,3508681,6994,2022-04-16,0.0019933416574490527
"[60,70)",0,525109,8040,2022-04-17,0.015311106836866251
"[60,70)",1,534139,8762,2022-04-17,0.016403969753191586
"[70,80)",0,231302,7868,2022-04-17,0.03401613475023994
"[70,80)",1,292116,9920,2022-04-17,0.033959112133535994
,0,3822975,5822,2022-04-17,0.0015228977432496943
,1,3501629,7328,2022-04-17,0.002092740264602561
"[60,70)",0,517021,8897,2022-04-18,0.017208198506443645
"[60,70)",1,525363,9881,2022-04-18,0.01880794802831566
"[70,80)",0,223389,9408,2022-04-18,0.04211487584437909
"[70,80)",1,282157,11766,2022-04-18,0.04170018819309817
,0,3817087,6400,2022-04-18,0.0016766712417086642
,1,3494244,8160,2022-04-18,0.002335269088249132
"[60,70)",0,508078,7920,2022-04-19,0.01558815772381406
"[60,70)",1,515469,9113,2022-04-19,0.01767904568460955
"[70,80)",0,213933,6828,2022-04-19,0.0319165346159779
"[70,80)",1,270353,8805,2022-04-19,0.03256853077273047
,0,3810630,7453,2022-04-19,0.001955844571632512
,1,3486016,9881,2022-04-19,0.00283446777065854
"[60,70)",0,500131,3359,2022-04-20,0.006716240345029602
"[60,70)",1,506335,4285,2022-04-20,0.00846277662022179
"[70,80)",0,207069,2257,2022-04-20,0.010899748393047729
"[70,80)",1,261514,2826,2022-04-20,0.010806304824980689
,0,3803131,2454,2022-04-20,0.0006452578152054189
,1,3476062,2700,2022-04-20,0.0007767410362646005
"[60,70)",0,496741,2982,2022-04-21,0.006003128390851571
"[60,70)",1,502034,3744,2022-04-21,0.007457662230048164
"[70,80)",0,204758,1946,2022-04-21,0.00950390216743668
"[70,80)",1,258662,2444,2022-04-21,0.009448624073114722
,0,3800629,1668,2022-04-21,0.00043887472310504395
,1,3473293,1920,2022-04-21,0.0005527895285540264
"[60,70)",0,493725,11411,2022-04-22,0.023112056306648438
"[60,70)",1,498272,13653,2022-04-22,0.027400696808169034
"[70,80)",0,202766,6366,2022-04-22,0.0313957961393922
"[70,80)",1,256187,8002,2022-04-22,0.03123499631128824
,0,3798906,4773,2022-04-22,0.0012564143466566428
,1,3471308,5397,2022-04-22,0.0015547453582338416
"[60,70)",0,482282,12506,2022-04-23,0.025930886908489225
"[60,70)",1,484599,14718,2022-04-23,0.030371503036531234
"[70,80)",0,196355,5574,2022-04-23,0.028387359629242954
"[70,80)",1,248145,6852,2022-04-23,0.027612887626186303
,0,3794078,4438,2022-04-23,0.001169717649452647
,1,3465854,4902,2022-04-23,0.0014143700225110463
"[60,70)",0,469745,15706,2022-04-24,0.0334351616302462
"[60,70)",1,469864,18443,2022-04-24,0.03925178349479849
"[70,80)",0,190727,5990,2022-04-24,0.03140614595731071
"[70,80)",1,241263,7169,2022-04-24,0.02971446098241338
,0,3789578,5408,2022-04-24,0.0014270718269949847
,1,3460891,6038,2022-04-24,0.001744637435851057
"[60,70)",0,454003,17910,2022-04-25,0.03944907853031808
"[60,70)",1,451413,20778,2022-04-25,0.04602880289225166
"[70,80)",0,184684,5626,2022-04-25,0.030462844642741113
"[70,80)",1,234064,6974,2022-04-25,0.029795269669833892
,0,3784118,7118,2022-04-25,0.0018810195665145749
,1,3454784,7216,2022-04-25,0.0020886978751783036
"[60,70)",0,436063,16403,2022-04-26,0.03761612427562072
"[60,70)",1,430620,18095,2022-04-26,0.042020807208211414
"[70,80)",0,179017,4450,2022-04-26,0.02485797438232123
"[70,80)",1,227052,5699,2022-04-26,0.025099977097757343
,0,3776954,8543,2022-04-26,0.002261875574868002
,1,3447514,9108,2022-04-26,0.002641903702203965
"[60,70)",0,419631,5023,2022-04-27,0.011970040344969747
"[60,70)",1,412510,5441,2022-04-27,0.013189983273132772
"[70,80)",0,174515,1151,2022-04-27,0.006595421596997393
"[70,80)",1,221323,1462,2022-04-27,0.006605730086796221
,0,3768349,3095,2022-04-27,0.0008213145863082214
,1,3438339,3231,2022-04-27,0.0009396979180935911
"[60,70)",0,414576,5045,2022-04-28,0.012169059472810776
"[60,70)",1,407056,5306,2022-04-28,0.01303506151487756
"[70,80)",0,173312,1172,2022-04-28,0.006762370753323486
"[70,80)",1,219832,1419,2022-04-28,0.00645492921867608
,0,3765195,3156,2022-04-28,0.000838203599016784
,1,3435057,2853,2022-04-28,0.0008305539034723442
"[60,70)",0,409502,17964,2022-04-29,0.04386791761700798
"[60,70)",1,401735,18507,2022-04-29,0.04606768143178961
"[70,80)",0,172106,3800,2022-04-29,0.022079416173753384
"[70,80)",1,218387,4812,2022-04-29,0.022034278597169246
,0,3761994,12144,2022-04-29,0.003228075323884089
,1,3432148,10040,2022-04-29,0.002925281776893071
"[60,70)",0,391508,16063,2022-04-30,0.0410285358153601
"[60,70)",1,383205,16267,2022-04-30,0.04244986365000457
"[70,80)",0,168255,4165,2022-04-30,0.024754093489049358
"[70,80)",1,213543,5052,2022-04-30,0.023657998623228108
,0,3749795,13504,2022-04-30,0.0036012635357399536
,1,3422057,11514,2022-04-30,0.0033646429618209165
"[60,70)",0,375413,17270,2022-05-01,0.04600266906047473
"[60,70)",1,366924,17859,2022-05-01,0.04867220459822742
"[70,80)",0,164051,4356,2022-05-01,0.026552718361972802
"[70,80)",1,208453,5297,2022-05-01,0.025411003919348727
,0,3736253,15496,2022-05-01,0.004147470741408572
,1,3410496,12930,2022-05-01,0.003791237403591736
"[60,70)",0,358115,16249,2022-05-02,0.045373692808176144
"[60,70)",1,349059,16658,2022-05-02,0.04772259130977858
"[70,80)",0,159649,4421,2022-05-02,0.027691999323515962
"[70,80)",1,203130,5380,2022-05-02,0.02648550189533796
,0,3720719,20533,2022-05-02,0.005518557031584487
,1,3397511,17204,2022-05-02,0.0050637069313388535
"[60,70)",0,341837,15071,2022-05-03,0.044088264289705324
"[60,70)",1,332385,14816,2022-05-03,0.04457481534966981
"[70,80)",0,155197,3266,2022-05-03,0.02104422121561628
"[70,80)",1,197716,4195,2022-05-03,0.021217301584090312
,0,3700134,21050,2022-05-03,0.00568898315574517
,1,3380256,18951,2022-05-03,0.005606380108488825
"[60,70)",0,326743,4455,2022-05-04,0.013634569064983795
"[60,70)",1,317557,4458,2022-05-04,0.014038424597788743
"[70,80)",0,151886,1204,2022-05-04,0.00792699787998894
"[70,80)",1,193497,1647,2022-05-04,0.008511759872246082
,0,3679040,9446,2022-05-04,0.0025675176132904237
,1,3361237,8334,2022-05-04,0.0024794443236225237
"[60,70)",0,322267,3824,2022-05-05,0.011865937250788942
"[60,70)",1,313082,3649,2022-05-05,0.011655093553765468
"[70,80)",0,150645,927,2022-05-05,0.006153539778950513
"[70,80)",1,191828,1174,2022-05-05,0.0061200658923619075
,0,3669543,8128,2022-05-05,0.0022149897139780075
,1,3352848,6539,2022-05-05,0.001950282267493188
"[60,70)",0,318409,10679,2022-05-06,0.033538624850428224
"[60,70)",1,309416,10643,2022-05-06,0.03439705768286062
"[70,80)",0,149686,3096,2022-05-06,0.020683297035126866
"[70,80)",1,190628,3678,2022-05-06,0.019294122584300313
,0,3661362,25504,2022-05-06,0.006965713851839835
,1,3346250,19201,2022-05-06,0.005738064998132238
"[60,70)",0,307696,10574,2022-05-07,0.034365087618948575
"[60,70)",1,298762,10746,2022-05-07,0.035968429719977775
"[70,80)",0,146550,3368,2022-05-07,0.022981917434322756
"[70,80)",1,186919,4172,2022-05-07,0.022319828374857558
,0,3635806,26130,2022-05-07,0.007186852103770113
,1,3327003,21161,2022-05-07,0.006360378995750831
"[60,70)",0,297092,9508,2022-05-08,0.03200355445451241
"[60,70)",1,288004,9263,2022-05-08,0.03216274773961473
"[70,80)",0,143142,3044,2022-05-08,0.02126559640077685
"[70,80)",1,182711,3843,2022-05-08,0.021033216390912424
,0,3609640,29973,2022-05-08,0.008303598142751077
,1,3305788,24327,2022-05-08,0.007358911097747345
"[60,70)",0,287555,8571,2022-05-09,0.02980647180539375
"[60,70)",1,278727,8596,2022-05-09,0.030840212824735314
"[70,80)",0,140056,3006,2022-05-09,0.02146284343405495
"[70,80)",1,178837,3647,2022-05-09,0.020392871721176268
,0,3579617,33000,2022-05-09,0.009218863358845374
,1,3281413,27240,2022-05-09,0.008301301908659471
"[60,70)",0,278958,7573,2022-05-10,0.027147455889417044
"[60,70)",1,270125,7218,2022-05-10,0.026720962517353078
"[70,80)",0,137022,1973,2022-05-10,0.014399147582140094
"[70,80)",1,175162,2577,2022-05-10,0.014712095089117503
,0,3546571,31709,2022-05-10,0.008940748683728593
,1,3254128,28514,2022-05-10,0.008762408854230687
"[60,70)",0,271357,2687,2022-05-11,0.009902084707599214
"[60,70)",1,262899,2679,2022-05-11,0.010190225143496172
"[70,80)",0,135019,806,2022-05-11,0.00596953021426614
"[70,80)",1,172561,1064,2022-05-11,0.006165935524249396
,0,3514820,13211,2022-05-11,0.003758656204300647
,1,3225568,11533,2022-05-11,0.0035754943005386957
"[60,70)",0,268654,2069,2022-05-12,0.007701355647040431
"[60,70)",1,260206,2030,2022-05-12,0.007801511110427891
"[70,80)",0,134181,662,2022-05-12,0.004933634419180063
"[70,80)",1,171476,853,2022-05-12,0.0049744570668781634
,0,3501570,11036,2022-05-12,0.003151729081526287
,1,3213998,9165,2022-05-12,0.0028515885821957573
"[60,70)",0,266563,5406,2022-05-13,0.02028038399927972
"[60,70)",1,258165,5189,2022-05-13,0.02009954873821006
"[70,80)",0,133489,1828,2022-05-13,0.013694012240708972
"[70,80)",1,170604,2272,2022-05-13,0.013317389979132963
,0,3490481,32622,2022-05-13,0.00934598985068247
,1,3204790,25233,2022-05-13,0.007873526814549472
"[60,70)",0,261133,5426,2022-05-14,0.020778683659284734
"[60,70)",1,252963,5348,2022-05-14,0.021141431750888468
"[70,80)",0,131628,2109,2022-05-14,0.01602242683927432
"[70,80)",1,168308,2558,2022-05-14,0.01519832687691613
,0,3457821,30997,2022-05-14,0.00896431596661597
,1,3179487,25559,2022-05-14,0.008038718195734092
"[60,70)",0,255683,5240,2022-05-15,0.020494127493810695
"[60,70)",1,247601,5086,2022-05-15,0.020541112515700663
"[70,80)",0,129484,2154,2022-05-15,0.016635259954897903
"[70,80)",1,165729,2597,2022-05-15,0.01567016032197141
,0,3426783,34241,2022-05-15,0.009992170499270016
,1,3153895,28190,2022-05-15,0.008938154250537827
"[60,70)",0,250422,4888,2022-05-16,0.019519051840493247
"[60,70)",1,242501,4780,2022-05-16,0.019711258922643617
"[70,80)",0,127296,2106,2022-05-16,0.016544117647058824
"[70,80)",1,163122,2436,2022-05-16,0.01493360797439953
,0,3392497,32854,2022-05-16,0.009684312174778636
,1,3125659,28437,2022-05-16,0.009097921430328773
"[60,70)",0,245512,3993,2022-05-17,0.016263970803871094
"[60,70)",1,237708,3910,2022-05-17,0.016448752250660476
"[70,80)",0,125165,1420,2022-05-17,0.011345024567570807
"[70,80)",1,160662,1824,2022-05-17,0.011353026851402322
,0,3359605,30134,2022-05-17,0.008969506831904346
,1,3097163,27591,2022-05-17,0.00890847527237023
"[60,70)",0,241501,1940,2022-05-18,0.008033093030670681
"[60,70)",1,233785,1875,2022-05-18,0.008020189490343691
"[70,80)",0,123716,609,2022-05-18,0.004922564583400692
"[70,80)",1,158822,799,2022-05-18,0.005030789185377341
,0,3329439,14348,2022-05-18,0.004309434712574701
,1,3069532,12915,2022-05-18,0.004207481792012593
"[60,70)",0,239530,1213,2022-05-19,0.005064083830835386
"[60,70)",1,231903,1278,2022-05-19,0.005510924826328249
"[70,80)",0,123079,424,2022-05-19,0.003444941866606001
"[70,80)",1,158000,538,2022-05-19,0.0034050632911392406
,0,3315058,10631,2022-05-19,0.00320688205153575
,1,3056563,8374,2022-05-19,0.002739678521267188
"[60,70)",0,238296,2799,2022-05-20,0.011745895860610334
"[60,70)",1,230614,2651,2022-05-20,0.011495399238554468
"[70,80)",0,122620,1167,2022-05-20,0.00951720763333877
"[70,80)",1,157449,1416,2022-05-20,0.008993388335270469
,0,3304398,22379,2022-05-20,0.006772489270360289
,1,3048155,16818,2022-05-20,0.005517435957160971
"[60,70)",0,235472,3003,2022-05-21,0.012753108649860706
"[60,70)",1,227957,2895,2022-05-21,0.012699763551897945
"[70,80)",0,121426,1382,2022-05-21,0.01138141748884094
"[70,80)",1,156010,1651,2022-05-21,0.010582654958015511
,0,3281988,23864,2022-05-21,0.007271202697877018
,1,3031299,19135,2022-05-21,0.006312475278750133
"[60,70)",0,232449,3688,2022-05-22,0.015865845841453393
"[60,70)",1,225058,3724,2022-05-22,0.01654684570199682
"[70,80)",0,120023,1743,2022-05-22,0.014522216575156429
"[70,80)",1,154333,2031,2022-05-22,0.013159855636837229
,0,3258081,30560,2022-05-22,0.00937975452421226
,1,3012107,26050,2022-05-22,0.008648431148030267
"[60,70)",0,228737,3345,2022-05-23,0.014623781897987645
"[60,70)",1,221323,3410,2022-05-23,0.015407345824880379
"[70,80)",0,118248,1567,2022-05-23,0.013251809755767539
"[70,80)",1,152282,1915,2022-05-23,0.012575353620257154
,0,3227479,27345,2022-05-23,0.008472557063887944
,1,2986010,23869,2022-05-23,0.007993610202243127
"[60,70)",0,225368,2859,2022-05-24,0.012685918142770935
"[60,70)",1,217904,2769,2022-05-24,0.01270743079521257
"[70,80)",0,116648,1113,2022-05-24,0.009541526644263082
"[70,80)",1,150341,1439,2022-05-24,0.009571573955208492
,0,3200099,27536,2022-05-24,0.00860473379104834
,1,2962095,26073,2022-05-24,0.008802215999149252
"[60,70)",0,222497,1024,2022-05-25,0.004602309244619029
"[60,70)",1,215126,1022,2022-05-25,0.004750704238446306
"[70,80)",0,115504,381,2022-05-25,0.0032985870619199336
"[70,80)",1,148882,515,2022-05-25,0.003459115272497683
,0,3172531,13493,2022-05-25,0.004253071128382985
,1,2935975,12853,2022-05-25,0.004377762072224729
"[60,70)",0,221458,737,2022-05-26,0.003327944802174679
"[60,70)",1,214098,697,2022-05-26,0.003255518500873432
"[70,80)",0,115105,242,2022-05-26,0.002102428217714261
"[70,80)",1,148346,316,2022-05-26,0.0021301551777601012
,0,3159003,10839,2022-05-26,0.003431145839367674
,1,2923086,9598,2022-05-26,0.003283516119607839
"[60,70)",0,220704,2237,2022-05-27,0.010135747426417282
"[60,70)",1,213392,2210,2022-05-27,0.01035652695508735
"[70,80)",0,114841,1011,2022-05-27,0.00880347611044836
"[70,80)",1,148011,1200,2022-05-27,0.008107505523238138
,0,3148130,27081,2022-05-27,0.00860224958943881
,1,2913448,22017,2022-05-27,0.00755702521548351
"[60,70)",0,218443,2612,2022-05-28,0.011957352719015945
"[60,70)",1,211171,2516,2022-05-28,0.011914514777123754
"[70,80)",0,113808,1225,2022-05-28,0.010763742443413469
"[70,80)",1,146785,1446,2022-05-28,0.009851142827945634
,0,3121015,28119,2022-05-28,0.00900956900239185
,1,2891396,23218,2022-05-28,0.008030031168335295
"[60,70)",0,215815,2733,2022-05-29,0.012663623937168408
"[60,70)",1,208645,2694,2022-05-29,0.012911883821802583
"[70,80)",0,112557,1390,2022-05-29,0.012349298577609566
"[70,80)",1,145317,1563,2022-05-29,0.010755795949544789
,0,3092850,29654,2022-05-29,0.00958792052637535
,1,2868138,24973,2022-05-29,0.008707042687625212
"[60,70)",0,213066,2646,2022-05-30,0.012418687167356593
"[60,70)",1,205942,2564,2022-05-30,0.012450107311767392
"[70,80)",0,111138,1382,2022-05-30,0.012434990732242798
"[70,80)",1,143741,1565,2022-05-30,0.010887638182564474
,0,3063161,26525,2022-05-30,0.008659355482783961
,1,2843123,23602,2022-05-30,0.00830143472512445
"[60,70)",0,210388,2269,2022-05-31,0.010784835637013518
"[60,70)",1,203368,2232,2022-05-31,0.010975178002438928
"[70,80)",0,109725,1026,2022-05-31,0.00935064935064935
"[70,80)",1,142155,1203,2022-05-31,0.008462593647778833
,0,3036602,29251,2022-05-31,0.009632806670087157
,1,2819474,27178,2022-05-31,0.009639386637365693
"[60,70)",0,208100,912,2022-06-01,0.004382508409418549
"[60,70)",1,201131,972,2022-06-01,0.004832671244114533
"[70,80)",0,108672,370,2022-06-01,0.003404740871613663
"[70,80)",1,140932,497,2022-06-01,0.003526523429739165
,0,3007305,16135,2022-06-01,0.005365268903553181
,1,2792255,15333,2022-06-01,0.0054912606477560254
"[60,70)",0,207165,556,2022-06-02,0.0026838510366133275
"[60,70)",1,200149,560,2022-06-02,0.0027979155529130797
"[70,80)",0,108272,220,2022-06-02,0.0020319196098714347
"[70,80)",1,140422,342,2022-06-02,0.0024355158023671507
,0,2991133,13180,2022-06-02,0.004406357056005199
,1,2776881,12114,2022-06-02,0.004362448372832685
"[60,70)",0,206593,2191,2022-06-03,0.01060539321274196
"[60,70)",1,199580,2087,2022-06-03,0.010456959615191903
"[70,80)",0,108023,1060,2022-06-03,0.009812725067809632
"[70,80)",1,140063,1243,2022-06-03,0.00887457786853059
,0,2977915,31318,2022-06-03,0.010516754171962598
,1,2764718,25832,2022-06-03,0.009343448409566545
"[60,70)",0,204386,2323,2022-06-04,0.011365749121759807
"[60,70)",1,197482,2241,2022-06-04,0.011347869679261907
"[70,80)",0,106930,1183,2022-06-04,0.011063312447395493
"[70,80)",1,138802,1377,2022-06-04,0.009920606331320874
,0,2946558,30310,2022-06-04,0.010286578441693664
,1,2738842,26602,2022-06-04,0.009712864049842963
"[60,70)",0,202047,2164,2022-06-05,0.010710379268190075
"[60,70)",1,195226,1997,2022-06-05,0.010229170294940223
"[70,80)",0,105719,1121,2022-06-05,0.010603581191649562
"[70,80)",1,137412,1358,2022-06-05,0.009882688557040142
,0,2916211,27799,2022-06-05,0.009532574974856071
,1,2712204,24826,2022-06-05,0.009153441260318177
"[60,70)",0,199870,1876,2022-06-06,0.009386100965627657
"[60,70)",1,193221,1800,2022-06-06,0.009315757603987144
"[70,80)",0,104576,995,2022-06-06,0.009514611383108934
"[70,80)",1,136040,1185,2022-06-06,0.008710673331373125
,0,2888380,25089,2022-06-06,0.00868618395086519
,1,2687344,22959,2022-06-06,0.008543379634315517
"[60,70)",0,197983,1530,2022-06-07,0.007727936236949637
"[60,70)",1,191413,1496,2022-06-07,0.007815561116538585
"[70,80)",0,103560,711,2022-06-07,0.00686558516801854
"[70,80)",1,134834,919,2022-06-07,0.006815788302653634
,0,2863258,24681,2022-06-07,0.008619900826261552
,1,2664351,22817,2022-06-07,0.008563811599898061
"[60,70)",0,196437,782,2022-06-08,0.003980920091428804
"[60,70)",1,189914,744,2022-06-08,0.0039175626862685215
"[70,80)",0,102828,269,2022-06-08,0.002616018983156339
"[70,80)",1,133901,411,2022-06-08,0.003069431893712519
,0,2838544,15113,2022-06-08,0.005324208467439645
,1,2641487,14741,2022-06-08,0.005580568823545223
"[60,70)",0,195643,397,2022-06-09,0.002029206258337891
"[60,70)",1,189155,350,2022-06-09,0.0018503343818561497
"[70,80)",0,102536,149,2022-06-09,0.0014531481625965515
"[70,80)",1,133469,175,2022-06-09,0.0013111658887082394
,0,2823393,11847,2022-06-09,0.0041960152199853155
,1,2626707,11122,2022-06-09,0.00423419894186904
"[60,70)",0,195232,1308,2022-06-10,0.006699721357154565
"[60,70)",1,188793,1211,2022-06-10,0.006414432738501957
"[70,80)",0,102376,669,2022-06-10,0.00653473470344612
"[70,80)",1,133277,875,2022-06-10,0.006565273828192411
,0,2811522,21017,2022-06-10,0.007475310525757934
,1,2615531,18028,2022-06-10,0.006892673036565042
"[60,70)",0,193914,1480,2022-06-11,0.007632249347648958
"[60,70)",1,187576,1419,2022-06-11,0.007564933680214953
"[70,80)",0,101685,794,2022-06-11,0.007808427988395535
"[70,80)",1,132386,843,2022-06-11,0.0063677428126841205
,0,2790469,21397,2022-06-11,0.00766788665274547
,1,2597464,18762,2022-06-11,0.007223199243569882
"[60,70)",0,192413,1295,2022-06-12,0.006730314479790866
"[60,70)",1,186147,1285,2022-06-12,0.006903146438030159
"[70,80)",0,100872,716,2022-06-12,0.0070981045285113805
"[70,80)",1,131523,910,2022-06-12,0.006918941934110384
,0,2769045,20351,2022-06-12,0.007349465248849332
,1,2578665,18277,2022-06-12,0.0070877760391520415
"[60,70)",0,191103,1209,2022-06-13,0.00632643129621199
"[60,70)",1,184847,1245,2022-06-13,0.006735300004868891
"[70,80)",0,100131,704,2022-06-13,0.007030789665538145
"[70,80)",1,130590,785,2022-06-13,0.006011180029098706
,0,2748668,18298,2022-06-13,0.006657042611184763
,1,2560339,17219,2022-06-13,0.006725281300640267
"[60,70)",0,189876,1153,2022-06-14,0.006072384082243148
"[60,70)",1,183597,1046,2022-06-14,0.00569726084848881
"[70,80)",0,99402,519,2022-06-14,0.005221222913019859
"[70,80)",1,129784,658,2022-06-14,0.0050699623990630585
,0,2730334,20238,2022-06-14,0.007412279962817736
,1,2543060,18843,2022-06-14,0.007409577438204368
"[60,70)",0,188707,392,2022-06-15,0.0020772944299893487
"[60,70)",1,182541,439,2022-06-15,0.0024049391643521183
"[70,80)",0,98868,188,2022-06-15,0.0019015252660112474
"[70,80)",1,129106,225,2022-06-15,0.0017427540160798104
,0,2710065,10519,2022-06-15,0.0038814567178278012
,1,2524176,10042,2022-06-15,0.003978327977129962
"[60,70)",0,188294,278,2022-06-16,0.001476414543214335
"[60,70)",1,182094,277,2022-06-16,0.0015211923512032247
"[70,80)",0,98650,115,2022-06-16,0.0011657374556512925
"[70,80)",1,128870,144,2022-06-16,0.001117405136959727
,0,2699506,8515,2022-06-16,0.003154280820268597
,1,2514076,8092,2022-06-16,0.003218677557878123
"[60,70)",0,188006,899,2022-06-17,0.00478176228418242
"[60,70)",1,181806,806,2022-06-17,0.00443329703090107
"[70,80)",0,98511,493,2022-06-17,0.005004517262031652
"[70,80)",1,128715,531,2022-06-17,0.004125393310802937
,0,2690954,15593,2022-06-17,0.005794599238782974
,1,2505953,14221,2022-06-17,0.005674886959172818
"[60,70)",0,187091,985,2022-06-18,0.00526481765557937
"[60,70)",1,180989,960,2022-06-18,0.00530418975738857
"[70,80)",0,97999,583,2022-06-18,0.005949040296329555
"[70,80)",1,128168,610,2022-06-18,0.004759378315960302
,0,2675325,15388,2022-06-18,0.005751824544681487
,1,2491691,14480,2022-06-18,0.005811314484821754
"[60,70)",0,186091,1025,2022-06-19,0.005508057885658092
"[60,70)",1,180022,960,2022-06-19,0.005332681561142527
"[70,80)",0,97392,544,2022-06-19,0.005585674388040086
"[70,80)",1,127548,678,2022-06-19,0.005315645874494308
,0,2659908,14954,2022-06-19,0.005621998956354881
,1,2477162,13578,2022-06-19,0.005481272520731386
"[60,70)",0,185050,941,2022-06-20,0.005085112131856255
"[60,70)",1,179053,890,2022-06-20,0.004970595298598739
"[70,80)",0,96827,561,2022-06-20,0.005793838495460977
"[70,80)",1,126853,633,2022-06-20,0.004990027827485357
,0,2644913,13870,2022-06-20,0.00524402882060771
,1,2463534,12999,2022-06-20,0.005276566103816712
"[60,70)",0,184093,871,2022-06-21,0.00473130428642045
"[60,70)",1,178157,807,2022-06-21,0.004529712556902058
"[70,80)",0,96243,430,2022-06-21,0.004467857402616294
"[70,80)",1,126201,498,2022-06-21,0.003946086005657642
,0,2631002,14647,2022-06-21,0.005567080526734681
,1,2450503,13869,2022-06-21,0.005659654364838566
"[60,70)",0,183213,289,2022-06-22,0.0015773989836965717
"[60,70)",1,177340,356,2022-06-22,0.0020074433291981503
"[70,80)",0,95791,125,2022-06-22,0.0013049242621958222
"[70,80)",1,125687,166,2022-06-22,0.0013207412063300102
,0,2616328,7509,2022-06-22,0.0028700529902978525
,1,2436596,7459,2022-06-22,0.003061237890893689
"[60,70)",0,182910,243,2022-06-23,0.001328522224044612
"[60,70)",1,176976,233,2022-06-23,0.001316562697766929
"[70,80)",0,95647,98,2022-06-23,0.0010246008761383002
"[70,80)",1,125510,123,2022-06-23,0.000980001593498526
,0,2608787,6722,2022-06-23,0.0025766764400466575
,1,2429115,6557,2022-06-23,0.0026993370013358776
"[60,70)",0,182651,746,2022-06-24,0.004084291900947709
"[60,70)",1,176734,768,2022-06-24,0.004345513596704652
"[70,80)",0,95526,446,2022-06-24,0.004668885957749723
"[70,80)",1,125374,480,2022-06-24,0.003828544993379808
,0,2602035,13547,2022-06-24,0.005206309676849081
,1,2422519,12462,2022-06-24,0.005144232098902011
"[60,70)",0,181890,967,2022-06-25,0.005316400021991313
"[60,70)",1,175956,986,2022-06-25,0.0056036736456841485
"[70,80)",0,95065,514,2022-06-25,0.005406826907905117
"[70,80)",1,124879,640,2022-06-25,0.00512496096221142
,0,2588448,13704,2022-06-25,0.0052942921781700845
,1,2410012,12494,2022-06-25,0.0051842065516686225
"[60,70)",0,180912,851,2022-06-26,0.004703944459184576
"[60,70)",1,174960,884,2022-06-26,0.005052583447645176
"[70,80)",0,94534,458,2022-06-26,0.004844817737533586
"[70,80)",1,124223,556,2022-06-26,0.004475821707735282
,0,2574712,12619,2022-06-26,0.004901130689568387
,1,2397485,12167,2022-06-26,0.005074901407099523
"[60,70)",0,180047,923,2022-06-27,0.005126439207540253
"[60,70)",1,174067,856,2022-06-27,0.004917646653300166
"[70,80)",0,94064,514,2022-06-27,0.005464364687872087
"[70,80)",1,123654,580,2022-06-27,0.004690507383505588
,0,2562061,11106,2022-06-27,0.004334791404263989
,1,2385287,10057,2022-06-27,0.004216264122514398
"[60,70)",0,179113,888,2022-06-28,0.004957764093058572
"[60,70)",1,173208,954,2022-06-28,0.005507828737702647
"[70,80)",0,93533,430,2022-06-28,0.0045973079020238845
"[70,80)",1,123051,572,2022-06-28,0.004648479085907469
,0,2550928,12302,2022-06-28,0.004822558692366073
,1,2375195,11637,2022-06-28,0.004899387208208168
"[60,70)",0,178209,175,2022-06-29,0.000981993053100573
"[60,70)",1,172242,181,2022-06-29,0.0010508470640145842
"[70,80)",0,93072,83,2022-06-29,0.0008917827058621282
"[70,80)",1,122464,117,2022-06-29,0.0009553828063757513
,0,2538596,3349,2022-06-29,0.0013192331509227935
,1,2363517,3225,2022-06-29,0.0013644919837682572
"[60,70)",0,178018,181,2022-06-30,0.0010167511150557809
"[60,70)",1,172057,180,2022-06-30,0.0010461649337138274
"[70,80)",0,92978,72,2022-06-30,0.0007743767342812278
"[70,80)",1,122336,86,2022-06-30,0.0007029819513471096
,0,2535221,3674,2022-06-30,0.001449183325635122
,1,2360255,3407,2022-06-30,0.0014434880976843603
"[60,70)",0,177820,180,2022-07-01,0.0010122595883477674
"[60,70)",1,171871,218,2022-07-01,0.001268393155331615
"[70,80)",0,92885,96,2022-07-01,0.0010335360930182483
"[70,80)",1,122238,107,2022-07-01,0.0008753415468185016
,0,2531511,3553,2022-07-01,0.001403509603552977
,1,2356812,3297,2022-07-01,0.0013989236307350777
"[60,70)",0,177625,135,2022-07-02,0.0007600281491907107
"[60,70)",1,171644,134,2022-07-02,0.0007806856050896041
"[70,80)",0,92767,52,2022-07-02,0.0005605441590220661
"[70,80)",1,122118,88,2022-07-02,0.0007206144876267217
,0,2527924,2672,2022-07-02,0.0010569938020288585
,1,2353484,2432,2022-07-02,0.0010333616034780776
"[60,70)",0,177477,942,2022-07-03,0.005307730015720347
"[60,70)",1,171504,866,2022-07-03,0.005049444910905868
"[70,80)",0,92695,492,2022-07-03,0.005307729651005988
"[70,80)",1,122018,609,2022-07-03,0.004991066891770066
,0,2525214,12127,2022-07-03,0.004802365264884481
,1,2351005,10812,2022-07-03,0.00459888430692406
"[60,70)",0,176522,1011,2022-07-04,0.005727331437441225
"[60,70)",1,170630,1045,2022-07-04,0.006124362656039384
"[70,80)",0,92175,528,2022-07-04,0.005728234336859235
"[70,80)",1,121396,699,2022-07-04,0.005758015091106791
,0,2513055,12065,2022-07-04,0.004800929545911252
,1,2340146,11298,2022-07-04,0.004827903900013076
"[60,70)",0,175498,905,2022-07-05,0.005156753923121631
"[60,70)",1,169579,883,2022-07-05,0.0052070126607657785
"[70,80)",0,91631,407,2022-07-05,0.00444172823607731
"[70,80)",1,120679,495,2022-07-05,0.004101790700950455
,0,2500958,13209,2022-07-05,0.005281576100038465
,1,2328813,12072,2022-07-05,0.005183756703522353
"[60,70)",0,174580,248,2022-07-06,0.0014205521823805706
"[60,70)",1,168687,261,2022-07-06,0.0015472443045403618
"[70,80)",0,91206,102,2022-07-06,0.0011183474771396618
"[70,80)",1,120169,158,2022-07-06,0.0013148149689187728
,0,2487723,4458,2022-07-06,0.0017920001543580213
,1,2316692,4178,2022-07-06,0.0018034335164104681
"[60,70)",0,174315,197,2022-07-07,0.0011301379686200269
"[60,70)",1,168420,217,2022-07-07,0.001288445552784705
"[70,80)",0,91083,92,2022-07-07,0.0010100677404125907
"[70,80)",1,119999,104,2022-07-07,0.0008666738889490746
,0,2483236,4047,2022-07-07,0.0016297283061295826
,1,2312480,3911,2022-07-07,0.0016912578703383381
"[60,70)",0,174108,966,2022-07-08,0.005548280377696602
"[60,70)",1,168197,870,2022-07-08,0.005172506049453914
"[70,80)",0,90977,482,2022-07-08,0.00529804236235532
"[70,80)",1,119882,574,2022-07-08,0.004788041574214644
,0,2479161,12857,2022-07-08,0.005186028660502485
,1,2308534,11830,2022-07-08,0.005124464270398444
"[60,70)",0,173129,966,2022-07-09,0.005579654477297275
"[60,70)",1,167325,942,2022-07-09,0.005629762438368445
"[70,80)",0,90484,514,2022-07-09,0.005680562309358561
"[70,80)",1,119292,614,2022-07-09,0.005147034168259397
,0,2466268,12169,2022-07-09,0.004934175847880279
,1,2296654,11034,2022-07-09,0.0048043806337393444
"[60,70)",0,172148,1052,2022-07-10,0.006111020749587564
"[60,70)",1,166375,964,2022-07-10,0.005794139744552968
"[70,80)",0,89951,507,2022-07-10,0.005636402041111272
"[70,80)",1,118663,645,2022-07-10,0.0054355612111610194
,0,2454075,11987,2022-07-10,0.004884528793944765
,1,2285588,10714,2022-07-10,0.004687633991778046
"[60,70)",0,171082,1151,2022-07-11,0.006727767970914532
"[60,70)",1,165403,1111,2022-07-11,0.006716927746171472
"[70,80)",0,89418,597,2022-07-11,0.006676508085620345
"[70,80)",1,118007,664,2022-07-11,0.005626784851746083
,0,2442058,13273,2022-07-11,0.005435169844450869
,1,2274832,12420,2022-07-11,0.00545974384042426
"[60,70)",0,169916,1069,2022-07-12,0.006291343958191106
"[60,70)",1,164286,940,2022-07-12,0.005721729179601427
"[70,80)",0,88802,405,2022-07-12,0.004560708092160086
"[70,80)",1,117325,521,2022-07-12,0.004440656296611975
,0,2428747,12965,2022-07-12,0.0053381434953908334
,1,2262369,12086,2022-07-12,0.005342187768661965
"[60,70)",0,168833,252,2022-07-13,0.001492599195654878
"[60,70)",1,163338,261,2022-07-13,0.0015979135290012123
"[70,80)",0,88374,107,2022-07-13,0.0012107633466856768
"[70,80)",1,116790,140,2022-07-13,0.001198732768216457
,0,2415751,4217,2022-07-13,0.0017456269292654748
,1,2250248,3844,2022-07-13,0.0017082561566547332
"[60,70)",0,168573,258,2022-07-14,0.00153049420725739
"[60,70)",1,163068,202,2022-07-14,0.001238747025780656
"[70,80)",0,88249,98,2022-07-14,0.001110494169905608
"[70,80)",1,116634,108,2022-07-14,0.0009259735583106127
,0,2411508,4085,2022-07-14,0.0016939607913388636
,1,2246368,3708,2022-07-14,0.0016506645393809028
"[60,70)",0,168289,832,2022-07-15,0.004943876308017755
"[60,70)",1,162854,811,2022-07-15,0.004979920665135643
"[70,80)",0,88136,403,2022-07-15,0.004572478896251248
"[70,80)",1,116516,501,2022-07-15,0.004299838648769268
,0,2407397,10852,2022-07-15,0.004507773333604719
,1,2242631,9987,2022-07-15,0.0044532515603324845
"[60,70)",0,167444,868,2022-07-16,0.005183822651155013
"[60,70)",1,162040,759,2022-07-16,0.004684028634904962
"[70,80)",0,87709,438,2022-07-16,0.004993786270508158
"[70,80)",1,116003,539,2022-07-16,0.00464643155780454
,0,2396519,9786,2022-07-16,0.00408342266428933
,1,2232603,9059,2022-07-16,0.00405759555102273
"[60,70)",0,166562,928,2022-07-17,0.0055714989013100225
"[60,70)",1,161274,859,2022-07-17,0.005326339025509381
"[70,80)",0,87253,477,2022-07-17,0.005466860738312723
"[70,80)",1,115454,571,2022-07-17,0.0049456926568157015
,0,2386707,10832,2022-07-17,0.004538470788412654
,1,2223500,9822,2022-07-17,0.004417360017989656
"[60,70)",0,165619,828,2022-07-18,0.004999426394314662
"[60,70)",1,160408,746,2022-07-18,0.00465064086579223
"[70,80)",0,86757,447,2022-07-18,0.005152322002835506
"[70,80)",1,114878,480,2022-07-18,0.0041783457232890545
,0,2375838,10521,2022-07-18,0.004428332234773583
,1,2213647,9374,2022-07-18,0.004234640843820176
"[60,70)",0,164782,868,2022-07-19,0.005267565632168562
"[60,70)",1,159658,793,2022-07-19,0.004966866677523206
"[70,80)",0,86294,403,2022-07-19,0.004670081349804158
"[70,80)",1,114384,516,2022-07-19,0.004511120436424675
,0,2365285,10679,2022-07-19,0.004514889326233414
,1,2204244,10009,2022-07-19,0.0045407858658115885
"[60,70)",0,163898,238,2022-07-20,0.0014521226616554198
"[60,70)",1,158854,227,2022-07-20,0.0014289851058204388
"[70,80)",0,85866,76,2022-07-20,0.0008851000395965807
"[70,80)",1,113849,108,2022-07-20,0.000948624933025323
,0,2354585,3617,2022-07-20,0.001536151805944572
,1,2194200,3115,2022-07-20,0.001419651809315468
"[60,70)",0,163644,203,2022-07-21,0.0012404976656644913
"[60,70)",1,158619,152,2022-07-21,0.0009582710772353879
"[70,80)",0,85770,75,2022-07-21,0.0008744316194473592
"[70,80)",1,113729,79,2022-07-21,0.0006946337345795707
,0,2350941,3197,2022-07-21,0.0013598810008417907
,1,2191048,2964,2022-07-21,0.0013527773010906196
"[60,70)",0,163428,781,2022-07-22,0.004778862863156865
"[60,70)",1,158457,742,2022-07-22,0.004682658386817875
"[70,80)",0,85676,399,2022-07-22,0.004657080162472571
"[70,80)",1,113638,518,2022-07-22,0.004558334359985216
,0,2347715,11065,2022-07-22,0.0047130933695103535
,1,2188044,10080,2022-07-22,0.004606854341137564
"[60,70)",0,162626,892,2022-07-23,0.005484977801827506
"[60,70)",1,157711,757,2022-07-23,0.004799918838888854
"[70,80)",0,85253,434,2022-07-23,0.005090729944987273
"[70,80)",1,113101,524,2022-07-23,0.004633027117355284
,0,2336627,10468,2022-07-23,0.0044799619280270235
,1,2177929,9701,2022-07-23,0.004454231519943947
"[60,70)",0,161718,844,2022-07-24,0.005218961401946599
"[60,70)",1,156948,734,2022-07-24,0.00467670820908836
"[70,80)",0,84805,438,2022-07-24,0.005164789811921467
"[70,80)",1,112560,497,2022-07-24,0.0044154228855721395
,0,2326144,9718,2022-07-24,0.004177729323722005
,1,2168201,9090,2022-07-24,0.0041924157400536205
"[60,70)",0,160859,691,2022-07-25,0.004295687527586271
"[60,70)",1,156205,608,2022-07-25,0.003892320988444672
"[70,80)",0,84347,408,2022-07-25,0.0048371607763168815
"[70,80)",1,112056,450,2022-07-25,0.004015849218248019
,0,2316395,9977,2022-07-25,0.0043071237850193945
,1,2159070,9228,2022-07-25,0.004274062443552085
"[60,70)",0,160154,795,2022-07-26,0.004963972176779849
"[60,70)",1,155589,727,2022-07-26,0.004672566826703688
"[70,80)",0,83918,371,2022-07-26,0.004420982387568817
"[70,80)",1,111582,438,2022-07-26,0.0039253643060708715
,0,2306390,10864,2022-07-26,0.004710391564306123
,1,2149808,10130,2022-07-26,0.004712048703884254
"[60,70)",0,159351,269,2022-07-27,0.0016880973448550683
"[60,70)",1,154855,238,2022-07-27,0.001536921636369507
"[70,80)",0,83532,123,2022-07-27,0.0014724895848297658
"[70,80)",1,111129,126,2022-07-27,0.0011338174553896822
,0,2295499,4258,2022-07-27,0.0018549343737461876
,1,2139637,3970,2022-07-27,0.0018554549206243863
"[60,70)",0,159063,182,2022-07-28,0.0011442007254987019
"[60,70)",1,154606,136,2022-07-28,0.0008796553820679663
"[70,80)",0,83394,61,2022-07-28,0.0007314674916660671
"[70,80)",1,110988,93,2022-07-28,0.0008379284246945616
,0,2291214,3333,2022-07-28,0.0014546873404230247
,1,2135639,2958,2022-07-28,0.0013850655471266445
"[60,70)",0,158874,619,2022-07-29,0.003896169291388144
"[60,70)",1,154463,534,2022-07-29,0.003457138602772185
"[70,80)",0,83318,304,2022-07-29,0.0036486713555294176
"[70,80)",1,110878,349,2022-07-29,0.003147603672504915
,0,2287859,8801,2022-07-29,0.0038468279732273712
,1,2132644,8077,2022-07-29,0.003787317526975904
"[60,70)",0,158240,648,2022-07-30,0.004095045500505561
"[60,70)",1,153923,653,2022-07-30,0.0042423809307251025
"[70,80)",0,83001,351,2022-07-30,0.004228864712473344
"[70,80)",1,110512,413,2022-07-30,0.003737150716664254
,0,2279026,8069,2022-07-30,0.0035405475848015776
,1,2124536,7562,2022-07-30,0.0035593654332051797
"[60,70)",0,157581,613,2022-07-31,0.0038900628882923703
"[60,70)",1,153266,565,2022-07-31,0.003686401419753892
"[70,80)",0,82637,334,2022-07-31,0.004041773055653037
"[70,80)",1,110084,412,2022-07-31,0.0037425965626249045
,0,2270938,7464,2022-07-31,0.0032867475906431616
,1,2116933,6773,2022-07-31,0.0031994399444857254
"[60,70)",0,156955,588,2022-08-01,0.0037462967092478736
"[60,70)",1,152700,543,2022-08-01,0.003555992141453831
"[70,80)",0,82284,308,2022-08-01,0.0037431335375042534
"[70,80)",1,109662,349,2022-08-01,0.003182506246466415
,0,2263446,7464,2022-08-01,0.0032976267160780507
,1,2110131,6827,2022-08-01,0.0032353441563580648
"[60,70)",0,156357,612,2022-08-02,0.003914119610890462
"[60,70)",1,152151,560,2022-08-02,0.003680554186301766
"[70,80)",0,81950,270,2022-08-02,0.0032946918852959123
"[70,80)",1,109304,355,2022-08-02,0.0032478225865476104
,0,2255967,7718,2022-08-02,0.0034211493341879556
,1,2103277,7340,2022-08-02,0.003489792357354737
"[60,70)",0,155729,188,2022-08-03,0.0012072253722813348
"[60,70)",1,151587,161,2022-08-03,0.0010620963539089763
"[70,80)",0,81665,64,2022-08-03,0.0007836894630502664
"[70,80)",1,108939,95,2022-08-03,0.0008720476596994648
,0,2248219,2697,2022-08-03,0.0011996162295577076
,1,2095901,2428,2022-08-03,0.0011584516635089158
"[60,70)",0,155524,118,2022-08-04,0.0007587253414264037
"[60,70)",1,151422,79,2022-08-04,0.0005217207539195098
"[70,80)",0,81583,44,2022-08-04,0.0005393280462841523
"[70,80)",1,108832,46,2022-08-04,0.0004226698029991179
,0,2245497,2192,2022-08-04,0.0009761758755411385
,1,2093431,1920,2022-08-04,0.0009171546614146825
"[60,70)",0,155400,436,2022-08-05,0.0028056628056628056
"[60,70)",1,151337,379,2022-08-05,0.0025043446083905458
"[70,80)",0,81520,222,2022-08-05,0.0027232580961727183
"[70,80)",1,108772,269,2022-08-05,0.0024730629206045672
,0,2243280,5884,2022-08-05,0.0026229449734317604
,1,2091477,5470,2022-08-05,0.002615376597495454
"[60,70)",0,154953,399,2022-08-06,0.0025749743470600763
"[60,70)",1,150954,392,2022-08-06,0.002596817573565457
"[70,80)",0,81278,229,2022-08-06,0.002817490587858953
"[70,80)",1,108487,292,2022-08-06,0.002691566731497783
,0,2237357,5541,2022-08-06,0.0024765828609381517
,1,2085972,5041,2022-08-06,0.002416619206777464
"[60,70)",0,154545,405,2022-08-07,0.002620595942929244
"[60,70)",1,150553,397,2022-08-07,0.0026369451289579085
"[70,80)",0,81030,242,2022-08-07,0.002986548192027644
"[70,80)",1,108176,268,2022-08-07,0.0024774441650643395
,0,2231789,5274,2022-08-07,0.0023631266217370907
,1,2080911,4826,2022-08-07,0.0023191765529616596
"[60,70)",0,154123,434,2022-08-08,0.0028159327290540673
"[60,70)",1,150150,384,2022-08-08,0.0025574425574425574
"[70,80)",0,80767,220,2022-08-08,0.0027238847549122787
"[70,80)",1,107898,287,2022-08-08,0.0026599195536525237
,0,2226488,5232,2022-08-08,0.002349889152782319
,1,2076044,4892,2022-08-08,0.0023564047775480675
"[60,70)",0,153674,387,2022-08-09,0.0025183179978395826
"[60,70)",1,149760,360,2022-08-09,0.002403846153846154
"[70,80)",0,80526,171,2022-08-09,0.002123537739363684
"[70,80)",1,107603,222,2022-08-09,0.00206313950354544
,0,2221224,4954,2022-08-09,0.002230301851591735
,1,2071121,4659,2022-08-09,0.002249506426712877
"[60,70)",0,153269,107,2022-08-10,0.0006981189934037542
"[60,70)",1,149394,88,2022-08-10,0.0005890464141799537
"[70,80)",0,80345,47,2022-08-10,0.000584977285456469
"[70,80)",1,107368,55,2022-08-10,0.000512256910811415
,0,2216248,1645,2022-08-10,0.0007422454526749714
,1,2066430,1411,2022-08-10,0.0006828201294019154
"[60,70)",0,153144,54,2022-08-11,0.0003526093088857546
"[60,70)",1,149294,44,2022-08-11,0.0002947204844133053
"[70,80)",0,80284,20,2022-08-11,0.0002491156394798465
"[70,80)",1,107298,35,2022-08-11,0.0003261943372663051
,0,2214578,1300,2022-08-11,0.0005870192876475789
,1,2064978,1154,2022-08-11,0.0005588437261801337
"[60,70)",0,153077,329,2022-08-12,0.0021492451511330897
"[60,70)",1,149245,329,2022-08-12,0.002204428959094107
"[70,80)",0,80244,148,2022-08-12,0.0018443746572952494
"[70,80)",1,107246,225,2022-08-12,0.0020979803442552638
,0,2213250,4613,2022-08-12,0.0020842652208290973
,1,2063785,4178,2022-08-12,0.0020244356849187296
"[60,70)",0,152736,369,2022-08-13,0.002415933375235701
"[60,70)",1,148908,335,2022-08-13,0.00224971123109571
"[70,80)",0,80077,193,2022-08-13,0.0024101802015560024
"[70,80)",1,107006,239,2022-08-13,0.0022335196157224828
,0,2208618,4339,2022-08-13,0.0019645769435909697
,1,2059570,4150,2022-08-13,0.002014983710191933
"[60,70)",0,152358,412,2022-08-14,0.0027041573136953752
"[60,70)",1,148567,389,2022-08-14,0.002618347277659238
"[70,80)",0,79868,214,2022-08-14,0.002679421044723794
"[70,80)",1,106752,236,2022-08-14,0.0022107314148681056
,0,2204251,4237,2022-08-14,0.0019221948861540723
,1,2055393,3927,2022-08-14,0.001910583523442962
"[60,70)",0,151932,400,2022-08-15,0.0026327567596029803
"[60,70)",1,148171,346,2022-08-15,0.0023351398046851275
"[70,80)",0,79636,201,2022-08-15,0.002523984127781405
"[70,80)",1,106496,240,2022-08-15,0.002253605769230769
,0,2199988,4352,2022-08-15,0.001978192608323318
,1,2051438,4164,2022-08-15,0.0020297956847830645
"[60,70)",0,151520,390,2022-08-16,0.002573917634635692
"[60,70)",1,147819,401,2022-08-16,0.0027127771125498076
"[70,80)",0,79420,216,2022-08-16,0.002719717955175019
"[70,80)",1,106243,254,2022-08-16,0.002390745743248967
,0,2195613,5102,2022-08-16,0.0023237246272453296
,1,2047241,5054,2022-08-16,0.002468688346902001
"[60,70)",0,151121,107,2022-08-17,0.0007080419001991782
"[60,70)",1,147409,72,2022-08-17,0.000488436933972824
"[70,80)",0,79185,44,2022-08-17,0.0005556607943423629
"[70,80)",1,105973,48,2022-08-17,0.00045294556160531456
,0,2190488,1310,2022-08-17,0.0005980402540438478
,1,2042157,1157,2022-08-17,0.0005665578111771034
"[60,70)",0,151006,72,2022-08-18,0.0004768022462683602
"[60,70)",1,147335,64,2022-08-18,0.00043438422642277805
"[70,80)",0,79120,31,2022-08-18,0.0003918099089989889
"[70,80)",1,105912,25,2022-08-18,0.00023604501850592945
,0,2189144,1159,2022-08-18,0.0005294306815814766
,1,2040963,1009,2022-08-18,0.0004943744693068909
"[60,70)",0,150919,399,2022-08-19,0.0026438023045474725
"[60,70)",1,147267,391,2022-08-19,0.00265504152321973
"[70,80)",0,79075,181,2022-08-19,0.002288966171356307
"[70,80)",1,105876,244,2022-08-19,0.002304582719407609
,0,2187958,4716,2022-08-19,0.0021554344279003526
,1,2039926,4624,2022-08-19,0.0022667488918715678
"[60,70)",0,150512,394,2022-08-20,0.0026177314765600083
"[60,70)",1,146864,372,2022-08-20,0.0025329556596579146
"[70,80)",0,78879,186,2022-08-20,0.0023580420644277946
"[70,80)",1,105613,266,2022-08-20,0.0025186293354037856
,0,2183220,4478,2022-08-20,0.002051098835664752
,1,2035273,4201,2022-08-20,0.00206409656100189
"[60,70)",0,150105,341,2022-08-21,0.0022717431131541255
"[60,70)",1,146484,314,2022-08-21,0.0021435788208951146
"[70,80)",0,78682,203,2022-08-21,0.0025800055921303476
"[70,80)",1,105333,248,2022-08-21,0.0023544378304994635
,0,2178719,3946,2022-08-21,0.0018111560049735647
,1,2031047,3841,2022-08-21,0.001891142844060231
"[60,70)",0,149750,351,2022-08-22,0.002343906510851419
"[60,70)",1,146164,322,2022-08-22,0.0022030048438740047
"[70,80)",0,78464,172,2022-08-22,0.002192088091353997
"[70,80)",1,105073,185,2022-08-22,0.001760680669629686
,0,2174752,3826,2022-08-22,0.0017592810582539985
,1,2027174,3617,2022-08-22,0.0017842572961176495
"[60,70)",0,149389,368,2022-08-23,0.0024633674500799925
"[60,70)",1,145834,347,2022-08-23,0.002379417694090541
"[70,80)",0,78279,177,2022-08-23,0.0022611428352431687
"[70,80)",1,104877,207,2022-08-23,0.0019737406676392346
,0,2170898,4561,2022-08-23,0.0021009738826973908
,1,2023522,4690,2022-08-23,0.0023177410475398834
"[60,70)",0,149004,76,2022-08-24,0.0005100534213846608
"[60,70)",1,145482,78,2022-08-24,0.0005361488019136388
"[70,80)",0,78084,39,2022-08-24,0.0004994621177193792
"[70,80)",1,104655,48,2022-08-24,0.0004586498495055181
,0,2166324,1278,2022-08-24,0.0005899394550399664
,1,2018787,1233,2022-08-24,0.000610762799641567
"[60,70)",0,148916,58,2022-08-25,0.0003894813183271106
"[60,70)",1,145397,55,2022-08-25,0.0003782746549103489
"[70,80)",0,78031,16,2022-08-25,0.000205046712204124
"[70,80)",1,104596,24,2022-08-25,0.00022945428123446402
,0,2165031,1177,2022-08-25,0.000543641176500475
,1,2017525,1091,2022-08-25,0.0005407615766843038
"[60,70)",0,148848,287,2022-08-26,0.0019281414597441685
"[60,70)",1,145336,290,2022-08-26,0.0019953762316287775
"[70,80)",0,78000,152,2022-08-26,0.0019487179487179488
"[70,80)",1,104564,186,2022-08-26,0.0017788148884893462
,0,2163830,3965,2022-08-26,0.0018323990331957686
,1,2016406,3667,2022-08-26,0.0018185821704557515
"[60,70)",0,148552,292,2022-08-27,0.0019656416608325703
"[60,70)",1,145043,248,2022-08-27,0.001709837772246851
"[70,80)",0,77838,168,2022-08-27,0.0021583288368149235
"[70,80)",1,104366,188,2022-08-27,0.0018013529310311788
,0,2159839,3537,2022-08-27,0.0016376220634963996
,1,2012705,3266,2022-08-27,0.0016226918500227307
"[60,70)",0,148249,249,2022-08-28,0.001679606607801739
"[60,70)",1,144785,223,2022-08-28,0.0015402148012570362
"[70,80)",0,77653,129,2022-08-28,0.001661236526599101
"[70,80)",1,104169,174,2022-08-28,0.001670362583878121
,0,2156280,2775,2022-08-28,0.001286938616506205
,1,2009410,2411,2022-08-28,0.0011998546837131297
"[60,70)",0,147989,310,2022-08-29,0.0020947502854941923
"[60,70)",1,144556,266,2022-08-29,0.0018401173247737902
"[70,80)",0,77510,164,2022-08-29,0.002115856018578248
"[70,80)",1,103981,210,2022-08-29,0.002019599734566892
,0,2153472,3107,2022-08-29,0.0014427863468854019
,1,2006968,2807,2022-08-29,0.0013986271828947945
"[60,70)",0,147667,338,2022-08-30,0.00228893388502509
"[60,70)",1,144280,326,2022-08-30,0.0022594954255614084
"[70,80)",0,77331,136,2022-08-30,0.0017586737530873777
"[70,80)",1,103755,191,2022-08-30,0.0018408751385475398
,0,2150340,4401,2022-08-30,0.002046653087418734
,1,2004125,4187,2022-08-30,0.002089191043472837
"[60,70)",0,147312,72,2022-08-31,0.0004887585532746823
"[60,70)",1,143948,64,2022-08-31,0.00044460499624864535
"[70,80)",0,77185,36,2022-08-31,0.0004664118675908531
"[70,80)",1,103553,33,2022-08-31,0.0003186773922532423
,0,2145917,960,2022-08-31,0.00044736119803328835
,1,1999904,924,2022-08-31,0.0004620221770644991
"[60,70)",0,147226,62,2022-09-01,0.00042112126934101314
"[60,70)",1,143880,48,2022-09-01,0.0003336113427856547
"[70,80)",0,77136,26,2022-09-01,0.0003370669985480191
"[70,80)",1,103502,20,2022-09-01,0.00019323298100519797
,0,2144923,1009,2022-09-01,0.0004704131570224199
,1,1998951,894,2022-09-01,0.00044723457453434324
"[60,70)",0,147145,271,2022-09-02,0.0018417207516395393
"[60,70)",1,143829,209,2022-09-02,0.0014531144623128854
"[70,80)",0,77095,130,2022-09-02,0.0016862312731046112
"[70,80)",1,103464,160,2022-09-02,0.0015464316090620892
,0,2143891,2876,2022-09-02,0.001341486111000979
,1,1998033,2614,2022-09-02,0.00130828669996942
"[60,70)",0,146868,239,2022-09-03,0.0016273115995315522
"[60,70)",1,143615,211,2022-09-03,0.0014692058628973297
"[70,80)",0,76946,108,2022-09-03,0.0014035817326436722
"[70,80)",1,103296,139,2022-09-03,0.0013456474597273854
,0,2140991,1977,2022-09-03,0.0009234041619044639
,1,1995388,1733,2022-09-03,0.0008685027673815819
"[60,70)",0,146618,252,2022-09-04,0.0017187521313890518
"[60,70)",1,143401,228,2022-09-04,0.001589947071498804
"[70,80)",0,76820,145,2022-09-04,0.0018875292892475918
"[70,80)",1,103141,175,2022-09-04,0.001696706450393151
,0,2138983,2534,2022-09-04,0.0011846751470208038
,1,1993617,2360,2022-09-04,0.0011837780275750056
"[60,70)",0,146355,327,2022-09-05,0.0022342933278671723
"[60,70)",1,143165,307,2022-09-05,0.002144378863549052
"[70,80)",0,76657,166,2022-09-05,0.0021654904314022203
"[70,80)",1,102945,215,2022-09-05,0.0020884938559424934
,0,2136419,2932,2022-09-05,0.0013723899665749088
,1,1991227,2762,2022-09-05,0.001387084445922037
"[60,70)",0,146019,319,2022-09-06,0.0021846472034461268
"[60,70)",1,142852,331,2022-09-06,0.00231708341500294
"[70,80)",0,76483,146,2022-09-06,0.001908920936678739
"[70,80)",1,102721,202,2022-09-06,0.0019664917592313157
,0,2133469,3297,2022-09-06,0.0015453704740964129
,1,1988431,3428,2022-09-06,0.001723972317872735
"[60,70)",0,145690,73,2022-09-07,0.0005010639028073307
"[60,70)",1,142514,53,2022-09-07,0.00037189328767700015
"[70,80)",0,76320,51,2022-09-07,0.0006682389937106918
"[70,80)",1,102510,35,2022-09-07,0.00034143010438006046
,0,2130145,848,2022-09-07,0.0003980949653662075
,1,1984971,829,2022-09-07,0.0004176383433309605
"[60,70)",0,145604,42,2022-09-08,0.00028845361391170574
"[60,70)",1,142454,44,2022-09-08,0.00030887163575610375
"[70,80)",0,76257,16,2022-09-08,0.00020981680370326658
"[70,80)",1,102459,21,2022-09-08,0.00020496003279360525
,0,2129273,528,2022-09-08,0.0002479719603827222
,1,1984114,475,2022-09-08,0.00023940156664385213
"[60,70)",0,145546,250,2022-09-09,0.0017176700149780825
"[60,70)",1,142399,214,2022-09-09,0.0015028195422720665
"[70,80)",0,76224,144,2022-09-09,0.001889168765743073
"[70,80)",1,102424,208,2022-09-09,0.0020307740373349996
,0,2128701,2493,2022-09-09,0.0011711367636882775
,1,1983609,2151,2022-09-09,0.001084387094432421
"[60,70)",0,145286,245,2022-09-10,0.0016863290337678786
"[60,70)",1,142176,274,2022-09-10,0.0019271888363718208
"[70,80)",0,76063,174,2022-09-10,0.002287577402942298
"[70,80)",1,102206,193,2022-09-10,0.0018883431501086042
,0,2126182,2345,2022-09-10,0.0011029159309974405
,1,1981426,2193,2022-09-10,0.0011067786533536957
"[60,70)",0,145029,251,2022-09-11,0.0017306883450896027
"[60,70)",1,141899,245,2022-09-11,0.0017265801732217986
"[70,80)",0,75875,133,2022-09-11,0.0017528830313014827
"[70,80)",1,102003,170,2022-09-11,0.0016666176485005343
,0,2123800,2262,2022-09-11,0.0010650720406817967
,1,1979195,2171,2022-09-11,0.0010969106126480716
"[60,70)",0,144765,299,2022-09-12,0.0020654163644527337
"[60,70)",1,141648,252,2022-09-12,0.0017790579464588274
"[70,80)",0,75717,181,2022-09-12,0.0023904803412707846
"[70,80)",1,101819,201,2022-09-12,0.0019740912796236457
,0,2121512,2266,2022-09-12,0.0010681061431658176
,1,1977003,2180,2022-09-12,0.0011026791562784679
"[60,70)",0,144456,266,2022-09-13,0.0018413911502464418
"[60,70)",1,141388,258,2022-09-13,0.0018247658924378306
"[70,80)",0,75517,124,2022-09-13,0.0016420143808678841
"[70,80)",1,101600,167,2022-09-13,0.0016437007874015748
,0,2119218,2895,2022-09-13,0.0013660699371183143
,1,1974797,2871,2022-09-13,0.0014538203167211616
"[60,70)",0,144178,57,2022-09-14,0.0003953446434268751
"[60,70)",1,141122,44,2022-09-14,0.0003117869644704582
"[70,80)",0,75374,25,2022-09-14,0.00033167935893013505
"[70,80)",1,101425,40,2022-09-14,0.00039438008380576783
,0,2116294,771,2022-09-14,0.00036431611108853496
,1,1971891,807,2022-09-14,0.0004092518298425217
"[60,70)",0,144109,28,2022-09-15,0.00019429737212804196
"[60,70)",1,141072,14,2022-09-15,9.924010434388114e-05
"[70,80)",0,75341,19,2022-09-15,0.00025218672435991027
"[70,80)",1,101370,9,2022-09-15,8.878366380585972e-05
,0,2115495,492,2022-09-15,0.0002325696822729432
,1,1971062,394,2022-09-15,0.000199892240832607
"[60,70)",0,144075,177,2022-09-16,0.0012285268089536699
"[60,70)",1,141049,200,2022-09-16,0.0014179469546044283
"[70,80)",0,75306,110,2022-09-16,0.001460706982179375
"[70,80)",1,101352,129,2022-09-16,0.0012727918541321336
,0,2114970,1812,2022-09-16,0.0008567497411310799
,1,1970635,1613,2022-09-16,0.0008185178889038305
"[60,70)",0,143884,189,2022-09-17,0.0013135581440604932
"[60,70)",1,140842,201,2022-09-17,0.0014271311114582297
"[70,80)",0,75179,125,2022-09-17,0.0016626983599143377
"[70,80)",1,101214,152,2022-09-17,0.0015017685300452506
,0,2113138,1938,2022-09-17,0.0009171194687710883
,1,1968994,1653,2022-09-17,0.0008395150010614557
"[60,70)",0,143682,203,2022-09-18,0.0014128422488551107
"[60,70)",1,140631,191,2022-09-18,0.00135816427387987
"[70,80)",0,75038,123,2022-09-18,0.0016391694874596872
"[70,80)",1,101051,146,2022-09-18,0.0014448149944087639
,0,2111176,1860,2022-09-18,0.0008810255516356761
,1,1967305,1686,2022-09-18,0.0008570099704926283
"[60,70)",0,143465,253,2022-09-19,0.001763496323145018
"[60,70)",1,140435,236,2022-09-19,0.0016804927546551786
"[70,80)",0,74902,154,2022-09-19,0.0020560198659581854
"[70,80)",1,100891,187,2022-09-19,0.0018534854446878315
,0,2109286,2033,2022-09-19,0.0009638332592166259
,1,1965585,2119,2022-09-19,0.0010780505549238522
"[60,70)",0,143202,239,2022-09-20,0.0016689711037555341
"[60,70)",1,140193,250,2022-09-20,0.0017832559400255362
"[70,80)",0,74737,132,2022-09-20,0.0017661934517039753
"[70,80)",1,100685,154,2022-09-20,0.0015295227690321298
,0,2107226,2384,2022-09-20,0.0011313451903118127
,1,1963439,2606,2022-09-20,0.0013272630318538034
"[60,70)",0,142951,52,2022-09-21,0.00036376100901707576
"[60,70)",1,139936,50,2022-09-21,0.0003573061971186828
"[70,80)",0,74587,17,2022-09-21,0.0002279217558019494
"[70,80)",1,100519,25,2022-09-21,0.0002487091992558621
,0,2104807,681,2022-09-21,0.00032354510413543856
,1,1960789,686,2022-09-21,0.0003498591638365984
"[60,70)",0,142889,19,2022-09-22,0.00013297034761248241
"[60,70)",1,139881,20,2022-09-22,0.00014297867473066393
"[70,80)",0,74555,5,2022-09-22,6.706458319361545e-05
"[70,80)",1,100483,3,2022-09-22,2.9855796502891035e-05
,0,2104106,386,2022-09-22,0.0001834508337507711
,1,1960070,320,2022-09-22,0.000163259475426898
"[60,70)",0,142858,157,2022-09-23,0.0010989934060395637
"[60,70)",1,139856,155,2022-09-23,0.001108282805171033
"[70,80)",0,74532,87,2022-09-23,0.0011672838512316857
"[70,80)",1,100473,118,2022-09-23,0.0011744448757377605
,0,2103698,1693,2022-09-23,0.0008047733087163651
,1,1959717,1691,2022-09-23,0.0008628796913023666
"[60,70)",0,142689,15,2022-09-24,0.00010512373063095263
"[60,70)",1,139696,11,2022-09-24,7.874241209483449e-05
"[70,80)",0,74429,2,2022-09-24,2.687124642276532e-05
"[70,80)",1,100343,2,2022-09-24,1.9931634493686655e-05
,0,2101978,224,2022-09-24,0.00010656629136936732
,1,1957996,138,2022-09-24,7.048022570015465e-05
"[60,70)",0,142665,170,2022-09-25,0.0011916027056390846
"[60,70)",1,139679,162,2022-09-25,0.0011598021177127557
"[70,80)",0,74412,94,2022-09-25,0.0012632371122937162
"[70,80)",1,100327,108,2022-09-25,0.001076479910692037
,0,2101733,1746,2022-09-25,0.0008307430106488312
,1,1957839,1508,2022-09-25,0.0007702369806710358
"[60,70)",0,142483,240,2022-09-26,0.001684411473649488
"[60,70)",1,139507,191,2022-09-26,0.0013691069265341525
"[70,80)",0,74305,126,2022-09-26,0.0016957136128120584
"[70,80)",1,100209,153,2022-09-26,0.0015268089692542586
,0,2099961,1946,2022-09-26,0.0009266838765100876
,1,1956304,1875,2022-09-26,0.0009584399970556723
"[60,70)",0,142229,161,2022-09-27,0.0011319773042065965
"[60,70)",1,139308,137,2022-09-27,0.0009834323944066384
"[70,80)",0,74168,80,2022-09-27,0.0010786322942508899
"[70,80)",1,100044,125,2022-09-27,0.0012494502418935668
,0,2097994,1911,2022-09-27,0.0009108700978172483
,1,1954402,1923,2022-09-27,0.000983932681198648
"[60,70)",0,142058,28,2022-09-28,0.00019710259189908348
"[60,70)",1,139167,25,2022-09-28,0.00017964028828673463
"[70,80)",0,74073,14,2022-09-28,0.00018900274053973784
"[70,80)",1,99909,19,2022-09-28,0.0001901730574823089
,0,2096057,490,2022-09-28,0.00023377226859765742
,1,1952448,499,2022-09-28,0.00025557658897957847
"[60,70)",0,142013,24,2022-09-29,0.00016899861280305324
"[60,70)",1,139135,20,2022-09-29,0.00014374528335788983
"[70,80)",0,74045,7,2022-09-29,9.453710581403201e-05
"[70,80)",1,99876,10,2022-09-29,0.00010012415395089911
,0,2095540,374,2022-09-29,0.00017847428347824427
,1,1951912,293,2022-09-29,0.000150109226235609
"[60,70)",0,141982,141,2022-09-30,0.0009930836303193363
"[60,70)",1,139111,127,2022-09-30,0.0009129400263099252
"[70,80)",0,74025,73,2022-09-30,0.0009861533265788584
"[70,80)",1,99849,88,2022-09-30,0.0008813308095223788
,0,2095142,1397,2022-09-30,0.0006667805809821005
,1,1951589,1268,2022-09-30,0.0006497269660773862
"[60,70)",0,141823,141,2022-10-01,0.0009941969920252709
"[60,70)",1,138981,139,2022-10-01,0.0010001367093343694
"[70,80)",0,73947,64,2022-10-01,0.0008654847390698743
"[70,80)",1,99743,86,2022-10-01,0.0008622158948497639
,0,2093723,1388,2022-10-01,0.0006629339220135615
,1,1950287,1363,2022-10-01,0.0006988714994254692
"[60,70)",0,141670,177,2022-10-02,0.0012493823674737065
"[60,70)",1,138838,159,2022-10-02,0.0011452196084645414
"[70,80)",0,73864,92,2022-10-02,0.0012455323296869923
"[70,80)",1,99643,121,2022-10-02,0.001214335176580392
,0,2092311,1515,2022-10-02,0.0007240797376680618
,1,1948888,1471,2022-10-02,0.0007547893978514927
"[60,70)",0,141485,171,2022-10-03,0.0012086086864331908
"[60,70)",1,138674,154,2022-10-03,0.001110518193749369
"[70,80)",0,73760,96,2022-10-03,0.0013015184381778742
"[70,80)",1,99510,113,2022-10-03,0.0011355642648980002
,0,2090774,1457,2022-10-03,0.000696871110890034
,1,1947394,1304,2022-10-03,0.0006696128261666617
"[60,70)",0,141302,182,2022-10-04,0.00128802140097097
"[60,70)",1,138512,190,2022-10-04,0.0013717223056486081
"[70,80)",0,73652,86,2022-10-04,0.001167653288437517
"[70,80)",1,99388,110,2022-10-04,0.0011067734535356382
,0,2089284,2135,2022-10-04,0.0010218811803469514
,1,1946065,2109,2022-10-04,0.001083725363746843
"[60,70)",0,141113,46,2022-10-05,0.000325979888458186
"[60,70)",1,138314,26,2022-10-05,0.000187978078864034
"[70,80)",0,73552,13,2022-10-05,0.00017674570371981727
"[70,80)",1,99276,14,2022-10-05,0.0001410209919819493
,0,2087117,611,2022-10-05,0.00029274832220714026
,1,1943927,540,2022-10-05,0.0002777882091251369
"[60,70)",0,141054,19,2022-10-06,0.00013470018574446665
"[60,70)",1,138283,17,2022-10-06,0.00012293629730335617
"[70,80)",0,73523,5,2022-10-06,6.800593011710622e-05
"[70,80)",1,99254,17,2022-10-06,0.0001712777318798235
,0,2086482,457,2022-10-06,0.0002190289683783517
,1,1943345,443,2022-10-06,0.0002279574650924051
"[60,70)",0,141019,148,2022-10-07,0.0010495039675504718
"[60,70)",1,138260,119,2022-10-07,0.0008606972370895415
"[70,80)",0,73502,61,2022-10-07,0.0008299093902206742
"[70,80)",1,99220,96,2022-10-07,0.0009675468655513001
,0,2086006,1335,2022-10-07,0.0006399789837613122
,1,1942874,1176,2022-10-07,0.0006052888658760167
"[60,70)",0,140859,127,2022-10-08,0.0009016108306888449
"[60,70)",1,138131,114,2022-10-08,0.0008253035162273494
"[70,80)",0,73429,69,2022-10-08,0.0009396832314208283
"[70,80)",1,99112,78,2022-10-08,0.0007869884575026233
,0,2084643,1390,2022-10-08,0.000666780834895951
,1,1941674,1179,2022-10-08,0.0006072080071113894
"[60,70)",0,140720,140,2022-10-09,0.0009948834565093804
"[60,70)",1,138010,137,2022-10-09,0.000992681689732628
"[70,80)",0,73353,80,2022-10-09,0.0010906166073643886
"[70,80)",1,99017,101,2022-10-09,0.001020026864073846
,0,2083221,1620,2022-10-09,0.00077764193045289
,1,1940460,1473,2022-10-09,0.0007590983581212702
"[60,70)",0,140571,193,2022-10-10,0.001372971665564021
"[60,70)",1,137863,124,2022-10-10,0.0008994436505806489
"[70,80)",0,73263,97,2022-10-10,0.0013239971063156027
"[70,80)",1,98899,102,2022-10-10,0.0010313552209830232
,0,2081577,1630,2022-10-10,0.0007830601510297241
,1,1938959,1539,2022-10-10,0.0007937248802063375
"[60,70)",0,140362,188,2022-10-11,0.0013393938530371467
"[60,70)",1,137732,172,2022-10-11,0.00124880202131676
"[70,80)",0,73147,91,2022-10-11,0.0012440701600885888
"[70,80)",1,98782,119,2022-10-11,0.0012046729161183211
,0,2079915,2311,2022-10-11,0.0011111030979631378
,1,1937390,2371,2022-10-11,0.0012238114163900919
"[60,70)",0,140159,52,2022-10-12,0.0003710072132363958
"[60,70)",1,137554,40,2022-10-12,0.00029079488782587205
"[70,80)",0,73044,14,2022-10-12,0.00019166529762882647
"[70,80)",1,98645,13,2022-10-12,0.00013178569618328348
,0,2077577,693,2022-10-12,0.00033356164416529447
,1,1934989,611,2022-10-12,0.00031576406894302756
"[60,70)",0,140088,36,2022-10-13,0.00025698132602364226
"[60,70)",1,137510,38,2022-10-13,0.0002763435386517344
"[70,80)",0,73011,11,2022-10-13,0.00015066222897919493
"[70,80)",1,98611,14,2022-10-13,0.000141971990954356
,0,2076867,683,2022-10-13,0.00032886073109159134
,1,1934344,551,2022-10-13,0.0002848510916362343
"[60,70)",0,140044,198,2022-10-14,0.001413841364142698
"[60,70)",1,137458,197,2022-10-14,0.0014331650395029755
"[70,80)",0,72981,102,2022-10-14,0.001397624039133473
"[70,80)",1,98583,122,2022-10-14,0.0012375358834687523
,0,2076164,1889,2022-10-14,0.0009098510522290147
,1,1933767,1625,2022-10-14,0.0008403287469483139
"[60,70)",0,139833,146,2022-10-15,0.0010441026081111039
"[60,70)",1,137251,161,2022-10-15,0.0011730333476623121
"[70,80)",0,72860,80,2022-10-15,0.0010979961570134504
"[70,80)",1,98444,97,2022-10-15,0.0009853317622201454
,0,2074243,1647,2022-10-15,0.0007940246152451761
,1,1932103,1467,2022-10-15,0.0007592762911708123
"[60,70)",0,139679,244,2022-10-16,0.0017468624489006938
"[60,70)",1,137084,206,2022-10-16,0.001502728254209098
"[70,80)",0,72767,85,2022-10-16,0.0011681119188643205
"[70,80)",1,98335,144,2022-10-16,0.0014643819596278028
,0,2072561,2191,2022-10-16,0.0010571462070356433
,1,1930601,2037,2022-10-16,0.0010551118537698882
"[60,70)",0,139421,357,2022-10-17,0.0025605898680973456
"[60,70)",1,136870,339,2022-10-17,0.002476802805581939
"[70,80)",0,72667,156,2022-10-17,0.002146779143214939
"[70,80)",1,98184,192,2022-10-17,0.001955512099731117
,0,2070349,3455,2022-10-17,0.001668800767406848
,1,1928529,3280,2022-10-17,0.0017007781578602136
"[60,70)",0,139051,404,2022-10-18,0.0029054088068406554
"[60,70)",1,136522,377,2022-10-18,0.0027614596914782965
"[70,80)",0,72497,166,2022-10-18,0.0022897499206863733
"[70,80)",1,97978,199,2022-10-18,0.002031068198983445
,0,2066866,4592,2022-10-18,0.0022217211952782617
,1,1925203,4746,2022-10-18,0.0024651945794807095
"[60,70)",0,138635,86,2022-10-19,0.0006203339704980705
"[60,70)",1,136138,106,2022-10-19,0.000778621692694178
"[70,80)",0,72305,38,2022-10-19,0.0005255514832999102
"[70,80)",1,97769,49,2022-10-19,0.0005011813560535548
,0,2062239,1735,2022-10-19,0.0008413185862550363
,1,1920425,1674,2022-10-19,0.0008716820495463244
"[60,70)",0,138539,84,2022-10-20,0.0006063274601375786
"[60,70)",1,136026,53,2022-10-20,0.0003896313939982062
"[70,80)",0,72251,33,2022-10-20,0.00045674108316839907
"[70,80)",1,97709,29,2022-10-20,0.0002967996806844815
,0,2060482,1375,2022-10-20,0.0006673195883293326
,1,1918719,1119,2022-10-20,0.0005832016048207163
"[60,70)",0,138450,451,2022-10-21,0.0032574936800288915
"[60,70)",1,135965,366,2022-10-21,0.002691869231052109
"[70,80)",0,72200,216,2022-10-21,0.002991689750692521
"[70,80)",1,97664,243,2022-10-21,0.00248812254259502
,0,2059081,4708,2022-10-21,0.0022864569193732543
,1,1917573,4531,2022-10-21,0.0023628826647016828
"[60,70)",0,137983,510,2022-10-22,0.0036961074915025766
"[60,70)",1,135591,420,2022-10-22,0.003097550722393079
"[70,80)",0,71964,215,2022-10-22,0.002987604913567895
"[70,80)",1,97404,248,2022-10-22,0.002546096669541292
,0,2054351,5430,2022-10-22,0.0026431705195460757
,1,1913009,5192,2022-10-22,0.002714048914563392
"[60,70)",0,137454,550,2022-10-23,0.004001338629650647
"[60,70)",1,135164,516,2022-10-23,0.003817584563937143
"[70,80)",0,71728,293,2022-10-23,0.004084876198973901
"[70,80)",1,97144,309,2022-10-23,0.003180844931236103
,0,2048882,6416,2022-10-23,0.003131463891039113
,1,1907782,6516,2022-10-23,0.003415484578426676
"[60,70)",0,136887,149,2022-10-24,0.0010884890457092346
"[60,70)",1,134645,127,2022-10-24,0.0009432210627947565
"[70,80)",0,71422,49,2022-10-24,0.0006860631178068383
"[70,80)",1,96814,51,2022-10-24,0.0005267833164624951
,0,2042436,1558,2022-10-24,0.0007628145998209981
,1,1901210,1517,2022-10-24,0.0007979129080953708
"[60,70)",0,136727,543,2022-10-25,0.003971417496178516
"[60,70)",1,134510,424,2022-10-25,0.003152181993903799
"[70,80)",0,71348,191,2022-10-25,0.002677019678197006
"[70,80)",1,96754,224,2022-10-25,0.002315149761250181
,0,2040851,6625,2022-10-25,0.003246194847149547
,1,1899654,6421,2022-10-25,0.003380089216246748
"[60,70)",0,136170,127,2022-10-26,0.0009326577072776676
"[60,70)",1,134079,121,2022-10-26,0.0009024530314217737
"[70,80)",0,71141,50,2022-10-26,0.0007028295919371389
"[70,80)",1,96508,57,2022-10-26,0.0005906246114311767
,0,2034191,2195,2022-10-26,0.00107905304860753
,1,1893190,1994,2022-10-26,0.0010532487494651884
"[60,70)",0,136023,125,2022-10-27,0.0009189622343280181
"[60,70)",1,133955,84,2022-10-27,0.0006270762569519615
"[70,80)",0,71076,43,2022-10-27,0.0006049862119421464
"[70,80)",1,96437,45,2022-10-27,0.0004666258801082572
,0,2031963,1937,2022-10-27,0.0009532653891827754
,1,1891147,1542,2022-10-27,0.0008153781805433422
"[60,70)",0,135885,665,2022-10-28,0.004893844059314862
"[60,70)",1,133864,572,2022-10-28,0.004272993485926015
"[70,80)",0,71016,314,2022-10-28,0.0044215388081559085
"[70,80)",1,96371,330,2022-10-28,0.003424266636228741
,0,2029991,7224,2022-10-28,0.003558636466861183
,1,1889567,6106,2022-10-28,0.0032314281525873388
"[60,70)",0,135207,711,2022-10-29,0.005258603474672169
"[60,70)",1,133290,558,2022-10-29,0.004186360567184335
"[70,80)",0,70683,354,2022-10-29,0.005008276388947837
"[70,80)",1,96031,362,2022-10-29,0.003769616061480147
,0,2022742,7327,2022-10-29,0.0036223107049737436
,1,1883433,6126,2022-10-29,0.0032525712356107172
"[60,70)",0,134483,787,2022-10-30,0.005852040778388346
"[60,70)",1,132720,598,2022-10-30,0.004505726341169379
"[70,80)",0,70295,390,2022-10-30,0.005548047514047941
"[70,80)",1,95658,416,2022-10-30,0.0043488260260511405
,0,2015386,7951,2022-10-30,0.003945149961347354
,1,1877256,7053,2022-10-30,0.0037570794819672968
"[60,70)",0,133678,826,2022-10-31,0.006179027214650129
"[60,70)",1,132116,655,2022-10-31,0.004957764388870386
"[70,80)",0,69894,409,2022-10-31,0.005851718316307551
"[70,80)",1,95224,419,2022-10-31,0.004400151222380912
,0,2007402,8424,2022-10-31,0.004196468868716879
,1,1870166,7603,2022-10-31,0.0040654145140057085
"[60,70)",0,132832,864,2022-11-01,0.006504456757407854
"[60,70)",1,131454,726,2022-11-01,0.005522844493130677
"[70,80)",0,69463,340,2022-11-01,0.004894692138260656
"[70,80)",1,94788,441,2022-11-01,0.0046524876566654
,0,1998948,10632,2022-11-01,0.005318797687583669
,1,1862513,9782,2022-11-01,0.005252043878351453
"[60,70)",0,131947,185,2022-11-02,0.0014020781071187674
"[60,70)",1,130719,149,2022-11-02,0.0011398496010526396
"[70,80)",0,69100,75,2022-11-02,0.001085383502170767
"[70,80)",1,94328,80,2022-11-02,0.0008481044864727334
,0,1988281,3180,2022-11-02,0.0015993715174062418
,1,1852685,2848,2022-11-02,0.001537228400942416
"[60,70)",0,131752,102,2022-11-03,0.000774181796101767
"[60,70)",1,130561,75,2022-11-03,0.0005744441295639586
"[70,80)",0,69006,36,2022-11-03,0.0005216937657594992
"[70,80)",1,94234,45,2022-11-03,0.00047753464779166753
,0,1985069,2062,2022-11-03,0.0010387548241396142
,1,1849792,1711,2022-11-03,0.0009249688613638722
"[60,70)",0,131636,666,2022-11-04,0.005059406241453706
"[60,70)",1,130477,574,2022-11-04,0.004399242778420718
"[70,80)",0,68949,366,2022-11-04,0.005308271330983771
"[70,80)",1,94179,383,2022-11-04,0.004066724004289704
,0,1982978,7825,2022-11-04,0.003946085130546078
,1,1848038,6450,2022-11-04,0.0034901879723252443
"[60,70)",0,130951,662,2022-11-05,0.005055326037983673
"[60,70)",1,129893,544,2022-11-05,0.004188062482196885
"[70,80)",0,68564,324,2022-11-05,0.004725511930459133
"[70,80)",1,93778,376,2022-11-05,0.004009469171874
,0,1975116,7022,2022-11-05,0.003555234224217717
,1,1841539,5885,2022-11-05,0.0031956966428623016
"[60,70)",0,130268,670,2022-11-06,0.005143243160254245
"[60,70)",1,129339,525,2022-11-06,0.004059100503328463
"[70,80)",0,68218,346,2022-11-06,0.005071975138526488
"[70,80)",1,93380,427,2022-11-06,0.004572713643178411
,0,1968065,7322,2022-11-06,0.0037204055760353444
,1,1835602,6456,2022-11-06,0.003517102291237425
"[60,70)",0,129579,622,2022-11-07,0.004800160519837319
"[60,70)",1,128800,526,2022-11-07,0.0040838509316770185
"[70,80)",0,67855,351,2022-11-07,0.005172794930366222
"[70,80)",1,92934,404,2022-11-07,0.0043471711106806985
,0,1960706,7078,2022-11-07,0.003609924180371764
,1,1829099,6489,2022-11-07,0.0035476483230268015
"[60,70)",0,128936,736,2022-11-08,0.00570825836073711
"[60,70)",1,128260,567,2022-11-08,0.0044207079370029625
"[70,80)",0,67480,345,2022-11-08,0.00511262596324837
"[70,80)",1,92511,390,2022-11-08,0.00421571488795927
,0,1953597,9360,2022-11-08,0.004791162148590523
,1,1822559,8394,2022-11-08,0.0046056122188636965
"[60,70)",0,128178,153,2022-11-09,0.0011936525768852688
"[60,70)",1,127684,106,2022-11-09,0.0008301744932802857
"[70,80)",0,67106,46,2022-11-09,0.0006854826692099067
"[70,80)",1,92100,70,2022-11-09,0.0007600434310532031
,0,1944195,2699,2022-11-09,0.0013882352336056826
,1,1814122,2319,2022-11-09,0.00127830432572892
"[60,70)",0,128016,92,2022-11-10,0.0007186601674790651
"[60,70)",1,127569,77,2022-11-10,0.000603594917260463
"[70,80)",0,67038,44,2022-11-10,0.000656344163012023
"[70,80)",1,92007,53,2022-11-10,0.0005760431271533687
,0,1941457,2084,2022-11-10,0.00107342063203048
,1,1811757,1556,2022-11-10,0.0008588348216675857
"[60,70)",0,127908,552,2022-11-11,0.004315601838821653
"[60,70)",1,127480,445,2022-11-11,0.0034907436460621276
"[70,80)",0,66970,319,2022-11-11,0.004763326862774376
"[70,80)",1,91931,400,2022-11-11,0.004351089404009529
,0,1939332,7099,2022-11-11,0.0036605387834573967
,1,1810152,6276,2022-11-11,0.003467112154117444
"[60,70)",0,127337,675,2022-11-12,0.005300894476860614
"[60,70)",1,127020,607,2022-11-12,0.004778774996063612
"[70,80)",0,66627,324,2022-11-12,0.004862893421585844
"[70,80)",1,91514,420,2022-11-12,0.004589461721703783
,0,1932202,7893,2022-11-12,0.004084976622527044
,1,1803818,7598,2022-11-12,0.004212176616487916
"[60,70)",0,126643,116,2022-11-13,0.0009159606136936112
"[60,70)",1,126403,107,2022-11-13,0.0008464988963869528
"[70,80)",0,66281,53,2022-11-13,0.0007996258354581253
"[70,80)",1,91066,83,2022-11-13,0.0009114268772099357
,0,1924273,1981,2022-11-13,0.0010294797048028008
,1,1796174,1915,2022-11-13,0.0010661550607012462
"[60,70)",0,126513,694,2022-11-14,0.005485602270122438
"[60,70)",1,126286,627,2022-11-14,0.004964920893844132
"[70,80)",0,66200,416,2022-11-14,0.006283987915407855
"[70,80)",1,90966,518,2022-11-14,0.005694435283512521
,0,1922247,8860,2022-11-14,0.004609189141665977
,1,1794206,8295,2022-11-14,0.004623214948562205
"[60,70)",0,125799,812,2022-11-15,0.006454741293650983
"[60,70)",1,125649,705,2022-11-15,0.00561086837141561
"[70,80)",0,65741,390,2022-11-15,0.005932370970931382
"[70,80)",1,90422,487,2022-11-15,0.005385857424078211
,0,1913354,11416,2022-11-15,0.0059664860762827995
,1,1785851,10794,2022-11-15,0.006044177257789144
"[60,70)",0,124971,213,2022-11-16,0.001704395419737379
"[60,70)",1,124935,189,2022-11-16,0.00151278664905751
"[70,80)",0,65325,83,2022-11-16,0.0012705702257941064
"[70,80)",1,89915,116,2022-11-16,0.0012901073235833842
,0,1901895,4224,2022-11-16,0.002220942796526622
,1,1775005,3748,2022-11-16,0.0021115433477652177
"[60,70)",0,124746,184,2022-11-17,0.0014749971942988151
"[60,70)",1,124731,138,2022-11-17,0.0011063809317651586
"[70,80)",0,65208,56,2022-11-17,0.000858790332474543
"[70,80)",1,89775,75,2022-11-17,0.000835421888053467
,0,1897631,3515,2022-11-17,0.0018523095375233647
,1,1771202,2791,2022-11-17,0.001575766061691439
"[60,70)",0,124542,662,2022-11-18,0.005315475903711198
"[60,70)",1,124584,539,2022-11-18,0.0043263982533872725
"[70,80)",0,65115,332,2022-11-18,0.005098671581048914
"[70,80)",1,89678,416,2022-11-18,0.004638818885345347
,0,1894081,8984,2022-11-18,0.004743197360619741
,1,1768362,7564,2022-11-18,0.004277404739527314
"[60,70)",0,123865,701,2022-11-19,0.005659387236103822
"[60,70)",1,124031,634,2022-11-19,0.005111625319476582
"[70,80)",0,64752,347,2022-11-19,0.005358907832962689
"[70,80)",1,89247,440,2022-11-19,0.004930137707710063
,0,1885052,9145,2022-11-19,0.0048513250562849195
,1,1760747,7764,2022-11-19,0.004409492107611145
"[60,70)",0,123144,692,2022-11-20,0.005619437406613395
"[60,70)",1,123388,638,2022-11-20,0.005170681103510876
"[70,80)",0,64376,361,2022-11-20,0.005607679880700882
"[70,80)",1,88782,486,2022-11-20,0.00547408258430763
,0,1875871,9102,2022-11-20,0.004852146016437164
,1,1752932,7716,2022-11-20,0.00440176800925535
"[60,70)",0,122427,775,2022-11-21,0.006330302956047277
"[60,70)",1,122742,725,2022-11-21,0.005906698603574978
"[70,80)",0,63996,403,2022-11-21,0.006297268579286206
"[70,80)",1,88271,532,2022-11-21,0.006026894450045881
,0,1866718,8767,2022-11-21,0.004696477989712426
,1,1745156,7921,2022-11-21,0.004538849249006965
"[60,70)",0,121637,753,2022-11-22,0.006190550572605375
"[60,70)",1,122007,672,2022-11-22,0.005507880695369938
"[70,80)",0,63568,371,2022-11-22,0.0058362698212937325
"[70,80)",1,87711,465,2022-11-22,0.005301501522043985
,0,1857909,10215,2022-11-22,0.005498116430890856
,1,1737165,9164,2022-11-22,0.005275261705134515
"[60,70)",0,120864,224,2022-11-23,0.0018533227429176596
"[60,70)",1,121326,179,2022-11-23,0.001475363895620065
"[70,80)",0,63168,89,2022-11-23,0.0014089412360688957
"[70,80)",1,87231,118,2022-11-23,0.0013527301074159415
,0,1847658,3828,2022-11-23,0.002071811991180186
,1,1727936,3022,2022-11-23,0.0017489073669395164
"[60,70)",0,120617,85,2022-11-24,0.0007047099496754189
"[60,70)",1,121138,66,2022-11-24,0.0005448331654806914
"[70,80)",0,63049,35,2022-11-24,0.000555123792605751
"[70,80)",1,87095,45,2022-11-24,0.0005166771915724209
,0,1843790,1794,2022-11-24,0.0009729958400902489
,1,1724856,1300,2022-11-24,0.0007536861048110683
"[60,70)",0,120505,643,2022-11-25,0.005335878179328658
"[60,70)",1,121062,574,2022-11-25,0.004741372189456642
"[70,80)",0,62980,326,2022-11-25,0.0051762464274372815
"[70,80)",1,87024,432,2022-11-25,0.004964147821290678
,0,1841956,7005,2022-11-25,0.003803022439189644
,1,1723503,6216,2022-11-25,0.0036066081695245093
"[60,70)",0,119830,545,2022-11-26,0.004548109822248185
"[60,70)",1,120473,518,2022-11-26,0.004299718609148938
"[70,80)",0,62619,281,2022-11-26,0.00448745588399687
"[70,80)",1,86573,430,2022-11-26,0.004966906541300406
,0,1834908,5992,2022-11-26,0.0032655588182077793
,1,1717227,5434,2022-11-26,0.003164404007158052
"[60,70)",0,119266,658,2022-11-27,0.005517079469421294
"[60,70)",1,119944,561,2022-11-27,0.004677182685253118
"[70,80)",0,62307,340,2022-11-27,0.005456850755131847
"[70,80)",1,86128,441,2022-11-27,0.0051202860858257475
,0,1828860,6277,2022-11-27,0.003432192732084468
,1,1711728,5752,2022-11-27,0.003360346971014086
"[60,70)",0,118588,489,2022-11-28,0.004123520086349378
"[60,70)",1,119378,441,2022-11-28,0.0036941480004690982
"[70,80)",0,61939,265,2022-11-28,0.004278402944832819
"[70,80)",1,85665,371,2022-11-28,0.004330823556878538
,0,1822538,4899,2022-11-28,0.0026880097973265853
,1,1705917,4172,2022-11-28,0.002445605501322749
"[60,70)",0,118082,417,2022-11-29,0.0035314442506055115
"[60,70)",1,118923,381,2022-11-29,0.0032037536893620242
"[70,80)",0,61642,198,2022-11-29,0.0032120956490704388
"[70,80)",1,85264,255,2022-11-29,0.0029907112028523175
,0,1817603,4549,2022-11-29,0.00250274674942768
,1,1701694,3826,2022-11-29,0.002248347822816558
"[60,70)",0,117645,88,2022-11-30,0.000748013090229079
"[60,70)",1,118529,76,2022-11-30,0.0006411932944680205
"[70,80)",0,61413,41,2022-11-30,0.0006676110921140475
"[70,80)",1,84983,53,2022-11-30,0.0006236541425932245
,0,1813014,1247,2022-11-30,0.000687804948003711
,1,1697820,1052,2022-11-30,0.000619618098502786
"[60,70)",0,117534,41,2022-12-01,0.00034883523065666106
"[60,70)",1,118442,32,2022-12-01,0.00027017443136725147
"[70,80)",0,61346,15,2022-12-01,0.0002445147197861311
"[70,80)",1,84904,19,2022-12-01,0.00022378215396212192
,0,1811723,742,2022-12-01,0.000409554882286089
,1,1696721,513,2022-12-01,0.0003023478815904324
"[60,70)",0,117467,382,2022-12-02,0.0032519771510296507
"[60,70)",1,118393,304,2022-12-02,0.0025677193753009045
"[70,80)",0,61298,174,2022-12-02,0.00283859179744853
"[70,80)",1,84860,261,2022-12-02,0.0030756540183832196
,0,1810948,3718,2022-12-02,0.002053068337688327
,1,1696150,3302,2022-12-02,0.0019467617840403266
"[60,70)",0,117061,384,2022-12-03,0.003280341018785078
"[60,70)",1,118075,357,2022-12-03,0.003023502011433411
"[70,80)",0,61095,220,2022-12-03,0.00360094934118995
"[70,80)",1,84572,311,2022-12-03,0.0036773400179728514
,0,1807189,3476,2022-12-03,0.0019234291488051333
,1,1692793,3128,2022-12-03,0.0018478337280458982
"[60,70)",0,116661,350,2022-12-04,0.003000145721363609
"[60,70)",1,117709,336,2022-12-04,0.002854497107273021
"[70,80)",0,60846,224,2022-12-04,0.0036814252374847978
"[70,80)",1,84243,319,2022-12-04,0.0037866647673990717
,0,1803670,3542,2022-12-04,0.0019637738610721474
,1,1689603,3471,2022-12-04,0.0020543287387628927
"[60,70)",0,116290,330,2022-12-05,0.002837733253074211
"[60,70)",1,117366,272,2022-12-05,0.0023175365949252764
"[70,80)",0,60587,195,2022-12-05,0.0032185122220938487
"[70,80)",1,83896,255,2022-12-05,0.003039477448269286
,0,1800092,3104,2022-12-05,0.0017243563106774543
,1,1686080,2955,2022-12-05,0.0017525858796735624
"[60,70)",0,115941,274,2022-12-06,0.0023632709740298947
"[60,70)",1,117075,244,2022-12-06,0.002084134102071322
"[70,80)",0,60362,160,2022-12-06,0.002650674265266227
"[70,80)",1,83620,204,2022-12-06,0.0024396077493422626
,0,1796955,3045,2022-12-06,0.0016945332520847767
,1,1683048,2981,2022-12-06,0.001771191314805044
"[60,70)",0,115647,52,2022-12-07,0.0004496441758108727
"[60,70)",1,116824,39,2022-12-07,0.0003338355132507019
"[70,80)",0,60180,24,2022-12-07,0.00039880358923230307
"[70,80)",1,83397,28,2022-12-07,0.0003357434919721333
,0,1793872,794,2022-12-07,0.0004426179794322003
,1,1680016,715,2022-12-07,0.00042559118484585863
"[60,70)",0,115580,21,2022-12-08,0.00018169233431389512
"[60,70)",1,116774,25,2022-12-08,0.00021408875263329166
"[70,80)",0,60131,10,2022-12-08,0.00016630357053765943
"[70,80)",1,83343,16,2022-12-08,0.00019197773058325234
,0,1793034,664,2022-12-08,0.00037032203516497734
,1,1679240,572,2022-12-08,0.0003406302851289869
"[60,70)",0,115538,284,2022-12-09,0.002458065744603507
"[60,70)",1,116740,264,2022-12-09,0.002261435669008052
"[70,80)",0,60093,145,2022-12-09,0.0024129266303895627
"[70,80)",1,83311,227,2022-12-09,0.0027247302277010237
,0,1792333,2850,2022-12-09,0.0015901063027908319
,1,1678611,2584,2022-12-09,0.0015393679655381742
"[60,70)",0,115233,280,2022-12-10,0.0024298595020523636
"[60,70)",1,116465,278,2022-12-10,0.002386983213841068
"[70,80)",0,59924,179,2022-12-10,0.0029871170148855217
"[70,80)",1,83056,229,2022-12-10,0.0027571758813330766
,0,1789445,2738,2022-12-10,0.001530083349865461
,1,1675963,2491,2022-12-10,0.001486309661967478
"[60,70)",0,114936,278,2022-12-11,0.0024187373842834274
"[60,70)",1,116173,257,2022-12-11,0.0022122179852461414
"[70,80)",0,59711,155,2022-12-11,0.002595836613019377
"[70,80)",1,82797,244,2022-12-11,0.002946966677536626
,0,1786664,2668,2022-12-11,0.0014932858108743447
,1,1673411,2592,2022-12-11,0.001548932091398945
"[60,70)",0,114644,290,2022-12-12,0.002529569798681135
"[60,70)",1,115906,257,2022-12-12,0.0022173140303349266
"[70,80)",0,59531,191,2022-12-12,0.0032084124237792074
"[70,80)",1,82526,247,2022-12-12,0.0029929961466689287
,0,1783954,2995,2022-12-12,0.0016788549480535933
,1,1670775,2941,2022-12-12,0.001760260956741632
"[60,70)",0,114343,316,2022-12-13,0.002763614738112521
"[60,70)",1,115639,267,2022-12-13,0.002308909623915807
"[70,80)",0,59321,177,2022-12-13,0.0029837662884981708
"[70,80)",1,82265,215,2022-12-13,0.0026135051358414877
,0,1780922,3623,2022-12-13,0.0020343395162730317
,1,1667783,3745,2022-12-13,0.0022454959668014363
"[60,70)",0,114009,51,2022-12-14,0.000447333105281162
"[60,70)",1,115360,38,2022-12-14,0.00032940360610263523
"[70,80)",0,59121,26,2022-12-14,0.0004397760525024949
"[70,80)",1,82031,35,2022-12-14,0.00042666796698808985
,0,1777249,1240,2022-12-14,0.0006977075243817833
,1,1663983,1222,2022-12-14,0.000734382502705857
"[60,70)",0,113931,22,2022-12-15,0.00019309933205185594
"[60,70)",1,115308,16,2022-12-15,0.00013875880251153433
"[70,80)",0,59070,10,2022-12-15,0.00016929067208396818
"[70,80)",1,81972,10,2022-12-15,0.00012199287561606402
,0,1775969,903,2022-12-15,0.0005084548210019432
,1,1662715,813,2022-12-15,0.000488959322553775
"[60,70)",0,113892,193,2022-12-16,0.0016945878551610297
"[60,70)",1,115281,189,2022-12-16,0.001639472246076977
"[70,80)",0,59019,113,2022-12-16,0.001914637659058947
"[70,80)",1,81938,158,2022-12-16,0.0019282872415728966
,0,1775037,2743,2022-12-16,0.0015453199003739077
,1,1661857,2455,2022-12-16,0.0014772630858130393
"[60,70)",0,113684,181,2022-12-17,0.0015921325780232927
"[60,70)",1,115086,142,2022-12-17,0.0012338598960777158
"[70,80)",0,58881,104,2022-12-17,0.001766274349960089
"[70,80)",1,81758,141,2022-12-17,0.0017246018738227452
,0,1772264,3179,2022-12-17,0.001793750818162531
,1,1659355,2913,2022-12-17,0.0017555013845741267
"[60,70)",0,113490,124,2022-12-18,0.0010926072781742885
"[60,70)",1,114926,100,2022-12-18,0.0008701251239928301
"[70,80)",0,58746,95,2022-12-18,0.00161713137915773
"[70,80)",1,81604,104,2022-12-18,0.0012744473310131856
,0,1769048,2435,2022-12-18,0.0013764465407382954
,1,1656384,2177,2022-12-18,0.00131430875932151
"[60,70)",0,113345,55,2022-12-19,0.000485244166041731
"[60,70)",1,114820,27,2022-12-19,0.00023515067061487545
"[70,80)",0,58628,24,2022-12-19,0.00040936071501671554
"[70,80)",1,81479,32,2022-12-19,0.00039273923342210876
,0,1766586,1525,2022-12-19,0.0008632469633519115
,1,1654168,1208,2022-12-19,0.0007302764894496811
"[60,70)",0,113274,0,2022-12-20,0.0
"[60,70)",1,114786,2,2022-12-20,1.7423727632289652e-05
"[70,80)",0,58589,0,2022-12-20,0.0
"[70,80)",1,81425,0,2022-12-20,0.0
,0,1765020,33,2022-12-20,1.8696671992385357e-05
,1,1652922,14,2022-12-20,8.469849151986604e-06
"[60,70)",0,113256,0,2022-12-21,0.0
"[60,70)",1,114777,0,2022-12-21,0.0
"[70,80)",0,58569,0,2022-12-21,0.0
"[70,80)",1,81407,0,2022-12-21,0.0
,0,1764956,0,2022-12-21,0.0
,1,1652860,3,2022-12-21,1.8150357562043972e-06
"[60,70)",0,113241,1,2022-12-22,8.830723854434348e-06
"[60,70)",1,114771,1,2022-12-22,8.71300241350167e-06
"[70,80)",0,58545,0,2022-12-22,0.0
"[70,80)",1,81386,0,2022-12-22,0.0
,0,1764908,53,2022-12-22,3.0029893909484235e-05
,1,1652807,48,2022-12-22,2.9041503333420054e-05
"[60,70)",0,113227,69,2022-12-23,0.0006093952855767618
"[60,70)",1,114760,79,2022-12-23,0.0006883931683513419
"[70,80)",0,58524,46,2022-12-23,0.0007860023238329575
"[70,80)",1,81365,56,2022-12-23,0.0006882566213974068
,0,1764820,1859,2022-12-23,0.0010533652157160504
,1,1652712,1750,2022-12-23,0.001058865670485844
"[60,70)",0,113144,95,2022-12-24,0.0008396379834547126
"[60,70)",1,114676,99,2022-12-24,0.0008633018242701176
"[70,80)",0,58445,47,2022-12-24,0.0008041748652579348
"[70,80)",1,81290,85,2022-12-24,0.0010456390699963094
,0,1762926,2495,2022-12-24,0.0014152607653412565
,1,1650926,2416,2022-12-24,0.0014634211345632693
"[60,70)",0,113029,72,2022-12-25,0.0006370046625202381
"[60,70)",1,114569,74,2022-12-25,0.0006458989779085093
"[70,80)",0,58365,37,2022-12-25,0.0006339415745738028
"[70,80)",1,81184,47,2022-12-25,0.0005789318092234923
,0,1760402,2041,2022-12-25,0.0011593942747167977
,1,1648467,2007,2022-12-25,0.001217494799713916
"[60,70)",0,112947,78,2022-12-26,0.0006905893914845016
"[60,70)",1,114481,64,2022-12-26,0.000559044732313659
"[70,80)",0,58313,30,2022-12-26,0.0005144650421003892
"[70,80)",1,81124,36,2022-12-26,0.0004437651003402199
,0,1758329,2054,2022-12-26,0.001168154537632036
,1,1646408,2033,2022-12-26,0.0012348093546678588
"[60,70)",0,112849,8,2022-12-27,7.089119088339286e-05
"[60,70)",1,114407,3,2022-12-27,2.622217172026187e-05
"[70,80)",0,58271,3,2022-12-27,5.1483585316881465e-05
"[70,80)",1,81071,9,2022-12-27,0.0001110138027161377
,0,1756250,255,2022-12-27,0.00014519572953736656
,1,1644335,231,2022-12-27,0.00014048232264106766
"[60,70)",0,112828,0,2022-12-28,0.0
"[60,70)",1,114397,2,2022-12-28,1.748297595216658e-05
"[70,80)",0,58244,0,2022-12-28,0.0
"[70,80)",1,81041,0,2022-12-28,0.0
,0,1755958,4,2022-12-28,2.277958812226716e-06
,1,1644069,3,2022-12-28,1.8247409324061217e-06
"[60,70)",0,112805,6,2022-12-29,5.31891316874252e-05
"[60,70)",1,114383,7,2022-12-29,6.119790528312773e-05
"[70,80)",0,58220,1,2022-12-29,1.7176228100309172e-05
"[70,80)",1,81021,1,2022-12-29,1.2342479110354105e-05
,0,1755912,424,2022-12-29,0.00024146995977019348
,1,1644030,413,2022-12-29,0.0002512119608522959
"[60,70)",0,112783,97,2022-12-30,0.0008600586967894097
"[60,70)",1,114370,100,2022-12-30,0.0008743551630672379
"[70,80)",0,58189,51,2022-12-30,0.0008764543126707797
"[70,80)",1,81010,70,2022-12-30,0.0008640908529811135
,0,1755449,1981,2022-12-30,0.0011284862163469288
,1,1643572,1837,2022-12-30,0.0011176875731638163
"[60,70)",0,112666,106,2022-12-31,0.0009408339694317718
"[60,70)",1,114261,123,2022-12-31,0.0010764827894032085
"[70,80)",0,58122,61,2022-12-31,0.0010495165341867106
"[70,80)",1,80920,87,2022-12-31,0.0010751359367276322
,0,1753437,2369,2022-12-31,0.0013510608022985714
,1,1641686,2339,2022-12-31,0.0014247547947658686
"[60,70)",0,119776,151,2023-01-01,0.0012606866150146941
"[60,70)",1,118840,131,2023-01-01,0.0011023224503534164
"[70,80)",0,63048,79,2023-01-01,0.001253013576957239
"[70,80)",1,84985,126,2023-01-01,0.0014826145790433605
,0,1738806,2706,2023-01-01,0.0015562403166310675
,1,1630422,2630,2023-01-01,0.0016130793132084823
"[60,70)",0,119602,142,2023-01-02,0.0011872711158676277
"[60,70)",1,118704,149,2023-01-02,0.001255223075886238
"[70,80)",0,62950,91,2023-01-02,0.0014455917394757744
"[70,80)",1,84836,152,2023-01-02,0.0017916922061389034
,0,1736078,3029,2023-01-02,0.001744737275629321
,1,1627756,3027,2023-01-02,0.0018596153231811156
"[60,70)",0,119448,144,2023-01-03,0.0012055455093429777
"[60,70)",1,118546,171,2023-01-03,0.0014424780254078586
"[70,80)",0,62844,89,2023-01-03,0.0014162052065431862
"[70,80)",1,84666,111,2023-01-03,0.0013110339451491745
,0,1733028,3648,2023-01-03,0.0021049861860281543
,1,1624685,3720,2023-01-03,0.002289674613848223
"[60,70)",0,119287,20,2023-01-04,0.00016766286351404595
"[60,70)",1,118365,18,2023-01-04,0.0001520719807375491
"[70,80)",0,62741,6,2023-01-04,9.563124591574887e-05
"[70,80)",1,84545,15,2023-01-04,0.00017742030871133717
,0,1729348,1197,2023-01-04,0.0006921683779088998
,1,1620921,1224,2023-01-04,0.0007551262522973051
"[60,70)",0,119251,14,2023-01-05,0.00011739943480557814
"[60,70)",1,118343,7,2023-01-05,5.915009759766103e-05
"[70,80)",0,62724,5,2023-01-05,7.971430393469804e-05
"[70,80)",1,84517,8,2023-01-05,9.465551309204065e-05
,0,1728127,553,2023-01-05,0.00031999962965684816
,1,1619663,496,2023-01-05,0.0003062365442687769
"[60,70)",0,119223,105,2023-01-06,0.0008807025490048062
"[60,70)",1,118325,131,2023-01-06,0.001107120219733784
"[70,80)",0,62693,59,2023-01-06,0.0009410939020305297
"[70,80)",1,84495,91,2023-01-06,0.0010769868039528967
,0,1727549,2047,2023-01-06,0.0011849157390036403
,1,1619126,2072,2023-01-06,0.0012797027532137708
"[60,70)",0,119100,143,2023-01-07,0.001200671704450042
"[60,70)",1,118189,130,2023-01-07,0.0010999331579080963
"[70,80)",0,62604,85,2023-01-07,0.0013577407194428472
"[70,80)",1,84396,120,2023-01-07,0.0014218683349921798
,0,1725478,2532,2023-01-07,0.0014674194628966583
,1,1617021,2431,2023-01-07,0.0015033818361047876
"[60,70)",0,118938,127,2023-01-08,0.0010677832147841732
"[60,70)",1,118052,124,2023-01-08,0.0010503845762884153
"[70,80)",0,62499,80,2023-01-08,0.0012800204803276852
"[70,80)",1,84265,103,2023-01-08,0.0012223343024980716
,0,1722908,2711,2023-01-08,0.0015735024737246561
,1,1614549,2785,2023-01-08,0.0017249399058189006
"[60,70)",0,118798,128,2023-01-09,0.001077459216485126
"[60,70)",1,117923,126,2023-01-09,0.0010684938476802658
"[70,80)",0,62407,74,2023-01-09,0.0011857644174531703
"[70,80)",1,84147,92,2023-01-09,0.0010933247768785577
,0,1720173,2741,2023-01-09,0.001593444380303609
,1,1611729,2732,2023-01-09,0.0016950740478082853
"[60,70)",0,118658,124,2023-01-10,0.0010450201419204773
"[60,70)",1,117788,123,2023-01-10,0.001044248989710327
"[70,80)",0,62316,69,2023-01-10,0.001107259772771038
"[70,80)",1,84042,93,2023-01-10,0.0011065895623616764
,0,1717404,2844,2023-01-10,0.001655987758267711
,1,1608956,3036,2023-01-10,0.001886937865298989
"[60,70)",0,118525,13,2023-01-11,0.0001096815017928707
"[60,70)",1,117655,27,2023-01-11,0.0002294845097955888
"[70,80)",0,62234,16,2023-01-11,0.0002570941928849182
"[70,80)",1,83939,14,2023-01-11,0.0001667877863686725
,0,1714526,632,2023-01-11,0.0003686149991309551
,1,1605885,577,2023-01-11,0.0003593034370456166
"[60,70)",0,118494,11,2023-01-12,9.283170455888062e-05
"[60,70)",1,117621,3,2023-01-12,2.5505649501364554e-05
"[70,80)",0,62196,5,2023-01-12,8.039102193067078e-05
"[70,80)",1,83913,7,2023-01-12,8.341973234183023e-05
,0,1713868,328,2023-01-12,0.00019137996625177668
,1,1605275,334,2023-01-12,0.00020806403887184437
"[60,70)",0,118470,93,2023-01-13,0.000785008863003292
"[60,70)",1,117607,102,2023-01-13,0.0008672953140544356
"[70,80)",0,62170,51,2023-01-13,0.0008203313495254946
"[70,80)",1,83894,70,2023-01-13,0.0008343862493146113
,0,1713509,1625,2023-01-13,0.0009483463465905344
,1,1604918,1615,2023-01-13,0.001006281940884207
"[60,70)",0,118370,98,2023-01-14,0.0008279124778237729
"[60,70)",1,117503,102,2023-01-14,0.0008680629430737938
"[70,80)",0,62106,61,2023-01-14,0.0009821917367082086
"[70,80)",1,83812,70,2023-01-14,0.0008352025962869279
,0,1711857,1798,2023-01-14,0.0010503213761429838
,1,1603279,1724,2023-01-14,0.0010752963146152354
"[60,70)",0,118259,68,2023-01-15,0.0005750090902172351
"[60,70)",1,117396,95,2023-01-15,0.000809226890183652
"[70,80)",0,62024,60,2023-01-15,0.0009673674706565201
"[70,80)",1,83726,66,2023-01-15,0.0007882855982609942
,0,1710026,1878,2023-01-15,0.0010982289158176543
,1,1601523,1899,2023-01-15,0.0011857463177238165
"[60,70)",0,118178,100,2023-01-16,0.0008461811843151856
"[60,70)",1,117297,90,2023-01-16,0.0007672830507174097
"[70,80)",0,61949,57,2023-01-16,0.0009201117047894236
"[70,80)",1,83647,78,2023-01-16,0.0009324901072363624
,0,1708127,1633,2023-01-16,0.0009560179073335882
,1,1599602,1635,2023-01-16,0.0010221292546520946
"[60,70)",0,118062,97,2023-01-17,0.0008216022090088259
"[60,70)",1,117202,86,2023-01-17,0.0007337758741318408
"[70,80)",0,61875,44,2023-01-17,0.0007111111111111111
"[70,80)",1,83557,75,2023-01-17,0.0008975908661153464
,0,1706465,1812,2023-01-17,0.0010618442218269931
,1,1597942,1888,2023-01-17,0.001181519729752394
"[60,70)",0,117953,13,2023-01-18,0.00011021339007909931
"[60,70)",1,117108,12,2023-01-18,0.00010246951531919253
"[70,80)",0,61817,5,2023-01-18,8.088389925101509e-05
"[70,80)",1,83470,2,2023-01-18,2.3960704444710675e-05
,0,1704622,366,2023-01-18,0.00021471035807352012
,1,1596018,385,2023-01-18,0.0002412253495887891
"[60,70)",0,117928,13,2023-01-19,0.00011023675462994369
"[60,70)",1,117084,4,2023-01-19,3.4163506542311505e-05
"[70,80)",0,61800,2,2023-01-19,3.2362459546925564e-05
"[70,80)",1,83457,4,2023-01-19,4.792887355164935e-05
,0,1704237,265,2023-01-19,0.00015549480500658065
,1,1595595,277,2023-01-19,0.00017360295062343514
"[60,70)",0,117893,58,2023-01-20,0.0004919715335091991
"[60,70)",1,117078,56,2023-01-20,0.00047831360289721383
"[70,80)",0,61793,28,2023-01-20,0.0004531257585810691
"[70,80)",1,83446,52,2023-01-20,0.0006231574910720705
,0,1703948,1052,2023-01-20,0.0006173897325505238
,1,1595282,1028,2023-01-20,0.0006444001750160786
"[60,70)",0,117821,58,2023-01-21,0.0004922721755883925
"[60,70)",1,117013,57,2023-01-21,0.0004871253621392495
"[70,80)",0,61744,37,2023-01-21,0.0005992485099766779
"[70,80)",1,83382,50,2023-01-21,0.0005996498045141637
,0,1702869,1087,2023-01-21,0.0006383344813958091
,1,1594230,1066,2023-01-21,0.0006686613600296068
"[60,70)",0,117751,61,2023-01-22,0.0005180423096194512
"[60,70)",1,116948,56,2023-01-22,0.00047884529876526317
"[70,80)",0,61696,23,2023-01-22,0.00037279564315352695
"[70,80)",1,83321,46,2023-01-22,0.0005520817080927978
,0,1701761,1099,2023-01-22,0.0006458016137401198
,1,1593115,1101,2023-01-22,0.0006910988848890381
"[60,70)",0,117674,56,2023-01-23,0.000475891020956201
"[60,70)",1,116886,67,2023-01-23,0.000573208083089506
"[70,80)",0,61660,33,2023-01-23,0.0005351929938371716
"[70,80)",1,83262,41,2023-01-23,0.0004924215128149696
,0,1700643,1096,2023-01-23,0.0006444621240319103
,1,1591978,1037,2023-01-23,0.0006513909111809334
"[60,70)",0,117610,65,2023-01-24,0.0005526740923390869
"[60,70)",1,116813,63,2023-01-24,0.0005393235341956803
"[70,80)",0,61604,31,2023-01-24,0.0005032140770079865
"[70,80)",1,83201,46,2023-01-24,0.0005528779702167041
,0,1699522,1336,2023-01-24,0.000786103386716971
,1,1590918,1370,2023-01-24,0.0008611380347698625
"[60,70)",0,117530,12,2023-01-25,0.0001021015910831277
"[60,70)",1,116747,8,2023-01-25,6.852424473434006e-05
"[70,80)",0,61553,2,2023-01-25,3.2492323688528583e-05
"[70,80)",1,83147,5,2023-01-25,6.013446065402239e-05
,0,1698161,278,2023-01-25,0.00016370650368251302
,1,1589523,298,2023-01-25,0.0001874776269358795
"[60,70)",0,117508,3,2023-01-26,2.5530176668822547e-05
"[60,70)",1,116736,1,2023-01-26,8.566337719298245e-06
"[70,80)",0,61532,3,2023-01-26,4.875511928752519e-05
"[70,80)",1,83130,1,2023-01-26,1.2029351617947792e-05
,0,1697861,110,2023-01-26,6.478740014641953e-05
,1,1589198,110,2023-01-26,6.921730331903262e-05
"[60,70)",0,117490,48,2023-01-27,0.00040854540811983996
"[60,70)",1,116727,34,2023-01-27,0.0002912779391229107
"[70,80)",0,61507,19,2023-01-27,0.00030890792917879264
"[70,80)",1,83119,29,2023-01-27,0.0003488973640202601
,0,1697727,699,2023-01-27,0.0004117269737714014
,1,1589053,712,2023-01-27,0.0004480656088878093
"[60,70)",0,117427,37,2023-01-28,0.0003150893746753302
"[60,70)",1,116691,34,2023-01-28,0.000291367800430196
"[70,80)",0,61475,18,2023-01-28,0.00029280195201301343
"[70,80)",1,83079,30,2023-01-28,0.00036110208355902214
,0,1696992,746,2023-01-28,0.0004396013652391997
,1,1588300,724,2023-01-28,0.00045583328086633507
"[60,70)",0,117378,38,2023-01-29,0.0003237403942817223
"[60,70)",1,116653,33,2023-01-29,0.00028289028143296786
"[70,80)",0,61438,22,2023-01-29,0.0003580845730655295
"[70,80)",1,83040,21,2023-01-29,0.0002528901734104046
,0,1696220,746,2023-01-29,0.000439801440850833
,1,1587533,707,2023-01-29,0.00044534507314178667
"[60,70)",0,117321,40,2023-01-30,0.00034094492887036423
"[60,70)",1,116610,29,2023-01-30,0.0002486922219363691
"[70,80)",0,61397,21,2023-01-30,0.00034203625584311936
"[70,80)",1,83002,31,2023-01-30,0.00037348497626563213
,0,1695445,632,2023-01-30,0.00037276349277033465
,1,1586774,623,2023-01-30,0.0003926204992015246
"[60,70)",0,117265,34,2023-01-31,0.0002899415852982561
"[60,70)",1,116572,28,2023-01-31,0.00024019490100538724
"[70,80)",0,61354,20,2023-01-31,0.00032597711640642825
"[70,80)",1,82958,25,2023-01-31,0.0003013573133392801
,0,1694786,745,2023-01-31,0.00043958352263943646
,1,1586114,759,2023-01-31,0.0004785280250978177
"[60,70)",0,117220,5,2023-02-01,4.265483705852244e-05
"[60,70)",1,116538,5,2023-02-01,4.290446034769775e-05
"[70,80)",0,61315,1,2023-02-01,1.6309222865530456e-05
"[70,80)",1,82924,1,2023-02-01,1.2059234962134002e-05
,0,1694006,92,2023-02-01,5.4309134678389566e-05
,1,1585308,75,2023-02-01,4.7309418737557626e-05
"[60,70)",0,117206,1,2023-02-02,8.531986417077625e-06
"[60,70)",1,116524,1,2023-02-02,8.581923037314201e-06
"[70,80)",0,61293,2,2023-02-02,3.263015352487234e-05
"[70,80)",1,82915,0,2023-02-02,0.0
,0,1693888,39,2023-02-02,2.3023954358257453e-05
,1,1585201,50,2023-02-02,3.1541741394308984e-05
"[60,70)",0,117198,20,2023-02-03,0.00017065137630334988
"[60,70)",1,116515,10,2023-02-03,8.582585933141656e-05
"[70,80)",0,61270,12,2023-02-03,0.00019585441488493554
"[70,80)",1,82902,14,2023-02-03,0.00016887409230175387
,0,1693821,352,2023-02-03,0.00020781416690429509
,1,1585102,299,2023-02-03,0.00018863139406801583
"[60,70)",0,117165,21,2023-02-04,0.0001792344130072974
"[60,70)",1,116499,26,2023-02-04,0.00022317788135520477
"[70,80)",0,61243,12,2023-02-04,0.00019594076057671898
"[70,80)",1,82875,17,2023-02-04,0.00020512820512820512
,0,1693445,375,2023-02-04,0.00022144208994091924
,1,1584767,345,2023-02-04,0.00021769761737845374
"[60,70)",0,117134,15,2023-02-05,0.00012805846295695528
"[60,70)",1,116464,27,2023-02-05,0.00023183129550762466
"[70,80)",0,61219,9,2023-02-05,0.00014701318218200232
"[70,80)",1,82849,10,2023-02-05,0.00012070151721807143
,0,1693045,401,2023-02-05,0.0002368513536261588
,1,1584379,359,2023-02-05,0.00022658719914868855
"[60,70)",0,117110,23,2023-02-06,0.00019639655025189992
"[60,70)",1,116430,11,2023-02-06,9.447736837584815e-05
"[70,80)",0,61190,12,2023-02-06,0.00019611047556790325
"[70,80)",1,82824,8,2023-02-06,9.659036028204386e-05
,0,1692627,390,2023-02-06,0.00023041107107472586
,1,1583985,367,2023-02-06,0.00023169411326496146
"[60,70)",0,117072,12,2023-02-07,0.0001025010250102501
"[60,70)",1,116417,14,2023-02-07,0.0001202573507305634
"[70,80)",0,61155,12,2023-02-07,0.00019622271277900416
"[70,80)",1,82796,14,2023-02-07,0.00016909029421711193
,0,1692208,423,2023-02-07,0.0002499692709170504
,1,1583577,482,2023-02-07,0.00030437421104246903
"[60,70)",0,117047,0,2023-02-08,0.0
"[60,70)",1,116396,1,2023-02-08,8.59136052785319e-06
"[70,80)",0,61118,4,2023-02-08,6.544716777381459e-05
"[70,80)",1,82765,1,2023-02-08,1.2082401981513925e-05
,0,1691756,54,2023-02-08,3.19194966650037e-05
,1,1583054,54,2023-02-08,3.411128110601407e-05
"[60,70)",0,117040,0,2023-02-09,0.0
"[60,70)",1,116392,1,2023-02-09,8.591655783902673e-06
"[70,80)",0,61092,0,2023-02-09,0.0
"[70,80)",1,82747,1,2023-02-09,1.2085030273000834e-05
,0,1691676,21,2023-02-09,1.2413724613933165e-05
,1,1582953,17,2023-02-09,1.0739421827432652e-05
"[60,70)",0,117025,9,2023-02-10,7.690664387951292e-05
"[60,70)",1,116384,13,2023-02-10,0.00011169920263953809
"[70,80)",0,61076,4,2023-02-10,6.549217368524462e-05
"[70,80)",1,82733,4,2023-02-10,4.834830116156794e-05
,0,1691616,224,2023-02-10,0.00013241775911317934
,1,1582897,204,2023-02-10,0.0001288776212223537
"[60,70)",0,116999,6,2023-02-11,5.128248959392815e-05
"[60,70)",1,116365,18,2023-02-11,0.00015468568727710223
"[70,80)",0,61057,3,2023-02-11,4.913441538234764e-05
"[70,80)",1,82713,11,2023-02-11,0.00013298997739170384
,0,1691363,265,2023-02-11,0.0001566783712307766
,1,1582665,253,2023-02-11,0.00015985695014421878
"[60,70)",0,116986,9,2023-02-12,7.693228249534132e-05
"[60,70)",1,116340,11,2023-02-12,9.455045556128589e-05
"[70,80)",0,61037,5,2023-02-12,8.191752543539164e-05
"[70,80)",1,82689,8,2023-02-12,9.674805596875038e-05
,0,1691074,288,2023-02-12,0.0001703059712348484
,1,1582369,275,2023-02-12,0.00017379005781837232
"[60,70)",0,116967,10,2023-02-13,8.549419921858301e-05
"[60,70)",1,116322,22,2023-02-13,0.00018913017314007668
"[70,80)",0,61012,7,2023-02-13,0.00011473152822395595
"[70,80)",1,82667,10,2023-02-13,0.00012096725416429773
,0,1690755,276,2023-02-13,0.0001632406824170267
,1,1582054,271,2023-02-13,0.00017129630214897848
"[60,70)",0,116950,13,2023-02-14,0.00011115861479264643
"[60,70)",1,116297,14,2023-02-14,0.00012038143718238648
"[70,80)",0,60986,7,2023-02-14,0.00011478044141278326
"[70,80)",1,82642,4,2023-02-14,4.8401539168945574e-05
,0,1690451,302,2023-02-14,0.00017865054946875124
,1,1581743,296,2023-02-14,0.00018713533108728788
"[60,70)",0,116933,0,2023-02-15,0.0
"[60,70)",1,116276,1,2023-02-15,8.600227045994014e-06
"[70,80)",0,60963,0,2023-02-15,0.0
"[70,80)",1,82629,0,2023-02-15,0.0
,0,1690120,37,2023-02-15,2.1891936667218896e-05
,1,1581402,42,2023-02-15,2.6558711826594375e-05
"[60,70)",0,116924,0,2023-02-16,0.0
"[60,70)",1,116271,1,2023-02-16,8.60059688142357e-06
"[70,80)",0,60942,0,2023-02-16,0.0
"[70,80)",1,82618,0,2023-02-16,0.0
,0,1690059,16,2023-02-16,9.467125112200225e-06
,1,1581321,25,2023-02-16,1.580956681154554e-05
"[60,70)",0,116910,8,2023-02-17,6.842870584210077e-05
"[60,70)",1,116266,6,2023-02-17,5.1605800491975296e-05
"[70,80)",0,60928,4,2023-02-17,6.565126050420168e-05
"[70,80)",1,82602,2,2023-02-17,2.4212488801723928e-05
,0,1690015,200,2023-02-17,0.0001183421448922051
,1,1581253,146,2023-02-17,9.233184063524306e-05
"[60,70)",0,116892,11,2023-02-18,9.410395921021114e-05
"[60,70)",1,116253,5,2023-02-18,4.300964276190722e-05
"[70,80)",0,60912,8,2023-02-18,0.0001313370107696349
"[70,80)",1,82584,4,2023-02-18,4.8435532306500046e-05
,0,1689781,180,2023-02-18,0.00010652267956616863
,1,1581062,193,2023-02-18,0.00012206984925322346
"[60,70)",0,116872,9,2023-02-19,7.700732425217332e-05
"[60,70)",1,116240,10,2023-02-19,8.602890571231934e-05
"[70,80)",0,60889,5,2023-02-19,8.211663847328746e-05
"[70,80)",1,82563,9,2023-02-19,0.00010900766687257003
,0,1689568,193,2023-02-19,0.00011423038315119604
,1,1580840,229,2023-02-19,0.0001448596948457782
"[60,70)",0,116846,13,2023-02-20,0.00011125755267617206
"[60,70)",1,116223,4,2023-02-20,3.441659568243807e-05
"[70,80)",0,60869,3,2023-02-20,4.928617194302518e-05
"[70,80)",1,82546,6,2023-02-20,7.268674436072008e-05
,0,1689348,196,2023-02-20,0.00011602109216099939
,1,1580576,185,2023-02-20,0.00011704593768347742
"[60,70)",0,116824,11,2023-02-21,9.415873450660823e-05
"[60,70)",1,116216,10,2023-02-21,8.604667171473807e-05
"[70,80)",0,60851,3,2023-02-21,4.930075101477379e-05
"[70,80)",1,82527,5,2023-02-21,6.058623238455293e-05
,0,1689123,278,2023-02-21,0.00016458244899868155
,1,1580352,274,2023-02-21,0.0001733790952901632
"[60,70)",0,116808,2,2023-02-22,1.7122114923635366e-05
"[60,70)",1,116198,0,2023-02-22,0.0
"[70,80)",0,60834,0,2023-02-22,0.0
"[70,80)",1,82510,0,2023-02-22,0.0
,0,1688824,31,2023-02-22,1.8355968413523258e-05
,1,1580048,27,2023-02-22,1.70880884631353e-05
"[60,70)",0,116796,1,2023-02-23,8.56193705263879e-06
"[60,70)",1,116195,0,2023-02-23,0.0
"[70,80)",0,60813,0,2023-02-23,0.0
"[70,80)",1,82499,0,2023-02-23,0.0
,0,1688758,16,2023-02-23,9.474418477958357e-06
,1,1579993,14,2023-02-23,8.86079875037421e-06
"[60,70)",0,116785,4,2023-02-24,3.425097401207347e-05
"[60,70)",1,116189,6,2023-02-24,5.164000034426667e-05
"[70,80)",0,60796,3,2023-02-24,4.9345351667872885e-05
"[70,80)",1,82492,2,2023-02-24,2.4244775250933423e-05
,0,1688706,106,2023-02-24,6.276995522015082e-05
,1,1579948,126,2023-02-24,7.97494601088137e-05
"[60,70)",0,116768,10,2023-02-25,8.563990134283365e-05
"[60,70)",1,116176,7,2023-02-25,6.025340862140201e-05
"[70,80)",0,60778,3,2023-02-25,4.9359965777090394e-05
"[70,80)",1,82474,6,2023-02-25,7.275020006305017e-05
,0,1688575,150,2023-02-25,8.883229942407059e-05
,1,1579783,127,2023-02-25,8.039078784871087e-05
"[60,70)",0,116748,4,2023-02-26,3.426182889642649e-05
"[60,70)",1,116166,5,2023-02-26,4.3041853898731126e-05
"[70,80)",0,60759,8,2023-02-26,0.00013166773646702546
"[70,80)",1,82456,6,2023-02-26,7.276608130396817e-05
,0,1688396,181,2023-02-26,0.00010720233878781992
,1,1579619,168,2023-02-26,0.00010635476023015676
"[60,70)",0,116733,9,2023-02-27,7.70990208424353e-05
"[60,70)",1,116156,13,2023-02-27,0.00011191845449223459
"[70,80)",0,60730,7,2023-02-27,0.00011526428453811955
"[70,80)",1,82437,9,2023-02-27,0.00010917427853997598
,0,1688186,153,2023-02-27,9.062982396489487e-05
,1,1579432,146,2023-02-27,9.243829427287785e-05
"[60,70)",0,116711,14,2023-02-28,0.00011995441732141786
"[60,70)",1,116140,19,2023-02-28,0.00016359566040985017
"[70,80)",0,60710,15,2023-02-28,0.0002470762642068852
"[70,80)",1,82408,11,2023-02-28,0.000133482186195515
,0,1688000,280,2023-02-28,0.00016587677725118482
,1,1579243,292,2023-02-28,0.00018489871413075758
"[60,70)",0,116685,0,2023-03-01,0.0
"[60,70)",1,116117,2,2023-03-01,1.7224006820706702e-05
"[70,80)",0,60677,0,2023-03-01,0.0
"[70,80)",1,82383,0,2023-03-01,0.0
,0,1687696,33,2023-03-01,1.9553284477773248e-05
,1,1578920,45,2023-03-01,2.8500494008562815e-05
"[60,70)",0,116680,0,2023-03-02,0.0
"[60,70)",1,116107,0,2023-03-02,0.0
"[70,80)",0,60665,0,2023-03-02,0.0
"[70,80)",1,82368,0,2023-03-02,0.0
,0,1687637,8,2023-03-02,4.740355894069637e-06
,1,1578846,5,2023-03-02,3.1668699797193645e-06
"[60,70)",0,116671,10,2023-03-03,8.571110215906267e-05
"[60,70)",1,116098,13,2023-03-03,0.00011197436648348808
"[70,80)",0,60652,7,2023-03-03,0.00011541251731187759
"[70,80)",1,82354,8,2023-03-03,9.714160817932341e-05
,0,1687597,153,2023-03-03,9.066145531190208e-05
,1,1578800,146,2023-03-03,9.247529769445149e-05
"[60,70)",0,116656,11,2023-03-04,9.429433548210122e-05
"[60,70)",1,116083,19,2023-03-04,0.0001636759904551054
"[70,80)",0,60625,3,2023-03-04,4.9484536082474225e-05
"[70,80)",1,82339,9,2023-03-04,0.00010930421792832072
,0,1687419,155,2023-03-04,9.185626095237757e-05
,1,1578615,139,2023-03-04,8.80518682516003e-05
"[60,70)",0,116632,12,2023-03-05,0.00010288771520680431
"[60,70)",1,116056,13,2023-03-05,0.00011201488936375543
"[70,80)",0,60609,9,2023-03-05,0.00014849279809929218
"[70,80)",1,82321,8,2023-03-05,9.718054931305499e-05
,0,1687245,170,2023-03-05,0.00010075596608672718
,1,1578443,176,2023-03-05,0.0001115022842129871
"[60,70)",0,116609,11,2023-03-06,9.433234141447058e-05
"[60,70)",1,116038,13,2023-03-06,0.00011203226529240422
"[70,80)",0,60579,4,2023-03-06,6.602948216378613e-05
"[70,80)",1,82301,11,2023-03-06,0.00013365572714790829
,0,1687043,192,2023-03-06,0.0001138085988323949
,1,1578226,183,2023-03-06,0.00011595297504920081
"[60,70)",0,116586,22,2023-03-07,0.00018870190245827114
"[60,70)",1,116019,28,2023-03-07,0.00024133978055318527
"[70,80)",0,60557,17,2023-03-07,0.000280727248707829
"[70,80)",1,82281,14,2023-03-07,0.000170148636987883
,0,1686824,312,2023-03-07,0.00018496298369005896
,1,1578007,356,2023-03-07,0.00022560102711838414
"[60,70)",0,116553,1,2023-03-08,8.57978773605141e-06
"[60,70)",1,115986,1,2023-03-08,8.621730208818305e-06
"[70,80)",0,60525,0,2023-03-08,0.0
"[70,80)",1,82255,1,2023-03-08,1.2157315664701234e-05
,0,1686492,41,2023-03-08,2.4310817958223343e-05
,1,1577620,29,2023-03-08,1.8382119902131058e-05
"[60,70)",0,116536,0,2023-03-09,0.0
"[60,70)",1,115982,0,2023-03-09,0.0
"[70,80)",0,60508,0,2023-03-09,0.0
"[70,80)",1,82241,0,2023-03-09,0.0
,0,1686435,12,2023-03-09,7.115601846498679e-06
,1,1577555,2,2023-03-09,1.2677846414229615e-06
"[60,70)",0,116531,10,2023-03-10,8.581407522461834e-05
"[60,70)",1,115977,12,2023-03-10,0.0001034687912258465
"[70,80)",0,60495,5,2023-03-10,8.265145879824778e-05
"[70,80)",1,82222,8,2023-03-10,9.729756026367638e-05
,0,1686393,112,2023-03-10,6.641393791364172e-05
,1,1577522,120,2023-03-10,7.606866972378198e-05
"[60,70)",0,116517,6,2023-03-11,5.1494631684646877e-05
"[60,70)",1,115958,8,2023-03-11,6.899049655909899e-05
"[70,80)",0,60477,1,2023-03-11,1.6535211733386246e-05
"[70,80)",1,82201,7,2023-03-11,8.515711487694797e-05
,0,1686261,124,2023-03-11,7.353547285977675e-05
,1,1577372,140,2023-03-11,8.875522070887528e-05
"[60,70)",0,116503,7,2023-03-12,6.0084289674943994e-05
"[60,70)",1,115941,5,2023-03-12,4.31253827377718e-05
"[70,80)",0,60457,7,2023-03-12,0.00011578477264832857
"[70,80)",1,82184,8,2023-03-12,9.734254842791784e-05
,0,1686119,158,2023-03-12,9.370631610224426e-05
,1,1577210,135,2023-03-12,8.559418213173895e-05
"[60,70)",0,116488,11,2023-03-13,9.443032758739097e-05
"[60,70)",1,115932,7,2023-03-13,6.0380222889279924e-05
"[70,80)",0,60437,12,2023-03-13,0.00019855386600923274
"[70,80)",1,82167,5,2023-03-13,6.0851680114887975e-05
,0,1685932,134,2023-03-13,7.94812602169008e-05
,1,1577041,126,2023-03-13,7.989646432781392e-05
"[60,70)",0,116457,18,2023-03-14,0.00015456348695226565
"[60,70)",1,115920,28,2023-03-14,0.00024154589371980676
"[70,80)",0,60411,14,2023-03-14,0.00023174587409577726
"[70,80)",1,82152,17,2023-03-14,0.0002069334891420781
,0,1685776,299,2023-03-14,0.00017736638794240754
,1,1576880,320,2023-03-14,0.0002029323727867688
"[60,70)",0,116430,2,2023-03-15,1.71777033410633e-05
"[60,70)",1,115889,2,2023-03-15,1.7257893328961332e-05
"[70,80)",0,60383,0,2023-03-15,0.0
"[70,80)",1,82124,1,2023-03-15,1.2176708392187424e-05
,0,1685459,21,2023-03-15,1.2459513995890733e-05
,1,1576533,30,2023-03-15,1.9029097392823366e-05
"[60,70)",0,116419,0,2023-03-16,0.0
"[60,70)",1,115881,0,2023-03-16,0.0
"[70,80)",0,60374,0,2023-03-16,0.0
"[70,80)",1,82116,0,2023-03-16,0.0
,0,1685422,8,2023-03-16,4.7465857215581615e-06
,1,1576475,9,2023-03-16,5.708939247371509e-06
"[60,70)",0,116411,6,2023-03-17,5.154152099028442e-05
"[60,70)",1,115872,8,2023-03-17,6.904170118751726e-05
"[70,80)",0,60359,6,2023-03-17,9.94052254013486e-05
"[70,80)",1,82109,2,2023-03-17,2.4357865763801776e-05
,0,1685394,72,2023-03-17,4.271998120320827e-05
,1,1576435,92,2023-03-17,5.8359526399756414e-05
"[60,70)",0,116397,2,2023-03-18,1.7182573434023213e-05
"[60,70)",1,115860,6,2023-03-18,5.178663904712584e-05
"[70,80)",0,60341,4,2023-03-18,6.628991896057407e-05
"[70,80)",1,82096,6,2023-03-18,7.30851685831222e-05
,0,1685299,112,2023-03-18,6.645705005461939e-05
,1,1576303,107,2023-03-18,6.788035041486314e-05
"[60,70)",0,116380,8,2023-03-19,6.874033339061695e-05
"[60,70)",1,115845,13,2023-03-19,0.00011221891320298676
"[70,80)",0,60309,3,2023-03-19,4.9743819330448195e-05
"[70,80)",1,82075,6,2023-03-19,7.310386841303686e-05
,0,1685165,145,2023-03-19,8.604498669269775e-05
,1,1576153,164,2023-03-19,0.00010405081232596074
"[60,70)",0,116364,7,2023-03-20,6.015606201230621e-05
"[60,70)",1,115827,10,2023-03-20,8.633565576247334e-05
"[70,80)",0,60294,2,2023-03-20,3.31707964308223e-05
"[70,80)",1,82058,5,2023-03-20,6.093251115064954e-05
,0,1684990,138,2023-03-20,8.189959584329877e-05
,1,1575954,149,2023-03-20,9.454590679677199e-05
"[60,70)",0,116348,8,2023-03-21,6.875923952281088e-05
"[60,70)",1,115813,19,2023-03-21,0.00016405757557441737
"[70,80)",0,60275,7,2023-03-21,0.00011613438407299876
"[70,80)",1,82037,16,2023-03-21,0.00019503394809659055
,0,1684829,212,2023-03-21,0.0001258287933078075
,1,1575771,235,2023-03-21,0.00014913334488323495
"[60,70)",0,116335,1,2023-03-22,8.595865388748012e-06
"[60,70)",1,115791,3,2023-03-22,2.59087493846672e-05
"[70,80)",0,60258,0,2023-03-22,0.0
"[70,80)",1,82010,1,2023-03-22,1.2193634922570418e-05
,0,1684597,26,2023-03-22,1.5433958388860958e-05
,1,1575506,22,2023-03-22,1.3963767830779445e-05
"[60,70)",0,116324,0,2023-03-23,0.0
"[60,70)",1,115785,0,2023-03-23,0.0
"[70,80)",0,60242,0,2023-03-23,0.0
"[70,80)",1,82000,0,2023-03-23,0.0
,0,1684545,7,2023-03-23,4.155424758614344e-06
,1,1575452,9,2023-03-23,5.712646275481576e-06
"[60,70)",0,116312,5,2023-03-24,4.298782584771993e-05
"[60,70)",1,115780,8,2023-03-24,6.909656244601831e-05
"[70,80)",0,60229,4,2023-03-24,6.641318965946637e-05
"[70,80)",1,81993,3,2023-03-24,3.65884892612784e-05
,0,1684514,66,2023-03-24,3.9180440174436066e-05
,1,1575408,69,2023-03-24,4.379817799579537e-05
"[60,70)",0,116293,3,2023-03-25,2.5796909530238276e-05
"[60,70)",1,115765,3,2023-03-25,2.591456830648296e-05
"[70,80)",0,60207,7,2023-03-25,0.0001162655505173817
"[70,80)",1,81977,3,2023-03-25,3.659563048172048e-05
,0,1684427,127,2023-03-25,7.539655918600213e-05
,1,1575299,122,2023-03-25,7.744561508640581e-05
"[60,70)",0,116276,6,2023-03-26,5.1601362275964086e-05
"[60,70)",1,115753,6,2023-03-26,5.183450968873377e-05
"[70,80)",0,60191,4,2023-03-26,6.645511787476533e-05
"[70,80)",1,81961,7,2023-03-26,8.540647381071485e-05
,0,1684273,142,2023-03-26,8.43093726492083e-05
,1,1575146,139,2023-03-26,8.824578800949245e-05
"[60,70)",0,116261,4,2023-03-27,3.440534659086022e-05
"[60,70)",1,115742,8,2023-03-27,6.911924798258195e-05
"[70,80)",0,60175,2,2023-03-27,3.3236393851267136e-05
"[70,80)",1,81942,6,2023-03-27,7.322252324815113e-05
,0,1684115,139,2023-03-27,8.25359313348554e-05
,1,1574970,142,2023-03-27,9.016044750058732e-05
"[60,70)",0,116245,18,2023-03-28,0.00015484536969332015
"[60,70)",1,115731,18,2023-03-28,0.0001555330896648262
"[70,80)",0,60161,7,2023-03-28,0.00011635444889546384
"[70,80)",1,81928,12,2023-03-28,0.00014647007128210137
,0,1683948,266,2023-03-28,0.00015796212234582067
,1,1574795,287,2023-03-28,0.00018224594312275566
"[60,70)",0,116218,0,2023-03-29,0.0
"[60,70)",1,115707,1,2023-03-29,8.6425194672751e-06
"[70,80)",0,60140,0,2023-03-29,0.0
"[70,80)",1,81905,0,2023-03-29,0.0
,0,1683657,25,2023-03-29,1.4848630095084687e-05
,1,1574473,31,2023-03-29,1.9689127727182364e-05
"[60,70)",0,116211,0,2023-03-30,0.0
"[60,70)",1,115703,1,2023-03-30,8.642818250175017e-06
"[70,80)",0,60130,0,2023-03-30,0.0
"[70,80)",1,81897,0,2023-03-30,0.0
,0,1683615,7,2023-03-30,4.157720143857117e-06
,1,1574408,5,2023-03-30,3.175796870950859e-06
"[60,70)",0,116205,1,2023-03-31,8.605481691837701e-06
"[60,70)",1,115695,2,2023-03-31,1.7286831755909936e-05
"[70,80)",0,60117,0,2023-03-31,0.0
"[70,80)",1,81880,4,2023-03-31,4.885197850512946e-05
,0,1683582,91,2023-03-31,5.4051421314791914e-05
,1,1574369,82,2023-03-31,5.208435887647686e-05
