[2026-01-10T01:32:55.456474] Filtered 2642 rows with Datum_1 > study_end
[2026-01-10T01:33:06.168598] RMST conditions on survival to calendar_day — deliberate for definition, see method docs.
[2026-01-10T01:33:06.255198] High prop at exactly tau (1.00) at rel_day -30: potential IF underweighting
[2026-01-10T01:33:08.238294] High prop at exactly tau (1.00) at rel_day -29: potential IF underweighting
[2026-01-10T01:33:10.196991] High prop at exactly tau (1.00) at rel_day -28: potential IF underweighting
[2026-01-10T01:33:12.108344] High prop at exactly tau (1.00) at rel_day -27: potential IF underweighting
[2026-01-10T01:33:13.982331] High prop at exactly tau (1.00) at rel_day -26: potential IF underweighting
[2026-01-10T01:33:15.872058] High prop at exactly tau (1.00) at rel_day -25: potential IF underweighting
[2026-01-10T01:33:17.751649] High prop at exactly tau (0.33) at rel_day -24: potential IF underweighting
[2026-01-10T01:33:19.806042] High prop at exactly tau (0.33) at rel_day -23: potential IF underweighting
[2026-01-10T01:33:21.751431] High prop at exactly tau (0.33) at rel_day -22: potential IF underweighting
[2026-01-10T01:33:23.679063] High prop at exactly tau (0.33) at rel_day -21: potential IF underweighting
[2026-01-10T01:33:25.581825] High prop at exactly tau (0.33) at rel_day -20: potential IF underweighting
[2026-01-10T01:33:27.545022] High prop at exactly tau (0.33) at rel_day -19: potential IF underweighting
[2026-01-10T01:33:29.429930] High prop at exactly tau (0.33) at rel_day -18: potential IF underweighting
[2026-01-10T01:33:31.386767] High prop at exactly tau (0.33) at rel_day -17: potential IF underweighting
[2026-01-10T01:33:33.289904] High prop at exactly tau (0.33) at rel_day -16: potential IF underweighting
[2026-01-10T01:33:35.212122] High prop at exactly tau (0.33) at rel_day -15: potential IF underweighting
[2026-01-10T01:33:37.120959] High prop at exactly tau (0.33) at rel_day -14: potential IF underweighting
[2026-01-10T01:33:39.079334] High prop at exactly tau (0.33) at rel_day -13: potential IF underweighting
[2026-01-10T01:33:40.976399] High prop at exactly tau (0.33) at rel_day -12: potential IF underweighting
[2026-01-10T01:33:42.878296] High prop at exactly tau (0.33) at rel_day -11: potential IF underweighting
[2026-01-10T01:33:44.770998] High prop at exactly tau (0.33) at rel_day -10: potential IF underweighting
[2026-01-10T01:33:46.673606] High prop at exactly tau (0.33) at rel_day -9: potential IF underweighting
[2026-01-10T01:33:48.574175] High prop at exactly tau (0.33) at rel_day -8: potential IF underweighting
[2026-01-10T01:33:50.482881] High prop at exactly tau (0.33) at rel_day -7: potential IF underweighting
[2026-01-10T01:33:52.428083] High prop at exactly tau (0.33) at rel_day -6: potential IF underweighting
[2026-01-10T01:33:54.335477] High prop at exactly tau (0.33) at rel_day -5: potential IF underweighting
[2026-01-10T01:33:56.225473] High prop at exactly tau (0.33) at rel_day -4: potential IF underweighting
[2026-01-10T01:33:58.128157] High prop at exactly tau (0.33) at rel_day -3: potential IF underweighting
[2026-01-10T01:34:00.026864] High prop at exactly tau (0.33) at rel_day -2: potential IF underweighting
[2026-01-10T01:34:02.011321] High prop at exactly tau (0.33) at rel_day -1: potential IF underweighting
[2026-01-10T01:34:03.908608] High prop at exactly tau (0.33) at rel_day 0: potential IF underweighting
[2026-01-10T01:34:05.816703] High prop at exactly tau (0.33) at rel_day 1: potential IF underweighting
[2026-01-10T01:34:07.725855] High prop at exactly tau (0.33) at rel_day 2: potential IF underweighting
[2026-01-10T01:34:09.689245] High prop at exactly tau (0.33) at rel_day 3: potential IF underweighting
[2026-01-10T01:34:11.617432] High prop at exactly tau (0.33) at rel_day 4: potential IF underweighting
[2026-01-10T01:34:13.522455] High prop at exactly tau (1.00) at rel_day 5: potential IF underweighting
[2026-01-10T01:34:15.356596] High prop at exactly tau (1.00) at rel_day 6: potential IF underweighting
[2026-01-10T01:34:17.176085] High prop at exactly tau (1.00) at rel_day 7: potential IF underweighting
[2026-01-10T01:34:19.022763] High prop at exactly tau (1.00) at rel_day 8: potential IF underweighting
[2026-01-10T01:34:20.851217] High prop at exactly tau (1.00) at rel_day 9: potential IF underweighting
[2026-01-10T01:34:22.673807] High prop at exactly tau (1.00) at rel_day 10: potential IF underweighting
[2026-01-10T01:34:24.501236] High prop at exactly tau (1.00) at rel_day 11: potential IF underweighting
[2026-01-10T01:34:26.317743] High prop at exactly tau (1.00) at rel_day 12: potential IF underweighting
[2026-01-10T01:34:28.175286] High prop at exactly tau (1.00) at rel_day 13: potential IF underweighting
[2026-01-10T01:34:29.994638] High prop at exactly tau (1.00) at rel_day 14: potential IF underweighting
[2026-01-10T01:34:31.817190] High prop at exactly tau (1.00) at rel_day 15: potential IF underweighting
[2026-01-10T01:34:33.635156] High prop at exactly tau (1.00) at rel_day 16: potential IF underweighting
[2026-01-10T01:34:35.450041] High prop at exactly tau (1.00) at rel_day 17: potential IF underweighting
[2026-01-10T01:34:37.284308] High prop at exactly tau (1.00) at rel_day 18: potential IF underweighting
[2026-01-10T01:34:39.110541] High prop at exactly tau (1.00) at rel_day 19: potential IF underweighting
[2026-01-10T01:34:40.932497] High prop at exactly tau (1.00) at rel_day 20: potential IF underweighting
[2026-01-10T01:34:42.790672] High prop at exactly tau (1.00) at rel_day 21: potential IF underweighting
[2026-01-10T01:34:44.620569] High prop at exactly tau (1.00) at rel_day 22: potential IF underweighting
[2026-01-10T01:34:46.442286] High prop at exactly tau (1.00) at rel_day 23: potential IF underweighting
[2026-01-10T01:34:48.271277] High prop at exactly tau (1.00) at rel_day 24: potential IF underweighting
[2026-01-10T01:34:50.092074] High prop at exactly tau (1.00) at rel_day 25: potential IF underweighting
[2026-01-10T01:34:51.915809] High prop at exactly tau (1.00) at rel_day 26: potential IF underweighting
[2026-01-10T01:34:53.744312] High prop at exactly tau (1.00) at rel_day 27: potential IF underweighting
[2026-01-10T01:34:55.568595] High prop at exactly tau (1.00) at rel_day 28: potential IF underweighting
[2026-01-10T01:34:57.386010] High prop at exactly tau (1.00) at rel_day 29: potential IF underweighting
[2026-01-10T01:34:59.241159] High prop at exactly tau (1.00) at rel_day 30: potential IF underweighting
[2026-01-10T01:35:01.081032] High prop at exactly tau (1.00) at rel_day 31: potential IF underweighting
[2026-01-10T01:35:02.908075] High prop at exactly tau (1.00) at rel_day 32: potential IF underweighting
[2026-01-10T01:35:04.731306] High prop at exactly tau (1.00) at rel_day 33: potential IF underweighting
[2026-01-10T01:35:06.592336] High prop at exactly tau (1.00) at rel_day 34: potential IF underweighting
[2026-01-10T01:35:08.415706] High prop at exactly tau (1.00) at rel_day 35: potential IF underweighting
[2026-01-10T01:35:10.237796] High prop at exactly tau (1.00) at rel_day 36: potential IF underweighting
[2026-01-10T01:35:12.082689] High prop at exactly tau (1.00) at rel_day 37: potential IF underweighting
[2026-01-10T01:35:13.906868] High prop at exactly tau (1.00) at rel_day 38: potential IF underweighting
[2026-01-10T01:35:15.738164] High prop at exactly tau (1.00) at rel_day 39: potential IF underweighting
[2026-01-10T01:35:17.581714] High prop at exactly tau (1.00) at rel_day 40: potential IF underweighting
[2026-01-10T01:35:19.418461] High prop at exactly tau (1.00) at rel_day 41: potential IF underweighting
[2026-01-10T01:35:21.243716] High prop at exactly tau (1.00) at rel_day 42: potential IF underweighting
[2026-01-10T01:35:23.064122] High prop at exactly tau (1.00) at rel_day 43: potential IF underweighting
[2026-01-10T01:35:24.881488] High prop at exactly tau (1.00) at rel_day 44: potential IF underweighting
[2026-01-10T01:35:26.706942] High prop at exactly tau (1.00) at rel_day 45: potential IF underweighting
[2026-01-10T01:35:28.523075] High prop at exactly tau (1.00) at rel_day 46: potential IF underweighting
[2026-01-10T01:35:30.344138] High prop at exactly tau (1.00) at rel_day 47: potential IF underweighting
[2026-01-10T01:35:32.160480] High prop at exactly tau (1.00) at rel_day 48: potential IF underweighting
[2026-01-10T01:35:33.978538] High prop at exactly tau (1.00) at rel_day 49: potential IF underweighting
[2026-01-10T01:35:35.796403] High prop at exactly tau (1.00) at rel_day 50: potential IF underweighting
[2026-01-10T01:35:37.616963] High prop at exactly tau (1.00) at rel_day 51: potential IF underweighting
[2026-01-10T01:35:39.494805] High prop at exactly tau (1.00) at rel_day 52: potential IF underweighting
[2026-01-10T01:35:41.330536] High prop at exactly tau (1.00) at rel_day 53: potential IF underweighting
[2026-01-10T01:35:43.151456] High prop at exactly tau (1.00) at rel_day 54: potential IF underweighting
[2026-01-10T01:35:44.987009] High prop at exactly tau (1.00) at rel_day 55: potential IF underweighting
[2026-01-10T01:35:46.992852] High prop at exactly tau (1.00) at rel_day 56: potential IF underweighting
[2026-01-10T01:35:48.900476] High prop at exactly tau (1.00) at rel_day 57: potential IF underweighting
[2026-01-10T01:35:50.805873] High prop at exactly tau (1.00) at rel_day 58: potential IF underweighting
[2026-01-10T01:35:52.652205] High prop at exactly tau (1.00) at rel_day 59: potential IF underweighting
[2026-01-10T01:35:54.483851] High prop at exactly tau (1.00) at rel_day 60: potential IF underweighting
[2026-01-10T01:35:56.317975] High prop at exactly tau (1.00) at rel_day 61: potential IF underweighting
[2026-01-10T01:35:58.143440] High prop at exactly tau (1.00) at rel_day 62: potential IF underweighting
[2026-01-10T01:35:59.974113] High prop at exactly tau (1.00) at rel_day 63: potential IF underweighting
[2026-01-10T01:36:01.804524] High prop at exactly tau (1.00) at rel_day 64: potential IF underweighting
[2026-01-10T01:36:03.626321] High prop at exactly tau (1.00) at rel_day 65: potential IF underweighting
[2026-01-10T01:36:05.447507] High prop at exactly tau (1.00) at rel_day 66: potential IF underweighting
[2026-01-10T01:36:07.328418] High prop at exactly tau (1.00) at rel_day 67: potential IF underweighting
[2026-01-10T01:36:09.206048] High prop at exactly tau (1.00) at rel_day 68: potential IF underweighting
[2026-01-10T01:36:11.045004] High prop at exactly tau (1.00) at rel_day 69: potential IF underweighting
[2026-01-10T01:36:12.884547] High prop at exactly tau (1.00) at rel_day 70: potential IF underweighting
[2026-01-10T01:36:14.712503] High prop at exactly tau (1.00) at rel_day 71: potential IF underweighting
[2026-01-10T01:36:16.527886] High prop at exactly tau (1.00) at rel_day 72: potential IF underweighting
[2026-01-10T01:36:18.346824] High prop at exactly tau (1.00) at rel_day 73: potential IF underweighting
[2026-01-10T01:36:20.172484] High prop at exactly tau (1.00) at rel_day 74: potential IF underweighting
[2026-01-10T01:36:22.000619] High prop at exactly tau (1.00) at rel_day 75: potential IF underweighting
[2026-01-10T01:36:23.820998] High prop at exactly tau (1.00) at rel_day 76: potential IF underweighting
[2026-01-10T01:36:25.646143] High prop at exactly tau (1.00) at rel_day 77: potential IF underweighting
[2026-01-10T01:36:27.473688] High prop at exactly tau (1.00) at rel_day 78: potential IF underweighting
[2026-01-10T01:36:29.297128] High prop at exactly tau (1.00) at rel_day 79: potential IF underweighting
[2026-01-10T01:36:31.123304] High prop at exactly tau (1.00) at rel_day 80: potential IF underweighting
[2026-01-10T01:36:32.966042] High prop at exactly tau (1.00) at rel_day 81: potential IF underweighting
[2026-01-10T01:36:34.815247] High prop at exactly tau (1.00) at rel_day 82: potential IF underweighting
[2026-01-10T01:36:36.637708] High prop at exactly tau (1.00) at rel_day 83: potential IF underweighting
[2026-01-10T01:36:38.466987] High prop at exactly tau (1.00) at rel_day 84: potential IF underweighting
[2026-01-10T01:36:40.294655] High prop at exactly tau (1.00) at rel_day 85: potential IF underweighting
[2026-01-10T01:36:42.111880] High prop at exactly tau (1.00) at rel_day 86: potential IF underweighting
[2026-01-10T01:36:43.928071] High prop at exactly tau (1.00) at rel_day 87: potential IF underweighting
[2026-01-10T01:36:45.777552] High prop at exactly tau (1.00) at rel_day 88: potential IF underweighting
[2026-01-10T01:36:47.593017] High prop at exactly tau (1.00) at rel_day 89: potential IF underweighting
[2026-01-10T01:36:49.424292] High prop at exactly tau (1.00) at rel_day 90: potential IF underweighting
[2026-01-10T01:36:54.912148] Placebo simulation restricted to never-vaccinated — conservative lower bound, see method docs.
[2026-01-10T01:36:54.942977] RMST conditions on survival to calendar_day — deliberate for definition, see method docs.
[2026-01-10T01:36:54.946901] High prop at exactly tau (1.00) at rel_day -30: potential IF underweighting
[2026-01-10T01:36:56.793362] High prop at exactly tau (1.00) at rel_day -29: potential IF underweighting
[2026-01-10T01:36:58.644212] High prop at exactly tau (1.00) at rel_day -28: potential IF underweighting
[2026-01-10T01:37:00.490503] High prop at exactly tau (1.00) at rel_day -27: potential IF underweighting
[2026-01-10T01:37:02.331929] High prop at exactly tau (1.00) at rel_day -26: potential IF underweighting
[2026-01-10T01:37:04.184922] High prop at exactly tau (1.00) at rel_day -25: potential IF underweighting
[2026-01-10T01:37:06.032599] High prop at exactly tau (0.33) at rel_day -24: potential IF underweighting
[2026-01-10T01:37:08.878114] High prop at exactly tau (0.33) at rel_day -23: potential IF underweighting
[2026-01-10T01:37:11.039064] High prop at exactly tau (0.33) at rel_day -22: potential IF underweighting
[2026-01-10T01:37:12.954410] High prop at exactly tau (0.33) at rel_day -21: potential IF underweighting
[2026-01-10T01:37:14.868852] High prop at exactly tau (0.33) at rel_day -20: potential IF underweighting
[2026-01-10T01:37:16.789132] High prop at exactly tau (0.33) at rel_day -19: potential IF underweighting
[2026-01-10T01:37:18.710401] High prop at exactly tau (0.33) at rel_day -18: potential IF underweighting
[2026-01-10T01:37:20.633344] High prop at exactly tau (0.33) at rel_day -17: potential IF underweighting
[2026-01-10T01:37:22.543094] High prop at exactly tau (0.33) at rel_day -16: potential IF underweighting
[2026-01-10T01:37:24.464549] High prop at exactly tau (0.33) at rel_day -15: potential IF underweighting
[2026-01-10T01:37:26.374869] High prop at exactly tau (0.33) at rel_day -14: potential IF underweighting
[2026-01-10T01:37:28.281278] High prop at exactly tau (0.33) at rel_day -13: potential IF underweighting
[2026-01-10T01:37:30.206953] High prop at exactly tau (0.33) at rel_day -12: potential IF underweighting
[2026-01-10T01:37:32.121908] High prop at exactly tau (0.33) at rel_day -11: potential IF underweighting
[2026-01-10T01:37:34.034191] High prop at exactly tau (0.33) at rel_day -10: potential IF underweighting
[2026-01-10T01:37:35.945124] High prop at exactly tau (0.33) at rel_day -9: potential IF underweighting
[2026-01-10T01:37:37.862589] High prop at exactly tau (0.33) at rel_day -8: potential IF underweighting
[2026-01-10T01:37:39.781915] High prop at exactly tau (0.33) at rel_day -7: potential IF underweighting
[2026-01-10T01:37:41.696521] High prop at exactly tau (0.33) at rel_day -6: potential IF underweighting
[2026-01-10T01:37:43.623355] High prop at exactly tau (0.33) at rel_day -5: potential IF underweighting
[2026-01-10T01:37:45.528611] High prop at exactly tau (0.33) at rel_day -4: potential IF underweighting
[2026-01-10T01:37:47.468912] High prop at exactly tau (0.33) at rel_day -3: potential IF underweighting
[2026-01-10T01:37:49.397006] High prop at exactly tau (0.33) at rel_day -2: potential IF underweighting
[2026-01-10T01:37:51.336005] High prop at exactly tau (0.33) at rel_day -1: potential IF underweighting
[2026-01-10T01:37:53.243042] High prop at exactly tau (0.60) at rel_day 0: potential IF underweighting
[2026-01-10T01:37:55.111742] High prop at exactly tau (0.60) at rel_day 1: potential IF underweighting
[2026-01-10T01:37:56.984025] High prop at exactly tau (0.60) at rel_day 2: potential IF underweighting
[2026-01-10T01:37:58.856665] High prop at exactly tau (0.60) at rel_day 3: potential IF underweighting
[2026-01-10T01:38:00.754120] High prop at exactly tau (0.60) at rel_day 4: potential IF underweighting
[2026-01-10T01:38:02.598971] High prop at exactly tau (1.00) at rel_day 5: potential IF underweighting
[2026-01-10T01:38:04.477415] High prop at exactly tau (1.00) at rel_day 6: potential IF underweighting
[2026-01-10T01:38:06.332268] High prop at exactly tau (1.00) at rel_day 7: potential IF underweighting
[2026-01-10T01:38:08.932286] High prop at exactly tau (1.00) at rel_day 8: potential IF underweighting
[2026-01-10T01:38:10.802901] High prop at exactly tau (1.00) at rel_day 9: potential IF underweighting
[2026-01-10T01:38:12.670516] High prop at exactly tau (1.00) at rel_day 10: potential IF underweighting
[2026-01-10T01:38:14.541178] High prop at exactly tau (1.00) at rel_day 11: potential IF underweighting
[2026-01-10T01:38:16.393816] High prop at exactly tau (1.00) at rel_day 12: potential IF underweighting
[2026-01-10T01:38:18.268277] High prop at exactly tau (1.00) at rel_day 13: potential IF underweighting
[2026-01-10T01:38:20.127129] High prop at exactly tau (1.00) at rel_day 14: potential IF underweighting
[2026-01-10T01:38:21.978206] High prop at exactly tau (1.00) at rel_day 15: potential IF underweighting
[2026-01-10T01:38:23.831223] High prop at exactly tau (1.00) at rel_day 16: potential IF underweighting
[2026-01-10T01:38:25.675368] High prop at exactly tau (1.00) at rel_day 17: potential IF underweighting
[2026-01-10T01:38:27.528928] High prop at exactly tau (1.00) at rel_day 18: potential IF underweighting
[2026-01-10T01:38:29.384395] High prop at exactly tau (1.00) at rel_day 19: potential IF underweighting
[2026-01-10T01:38:31.237380] High prop at exactly tau (1.00) at rel_day 20: potential IF underweighting
[2026-01-10T01:38:33.089246] High prop at exactly tau (1.00) at rel_day 21: potential IF underweighting
[2026-01-10T01:38:34.934940] High prop at exactly tau (1.00) at rel_day 22: potential IF underweighting
[2026-01-10T01:38:36.792090] High prop at exactly tau (1.00) at rel_day 23: potential IF underweighting
[2026-01-10T01:38:38.655263] High prop at exactly tau (1.00) at rel_day 24: potential IF underweighting
[2026-01-10T01:38:40.507460] High prop at exactly tau (1.00) at rel_day 25: potential IF underweighting
[2026-01-10T01:38:42.363969] High prop at exactly tau (1.00) at rel_day 26: potential IF underweighting
[2026-01-10T01:38:44.196751] High prop at exactly tau (1.00) at rel_day 27: potential IF underweighting
[2026-01-10T01:38:46.053630] High prop at exactly tau (1.00) at rel_day 28: potential IF underweighting
[2026-01-10T01:38:47.913045] High prop at exactly tau (1.00) at rel_day 29: potential IF underweighting
[2026-01-10T01:38:49.771313] High prop at exactly tau (1.00) at rel_day 30: potential IF underweighting
[2026-01-10T01:38:51.632000] High prop at exactly tau (1.00) at rel_day 31: potential IF underweighting
[2026-01-10T01:38:53.488618] High prop at exactly tau (1.00) at rel_day 32: potential IF underweighting
[2026-01-10T01:38:55.341854] High prop at exactly tau (1.00) at rel_day 33: potential IF underweighting
[2026-01-10T01:38:57.199311] High prop at exactly tau (1.00) at rel_day 34: potential IF underweighting
[2026-01-10T01:38:59.029217] High prop at exactly tau (1.00) at rel_day 35: potential IF underweighting
[2026-01-10T01:39:00.898493] High prop at exactly tau (1.00) at rel_day 36: potential IF underweighting
[2026-01-10T01:39:02.759377] High prop at exactly tau (1.00) at rel_day 37: potential IF underweighting
[2026-01-10T01:39:04.619351] High prop at exactly tau (1.00) at rel_day 38: potential IF underweighting
[2026-01-10T01:39:06.478331] High prop at exactly tau (1.00) at rel_day 39: potential IF underweighting
[2026-01-10T01:39:08.475154] High prop at exactly tau (1.00) at rel_day 40: potential IF underweighting
[2026-01-10T01:39:10.342052] High prop at exactly tau (1.00) at rel_day 41: potential IF underweighting
[2026-01-10T01:39:12.196890] High prop at exactly tau (1.00) at rel_day 42: potential IF underweighting
[2026-01-10T01:39:14.053002] High prop at exactly tau (1.00) at rel_day 43: potential IF underweighting
[2026-01-10T01:39:15.908944] High prop at exactly tau (1.00) at rel_day 44: potential IF underweighting
[2026-01-10T01:39:17.757912] High prop at exactly tau (1.00) at rel_day 45: potential IF underweighting
[2026-01-10T01:39:19.620795] High prop at exactly tau (1.00) at rel_day 46: potential IF underweighting
[2026-01-10T01:39:21.469310] High prop at exactly tau (1.00) at rel_day 47: potential IF underweighting
[2026-01-10T01:39:23.316903] High prop at exactly tau (1.00) at rel_day 48: potential IF underweighting
[2026-01-10T01:39:25.164401] High prop at exactly tau (1.00) at rel_day 49: potential IF underweighting
[2026-01-10T01:39:27.012174] High prop at exactly tau (1.00) at rel_day 50: potential IF underweighting
[2026-01-10T01:39:28.872764] High prop at exactly tau (1.00) at rel_day 51: potential IF underweighting
[2026-01-10T01:39:30.724060] High prop at exactly tau (1.00) at rel_day 52: potential IF underweighting
[2026-01-10T01:39:32.574958] High prop at exactly tau (1.00) at rel_day 53: potential IF underweighting
[2026-01-10T01:39:34.408771] High prop at exactly tau (1.00) at rel_day 54: potential IF underweighting
[2026-01-10T01:39:36.264702] High prop at exactly tau (1.00) at rel_day 55: potential IF underweighting
[2026-01-10T01:39:38.118187] High prop at exactly tau (1.00) at rel_day 56: potential IF underweighting
[2026-01-10T01:39:39.975824] High prop at exactly tau (1.00) at rel_day 57: potential IF underweighting
[2026-01-10T01:39:41.827521] High prop at exactly tau (1.00) at rel_day 58: potential IF underweighting
[2026-01-10T01:39:43.685893] High prop at exactly tau (1.00) at rel_day 59: potential IF underweighting
[2026-01-10T01:39:45.537275] High prop at exactly tau (1.00) at rel_day 60: potential IF underweighting
[2026-01-10T01:39:47.388867] High prop at exactly tau (1.00) at rel_day 61: potential IF underweighting
[2026-01-10T01:39:49.215836] High prop at exactly tau (1.00) at rel_day 62: potential IF underweighting
[2026-01-10T01:39:51.067030] High prop at exactly tau (1.00) at rel_day 63: potential IF underweighting
[2026-01-10T01:39:52.915983] High prop at exactly tau (1.00) at rel_day 64: potential IF underweighting
[2026-01-10T01:39:54.770457] High prop at exactly tau (1.00) at rel_day 65: potential IF underweighting
[2026-01-10T01:39:56.702229] High prop at exactly tau (1.00) at rel_day 66: potential IF underweighting
[2026-01-10T01:39:58.570424] High prop at exactly tau (1.00) at rel_day 67: potential IF underweighting
[2026-01-10T01:40:00.432654] High prop at exactly tau (1.00) at rel_day 68: potential IF underweighting
[2026-01-10T01:40:02.292987] High prop at exactly tau (1.00) at rel_day 69: potential IF underweighting
[2026-01-10T01:40:04.163388] High prop at exactly tau (1.00) at rel_day 70: potential IF underweighting
[2026-01-10T01:40:06.026376] High prop at exactly tau (1.00) at rel_day 71: potential IF underweighting
[2026-01-10T01:40:07.891370] High prop at exactly tau (1.00) at rel_day 72: potential IF underweighting
[2026-01-10T01:40:09.754869] High prop at exactly tau (1.00) at rel_day 73: potential IF underweighting
[2026-01-10T01:40:11.609633] High prop at exactly tau (1.00) at rel_day 74: potential IF underweighting
[2026-01-10T01:40:13.463384] High prop at exactly tau (1.00) at rel_day 75: potential IF underweighting
[2026-01-10T01:40:15.316604] High prop at exactly tau (1.00) at rel_day 76: potential IF underweighting
[2026-01-10T01:40:17.168986] High prop at exactly tau (1.00) at rel_day 77: potential IF underweighting
[2026-01-10T01:40:19.025249] High prop at exactly tau (1.00) at rel_day 78: potential IF underweighting
[2026-01-10T01:40:20.886814] High prop at exactly tau (1.00) at rel_day 79: potential IF underweighting
[2026-01-10T01:40:22.744532] High prop at exactly tau (1.00) at rel_day 80: potential IF underweighting
[2026-01-10T01:40:24.639349] High prop at exactly tau (1.00) at rel_day 81: potential IF underweighting
[2026-01-10T01:40:27.381898] High prop at exactly tau (1.00) at rel_day 82: potential IF underweighting
[2026-01-10T01:40:29.251952] High prop at exactly tau (1.00) at rel_day 83: potential IF underweighting
[2026-01-10T01:40:31.136445] High prop at exactly tau (1.00) at rel_day 84: potential IF underweighting
[2026-01-10T01:40:33.003924] High prop at exactly tau (1.00) at rel_day 85: potential IF underweighting
[2026-01-10T01:40:34.863626] High prop at exactly tau (1.00) at rel_day 86: potential IF underweighting
[2026-01-10T01:40:36.736809] High prop at exactly tau (1.00) at rel_day 87: potential IF underweighting
[2026-01-10T01:40:38.596107] High prop at exactly tau (1.00) at rel_day 88: potential IF underweighting
[2026-01-10T01:40:40.450336] High prop at exactly tau (1.00) at rel_day 89: potential IF underweighting
[2026-01-10T01:40:42.304102] High prop at exactly tau (1.00) at rel_day 90: potential IF underweighting
[2026-01-10T01:41:44.537688] Filtered 2642 rows with Datum_1 > study_end
[2026-01-10T02:37:26.315309] Placebo simulation restricted to never-vaccinated — conservative lower bound, see method docs.
[2026-01-10T02:38:07.883311] Placebo simulation restricted to never-vaccinated — conservative lower bound, see method docs.
[2026-01-10T02:39:41.506869] Filtered 2642 rows with Datum_1 > study_end
[2026-01-10T03:49:45.595216] Placebo simulation restricted to never-vaccinated — conservative lower bound, see method docs.
[2026-01-13T03:33:12.722670] Placebo simulation restricted to never-vaccinated — conservative lower bound, see method docs.
[2026-01-13T03:37:04.166695] RMST conditions on survival to calendar_day — deliberate for definition, see method docs.
[2026-01-13T03:37:11.882439] High prop at exactly tau (1.00) at rel_day -30: potential IF underweighting
[2026-01-13T03:42:23.494941] High prop at exactly tau (1.00) at rel_day -29: potential IF underweighting
[2026-01-13T03:47:34.436366] High prop at exactly tau (1.00) at rel_day -28: potential IF underweighting
[2026-01-13T03:52:41.384616] High prop at exactly tau (1.00) at rel_day -27: potential IF underweighting
[2026-01-13T03:57:56.336940] High prop at exactly tau (1.00) at rel_day -26: potential IF underweighting
[2026-01-13T04:03:05.066244] High prop at exactly tau (1.00) at rel_day -25: potential IF underweighting
[2026-01-13T04:08:19.687173] High prop at exactly tau (1.00) at rel_day -24: potential IF underweighting
[2026-01-13T04:13:34.954216] High prop at exactly tau (1.00) at rel_day -23: potential IF underweighting
[2026-01-13T04:18:42.406487] High prop at exactly tau (1.00) at rel_day -22: potential IF underweighting
[2026-01-13T04:23:57.967378] High prop at exactly tau (1.00) at rel_day -21: potential IF underweighting
[2026-01-13T04:29:13.487352] High prop at exactly tau (1.00) at rel_day -20: potential IF underweighting
[2026-01-13T04:34:29.249032] High prop at exactly tau (1.00) at rel_day -19: potential IF underweighting
[2026-01-13T04:39:46.027418] High prop at exactly tau (1.00) at rel_day -18: potential IF underweighting
[2026-01-13T04:45:01.524373] High prop at exactly tau (1.00) at rel_day -17: potential IF underweighting
[2026-01-13T04:50:08.558290] High prop at exactly tau (1.00) at rel_day -16: potential IF underweighting
[2026-01-13T04:55:24.166846] High prop at exactly tau (1.00) at rel_day -15: potential IF underweighting
[2026-01-13T05:00:40.472074] High prop at exactly tau (1.00) at rel_day -14: potential IF underweighting
[2026-01-13T05:05:56.721598] High prop at exactly tau (1.00) at rel_day -13: potential IF underweighting
[2026-01-13T05:11:12.794962] High prop at exactly tau (1.00) at rel_day -12: potential IF underweighting
[2026-01-13T05:16:29.445001] High prop at exactly tau (1.00) at rel_day -11: potential IF underweighting
[2026-01-13T05:21:36.942441] High prop at exactly tau (1.00) at rel_day -10: potential IF underweighting
[2026-01-13T05:26:53.519158] High prop at exactly tau (1.00) at rel_day -9: potential IF underweighting
[2026-01-13T05:32:10.400001] High prop at exactly tau (1.00) at rel_day -8: potential IF underweighting
[2026-01-13T05:37:24.304629] High prop at exactly tau (1.00) at rel_day -7: potential IF underweighting
[2026-01-13T05:42:39.927882] High prop at exactly tau (1.00) at rel_day -6: potential IF underweighting
[2026-01-13T05:47:54.268344] High prop at exactly tau (1.00) at rel_day -5: potential IF underweighting
[2026-01-13T05:53:10.901408] High prop at exactly tau (1.00) at rel_day -4: potential IF underweighting
[2026-01-13T05:58:28.658496] High prop at exactly tau (1.00) at rel_day -3: potential IF underweighting
[2026-01-13T06:03:35.718894] High prop at exactly tau (1.00) at rel_day -2: potential IF underweighting
[2026-01-13T06:08:50.959153] High prop at exactly tau (1.00) at rel_day -1: potential IF underweighting
[2026-01-13T06:14:08.494473] High prop at exactly tau (1.00) at rel_day 0: potential IF underweighting
[2026-01-13T06:19:15.877357] High prop at exactly tau (1.00) at rel_day 1: potential IF underweighting
[2026-01-13T06:24:30.337860] High prop at exactly tau (1.00) at rel_day 2: potential IF underweighting
[2026-01-13T06:29:44.901666] High prop at exactly tau (1.00) at rel_day 3: potential IF underweighting
[2026-01-13T06:35:01.853190] High prop at exactly tau (1.00) at rel_day 4: potential IF underweighting
[2026-01-13T06:40:17.443813] High prop at exactly tau (1.00) at rel_day 5: potential IF underweighting
[2026-01-13T06:45:30.167180] High prop at exactly tau (1.00) at rel_day 6: potential IF underweighting
[2026-01-13T06:50:46.202295] High prop at exactly tau (1.00) at rel_day 7: potential IF underweighting
[2026-01-13T06:56:01.183131] High prop at exactly tau (1.00) at rel_day 8: potential IF underweighting
[2026-01-13T07:01:14.387740] High prop at exactly tau (1.00) at rel_day 9: potential IF underweighting
[2026-01-13T07:06:29.208732] High prop at exactly tau (1.00) at rel_day 10: potential IF underweighting
[2026-01-13T07:11:45.607442] High prop at exactly tau (1.00) at rel_day 11: potential IF underweighting
[2026-01-13T07:16:59.273029] High prop at exactly tau (1.00) at rel_day 12: potential IF underweighting
[2026-01-13T07:22:15.545248] High prop at exactly tau (1.00) at rel_day 13: potential IF underweighting
[2026-01-13T07:27:30.480751] High prop at exactly tau (1.00) at rel_day 14: potential IF underweighting
[2026-01-13T07:32:44.121033] High prop at exactly tau (1.00) at rel_day 15: potential IF underweighting
[2026-01-13T07:38:00.215824] High prop at exactly tau (1.00) at rel_day 16: potential IF underweighting
[2026-01-13T07:43:17.105390] High prop at exactly tau (1.00) at rel_day 17: potential IF underweighting
[2026-01-13T07:48:27.813299] High prop at exactly tau (1.00) at rel_day 18: potential IF underweighting
[2026-01-13T07:53:43.588618] High prop at exactly tau (1.00) at rel_day 19: potential IF underweighting
[2026-01-13T07:58:59.350923] High prop at exactly tau (1.00) at rel_day 20: potential IF underweighting
[2026-01-13T08:04:13.577330] High prop at exactly tau (1.00) at rel_day 21: potential IF underweighting
[2026-01-13T08:09:29.534144] High prop at exactly tau (1.00) at rel_day 22: potential IF underweighting
[2026-01-13T08:14:45.841140] High prop at exactly tau (1.00) at rel_day 23: potential IF underweighting
[2026-01-13T08:20:01.169663] High prop at exactly tau (1.00) at rel_day 24: potential IF underweighting
[2026-01-13T08:25:16.619187] High prop at exactly tau (1.00) at rel_day 25: potential IF underweighting
[2026-01-13T08:30:30.191808] High prop at exactly tau (1.00) at rel_day 26: potential IF underweighting
[2026-01-13T08:35:44.527033] High prop at exactly tau (1.00) at rel_day 27: potential IF underweighting
[2026-01-13T08:40:59.397319] High prop at exactly tau (1.00) at rel_day 28: potential IF underweighting
[2026-01-13T08:46:13.576710] High prop at exactly tau (1.00) at rel_day 29: potential IF underweighting
[2026-01-13T08:51:28.988608] High prop at exactly tau (1.00) at rel_day 30: potential IF underweighting
[2026-01-13T08:56:44.746851] High prop at exactly tau (1.00) at rel_day 31: potential IF underweighting
[2026-01-13T09:01:56.225862] High prop at exactly tau (1.00) at rel_day 32: potential IF underweighting
[2026-01-13T09:07:12.577650] High prop at exactly tau (1.00) at rel_day 33: potential IF underweighting
[2026-01-13T09:12:28.540855] High prop at exactly tau (1.00) at rel_day 34: potential IF underweighting
[2026-01-13T09:17:39.296738] High prop at exactly tau (1.00) at rel_day 35: potential IF underweighting
[2026-01-13T09:22:55.698527] High prop at exactly tau (1.00) at rel_day 36: potential IF underweighting
[2026-01-13T09:28:11.704971] High prop at exactly tau (1.00) at rel_day 37: potential IF underweighting
[2026-01-13T09:33:22.646682] High prop at exactly tau (1.00) at rel_day 38: potential IF underweighting
[2026-01-13T09:38:38.417669] High prop at exactly tau (1.00) at rel_day 39: potential IF underweighting
[2026-01-13T09:43:54.246067] High prop at exactly tau (1.00) at rel_day 40: potential IF underweighting
[2026-01-13T09:49:03.389515] High prop at exactly tau (1.00) at rel_day 41: potential IF underweighting
[2026-01-13T09:54:19.509001] High prop at exactly tau (1.00) at rel_day 42: potential IF underweighting
[2026-01-13T09:59:35.273235] High prop at exactly tau (1.00) at rel_day 43: potential IF underweighting
[2026-01-13T10:04:51.585431] High prop at exactly tau (1.00) at rel_day 44: potential IF underweighting
[2026-01-13T10:10:06.865505] High prop at exactly tau (1.00) at rel_day 45: potential IF underweighting
[2026-01-13T10:15:22.335751] High prop at exactly tau (1.00) at rel_day 46: potential IF underweighting
[2026-01-13T10:20:37.130881] High prop at exactly tau (1.00) at rel_day 47: potential IF underweighting
[2026-01-13T10:25:52.273096] High prop at exactly tau (1.00) at rel_day 48: potential IF underweighting
[2026-01-13T10:31:05.942773] High prop at exactly tau (1.00) at rel_day 49: potential IF underweighting
[2026-01-13T10:36:21.574492] High prop at exactly tau (1.00) at rel_day 50: potential IF underweighting
[2026-01-13T10:41:36.941255] High prop at exactly tau (1.00) at rel_day 51: potential IF underweighting
[2026-01-13T10:46:49.723174] High prop at exactly tau (1.00) at rel_day 52: potential IF underweighting
[2026-01-13T10:52:05.007882] High prop at exactly tau (1.00) at rel_day 53: potential IF underweighting
[2026-01-13T10:57:20.228502] High prop at exactly tau (1.00) at rel_day 54: potential IF underweighting
[2026-01-13T11:02:32.674312] High prop at exactly tau (1.00) at rel_day 55: potential IF underweighting
[2026-01-13T11:07:47.283213] High prop at exactly tau (1.00) at rel_day 56: potential IF underweighting
[2026-01-13T11:13:03.784882] High prop at exactly tau (1.00) at rel_day 57: potential IF underweighting
[2026-01-13T11:18:15.326441] High prop at exactly tau (1.00) at rel_day 58: potential IF underweighting
[2026-01-13T11:23:31.045622] High prop at exactly tau (1.00) at rel_day 59: potential IF underweighting
[2026-01-13T11:28:45.579479] High prop at exactly tau (1.00) at rel_day 60: potential IF underweighting
[2026-01-13T11:33:54.597602] High prop at exactly tau (1.00) at rel_day 61: potential IF underweighting
[2026-01-13T11:39:10.862349] High prop at exactly tau (1.00) at rel_day 62: potential IF underweighting
[2026-01-13T11:44:26.174196] High prop at exactly tau (1.00) at rel_day 63: potential IF underweighting
[2026-01-13T11:49:37.756550] High prop at exactly tau (1.00) at rel_day 64: potential IF underweighting
[2026-01-13T11:54:53.521314] High prop at exactly tau (1.00) at rel_day 65: potential IF underweighting
[2026-01-13T12:00:09.647349] High prop at exactly tau (1.00) at rel_day 66: potential IF underweighting
[2026-01-13T12:05:25.007147] High prop at exactly tau (1.00) at rel_day 67: potential IF underweighting
[2026-01-13T12:10:40.135447] High prop at exactly tau (1.00) at rel_day 68: potential IF underweighting
[2026-01-13T12:15:54.446458] High prop at exactly tau (1.00) at rel_day 69: potential IF underweighting
[2026-01-13T12:21:08.630749] High prop at exactly tau (1.00) at rel_day 70: potential IF underweighting
[2026-01-13T12:26:23.964314] High prop at exactly tau (1.00) at rel_day 71: potential IF underweighting
[2026-01-13T12:31:37.907710] High prop at exactly tau (1.00) at rel_day 72: potential IF underweighting
[2026-01-13T12:36:53.246433] High prop at exactly tau (1.00) at rel_day 73: potential IF underweighting
[2026-01-13T12:42:07.999502] High prop at exactly tau (1.00) at rel_day 74: potential IF underweighting
[2026-01-13T12:47:20.190449] High prop at exactly tau (1.00) at rel_day 75: potential IF underweighting
[2026-01-13T12:52:34.480694] High prop at exactly tau (1.00) at rel_day 76: potential IF underweighting
[2026-01-13T12:57:49.063607] High prop at exactly tau (1.00) at rel_day 77: potential IF underweighting
[2026-01-13T13:03:00.389798] High prop at exactly tau (1.00) at rel_day 78: potential IF underweighting
[2026-01-13T13:08:16.165590] High prop at exactly tau (1.00) at rel_day 79: potential IF underweighting
[2026-01-13T13:13:31.247045] High prop at exactly tau (1.00) at rel_day 80: potential IF underweighting
[2026-01-13T13:18:41.625969] High prop at exactly tau (1.00) at rel_day 81: potential IF underweighting
[2026-01-13T13:23:56.447560] High prop at exactly tau (1.00) at rel_day 82: potential IF underweighting
[2026-01-13T13:29:11.601900] High prop at exactly tau (1.00) at rel_day 83: potential IF underweighting
[2026-01-13T13:34:20.470096] High prop at exactly tau (1.00) at rel_day 84: potential IF underweighting
[2026-01-13T13:39:35.542122] High prop at exactly tau (1.00) at rel_day 85: potential IF underweighting
[2026-01-13T13:44:51.193214] High prop at exactly tau (1.00) at rel_day 86: potential IF underweighting
[2026-01-13T13:50:06.169937] High prop at exactly tau (1.00) at rel_day 87: potential IF underweighting
[2026-01-13T13:55:20.719910] High prop at exactly tau (1.00) at rel_day 88: potential IF underweighting
[2026-01-13T14:00:35.175517] High prop at exactly tau (1.00) at rel_day 89: potential IF underweighting
[2026-01-13T14:05:50.930530] High prop at exactly tau (1.00) at rel_day 90: potential IF underweighting
[2026-01-13T15:24:49.697875] Placebo simulation restricted to never-vaccinated — conservative lower bound, see method docs.
[2026-01-13T15:25:31.109836] Placebo simulation restricted to never-vaccinated — conservative lower bound, see method docs.
[2026-01-13T15:26:09.369665] Placebo simulation restricted to never-vaccinated — conservative lower bound, see method docs.
[2026-01-13T15:26:47.623236] Placebo simulation restricted to never-vaccinated — conservative lower bound, see method docs.
[2026-01-13T15:27:25.904284] Placebo simulation restricted to never-vaccinated — conservative lower bound, see method docs.
[2026-01-13T15:28:04.215705] Placebo simulation restricted to never-vaccinated — conservative lower bound, see method docs.
[2026-01-13T15:28:42.402745] Placebo simulation restricted to never-vaccinated — conservative lower bound, see method docs.
[2026-01-13T15:29:20.811906] Placebo simulation restricted to never-vaccinated — conservative lower bound, see method docs.
[2026-01-13T15:29:59.129162] Placebo simulation restricted to never-vaccinated — conservative lower bound, see method docs.
[2026-01-13T15:30:37.601423] Placebo simulation restricted to never-vaccinated — conservative lower bound, see method docs.
[2026-01-13T15:31:15.954732] Placebo simulation restricted to never-vaccinated — conservative lower bound, see method docs.
[2026-01-13T15:31:54.394270] Placebo simulation restricted to never-vaccinated — conservative lower bound, see method docs.
[2026-01-13T15:32:32.740897] Placebo simulation restricted to never-vaccinated — conservative lower bound, see method docs.
[2026-01-13T15:33:11.200653] Placebo simulation restricted to never-vaccinated — conservative lower bound, see method docs.
[2026-01-13T15:33:49.630372] Placebo simulation restricted to never-vaccinated — conservative lower bound, see method docs.
[2026-01-13T15:34:28.037536] Placebo simulation restricted to never-vaccinated — conservative lower bound, see method docs.
[2026-01-13T15:35:06.458050] Placebo simulation restricted to never-vaccinated — conservative lower bound, see method docs.
[2026-01-13T15:35:44.915915] Placebo simulation restricted to never-vaccinated — conservative lower bound, see method docs.
[2026-01-13T15:36:23.366154] Placebo simulation restricted to never-vaccinated — conservative lower bound, see method docs.
[2026-01-13T15:37:01.830565] Placebo simulation restricted to never-vaccinated — conservative lower bound, see method docs.
[2026-01-13T15:37:40.270027] Placebo simulation restricted to never-vaccinated — conservative lower bound, see method docs.
[2026-01-13T15:38:18.725609] Placebo simulation restricted to never-vaccinated — conservative lower bound, see method docs.
[2026-01-13T15:38:57.095885] Placebo simulation restricted to never-vaccinated — conservative lower bound, see method docs.
[2026-01-13T15:39:35.506092] Placebo simulation restricted to never-vaccinated — conservative lower bound, see method docs.
[2026-01-13T15:40:14.011042] Placebo simulation restricted to never-vaccinated — conservative lower bound, see method docs.
[2026-01-13T15:40:52.397685] Placebo simulation restricted to never-vaccinated — conservative lower bound, see method docs.
[2026-01-13T15:41:30.855832] Placebo simulation restricted to never-vaccinated — conservative lower bound, see method docs.
[2026-01-13T15:42:09.515208] Placebo simulation restricted to never-vaccinated — conservative lower bound, see method docs.
[2026-01-13T15:42:48.628696] Placebo simulation restricted to never-vaccinated — conservative lower bound, see method docs.
[2026-01-13T15:43:27.143980] Placebo simulation restricted to never-vaccinated — conservative lower bound, see method docs.
[2026-01-13T15:45:14.563782] RMST conditions on survival to calendar_day — deliberate for definition, see method docs.
[2026-01-13T15:45:14.823469] High prop at exactly tau (1.00) at rel_day -30: potential IF underweighting
[2026-01-13T15:45:29.742397] High prop at exactly tau (1.00) at rel_day -29: potential IF underweighting
[2026-01-13T15:45:43.201226] High prop at exactly tau (1.00) at rel_day -28: potential IF underweighting
[2026-01-13T15:45:56.109729] High prop at exactly tau (1.00) at rel_day -27: potential IF underweighting
[2026-01-13T15:46:09.033197] High prop at exactly tau (1.00) at rel_day -26: potential IF underweighting
[2026-01-13T15:46:21.921583] High prop at exactly tau (1.00) at rel_day -25: potential IF underweighting
[2026-01-13T15:46:34.830188] High prop at exactly tau (1.00) at rel_day -24: potential IF underweighting
[2026-01-13T15:46:47.795005] High prop at exactly tau (1.00) at rel_day -23: potential IF underweighting
[2026-01-13T15:47:00.717591] High prop at exactly tau (1.00) at rel_day -22: potential IF underweighting
[2026-01-13T15:47:13.618700] High prop at exactly tau (1.00) at rel_day -21: potential IF underweighting
[2026-01-13T15:47:26.526696] High prop at exactly tau (1.00) at rel_day -20: potential IF underweighting
[2026-01-13T15:47:39.422352] High prop at exactly tau (1.00) at rel_day -19: potential IF underweighting
[2026-01-13T15:47:52.328186] High prop at exactly tau (1.00) at rel_day -18: potential IF underweighting
[2026-01-13T15:48:05.242886] High prop at exactly tau (1.00) at rel_day -17: potential IF underweighting
[2026-01-13T15:48:18.185046] High prop at exactly tau (1.00) at rel_day -16: potential IF underweighting
[2026-01-13T15:48:31.085618] High prop at exactly tau (1.00) at rel_day -15: potential IF underweighting
[2026-01-13T15:48:43.996609] High prop at exactly tau (1.00) at rel_day -14: potential IF underweighting
[2026-01-13T15:48:56.892205] High prop at exactly tau (1.00) at rel_day -13: potential IF underweighting
[2026-01-13T15:49:09.812332] High prop at exactly tau (1.00) at rel_day -12: potential IF underweighting
[2026-01-13T15:49:22.735966] High prop at exactly tau (1.00) at rel_day -11: potential IF underweighting
[2026-01-13T15:49:35.635484] High prop at exactly tau (1.00) at rel_day -10: potential IF underweighting
[2026-01-13T15:49:48.537784] High prop at exactly tau (1.00) at rel_day -9: potential IF underweighting
[2026-01-13T15:50:01.464024] High prop at exactly tau (1.00) at rel_day -8: potential IF underweighting
[2026-01-13T15:50:14.380332] High prop at exactly tau (1.00) at rel_day -7: potential IF underweighting
[2026-01-13T15:50:27.281682] High prop at exactly tau (1.00) at rel_day -6: potential IF underweighting
[2026-01-13T15:50:40.201512] High prop at exactly tau (1.00) at rel_day -5: potential IF underweighting
[2026-01-13T15:50:53.170684] High prop at exactly tau (1.00) at rel_day -4: potential IF underweighting
[2026-01-13T15:51:06.095200] High prop at exactly tau (1.00) at rel_day -3: potential IF underweighting
[2026-01-13T15:51:19.002395] High prop at exactly tau (1.00) at rel_day -2: potential IF underweighting
[2026-01-13T15:51:31.937209] High prop at exactly tau (1.00) at rel_day -1: potential IF underweighting
[2026-01-13T15:51:44.876873] High prop at exactly tau (1.00) at rel_day 0: potential IF underweighting
[2026-01-13T15:51:57.811043] High prop at exactly tau (1.00) at rel_day 1: potential IF underweighting
[2026-01-13T15:52:10.717103] High prop at exactly tau (1.00) at rel_day 2: potential IF underweighting
[2026-01-13T15:52:23.633829] High prop at exactly tau (1.00) at rel_day 3: potential IF underweighting
[2026-01-13T15:52:36.520628] High prop at exactly tau (1.00) at rel_day 4: potential IF underweighting
[2026-01-13T15:52:49.392721] High prop at exactly tau (1.00) at rel_day 5: potential IF underweighting
[2026-01-13T15:53:02.288851] High prop at exactly tau (1.00) at rel_day 6: potential IF underweighting
[2026-01-13T15:53:15.184842] High prop at exactly tau (1.00) at rel_day 7: potential IF underweighting
[2026-01-13T15:53:28.066890] High prop at exactly tau (1.00) at rel_day 8: potential IF underweighting
[2026-01-13T15:53:40.942162] High prop at exactly tau (1.00) at rel_day 9: potential IF underweighting
[2026-01-13T15:53:53.826466] High prop at exactly tau (1.00) at rel_day 10: potential IF underweighting
[2026-01-13T15:54:06.692288] High prop at exactly tau (1.00) at rel_day 11: potential IF underweighting
[2026-01-13T15:54:19.552092] High prop at exactly tau (1.00) at rel_day 12: potential IF underweighting
[2026-01-13T15:54:32.396155] High prop at exactly tau (1.00) at rel_day 13: potential IF underweighting
[2026-01-13T15:54:45.259231] High prop at exactly tau (1.00) at rel_day 14: potential IF underweighting
[2026-01-13T15:54:58.123410] High prop at exactly tau (1.00) at rel_day 15: potential IF underweighting
[2026-01-13T15:55:11.020151] High prop at exactly tau (1.00) at rel_day 16: potential IF underweighting
[2026-01-13T15:55:23.870451] High prop at exactly tau (1.00) at rel_day 17: potential IF underweighting
[2026-01-13T15:55:36.738492] High prop at exactly tau (1.00) at rel_day 18: potential IF underweighting
[2026-01-13T15:55:49.604819] High prop at exactly tau (1.00) at rel_day 19: potential IF underweighting
[2026-01-13T15:56:02.446877] High prop at exactly tau (1.00) at rel_day 20: potential IF underweighting
[2026-01-13T15:56:15.296436] High prop at exactly tau (1.00) at rel_day 21: potential IF underweighting
[2026-01-13T15:56:28.159851] High prop at exactly tau (1.00) at rel_day 22: potential IF underweighting
[2026-01-13T15:56:41.014806] High prop at exactly tau (1.00) at rel_day 23: potential IF underweighting
[2026-01-13T15:56:53.870240] High prop at exactly tau (1.00) at rel_day 24: potential IF underweighting
[2026-01-13T15:57:06.675075] High prop at exactly tau (1.00) at rel_day 25: potential IF underweighting
[2026-01-13T15:57:19.509551] High prop at exactly tau (1.00) at rel_day 26: potential IF underweighting
[2026-01-13T15:57:32.331799] High prop at exactly tau (1.00) at rel_day 27: potential IF underweighting
[2026-01-13T15:57:45.150165] High prop at exactly tau (1.00) at rel_day 28: potential IF underweighting
[2026-01-13T15:57:57.960749] High prop at exactly tau (1.00) at rel_day 29: potential IF underweighting
[2026-01-13T15:58:10.798102] High prop at exactly tau (1.00) at rel_day 30: potential IF underweighting
[2026-01-13T15:58:23.628185] High prop at exactly tau (1.00) at rel_day 31: potential IF underweighting
[2026-01-13T15:58:36.453858] High prop at exactly tau (1.00) at rel_day 32: potential IF underweighting
[2026-01-13T15:58:49.275506] High prop at exactly tau (1.00) at rel_day 33: potential IF underweighting
[2026-01-13T15:59:02.106570] High prop at exactly tau (1.00) at rel_day 34: potential IF underweighting
[2026-01-13T15:59:14.930697] High prop at exactly tau (1.00) at rel_day 35: potential IF underweighting
[2026-01-13T15:59:27.739642] High prop at exactly tau (1.00) at rel_day 36: potential IF underweighting
[2026-01-13T15:59:40.562719] High prop at exactly tau (1.00) at rel_day 37: potential IF underweighting
[2026-01-13T15:59:53.414895] High prop at exactly tau (1.00) at rel_day 38: potential IF underweighting
[2026-01-13T16:00:06.216840] High prop at exactly tau (1.00) at rel_day 39: potential IF underweighting
[2026-01-13T16:00:19.056400] High prop at exactly tau (1.00) at rel_day 40: potential IF underweighting
[2026-01-13T16:00:31.871802] High prop at exactly tau (1.00) at rel_day 41: potential IF underweighting
[2026-01-13T16:00:45.271022] High prop at exactly tau (1.00) at rel_day 42: potential IF underweighting
[2026-01-13T16:00:58.085408] High prop at exactly tau (1.00) at rel_day 43: potential IF underweighting
[2026-01-13T16:01:10.905166] High prop at exactly tau (1.00) at rel_day 44: potential IF underweighting
[2026-01-13T16:01:23.726752] High prop at exactly tau (1.00) at rel_day 45: potential IF underweighting
[2026-01-13T16:01:36.553032] High prop at exactly tau (1.00) at rel_day 46: potential IF underweighting
[2026-01-13T16:01:50.114245] High prop at exactly tau (1.00) at rel_day 47: potential IF underweighting
[2026-01-13T16:02:02.919216] High prop at exactly tau (1.00) at rel_day 48: potential IF underweighting
[2026-01-13T16:02:15.729698] High prop at exactly tau (1.00) at rel_day 49: potential IF underweighting
[2026-01-13T16:02:28.546611] High prop at exactly tau (1.00) at rel_day 50: potential IF underweighting
[2026-01-13T16:02:41.346402] High prop at exactly tau (1.00) at rel_day 51: potential IF underweighting
[2026-01-13T16:02:54.163506] High prop at exactly tau (0.99) at rel_day 52: potential IF underweighting
[2026-01-13T16:03:06.971957] High prop at exactly tau (0.99) at rel_day 53: potential IF underweighting
[2026-01-13T16:03:19.772233] High prop at exactly tau (0.99) at rel_day 54: potential IF underweighting
[2026-01-13T16:03:32.578385] High prop at exactly tau (0.99) at rel_day 55: potential IF underweighting
[2026-01-13T16:03:45.386576] High prop at exactly tau (0.99) at rel_day 56: potential IF underweighting
[2026-01-13T16:03:58.188657] High prop at exactly tau (0.99) at rel_day 57: potential IF underweighting
[2026-01-13T16:04:11.008088] High prop at exactly tau (0.99) at rel_day 58: potential IF underweighting
[2026-01-13T16:04:23.838374] High prop at exactly tau (0.99) at rel_day 59: potential IF underweighting
[2026-01-13T16:04:36.641713] High prop at exactly tau (0.99) at rel_day 60: potential IF underweighting
[2026-01-13T16:04:49.418547] High prop at exactly tau (0.99) at rel_day 61: potential IF underweighting
[2026-01-13T16:05:02.183170] High prop at exactly tau (0.99) at rel_day 62: potential IF underweighting
[2026-01-13T16:05:14.942857] High prop at exactly tau (0.99) at rel_day 63: potential IF underweighting
[2026-01-13T16:05:27.727278] High prop at exactly tau (0.99) at rel_day 64: potential IF underweighting
[2026-01-13T16:05:40.520747] High prop at exactly tau (0.99) at rel_day 65: potential IF underweighting
[2026-01-13T16:05:53.293742] High prop at exactly tau (0.99) at rel_day 66: potential IF underweighting
[2026-01-13T16:06:06.070252] High prop at exactly tau (0.99) at rel_day 67: potential IF underweighting
[2026-01-13T16:06:18.842053] High prop at exactly tau (0.99) at rel_day 68: potential IF underweighting
[2026-01-13T16:06:31.600697] High prop at exactly tau (0.99) at rel_day 69: potential IF underweighting
[2026-01-13T16:06:44.344353] High prop at exactly tau (0.99) at rel_day 70: potential IF underweighting
[2026-01-13T16:06:57.118454] High prop at exactly tau (0.99) at rel_day 71: potential IF underweighting
[2026-01-13T16:07:09.867979] High prop at exactly tau (0.99) at rel_day 72: potential IF underweighting
[2026-01-13T16:07:22.617319] High prop at exactly tau (0.99) at rel_day 73: potential IF underweighting
[2026-01-13T16:07:35.380126] High prop at exactly tau (0.99) at rel_day 74: potential IF underweighting
[2026-01-13T16:07:48.125300] High prop at exactly tau (0.99) at rel_day 75: potential IF underweighting
[2026-01-13T16:08:00.886417] High prop at exactly tau (0.99) at rel_day 76: potential IF underweighting
[2026-01-13T16:08:13.641020] High prop at exactly tau (0.99) at rel_day 77: potential IF underweighting
[2026-01-13T16:08:26.407275] High prop at exactly tau (0.99) at rel_day 78: potential IF underweighting
[2026-01-13T16:08:39.157418] High prop at exactly tau (0.99) at rel_day 79: potential IF underweighting
[2026-01-13T16:08:51.880387] High prop at exactly tau (0.99) at rel_day 80: potential IF underweighting
[2026-01-13T16:09:04.607811] High prop at exactly tau (0.99) at rel_day 81: potential IF underweighting
[2026-01-13T16:09:17.361034] High prop at exactly tau (0.99) at rel_day 82: potential IF underweighting
[2026-01-13T16:09:30.103274] High prop at exactly tau (0.99) at rel_day 83: potential IF underweighting
[2026-01-13T16:09:42.826495] High prop at exactly tau (0.99) at rel_day 84: potential IF underweighting
[2026-01-13T16:09:55.560608] High prop at exactly tau (0.99) at rel_day 85: potential IF underweighting
[2026-01-13T16:10:08.287579] High prop at exactly tau (0.99) at rel_day 86: potential IF underweighting
[2026-01-13T16:10:20.991956] High prop at exactly tau (0.99) at rel_day 87: potential IF underweighting
[2026-01-13T16:10:33.695355] High prop at exactly tau (0.99) at rel_day 88: potential IF underweighting
[2026-01-13T16:10:46.421707] High prop at exactly tau (0.99) at rel_day 89: potential IF underweighting
[2026-01-13T16:10:59.150047] High prop at exactly tau (0.99) at rel_day 90: potential IF underweighting
[2026-01-13T16:11:27.949471] RMST conditions on survival to calendar_day — deliberate for definition, see method docs.
[2026-01-13T16:11:28.189338] High prop at exactly tau (1.00) at rel_day -30: potential IF underweighting
[2026-01-13T16:11:42.804325] High prop at exactly tau (1.00) at rel_day -29: potential IF underweighting
[2026-01-13T16:11:55.738739] High prop at exactly tau (1.00) at rel_day -28: potential IF underweighting
[2026-01-13T16:12:09.120686] High prop at exactly tau (1.00) at rel_day -27: potential IF underweighting
[2026-01-13T16:12:22.013333] High prop at exactly tau (1.00) at rel_day -26: potential IF underweighting
[2026-01-13T16:12:34.871628] High prop at exactly tau (1.00) at rel_day -25: potential IF underweighting
[2026-01-13T16:12:47.724609] High prop at exactly tau (1.00) at rel_day -24: potential IF underweighting
[2026-01-13T16:13:00.590797] High prop at exactly tau (1.00) at rel_day -23: potential IF underweighting
[2026-01-13T16:13:13.522613] High prop at exactly tau (1.00) at rel_day -22: potential IF underweighting
[2026-01-13T16:13:26.579119] High prop at exactly tau (1.00) at rel_day -21: potential IF underweighting
[2026-01-13T16:13:39.569301] High prop at exactly tau (1.00) at rel_day -20: potential IF underweighting
[2026-01-13T16:13:52.426854] High prop at exactly tau (1.00) at rel_day -19: potential IF underweighting
[2026-01-13T16:14:05.318508] High prop at exactly tau (1.00) at rel_day -18: potential IF underweighting
[2026-01-13T16:14:18.241531] High prop at exactly tau (1.00) at rel_day -17: potential IF underweighting
[2026-01-13T16:14:31.082081] High prop at exactly tau (1.00) at rel_day -16: potential IF underweighting
[2026-01-13T16:14:43.941156] High prop at exactly tau (1.00) at rel_day -15: potential IF underweighting
[2026-01-13T16:14:56.814810] High prop at exactly tau (1.00) at rel_day -14: potential IF underweighting
[2026-01-13T16:15:09.663138] High prop at exactly tau (1.00) at rel_day -13: potential IF underweighting
[2026-01-13T16:15:22.512130] High prop at exactly tau (1.00) at rel_day -12: potential IF underweighting
[2026-01-13T16:15:35.363883] High prop at exactly tau (1.00) at rel_day -11: potential IF underweighting
[2026-01-13T16:15:49.773835] High prop at exactly tau (1.00) at rel_day -10: potential IF underweighting
[2026-01-13T16:16:02.646949] High prop at exactly tau (1.00) at rel_day -9: potential IF underweighting
[2026-01-13T16:16:15.526647] High prop at exactly tau (1.00) at rel_day -8: potential IF underweighting
[2026-01-13T16:16:28.388027] High prop at exactly tau (1.00) at rel_day -7: potential IF underweighting
[2026-01-13T16:16:41.304287] High prop at exactly tau (1.00) at rel_day -6: potential IF underweighting
[2026-01-13T16:16:54.185763] High prop at exactly tau (1.00) at rel_day -5: potential IF underweighting
[2026-01-13T16:17:07.064352] High prop at exactly tau (1.00) at rel_day -4: potential IF underweighting
[2026-01-13T16:17:19.932861] High prop at exactly tau (1.00) at rel_day -3: potential IF underweighting
[2026-01-13T16:17:32.819004] High prop at exactly tau (1.00) at rel_day -2: potential IF underweighting
[2026-01-13T16:17:45.670478] High prop at exactly tau (1.00) at rel_day -1: potential IF underweighting
[2026-01-13T16:17:58.530173] High prop at exactly tau (1.00) at rel_day 0: potential IF underweighting
[2026-01-13T16:18:11.394362] High prop at exactly tau (1.00) at rel_day 1: potential IF underweighting
[2026-01-13T16:18:24.258099] High prop at exactly tau (1.00) at rel_day 2: potential IF underweighting
[2026-01-13T16:18:37.136614] High prop at exactly tau (1.00) at rel_day 3: potential IF underweighting
[2026-01-13T16:18:49.994005] High prop at exactly tau (1.00) at rel_day 4: potential IF underweighting
[2026-01-13T16:19:02.887257] High prop at exactly tau (1.00) at rel_day 5: potential IF underweighting
[2026-01-13T16:19:15.757490] High prop at exactly tau (1.00) at rel_day 6: potential IF underweighting
[2026-01-13T16:19:28.615849] High prop at exactly tau (1.00) at rel_day 7: potential IF underweighting
[2026-01-13T16:19:41.480148] High prop at exactly tau (1.00) at rel_day 8: potential IF underweighting
[2026-01-13T16:19:54.346119] High prop at exactly tau (1.00) at rel_day 9: potential IF underweighting
[2026-01-13T16:20:07.209284] High prop at exactly tau (1.00) at rel_day 10: potential IF underweighting
[2026-01-13T16:20:20.057610] High prop at exactly tau (1.00) at rel_day 11: potential IF underweighting
[2026-01-13T16:20:32.976019] High prop at exactly tau (1.00) at rel_day 12: potential IF underweighting
[2026-01-13T16:20:45.909066] High prop at exactly tau (1.00) at rel_day 13: potential IF underweighting
[2026-01-13T16:20:58.852827] High prop at exactly tau (1.00) at rel_day 14: potential IF underweighting
[2026-01-13T16:21:11.699273] High prop at exactly tau (1.00) at rel_day 15: potential IF underweighting
[2026-01-13T16:21:24.666931] High prop at exactly tau (1.00) at rel_day 16: potential IF underweighting
[2026-01-13T16:21:37.517683] High prop at exactly tau (1.00) at rel_day 17: potential IF underweighting
[2026-01-13T16:21:50.412473] High prop at exactly tau (1.00) at rel_day 18: potential IF underweighting
[2026-01-13T16:22:03.293037] High prop at exactly tau (1.00) at rel_day 19: potential IF underweighting
[2026-01-13T16:22:16.137896] High prop at exactly tau (1.00) at rel_day 20: potential IF underweighting
[2026-01-13T16:22:28.988187] High prop at exactly tau (1.00) at rel_day 21: potential IF underweighting
[2026-01-13T16:22:41.838288] High prop at exactly tau (1.00) at rel_day 22: potential IF underweighting
[2026-01-13T16:22:54.740026] High prop at exactly tau (1.00) at rel_day 23: potential IF underweighting
[2026-01-13T16:23:07.572002] High prop at exactly tau (1.00) at rel_day 24: potential IF underweighting
[2026-01-13T16:23:20.406315] High prop at exactly tau (1.00) at rel_day 25: potential IF underweighting
[2026-01-13T16:23:33.231522] High prop at exactly tau (1.00) at rel_day 26: potential IF underweighting
[2026-01-13T16:23:46.058281] High prop at exactly tau (1.00) at rel_day 27: potential IF underweighting
[2026-01-13T16:23:58.887258] High prop at exactly tau (1.00) at rel_day 28: potential IF underweighting
[2026-01-13T16:24:11.733757] High prop at exactly tau (1.00) at rel_day 29: potential IF underweighting
[2026-01-13T16:24:24.597329] High prop at exactly tau (1.00) at rel_day 30: potential IF underweighting
[2026-01-13T16:24:37.427415] High prop at exactly tau (1.00) at rel_day 31: potential IF underweighting
[2026-01-13T16:24:50.250976] High prop at exactly tau (1.00) at rel_day 32: potential IF underweighting
[2026-01-13T16:25:03.083522] High prop at exactly tau (1.00) at rel_day 33: potential IF underweighting
[2026-01-13T16:25:15.894160] High prop at exactly tau (1.00) at rel_day 34: potential IF underweighting
[2026-01-13T16:25:28.701618] High prop at exactly tau (1.00) at rel_day 35: potential IF underweighting
[2026-01-13T16:25:41.513851] High prop at exactly tau (1.00) at rel_day 36: potential IF underweighting
[2026-01-13T16:25:54.347709] High prop at exactly tau (1.00) at rel_day 37: potential IF underweighting
[2026-01-13T16:26:07.243533] High prop at exactly tau (1.00) at rel_day 38: potential IF underweighting
[2026-01-13T16:26:20.089091] High prop at exactly tau (1.00) at rel_day 39: potential IF underweighting
[2026-01-13T16:26:32.939412] High prop at exactly tau (1.00) at rel_day 40: potential IF underweighting
[2026-01-13T16:26:45.784015] High prop at exactly tau (1.00) at rel_day 41: potential IF underweighting
[2026-01-13T16:26:58.588594] High prop at exactly tau (1.00) at rel_day 42: potential IF underweighting
[2026-01-13T16:27:11.385963] High prop at exactly tau (1.00) at rel_day 43: potential IF underweighting
[2026-01-13T16:27:24.181091] High prop at exactly tau (1.00) at rel_day 44: potential IF underweighting
[2026-01-13T16:27:37.000368] High prop at exactly tau (1.00) at rel_day 45: potential IF underweighting
[2026-01-13T16:27:49.856250] High prop at exactly tau (1.00) at rel_day 46: potential IF underweighting
[2026-01-13T16:28:02.694946] High prop at exactly tau (1.00) at rel_day 47: potential IF underweighting
[2026-01-13T16:28:15.492318] High prop at exactly tau (1.00) at rel_day 48: potential IF underweighting
[2026-01-13T16:28:28.272888] High prop at exactly tau (1.00) at rel_day 49: potential IF underweighting
[2026-01-13T16:28:41.073586] High prop at exactly tau (1.00) at rel_day 50: potential IF underweighting
[2026-01-13T16:28:53.880718] High prop at exactly tau (1.00) at rel_day 51: potential IF underweighting
[2026-01-13T16:29:06.665548] High prop at exactly tau (1.00) at rel_day 52: potential IF underweighting
[2026-01-13T16:29:19.469215] High prop at exactly tau (1.00) at rel_day 53: potential IF underweighting
[2026-01-13T16:29:32.271006] High prop at exactly tau (0.99) at rel_day 54: potential IF underweighting
[2026-01-13T16:29:45.076123] High prop at exactly tau (0.99) at rel_day 55: potential IF underweighting
[2026-01-13T16:29:57.863764] High prop at exactly tau (0.99) at rel_day 56: potential IF underweighting
[2026-01-13T16:30:10.655418] High prop at exactly tau (0.99) at rel_day 57: potential IF underweighting
[2026-01-13T16:30:23.427655] High prop at exactly tau (0.99) at rel_day 58: potential IF underweighting
[2026-01-13T16:30:36.222523] High prop at exactly tau (0.99) at rel_day 59: potential IF underweighting
[2026-01-13T16:30:49.543447] High prop at exactly tau (0.99) at rel_day 60: potential IF underweighting
[2026-01-13T16:31:02.335402] High prop at exactly tau (0.99) at rel_day 61: potential IF underweighting
[2026-01-13T16:31:15.144333] High prop at exactly tau (0.99) at rel_day 62: potential IF underweighting
[2026-01-13T16:31:27.907613] High prop at exactly tau (0.99) at rel_day 63: potential IF underweighting
[2026-01-13T16:31:40.729738] High prop at exactly tau (0.99) at rel_day 64: potential IF underweighting
[2026-01-13T16:31:53.530910] High prop at exactly tau (0.99) at rel_day 65: potential IF underweighting
[2026-01-13T16:32:06.325692] High prop at exactly tau (0.99) at rel_day 66: potential IF underweighting
[2026-01-13T16:32:19.143459] High prop at exactly tau (0.99) at rel_day 67: potential IF underweighting
[2026-01-13T16:32:31.909950] High prop at exactly tau (0.99) at rel_day 68: potential IF underweighting
[2026-01-13T16:32:44.662585] High prop at exactly tau (0.99) at rel_day 69: potential IF underweighting
[2026-01-13T16:32:57.449183] High prop at exactly tau (0.99) at rel_day 70: potential IF underweighting
[2026-01-13T16:33:10.205796] High prop at exactly tau (0.99) at rel_day 71: potential IF underweighting
[2026-01-13T16:33:22.967688] High prop at exactly tau (0.99) at rel_day 72: potential IF underweighting
[2026-01-13T16:33:35.738092] High prop at exactly tau (0.99) at rel_day 73: potential IF underweighting
[2026-01-13T16:33:48.503649] High prop at exactly tau (0.99) at rel_day 74: potential IF underweighting
[2026-01-13T16:34:01.265034] High prop at exactly tau (0.99) at rel_day 75: potential IF underweighting
[2026-01-13T16:34:14.041897] High prop at exactly tau (0.99) at rel_day 76: potential IF underweighting
[2026-01-13T16:34:26.839885] High prop at exactly tau (0.99) at rel_day 77: potential IF underweighting
[2026-01-13T16:34:39.623959] High prop at exactly tau (0.99) at rel_day 78: potential IF underweighting
[2026-01-13T16:34:52.377784] High prop at exactly tau (0.99) at rel_day 79: potential IF underweighting
[2026-01-13T16:35:05.147029] High prop at exactly tau (0.99) at rel_day 80: potential IF underweighting
[2026-01-13T16:35:17.884409] High prop at exactly tau (0.99) at rel_day 81: potential IF underweighting
[2026-01-13T16:35:30.610609] High prop at exactly tau (0.99) at rel_day 82: potential IF underweighting
[2026-01-13T16:35:43.357503] High prop at exactly tau (0.99) at rel_day 83: potential IF underweighting
[2026-01-13T16:35:56.099658] High prop at exactly tau (0.99) at rel_day 84: potential IF underweighting
[2026-01-13T16:36:08.826901] High prop at exactly tau (0.99) at rel_day 85: potential IF underweighting
[2026-01-13T16:36:21.533709] High prop at exactly tau (0.99) at rel_day 86: potential IF underweighting
[2026-01-13T16:36:34.288307] High prop at exactly tau (0.99) at rel_day 87: potential IF underweighting
[2026-01-13T16:36:47.039196] High prop at exactly tau (0.99) at rel_day 88: potential IF underweighting
[2026-01-13T16:36:59.769739] High prop at exactly tau (0.99) at rel_day 89: potential IF underweighting
[2026-01-13T16:37:12.472522] High prop at exactly tau (0.99) at rel_day 90: potential IF underweighting
[2026-01-13T16:37:49.966006] RMST conditions on survival to calendar_day — deliberate for definition, see method docs.
[2026-01-13T16:37:50.212696] High prop at exactly tau (1.00) at rel_day -30: potential IF underweighting
[2026-01-13T16:38:04.094081] High prop at exactly tau (1.00) at rel_day -29: potential IF underweighting
[2026-01-13T16:38:16.939904] High prop at exactly tau (1.00) at rel_day -28: potential IF underweighting
[2026-01-13T16:38:29.794498] High prop at exactly tau (1.00) at rel_day -27: potential IF underweighting
[2026-01-13T16:38:42.655284] High prop at exactly tau (1.00) at rel_day -26: potential IF underweighting
[2026-01-13T16:38:55.530278] High prop at exactly tau (1.00) at rel_day -25: potential IF underweighting
[2026-01-13T16:39:08.382574] High prop at exactly tau (1.00) at rel_day -24: potential IF underweighting
[2026-01-13T16:39:21.273793] High prop at exactly tau (1.00) at rel_day -23: potential IF underweighting
[2026-01-13T16:39:34.131144] High prop at exactly tau (1.00) at rel_day -22: potential IF underweighting
[2026-01-13T16:39:47.005137] High prop at exactly tau (1.00) at rel_day -21: potential IF underweighting
[2026-01-13T16:39:59.855575] High prop at exactly tau (1.00) at rel_day -20: potential IF underweighting
[2026-01-13T16:40:12.721645] High prop at exactly tau (1.00) at rel_day -19: potential IF underweighting
[2026-01-13T16:40:25.589803] High prop at exactly tau (1.00) at rel_day -18: potential IF underweighting
[2026-01-13T16:40:38.447310] High prop at exactly tau (1.00) at rel_day -17: potential IF underweighting
[2026-01-13T16:40:51.328856] High prop at exactly tau (1.00) at rel_day -16: potential IF underweighting
[2026-01-13T16:41:04.192882] High prop at exactly tau (1.00) at rel_day -15: potential IF underweighting
[2026-01-13T16:41:17.049972] High prop at exactly tau (1.00) at rel_day -14: potential IF underweighting
[2026-01-13T16:41:29.926354] High prop at exactly tau (1.00) at rel_day -13: potential IF underweighting
[2026-01-13T16:41:42.761558] High prop at exactly tau (1.00) at rel_day -12: potential IF underweighting
[2026-01-13T16:41:55.652466] High prop at exactly tau (1.00) at rel_day -11: potential IF underweighting
[2026-01-13T16:42:08.535076] High prop at exactly tau (1.00) at rel_day -10: potential IF underweighting
[2026-01-13T16:42:21.412124] High prop at exactly tau (1.00) at rel_day -9: potential IF underweighting
[2026-01-13T16:42:34.272319] High prop at exactly tau (1.00) at rel_day -8: potential IF underweighting
[2026-01-13T16:42:47.136400] High prop at exactly tau (1.00) at rel_day -7: potential IF underweighting
[2026-01-13T16:42:59.995227] High prop at exactly tau (1.00) at rel_day -6: potential IF underweighting
[2026-01-13T16:43:12.866524] High prop at exactly tau (1.00) at rel_day -5: potential IF underweighting
[2026-01-13T16:43:25.762384] High prop at exactly tau (1.00) at rel_day -4: potential IF underweighting
[2026-01-13T16:43:38.648969] High prop at exactly tau (1.00) at rel_day -3: potential IF underweighting
[2026-01-13T16:43:51.510073] High prop at exactly tau (1.00) at rel_day -2: potential IF underweighting
[2026-01-13T16:44:04.415105] High prop at exactly tau (1.00) at rel_day -1: potential IF underweighting
[2026-01-13T16:44:17.314817] High prop at exactly tau (1.00) at rel_day 0: potential IF underweighting
[2026-01-13T16:44:30.208030] High prop at exactly tau (1.00) at rel_day 1: potential IF underweighting
[2026-01-13T16:44:43.080030] High prop at exactly tau (1.00) at rel_day 2: potential IF underweighting
[2026-01-13T16:44:55.944628] High prop at exactly tau (1.00) at rel_day 3: potential IF underweighting
[2026-01-13T16:45:08.789127] High prop at exactly tau (1.00) at rel_day 4: potential IF underweighting
[2026-01-13T16:45:21.650448] High prop at exactly tau (1.00) at rel_day 5: potential IF underweighting
[2026-01-13T16:45:34.505283] High prop at exactly tau (1.00) at rel_day 6: potential IF underweighting
[2026-01-13T16:45:47.354454] High prop at exactly tau (1.00) at rel_day 7: potential IF underweighting
[2026-01-13T16:46:02.041893] High prop at exactly tau (1.00) at rel_day 8: potential IF underweighting
[2026-01-13T16:46:14.891800] High prop at exactly tau (1.00) at rel_day 9: potential IF underweighting
[2026-01-13T16:46:27.723885] High prop at exactly tau (1.00) at rel_day 10: potential IF underweighting
[2026-01-13T16:46:40.621763] High prop at exactly tau (1.00) at rel_day 11: potential IF underweighting
[2026-01-13T16:46:53.482560] High prop at exactly tau (1.00) at rel_day 12: potential IF underweighting
[2026-01-13T16:47:06.369687] High prop at exactly tau (1.00) at rel_day 13: potential IF underweighting
[2026-01-13T16:47:19.246092] High prop at exactly tau (1.00) at rel_day 14: potential IF underweighting
[2026-01-13T16:47:32.133990] High prop at exactly tau (1.00) at rel_day 15: potential IF underweighting
[2026-01-13T16:47:45.063655] High prop at exactly tau (1.00) at rel_day 16: potential IF underweighting
[2026-01-13T16:47:57.944846] High prop at exactly tau (1.00) at rel_day 17: potential IF underweighting
[2026-01-13T16:48:10.790737] High prop at exactly tau (1.00) at rel_day 18: potential IF underweighting
[2026-01-13T16:48:23.672973] High prop at exactly tau (1.00) at rel_day 19: potential IF underweighting
[2026-01-13T16:48:36.546772] High prop at exactly tau (1.00) at rel_day 20: potential IF underweighting
[2026-01-13T16:48:49.393349] High prop at exactly tau (1.00) at rel_day 21: potential IF underweighting
[2026-01-13T16:49:02.219898] High prop at exactly tau (1.00) at rel_day 22: potential IF underweighting
[2026-01-13T16:49:15.363554] High prop at exactly tau (1.00) at rel_day 23: potential IF underweighting
[2026-01-13T16:49:28.196673] High prop at exactly tau (1.00) at rel_day 24: potential IF underweighting
[2026-01-13T16:49:41.025562] High prop at exactly tau (1.00) at rel_day 25: potential IF underweighting
[2026-01-13T16:49:53.855645] High prop at exactly tau (1.00) at rel_day 26: potential IF underweighting
[2026-01-13T16:50:06.682910] High prop at exactly tau (1.00) at rel_day 27: potential IF underweighting
[2026-01-13T16:50:19.512654] High prop at exactly tau (1.00) at rel_day 28: potential IF underweighting
[2026-01-13T16:50:32.321826] High prop at exactly tau (1.00) at rel_day 29: potential IF underweighting
[2026-01-13T16:50:45.193292] High prop at exactly tau (1.00) at rel_day 30: potential IF underweighting
[2026-01-13T16:50:58.048950] High prop at exactly tau (1.00) at rel_day 31: potential IF underweighting
[2026-01-13T16:51:10.881441] High prop at exactly tau (1.00) at rel_day 32: potential IF underweighting
[2026-01-13T16:51:23.689514] High prop at exactly tau (1.00) at rel_day 33: potential IF underweighting
[2026-01-13T16:51:36.503335] High prop at exactly tau (1.00) at rel_day 34: potential IF underweighting
[2026-01-13T16:51:49.349541] High prop at exactly tau (1.00) at rel_day 35: potential IF underweighting
[2026-01-13T16:52:02.462836] High prop at exactly tau (1.00) at rel_day 36: potential IF underweighting
[2026-01-13T16:52:15.300563] High prop at exactly tau (1.00) at rel_day 37: potential IF underweighting
[2026-01-13T16:52:28.125357] High prop at exactly tau (1.00) at rel_day 38: potential IF underweighting
[2026-01-13T16:52:40.945334] High prop at exactly tau (1.00) at rel_day 39: potential IF underweighting
[2026-01-13T16:52:53.761857] High prop at exactly tau (1.00) at rel_day 40: potential IF underweighting
[2026-01-13T16:53:06.574518] High prop at exactly tau (1.00) at rel_day 41: potential IF underweighting
[2026-01-13T16:53:19.382603] High prop at exactly tau (1.00) at rel_day 42: potential IF underweighting
[2026-01-13T16:53:32.171741] High prop at exactly tau (1.00) at rel_day 43: potential IF underweighting
[2026-01-13T16:53:44.974448] High prop at exactly tau (1.00) at rel_day 44: potential IF underweighting
[2026-01-13T16:53:57.804127] High prop at exactly tau (1.00) at rel_day 45: potential IF underweighting
[2026-01-13T16:54:10.589983] High prop at exactly tau (1.00) at rel_day 46: potential IF underweighting
[2026-01-13T16:54:23.408154] High prop at exactly tau (1.00) at rel_day 47: potential IF underweighting
[2026-01-13T16:54:36.184028] High prop at exactly tau (1.00) at rel_day 48: potential IF underweighting
[2026-01-13T16:54:48.984913] High prop at exactly tau (1.00) at rel_day 49: potential IF underweighting
[2026-01-13T16:55:01.788978] High prop at exactly tau (1.00) at rel_day 50: potential IF underweighting
[2026-01-13T16:55:14.576337] High prop at exactly tau (0.99) at rel_day 51: potential IF underweighting
[2026-01-13T16:55:27.368498] High prop at exactly tau (0.99) at rel_day 52: potential IF underweighting
[2026-01-13T16:55:40.175009] High prop at exactly tau (0.99) at rel_day 53: potential IF underweighting
[2026-01-13T16:55:52.971341] High prop at exactly tau (0.99) at rel_day 54: potential IF underweighting
[2026-01-13T16:56:05.755898] High prop at exactly tau (0.99) at rel_day 55: potential IF underweighting
[2026-01-13T16:56:18.514406] High prop at exactly tau (0.99) at rel_day 56: potential IF underweighting
[2026-01-13T16:56:31.299806] High prop at exactly tau (0.99) at rel_day 57: potential IF underweighting
[2026-01-13T16:56:44.114794] High prop at exactly tau (0.99) at rel_day 58: potential IF underweighting
[2026-01-13T16:56:56.929642] High prop at exactly tau (0.99) at rel_day 59: potential IF underweighting
[2026-01-13T16:57:09.725005] High prop at exactly tau (0.99) at rel_day 60: potential IF underweighting
[2026-01-13T16:57:22.513600] High prop at exactly tau (0.99) at rel_day 61: potential IF underweighting
[2026-01-13T16:57:35.307526] High prop at exactly tau (0.99) at rel_day 62: potential IF underweighting
[2026-01-13T16:57:48.151496] High prop at exactly tau (0.99) at rel_day 63: potential IF underweighting
[2026-01-13T16:58:00.998848] High prop at exactly tau (0.99) at rel_day 64: potential IF underweighting
[2026-01-13T16:58:13.747173] High prop at exactly tau (0.99) at rel_day 65: potential IF underweighting
[2026-01-13T16:58:26.557354] High prop at exactly tau (0.99) at rel_day 66: potential IF underweighting
[2026-01-13T16:58:39.332232] High prop at exactly tau (0.99) at rel_day 67: potential IF underweighting
[2026-01-13T16:58:52.111712] High prop at exactly tau (0.99) at rel_day 68: potential IF underweighting
[2026-01-13T16:59:04.884236] High prop at exactly tau (0.99) at rel_day 69: potential IF underweighting
[2026-01-13T16:59:17.639323] High prop at exactly tau (0.99) at rel_day 70: potential IF underweighting
[2026-01-13T16:59:30.395809] High prop at exactly tau (0.99) at rel_day 71: potential IF underweighting
[2026-01-13T16:59:43.135847] High prop at exactly tau (0.99) at rel_day 72: potential IF underweighting
[2026-01-13T16:59:55.893244] High prop at exactly tau (0.99) at rel_day 73: potential IF underweighting
[2026-01-13T17:00:08.633571] High prop at exactly tau (0.99) at rel_day 74: potential IF underweighting
[2026-01-13T17:00:21.383408] High prop at exactly tau (0.99) at rel_day 75: potential IF underweighting
[2026-01-13T17:00:34.114993] High prop at exactly tau (0.99) at rel_day 76: potential IF underweighting
[2026-01-13T17:00:46.860835] High prop at exactly tau (0.99) at rel_day 77: potential IF underweighting
[2026-01-13T17:00:59.847530] High prop at exactly tau (0.99) at rel_day 78: potential IF underweighting
[2026-01-13T17:01:12.612001] High prop at exactly tau (0.99) at rel_day 79: potential IF underweighting
[2026-01-13T17:01:25.374941] High prop at exactly tau (0.99) at rel_day 80: potential IF underweighting
[2026-01-13T17:01:38.144657] High prop at exactly tau (0.99) at rel_day 81: potential IF underweighting
[2026-01-13T17:01:50.982172] High prop at exactly tau (0.99) at rel_day 82: potential IF underweighting
[2026-01-13T17:02:03.727890] High prop at exactly tau (0.99) at rel_day 83: potential IF underweighting
[2026-01-13T17:02:16.493989] High prop at exactly tau (0.99) at rel_day 84: potential IF underweighting
[2026-01-13T17:02:29.234713] High prop at exactly tau (0.99) at rel_day 85: potential IF underweighting
[2026-01-13T17:02:41.965303] High prop at exactly tau (0.99) at rel_day 86: potential IF underweighting
[2026-01-13T17:02:54.695131] High prop at exactly tau (0.99) at rel_day 87: potential IF underweighting
[2026-01-13T17:03:07.395380] High prop at exactly tau (0.99) at rel_day 88: potential IF underweighting
[2026-01-13T17:03:20.088634] High prop at exactly tau (0.99) at rel_day 89: potential IF underweighting
[2026-01-13T17:03:32.798619] High prop at exactly tau (0.99) at rel_day 90: potential IF underweighting
[2026-01-13T17:04:25.196934] RMST conditions on survival to calendar_day — deliberate for definition, see method docs.
[2026-01-13T17:04:25.457133] High prop at exactly tau (1.00) at rel_day -30: potential IF underweighting
[2026-01-13T17:04:39.806026] High prop at exactly tau (1.00) at rel_day -29: potential IF underweighting
[2026-01-13T17:04:52.704206] High prop at exactly tau (1.00) at rel_day -28: potential IF underweighting
[2026-01-13T17:05:05.568937] High prop at exactly tau (1.00) at rel_day -27: potential IF underweighting
[2026-01-13T17:05:18.438840] High prop at exactly tau (1.00) at rel_day -26: potential IF underweighting
[2026-01-13T17:05:31.296261] High prop at exactly tau (1.00) at rel_day -25: potential IF underweighting
[2026-01-13T17:05:44.458596] High prop at exactly tau (1.00) at rel_day -24: potential IF underweighting
[2026-01-13T17:05:57.378197] High prop at exactly tau (1.00) at rel_day -23: potential IF underweighting
[2026-01-13T17:06:10.253239] High prop at exactly tau (1.00) at rel_day -22: potential IF underweighting
[2026-01-13T17:06:23.133598] High prop at exactly tau (1.00) at rel_day -21: potential IF underweighting
[2026-01-13T17:06:36.021352] High prop at exactly tau (1.00) at rel_day -20: potential IF underweighting
[2026-01-13T17:06:48.914638] High prop at exactly tau (1.00) at rel_day -19: potential IF underweighting
[2026-01-13T17:07:01.827901] High prop at exactly tau (1.00) at rel_day -18: potential IF underweighting
[2026-01-13T17:07:14.694818] High prop at exactly tau (1.00) at rel_day -17: potential IF underweighting
[2026-01-13T17:07:27.560915] High prop at exactly tau (1.00) at rel_day -16: potential IF underweighting
[2026-01-13T17:07:40.405341] High prop at exactly tau (1.00) at rel_day -15: potential IF underweighting
[2026-01-13T17:07:53.278900] High prop at exactly tau (1.00) at rel_day -14: potential IF underweighting
[2026-01-13T17:08:06.147274] High prop at exactly tau (1.00) at rel_day -13: potential IF underweighting
[2026-01-13T17:08:19.003121] High prop at exactly tau (1.00) at rel_day -12: potential IF underweighting
[2026-01-13T17:08:31.860935] High prop at exactly tau (1.00) at rel_day -11: potential IF underweighting
[2026-01-13T17:08:44.726586] High prop at exactly tau (1.00) at rel_day -10: potential IF underweighting
[2026-01-13T17:08:57.601297] High prop at exactly tau (1.00) at rel_day -9: potential IF underweighting
[2026-01-13T17:09:10.442774] High prop at exactly tau (1.00) at rel_day -8: potential IF underweighting
[2026-01-13T17:09:23.389509] High prop at exactly tau (1.00) at rel_day -7: potential IF underweighting
[2026-01-13T17:09:36.278246] High prop at exactly tau (1.00) at rel_day -6: potential IF underweighting
[2026-01-13T17:09:49.143006] High prop at exactly tau (1.00) at rel_day -5: potential IF underweighting
[2026-01-13T17:10:02.031366] High prop at exactly tau (1.00) at rel_day -4: potential IF underweighting
[2026-01-13T17:10:14.899047] High prop at exactly tau (1.00) at rel_day -3: potential IF underweighting
[2026-01-13T17:10:27.750679] High prop at exactly tau (1.00) at rel_day -2: potential IF underweighting
[2026-01-13T17:10:40.624104] High prop at exactly tau (1.00) at rel_day -1: potential IF underweighting
[2026-01-13T17:10:53.540533] High prop at exactly tau (1.00) at rel_day 0: potential IF underweighting
[2026-01-13T17:11:06.431780] High prop at exactly tau (1.00) at rel_day 1: potential IF underweighting
[2026-01-13T17:11:19.312034] High prop at exactly tau (1.00) at rel_day 2: potential IF underweighting
[2026-01-13T17:11:32.206963] High prop at exactly tau (1.00) at rel_day 3: potential IF underweighting
[2026-01-13T17:11:45.078130] High prop at exactly tau (1.00) at rel_day 4: potential IF underweighting
[2026-01-13T17:11:57.973203] High prop at exactly tau (1.00) at rel_day 5: potential IF underweighting
[2026-01-13T17:12:11.296917] High prop at exactly tau (1.00) at rel_day 6: potential IF underweighting
[2026-01-13T17:12:24.176608] High prop at exactly tau (1.00) at rel_day 7: potential IF underweighting
[2026-01-13T17:12:37.042793] High prop at exactly tau (1.00) at rel_day 8: potential IF underweighting
[2026-01-13T17:12:49.917592] High prop at exactly tau (1.00) at rel_day 9: potential IF underweighting
[2026-01-13T17:13:02.801201] High prop at exactly tau (1.00) at rel_day 10: potential IF underweighting
[2026-01-13T17:13:15.702670] High prop at exactly tau (1.00) at rel_day 11: potential IF underweighting
[2026-01-13T17:13:28.558803] High prop at exactly tau (1.00) at rel_day 12: potential IF underweighting
[2026-01-13T17:13:41.556448] High prop at exactly tau (1.00) at rel_day 13: potential IF underweighting
[2026-01-13T17:13:54.392677] High prop at exactly tau (1.00) at rel_day 14: potential IF underweighting
[2026-01-13T17:14:07.250732] High prop at exactly tau (1.00) at rel_day 15: potential IF underweighting
[2026-01-13T17:14:20.126190] High prop at exactly tau (1.00) at rel_day 16: potential IF underweighting
[2026-01-13T17:14:32.974881] High prop at exactly tau (1.00) at rel_day 17: potential IF underweighting
[2026-01-13T17:14:45.804030] High prop at exactly tau (1.00) at rel_day 18: potential IF underweighting
[2026-01-13T17:14:58.622848] High prop at exactly tau (1.00) at rel_day 19: potential IF underweighting
[2026-01-13T17:15:11.469828] High prop at exactly tau (1.00) at rel_day 20: potential IF underweighting
[2026-01-13T17:15:24.305435] High prop at exactly tau (1.00) at rel_day 21: potential IF underweighting
[2026-01-13T17:15:37.119183] High prop at exactly tau (1.00) at rel_day 22: potential IF underweighting
[2026-01-13T17:15:49.965242] High prop at exactly tau (1.00) at rel_day 23: potential IF underweighting
[2026-01-13T17:16:04.822731] High prop at exactly tau (1.00) at rel_day 24: potential IF underweighting
[2026-01-13T17:16:17.751378] High prop at exactly tau (1.00) at rel_day 25: potential IF underweighting
[2026-01-13T17:16:30.570262] High prop at exactly tau (1.00) at rel_day 26: potential IF underweighting
[2026-01-13T17:16:43.445093] High prop at exactly tau (1.00) at rel_day 27: potential IF underweighting
[2026-01-13T17:16:56.296102] High prop at exactly tau (1.00) at rel_day 28: potential IF underweighting
[2026-01-13T17:17:09.120260] High prop at exactly tau (1.00) at rel_day 29: potential IF underweighting
[2026-01-13T17:17:21.959328] High prop at exactly tau (1.00) at rel_day 30: potential IF underweighting
[2026-01-13T17:17:34.780275] High prop at exactly tau (1.00) at rel_day 31: potential IF underweighting
[2026-01-13T17:17:47.591630] High prop at exactly tau (1.00) at rel_day 32: potential IF underweighting
[2026-01-13T17:18:00.424449] High prop at exactly tau (1.00) at rel_day 33: potential IF underweighting
[2026-01-13T17:18:13.236706] High prop at exactly tau (1.00) at rel_day 34: potential IF underweighting
[2026-01-13T17:18:26.021278] High prop at exactly tau (1.00) at rel_day 35: potential IF underweighting
[2026-01-13T17:18:38.840228] High prop at exactly tau (1.00) at rel_day 36: potential IF underweighting
[2026-01-13T17:18:51.665898] High prop at exactly tau (1.00) at rel_day 37: potential IF underweighting
[2026-01-13T17:19:04.495810] High prop at exactly tau (1.00) at rel_day 38: potential IF underweighting
[2026-01-13T17:19:17.288495] High prop at exactly tau (1.00) at rel_day 39: potential IF underweighting
[2026-01-13T17:19:30.068931] High prop at exactly tau (1.00) at rel_day 40: potential IF underweighting
[2026-01-13T17:19:42.907094] High prop at exactly tau (1.00) at rel_day 41: potential IF underweighting
[2026-01-13T17:19:55.713300] High prop at exactly tau (1.00) at rel_day 42: potential IF underweighting
[2026-01-13T17:20:08.517654] High prop at exactly tau (1.00) at rel_day 43: potential IF underweighting
[2026-01-13T17:20:21.304097] High prop at exactly tau (1.00) at rel_day 44: potential IF underweighting
[2026-01-13T17:20:34.175779] High prop at exactly tau (1.00) at rel_day 45: potential IF underweighting
[2026-01-13T17:20:47.013120] High prop at exactly tau (1.00) at rel_day 46: potential IF underweighting
[2026-01-13T17:21:01.757909] High prop at exactly tau (1.00) at rel_day 47: potential IF underweighting
[2026-01-13T17:21:14.704539] High prop at exactly tau (1.00) at rel_day 48: potential IF underweighting
[2026-01-13T17:21:27.814366] High prop at exactly tau (1.00) at rel_day 49: potential IF underweighting
[2026-01-13T17:21:40.748898] High prop at exactly tau (1.00) at rel_day 50: potential IF underweighting
[2026-01-13T17:21:53.736527] High prop at exactly tau (1.00) at rel_day 51: potential IF underweighting
[2026-01-13T17:22:07.035981] High prop at exactly tau (1.00) at rel_day 52: potential IF underweighting
[2026-01-13T17:22:19.833495] High prop at exactly tau (0.99) at rel_day 53: potential IF underweighting
[2026-01-13T17:22:32.604430] High prop at exactly tau (0.99) at rel_day 54: potential IF underweighting
[2026-01-13T17:22:45.408415] High prop at exactly tau (0.99) at rel_day 55: potential IF underweighting
[2026-01-13T17:22:58.204563] High prop at exactly tau (0.99) at rel_day 56: potential IF underweighting
[2026-01-13T17:23:10.988053] High prop at exactly tau (0.99) at rel_day 57: potential IF underweighting
[2026-01-13T17:23:23.820240] High prop at exactly tau (0.99) at rel_day 58: potential IF underweighting
[2026-01-13T17:23:36.625079] High prop at exactly tau (0.99) at rel_day 59: potential IF underweighting
[2026-01-13T17:23:49.537920] High prop at exactly tau (0.99) at rel_day 60: potential IF underweighting
[2026-01-13T17:24:02.316045] High prop at exactly tau (0.99) at rel_day 61: potential IF underweighting
[2026-01-13T17:24:15.104927] High prop at exactly tau (0.99) at rel_day 62: potential IF underweighting
[2026-01-13T17:24:27.888184] High prop at exactly tau (0.99) at rel_day 63: potential IF underweighting
[2026-01-13T17:24:40.619296] High prop at exactly tau (0.99) at rel_day 64: potential IF underweighting
[2026-01-13T17:24:53.386852] High prop at exactly tau (0.99) at rel_day 65: potential IF underweighting
[2026-01-13T17:25:06.154408] High prop at exactly tau (0.99) at rel_day 66: potential IF underweighting
[2026-01-13T17:25:18.913984] High prop at exactly tau (0.99) at rel_day 67: potential IF underweighting
[2026-01-13T17:25:31.673460] High prop at exactly tau (0.99) at rel_day 68: potential IF underweighting
[2026-01-13T17:25:44.423574] High prop at exactly tau (0.99) at rel_day 69: potential IF underweighting
[2026-01-13T17:25:57.179126] High prop at exactly tau (0.99) at rel_day 70: potential IF underweighting
[2026-01-13T17:26:09.933105] High prop at exactly tau (0.99) at rel_day 71: potential IF underweighting
[2026-01-13T17:26:22.696187] High prop at exactly tau (0.99) at rel_day 72: potential IF underweighting
[2026-01-13T17:26:35.477019] High prop at exactly tau (0.99) at rel_day 73: potential IF underweighting
[2026-01-13T17:26:48.267504] High prop at exactly tau (0.99) at rel_day 74: potential IF underweighting
[2026-01-13T17:27:01.102929] High prop at exactly tau (0.99) at rel_day 75: potential IF underweighting
[2026-01-13T17:27:13.858070] High prop at exactly tau (0.99) at rel_day 76: potential IF underweighting
[2026-01-13T17:27:26.597250] High prop at exactly tau (0.99) at rel_day 77: potential IF underweighting
[2026-01-13T17:27:39.332551] High prop at exactly tau (0.99) at rel_day 78: potential IF underweighting
[2026-01-13T17:27:52.113920] High prop at exactly tau (0.99) at rel_day 79: potential IF underweighting
[2026-01-13T17:28:04.888341] High prop at exactly tau (0.99) at rel_day 80: potential IF underweighting
[2026-01-13T17:28:17.634506] High prop at exactly tau (0.99) at rel_day 81: potential IF underweighting
[2026-01-13T17:28:30.363315] High prop at exactly tau (0.99) at rel_day 82: potential IF underweighting
[2026-01-13T17:28:43.083650] High prop at exactly tau (0.99) at rel_day 83: potential IF underweighting
[2026-01-13T17:28:55.816385] High prop at exactly tau (0.99) at rel_day 84: potential IF underweighting
[2026-01-13T17:29:08.542996] High prop at exactly tau (0.99) at rel_day 85: potential IF underweighting
[2026-01-13T17:29:21.254033] High prop at exactly tau (0.99) at rel_day 86: potential IF underweighting
[2026-01-13T17:29:33.974843] High prop at exactly tau (0.99) at rel_day 87: potential IF underweighting
[2026-01-13T17:29:46.678688] High prop at exactly tau (0.99) at rel_day 88: potential IF underweighting
[2026-01-13T17:29:59.405844] High prop at exactly tau (0.99) at rel_day 89: potential IF underweighting
[2026-01-13T17:30:12.136645] High prop at exactly tau (0.99) at rel_day 90: potential IF underweighting
[2026-01-13T17:30:36.199690] RMST conditions on survival to calendar_day — deliberate for definition, see method docs.
[2026-01-13T17:30:36.471782] High prop at exactly tau (1.00) at rel_day -30: potential IF underweighting
[2026-01-13T17:30:51.130073] High prop at exactly tau (1.00) at rel_day -29: potential IF underweighting
[2026-01-13T17:31:04.079119] High prop at exactly tau (1.00) at rel_day -28: potential IF underweighting
[2026-01-13T17:31:17.980770] High prop at exactly tau (1.00) at rel_day -27: potential IF underweighting
[2026-01-13T17:31:30.980518] High prop at exactly tau (1.00) at rel_day -26: potential IF underweighting
[2026-01-13T17:31:44.206189] High prop at exactly tau (1.00) at rel_day -25: potential IF underweighting
[2026-01-13T17:31:57.123634] High prop at exactly tau (1.00) at rel_day -24: potential IF underweighting
[2026-01-13T17:32:10.109091] High prop at exactly tau (1.00) at rel_day -23: potential IF underweighting
[2026-01-13T17:32:23.141473] High prop at exactly tau (1.00) at rel_day -22: potential IF underweighting
[2026-01-13T17:32:36.050581] High prop at exactly tau (1.00) at rel_day -21: potential IF underweighting
[2026-01-13T17:32:48.946168] High prop at exactly tau (1.00) at rel_day -20: potential IF underweighting
[2026-01-13T17:33:01.852707] High prop at exactly tau (1.00) at rel_day -19: potential IF underweighting
[2026-01-13T17:33:14.708910] High prop at exactly tau (1.00) at rel_day -18: potential IF underweighting
[2026-01-13T17:33:27.570593] High prop at exactly tau (1.00) at rel_day -17: potential IF underweighting
[2026-01-13T17:33:40.430769] High prop at exactly tau (1.00) at rel_day -16: potential IF underweighting
[2026-01-13T17:33:53.300793] High prop at exactly tau (1.00) at rel_day -15: potential IF underweighting
[2026-01-13T17:34:06.186184] High prop at exactly tau (1.00) at rel_day -14: potential IF underweighting
[2026-01-13T17:34:19.114150] High prop at exactly tau (1.00) at rel_day -13: potential IF underweighting
[2026-01-13T17:34:32.003396] High prop at exactly tau (1.00) at rel_day -12: potential IF underweighting
[2026-01-13T17:34:44.862663] High prop at exactly tau (1.00) at rel_day -11: potential IF underweighting
[2026-01-13T17:34:57.735943] High prop at exactly tau (1.00) at rel_day -10: potential IF underweighting
[2026-01-13T17:35:10.631101] High prop at exactly tau (1.00) at rel_day -9: potential IF underweighting
[2026-01-13T17:35:23.490779] High prop at exactly tau (1.00) at rel_day -8: potential IF underweighting
[2026-01-13T17:35:36.361559] High prop at exactly tau (1.00) at rel_day -7: potential IF underweighting
[2026-01-13T17:35:49.248638] High prop at exactly tau (1.00) at rel_day -6: potential IF underweighting
[2026-01-13T17:36:02.136010] High prop at exactly tau (1.00) at rel_day -5: potential IF underweighting
[2026-01-13T17:36:14.998598] High prop at exactly tau (1.00) at rel_day -4: potential IF underweighting
[2026-01-13T17:36:27.888627] High prop at exactly tau (1.00) at rel_day -3: potential IF underweighting
[2026-01-13T17:36:40.767038] High prop at exactly tau (1.00) at rel_day -2: potential IF underweighting
[2026-01-13T17:36:53.677152] High prop at exactly tau (1.00) at rel_day -1: potential IF underweighting
[2026-01-13T17:37:06.556110] High prop at exactly tau (1.00) at rel_day 0: potential IF underweighting
[2026-01-13T17:37:19.441919] High prop at exactly tau (1.00) at rel_day 1: potential IF underweighting
[2026-01-13T17:37:32.322892] High prop at exactly tau (1.00) at rel_day 2: potential IF underweighting
[2026-01-13T17:37:45.243158] High prop at exactly tau (1.00) at rel_day 3: potential IF underweighting
[2026-01-13T17:37:58.097653] High prop at exactly tau (1.00) at rel_day 4: potential IF underweighting
[2026-01-13T17:38:10.957967] High prop at exactly tau (1.00) at rel_day 5: potential IF underweighting
[2026-01-13T17:38:23.823592] High prop at exactly tau (1.00) at rel_day 6: potential IF underweighting
[2026-01-13T17:38:36.685952] High prop at exactly tau (1.00) at rel_day 7: potential IF underweighting
[2026-01-13T17:38:49.538318] High prop at exactly tau (1.00) at rel_day 8: potential IF underweighting
[2026-01-13T17:39:02.412996] High prop at exactly tau (1.00) at rel_day 9: potential IF underweighting
[2026-01-13T17:39:15.260469] High prop at exactly tau (1.00) at rel_day 10: potential IF underweighting
[2026-01-13T17:39:28.093030] High prop at exactly tau (1.00) at rel_day 11: potential IF underweighting
[2026-01-13T17:39:40.935650] High prop at exactly tau (1.00) at rel_day 12: potential IF underweighting
[2026-01-13T17:39:53.795084] High prop at exactly tau (1.00) at rel_day 13: potential IF underweighting
[2026-01-13T17:40:06.663054] High prop at exactly tau (1.00) at rel_day 14: potential IF underweighting
[2026-01-13T17:40:19.541454] High prop at exactly tau (1.00) at rel_day 15: potential IF underweighting
[2026-01-13T17:40:32.435337] High prop at exactly tau (1.00) at rel_day 16: potential IF underweighting
[2026-01-13T17:40:45.289278] High prop at exactly tau (1.00) at rel_day 17: potential IF underweighting
[2026-01-13T17:40:58.152669] High prop at exactly tau (1.00) at rel_day 18: potential IF underweighting
[2026-01-13T17:41:10.999498] High prop at exactly tau (1.00) at rel_day 19: potential IF underweighting
[2026-01-13T17:41:23.841796] High prop at exactly tau (1.00) at rel_day 20: potential IF underweighting
[2026-01-13T17:41:36.682698] High prop at exactly tau (1.00) at rel_day 21: potential IF underweighting
[2026-01-13T17:41:49.545342] High prop at exactly tau (1.00) at rel_day 22: potential IF underweighting
[2026-01-13T17:42:02.382105] High prop at exactly tau (1.00) at rel_day 23: potential IF underweighting
[2026-01-13T17:42:15.219964] High prop at exactly tau (1.00) at rel_day 24: potential IF underweighting
[2026-01-13T17:42:28.035642] High prop at exactly tau (1.00) at rel_day 25: potential IF underweighting
[2026-01-13T17:42:40.858599] High prop at exactly tau (1.00) at rel_day 26: potential IF underweighting
[2026-01-13T17:42:53.683199] High prop at exactly tau (1.00) at rel_day 27: potential IF underweighting
[2026-01-13T17:43:06.492204] High prop at exactly tau (1.00) at rel_day 28: potential IF underweighting
[2026-01-13T17:43:19.304179] High prop at exactly tau (1.00) at rel_day 29: potential IF underweighting
[2026-01-13T17:43:32.126417] High prop at exactly tau (1.00) at rel_day 30: potential IF underweighting
[2026-01-13T17:43:45.076225] High prop at exactly tau (1.00) at rel_day 31: potential IF underweighting
[2026-01-13T17:43:57.877972] High prop at exactly tau (1.00) at rel_day 32: potential IF underweighting
[2026-01-13T17:44:10.695383] High prop at exactly tau (1.00) at rel_day 33: potential IF underweighting
[2026-01-13T17:44:23.516529] High prop at exactly tau (1.00) at rel_day 34: potential IF underweighting
[2026-01-13T17:44:36.315283] High prop at exactly tau (1.00) at rel_day 35: potential IF underweighting
[2026-01-13T17:44:49.128429] High prop at exactly tau (1.00) at rel_day 36: potential IF underweighting
[2026-01-13T17:45:01.954992] High prop at exactly tau (1.00) at rel_day 37: potential IF underweighting
[2026-01-13T17:45:14.774247] High prop at exactly tau (1.00) at rel_day 38: potential IF underweighting
[2026-01-13T17:45:27.594885] High prop at exactly tau (1.00) at rel_day 39: potential IF underweighting
[2026-01-13T17:45:40.386760] High prop at exactly tau (1.00) at rel_day 40: potential IF underweighting
[2026-01-13T17:45:53.200896] High prop at exactly tau (1.00) at rel_day 41: potential IF underweighting
[2026-01-13T17:46:06.004998] High prop at exactly tau (1.00) at rel_day 42: potential IF underweighting
[2026-01-13T17:46:19.930759] High prop at exactly tau (1.00) at rel_day 43: potential IF underweighting
[2026-01-13T17:46:32.751745] High prop at exactly tau (1.00) at rel_day 44: potential IF underweighting
[2026-01-13T17:46:45.604200] High prop at exactly tau (1.00) at rel_day 45: potential IF underweighting
[2026-01-13T17:46:58.392004] High prop at exactly tau (1.00) at rel_day 46: potential IF underweighting
[2026-01-13T17:47:11.199979] High prop at exactly tau (1.00) at rel_day 47: potential IF underweighting
[2026-01-13T17:47:23.990024] High prop at exactly tau (1.00) at rel_day 48: potential IF underweighting
[2026-01-13T17:47:36.772705] High prop at exactly tau (1.00) at rel_day 49: potential IF underweighting
[2026-01-13T17:47:49.550452] High prop at exactly tau (1.00) at rel_day 50: potential IF underweighting
[2026-01-13T17:48:02.379666] High prop at exactly tau (1.00) at rel_day 51: potential IF underweighting
[2026-01-13T17:48:15.247778] High prop at exactly tau (0.99) at rel_day 52: potential IF underweighting
[2026-01-13T17:48:28.030394] High prop at exactly tau (0.99) at rel_day 53: potential IF underweighting
[2026-01-13T17:48:40.791478] High prop at exactly tau (0.99) at rel_day 54: potential IF underweighting
[2026-01-13T17:48:53.574917] High prop at exactly tau (0.99) at rel_day 55: potential IF underweighting
[2026-01-13T17:49:06.347640] High prop at exactly tau (0.99) at rel_day 56: potential IF underweighting
[2026-01-13T17:49:19.137358] High prop at exactly tau (0.99) at rel_day 57: potential IF underweighting
[2026-01-13T17:49:31.924074] High prop at exactly tau (0.99) at rel_day 58: potential IF underweighting
[2026-01-13T17:49:44.704924] High prop at exactly tau (0.99) at rel_day 59: potential IF underweighting
[2026-01-13T17:49:57.474041] High prop at exactly tau (0.99) at rel_day 60: potential IF underweighting
[2026-01-13T17:50:10.264196] High prop at exactly tau (0.99) at rel_day 61: potential IF underweighting
[2026-01-13T17:50:23.058110] High prop at exactly tau (0.99) at rel_day 62: potential IF underweighting
[2026-01-13T17:50:35.823146] High prop at exactly tau (0.99) at rel_day 63: potential IF underweighting
[2026-01-13T17:50:48.610375] High prop at exactly tau (0.99) at rel_day 64: potential IF underweighting
[2026-01-13T17:51:01.418995] High prop at exactly tau (0.99) at rel_day 65: potential IF underweighting
[2026-01-13T17:51:14.190203] High prop at exactly tau (0.99) at rel_day 66: potential IF underweighting
[2026-01-13T17:51:26.981829] High prop at exactly tau (0.99) at rel_day 67: potential IF underweighting
[2026-01-13T17:51:39.735301] High prop at exactly tau (0.99) at rel_day 68: potential IF underweighting
[2026-01-13T17:51:52.526995] High prop at exactly tau (0.99) at rel_day 69: potential IF underweighting
[2026-01-13T17:52:05.279660] High prop at exactly tau (0.99) at rel_day 70: potential IF underweighting
[2026-01-13T17:52:18.031255] High prop at exactly tau (0.99) at rel_day 71: potential IF underweighting
[2026-01-13T17:52:30.788008] High prop at exactly tau (0.99) at rel_day 72: potential IF underweighting
[2026-01-13T17:52:43.544812] High prop at exactly tau (0.99) at rel_day 73: potential IF underweighting
[2026-01-13T17:52:56.297500] High prop at exactly tau (0.99) at rel_day 74: potential IF underweighting
[2026-01-13T17:53:09.047235] High prop at exactly tau (0.99) at rel_day 75: potential IF underweighting
[2026-01-13T17:53:21.780426] High prop at exactly tau (0.99) at rel_day 76: potential IF underweighting
[2026-01-13T17:53:34.540983] High prop at exactly tau (0.99) at rel_day 77: potential IF underweighting
[2026-01-13T17:53:47.282953] High prop at exactly tau (0.99) at rel_day 78: potential IF underweighting
[2026-01-13T17:54:00.031262] High prop at exactly tau (0.99) at rel_day 79: potential IF underweighting
[2026-01-13T17:54:12.761710] High prop at exactly tau (0.99) at rel_day 80: potential IF underweighting
[2026-01-13T17:54:25.499325] High prop at exactly tau (0.99) at rel_day 81: potential IF underweighting
[2026-01-13T17:54:38.222855] High prop at exactly tau (0.99) at rel_day 82: potential IF underweighting
[2026-01-13T17:54:50.969048] High prop at exactly tau (0.99) at rel_day 83: potential IF underweighting
[2026-01-13T17:55:03.754765] High prop at exactly tau (0.99) at rel_day 84: potential IF underweighting
[2026-01-13T17:55:16.493860] High prop at exactly tau (0.99) at rel_day 85: potential IF underweighting
[2026-01-13T17:55:29.215782] High prop at exactly tau (0.99) at rel_day 86: potential IF underweighting
[2026-01-13T17:55:41.931613] High prop at exactly tau (0.99) at rel_day 87: potential IF underweighting
[2026-01-13T17:55:54.644406] High prop at exactly tau (0.99) at rel_day 88: potential IF underweighting
[2026-01-13T17:56:07.360912] High prop at exactly tau (0.99) at rel_day 89: potential IF underweighting
[2026-01-13T17:56:20.045672] High prop at exactly tau (0.99) at rel_day 90: potential IF underweighting
[2026-01-13T17:56:43.970385] RMST conditions on survival to calendar_day — deliberate for definition, see method docs.
[2026-01-13T17:56:44.228104] High prop at exactly tau (1.00) at rel_day -30: potential IF underweighting
[2026-01-13T17:56:58.856684] High prop at exactly tau (1.00) at rel_day -29: potential IF underweighting
[2026-01-13T17:57:11.780424] High prop at exactly tau (1.00) at rel_day -28: potential IF underweighting
[2026-01-13T17:57:24.634601] High prop at exactly tau (1.00) at rel_day -27: potential IF underweighting
[2026-01-13T17:57:37.508672] High prop at exactly tau (1.00) at rel_day -26: potential IF underweighting
[2026-01-13T17:57:50.700631] High prop at exactly tau (1.00) at rel_day -25: potential IF underweighting
[2026-01-13T17:58:03.554920] High prop at exactly tau (1.00) at rel_day -24: potential IF underweighting
[2026-01-13T17:58:16.411815] High prop at exactly tau (1.00) at rel_day -23: potential IF underweighting
[2026-01-13T17:58:29.241471] High prop at exactly tau (1.00) at rel_day -22: potential IF underweighting
[2026-01-13T17:58:42.060060] High prop at exactly tau (1.00) at rel_day -21: potential IF underweighting
[2026-01-13T17:58:54.889642] High prop at exactly tau (1.00) at rel_day -20: potential IF underweighting
[2026-01-13T17:59:07.722915] High prop at exactly tau (1.00) at rel_day -19: potential IF underweighting
[2026-01-13T17:59:20.633418] High prop at exactly tau (1.00) at rel_day -18: potential IF underweighting
[2026-01-13T17:59:33.484793] High prop at exactly tau (1.00) at rel_day -17: potential IF underweighting
[2026-01-13T17:59:46.327520] High prop at exactly tau (1.00) at rel_day -16: potential IF underweighting
[2026-01-13T17:59:59.174408] High prop at exactly tau (1.00) at rel_day -15: potential IF underweighting
[2026-01-13T18:00:12.038918] High prop at exactly tau (1.00) at rel_day -14: potential IF underweighting
[2026-01-13T18:00:24.889246] High prop at exactly tau (1.00) at rel_day -13: potential IF underweighting
[2026-01-13T18:00:37.752663] High prop at exactly tau (1.00) at rel_day -12: potential IF underweighting
[2026-01-13T18:00:50.629185] High prop at exactly tau (1.00) at rel_day -11: potential IF underweighting
[2026-01-13T18:01:03.470040] High prop at exactly tau (1.00) at rel_day -10: potential IF underweighting
[2026-01-13T18:01:16.806409] High prop at exactly tau (1.00) at rel_day -9: potential IF underweighting
[2026-01-13T18:01:31.332413] High prop at exactly tau (1.00) at rel_day -8: potential IF underweighting
[2026-01-13T18:01:44.253327] High prop at exactly tau (1.00) at rel_day -7: potential IF underweighting
[2026-01-13T18:01:57.149971] High prop at exactly tau (1.00) at rel_day -6: potential IF underweighting
[2026-01-13T18:02:09.997836] High prop at exactly tau (1.00) at rel_day -5: potential IF underweighting
[2026-01-13T18:02:22.871530] High prop at exactly tau (1.00) at rel_day -4: potential IF underweighting
[2026-01-13T18:02:35.746620] High prop at exactly tau (1.00) at rel_day -3: potential IF underweighting
[2026-01-13T18:02:48.601173] High prop at exactly tau (1.00) at rel_day -2: potential IF underweighting
[2026-01-13T18:03:01.483809] High prop at exactly tau (1.00) at rel_day -1: potential IF underweighting
[2026-01-13T18:03:14.320719] High prop at exactly tau (1.00) at rel_day 0: potential IF underweighting
[2026-01-13T18:03:27.189290] High prop at exactly tau (1.00) at rel_day 1: potential IF underweighting
[2026-01-13T18:03:40.042360] High prop at exactly tau (1.00) at rel_day 2: potential IF underweighting
[2026-01-13T18:03:52.899881] High prop at exactly tau (1.00) at rel_day 3: potential IF underweighting
[2026-01-13T18:04:05.746923] High prop at exactly tau (1.00) at rel_day 4: potential IF underweighting
[2026-01-13T18:04:18.588785] High prop at exactly tau (1.00) at rel_day 5: potential IF underweighting
[2026-01-13T18:04:31.465616] High prop at exactly tau (1.00) at rel_day 6: potential IF underweighting
[2026-01-13T18:04:44.326376] High prop at exactly tau (1.00) at rel_day 7: potential IF underweighting
[2026-01-13T18:04:57.208903] High prop at exactly tau (1.00) at rel_day 8: potential IF underweighting
[2026-01-13T18:05:10.058128] High prop at exactly tau (1.00) at rel_day 9: potential IF underweighting
[2026-01-13T18:05:22.905830] High prop at exactly tau (1.00) at rel_day 10: potential IF underweighting
[2026-01-13T18:05:35.721091] High prop at exactly tau (1.00) at rel_day 11: potential IF underweighting
[2026-01-13T18:05:48.578005] High prop at exactly tau (1.00) at rel_day 12: potential IF underweighting
[2026-01-13T18:06:01.421433] High prop at exactly tau (1.00) at rel_day 13: potential IF underweighting
[2026-01-13T18:06:14.256958] High prop at exactly tau (1.00) at rel_day 14: potential IF underweighting
[2026-01-13T18:06:27.083527] High prop at exactly tau (1.00) at rel_day 15: potential IF underweighting
[2026-01-13T18:06:39.893424] High prop at exactly tau (1.00) at rel_day 16: potential IF underweighting
[2026-01-13T18:06:52.721151] High prop at exactly tau (1.00) at rel_day 17: potential IF underweighting
[2026-01-13T18:07:05.546471] High prop at exactly tau (1.00) at rel_day 18: potential IF underweighting
[2026-01-13T18:07:18.345615] High prop at exactly tau (1.00) at rel_day 19: potential IF underweighting
[2026-01-13T18:07:31.150552] High prop at exactly tau (1.00) at rel_day 20: potential IF underweighting
[2026-01-13T18:07:43.976887] High prop at exactly tau (1.00) at rel_day 21: potential IF underweighting
[2026-01-13T18:07:56.772338] High prop at exactly tau (1.00) at rel_day 22: potential IF underweighting
[2026-01-13T18:08:09.596464] High prop at exactly tau (1.00) at rel_day 23: potential IF underweighting
[2026-01-13T18:08:22.394482] High prop at exactly tau (1.00) at rel_day 24: potential IF underweighting
[2026-01-13T18:08:35.176713] High prop at exactly tau (1.00) at rel_day 25: potential IF underweighting
[2026-01-13T18:08:47.998243] High prop at exactly tau (1.00) at rel_day 26: potential IF underweighting
[2026-01-13T18:09:00.800835] High prop at exactly tau (1.00) at rel_day 27: potential IF underweighting
[2026-01-13T18:09:13.590327] High prop at exactly tau (1.00) at rel_day 28: potential IF underweighting
[2026-01-13T18:09:26.386211] High prop at exactly tau (1.00) at rel_day 29: potential IF underweighting
[2026-01-13T18:09:39.191915] High prop at exactly tau (1.00) at rel_day 30: potential IF underweighting
[2026-01-13T18:09:52.015185] High prop at exactly tau (1.00) at rel_day 31: potential IF underweighting
[2026-01-13T18:10:04.820530] High prop at exactly tau (1.00) at rel_day 32: potential IF underweighting
[2026-01-13T18:10:17.609255] High prop at exactly tau (1.00) at rel_day 33: potential IF underweighting
[2026-01-13T18:10:30.399407] High prop at exactly tau (1.00) at rel_day 34: potential IF underweighting
[2026-01-13T18:10:43.191594] High prop at exactly tau (1.00) at rel_day 35: potential IF underweighting
[2026-01-13T18:10:56.000675] High prop at exactly tau (1.00) at rel_day 36: potential IF underweighting
[2026-01-13T18:11:08.824441] High prop at exactly tau (1.00) at rel_day 37: potential IF underweighting
[2026-01-13T18:11:21.619850] High prop at exactly tau (1.00) at rel_day 38: potential IF underweighting
[2026-01-13T18:11:34.409292] High prop at exactly tau (1.00) at rel_day 39: potential IF underweighting
[2026-01-13T18:11:47.239654] High prop at exactly tau (1.00) at rel_day 40: potential IF underweighting
[2026-01-13T18:12:00.071331] High prop at exactly tau (1.00) at rel_day 41: potential IF underweighting
[2026-01-13T18:12:13.300486] High prop at exactly tau (1.00) at rel_day 42: potential IF underweighting
[2026-01-13T18:12:26.111947] High prop at exactly tau (1.00) at rel_day 43: potential IF underweighting
[2026-01-13T18:12:38.893100] High prop at exactly tau (1.00) at rel_day 44: potential IF underweighting
[2026-01-13T18:12:51.701513] High prop at exactly tau (1.00) at rel_day 45: potential IF underweighting
[2026-01-13T18:13:04.482882] High prop at exactly tau (1.00) at rel_day 46: potential IF underweighting
[2026-01-13T18:13:17.283125] High prop at exactly tau (1.00) at rel_day 47: potential IF underweighting
[2026-01-13T18:13:30.073752] High prop at exactly tau (1.00) at rel_day 48: potential IF underweighting
[2026-01-13T18:13:42.935872] High prop at exactly tau (1.00) at rel_day 49: potential IF underweighting
[2026-01-13T18:13:55.720476] High prop at exactly tau (1.00) at rel_day 50: potential IF underweighting
[2026-01-13T18:14:08.562993] High prop at exactly tau (1.00) at rel_day 51: potential IF underweighting
[2026-01-13T18:14:21.368493] High prop at exactly tau (0.99) at rel_day 52: potential IF underweighting
[2026-01-13T18:14:34.130335] High prop at exactly tau (0.99) at rel_day 53: potential IF underweighting
[2026-01-13T18:14:46.910404] High prop at exactly tau (0.99) at rel_day 54: potential IF underweighting
[2026-01-13T18:14:59.671740] High prop at exactly tau (0.99) at rel_day 55: potential IF underweighting
[2026-01-13T18:15:12.440377] High prop at exactly tau (0.99) at rel_day 56: potential IF underweighting
[2026-01-13T18:15:25.200416] High prop at exactly tau (0.99) at rel_day 57: potential IF underweighting
[2026-01-13T18:15:37.973004] High prop at exactly tau (0.99) at rel_day 58: potential IF underweighting
[2026-01-13T18:15:50.748074] High prop at exactly tau (0.99) at rel_day 59: potential IF underweighting
[2026-01-13T18:16:03.507294] High prop at exactly tau (0.99) at rel_day 60: potential IF underweighting
[2026-01-13T18:16:16.267396] High prop at exactly tau (0.99) at rel_day 61: potential IF underweighting
[2026-01-13T18:16:29.605661] High prop at exactly tau (0.99) at rel_day 62: potential IF underweighting
[2026-01-13T18:16:42.381016] High prop at exactly tau (0.99) at rel_day 63: potential IF underweighting
[2026-01-13T18:16:55.157631] High prop at exactly tau (0.99) at rel_day 64: potential IF underweighting
[2026-01-13T18:17:07.915466] High prop at exactly tau (0.99) at rel_day 65: potential IF underweighting
[2026-01-13T18:17:20.641056] High prop at exactly tau (0.99) at rel_day 66: potential IF underweighting
[2026-01-13T18:17:33.387014] High prop at exactly tau (0.99) at rel_day 67: potential IF underweighting
[2026-01-13T18:17:46.122690] High prop at exactly tau (0.99) at rel_day 68: potential IF underweighting
[2026-01-13T18:17:58.868753] High prop at exactly tau (0.99) at rel_day 69: potential IF underweighting
[2026-01-13T18:18:11.627245] High prop at exactly tau (0.99) at rel_day 70: potential IF underweighting
[2026-01-13T18:18:24.365964] High prop at exactly tau (0.99) at rel_day 71: potential IF underweighting
[2026-01-13T18:18:37.086761] High prop at exactly tau (0.99) at rel_day 72: potential IF underweighting
[2026-01-13T18:18:49.811297] High prop at exactly tau (0.99) at rel_day 73: potential IF underweighting
[2026-01-13T18:19:02.536966] High prop at exactly tau (0.99) at rel_day 74: potential IF underweighting
[2026-01-13T18:19:15.257816] High prop at exactly tau (0.99) at rel_day 75: potential IF underweighting
[2026-01-13T18:19:27.988750] High prop at exactly tau (0.99) at rel_day 76: potential IF underweighting
[2026-01-13T18:19:40.717225] High prop at exactly tau (0.99) at rel_day 77: potential IF underweighting
[2026-01-13T18:19:53.426693] High prop at exactly tau (0.99) at rel_day 78: potential IF underweighting
[2026-01-13T18:20:06.167820] High prop at exactly tau (0.99) at rel_day 79: potential IF underweighting
[2026-01-13T18:20:18.868921] High prop at exactly tau (0.99) at rel_day 80: potential IF underweighting
[2026-01-13T18:20:31.652783] High prop at exactly tau (0.99) at rel_day 81: potential IF underweighting
[2026-01-13T18:20:44.379226] High prop at exactly tau (0.99) at rel_day 82: potential IF underweighting
[2026-01-13T18:20:58.018980] High prop at exactly tau (0.99) at rel_day 83: potential IF underweighting
[2026-01-13T18:21:10.734458] High prop at exactly tau (0.99) at rel_day 84: potential IF underweighting
[2026-01-13T18:21:23.549387] High prop at exactly tau (0.99) at rel_day 85: potential IF underweighting
[2026-01-13T18:21:36.293320] High prop at exactly tau (0.99) at rel_day 86: potential IF underweighting
[2026-01-13T18:21:49.073783] High prop at exactly tau (0.99) at rel_day 87: potential IF underweighting
[2026-01-13T18:22:01.868632] High prop at exactly tau (0.99) at rel_day 88: potential IF underweighting
[2026-01-13T18:22:14.597270] High prop at exactly tau (0.99) at rel_day 89: potential IF underweighting
[2026-01-13T18:22:27.281826] High prop at exactly tau (0.99) at rel_day 90: potential IF underweighting
[2026-01-13T18:22:51.557476] RMST conditions on survival to calendar_day — deliberate for definition, see method docs.
[2026-01-13T18:22:51.814545] High prop at exactly tau (1.00) at rel_day -30: potential IF underweighting
[2026-01-13T18:23:06.174408] High prop at exactly tau (1.00) at rel_day -29: potential IF underweighting
[2026-01-13T18:23:19.085795] High prop at exactly tau (1.00) at rel_day -28: potential IF underweighting
[2026-01-13T18:23:32.000590] High prop at exactly tau (1.00) at rel_day -27: potential IF underweighting
[2026-01-13T18:23:44.881809] High prop at exactly tau (1.00) at rel_day -26: potential IF underweighting
[2026-01-13T18:23:57.980441] High prop at exactly tau (1.00) at rel_day -25: potential IF underweighting
[2026-01-13T18:24:10.856772] High prop at exactly tau (1.00) at rel_day -24: potential IF underweighting
[2026-01-13T18:24:23.834887] High prop at exactly tau (1.00) at rel_day -23: potential IF underweighting
[2026-01-13T18:24:36.710370] High prop at exactly tau (1.00) at rel_day -22: potential IF underweighting
[2026-01-13T18:24:49.585212] High prop at exactly tau (1.00) at rel_day -21: potential IF underweighting
[2026-01-13T18:25:02.453943] High prop at exactly tau (1.00) at rel_day -20: potential IF underweighting
[2026-01-13T18:25:15.313756] High prop at exactly tau (1.00) at rel_day -19: potential IF underweighting
[2026-01-13T18:25:28.204105] High prop at exactly tau (1.00) at rel_day -18: potential IF underweighting
[2026-01-13T18:25:41.106778] High prop at exactly tau (1.00) at rel_day -17: potential IF underweighting
[2026-01-13T18:25:54.003849] High prop at exactly tau (1.00) at rel_day -16: potential IF underweighting
[2026-01-13T18:26:06.941966] High prop at exactly tau (1.00) at rel_day -15: potential IF underweighting
[2026-01-13T18:26:19.841066] High prop at exactly tau (1.00) at rel_day -14: potential IF underweighting
[2026-01-13T18:26:32.734660] High prop at exactly tau (1.00) at rel_day -13: potential IF underweighting
[2026-01-13T18:26:45.649506] High prop at exactly tau (1.00) at rel_day -12: potential IF underweighting
[2026-01-13T18:26:58.570093] High prop at exactly tau (1.00) at rel_day -11: potential IF underweighting
[2026-01-13T18:27:11.460564] High prop at exactly tau (1.00) at rel_day -10: potential IF underweighting
[2026-01-13T18:27:24.358190] High prop at exactly tau (1.00) at rel_day -9: potential IF underweighting
[2026-01-13T18:27:37.254064] High prop at exactly tau (1.00) at rel_day -8: potential IF underweighting
[2026-01-13T18:27:50.411312] High prop at exactly tau (1.00) at rel_day -7: potential IF underweighting
[2026-01-13T18:28:03.358077] High prop at exactly tau (1.00) at rel_day -6: potential IF underweighting
[2026-01-13T18:28:16.231777] High prop at exactly tau (1.00) at rel_day -5: potential IF underweighting
[2026-01-13T18:28:29.106914] High prop at exactly tau (1.00) at rel_day -4: potential IF underweighting
[2026-01-13T18:28:41.979519] High prop at exactly tau (1.00) at rel_day -3: potential IF underweighting
[2026-01-13T18:28:54.849064] High prop at exactly tau (1.00) at rel_day -2: potential IF underweighting
[2026-01-13T18:29:07.758576] High prop at exactly tau (1.00) at rel_day -1: potential IF underweighting
[2026-01-13T18:29:20.698236] High prop at exactly tau (1.00) at rel_day 0: potential IF underweighting
[2026-01-13T18:29:33.561932] High prop at exactly tau (1.00) at rel_day 1: potential IF underweighting
[2026-01-13T18:29:46.448069] High prop at exactly tau (1.00) at rel_day 2: potential IF underweighting
[2026-01-13T18:29:59.335438] High prop at exactly tau (1.00) at rel_day 3: potential IF underweighting
[2026-01-13T18:30:12.181241] High prop at exactly tau (1.00) at rel_day 4: potential IF underweighting
[2026-01-13T18:30:25.066711] High prop at exactly tau (1.00) at rel_day 5: potential IF underweighting
[2026-01-13T18:30:37.957053] High prop at exactly tau (1.00) at rel_day 6: potential IF underweighting
[2026-01-13T18:30:50.867136] High prop at exactly tau (1.00) at rel_day 7: potential IF underweighting
[2026-01-13T18:31:03.739272] High prop at exactly tau (1.00) at rel_day 8: potential IF underweighting
[2026-01-13T18:31:16.674808] High prop at exactly tau (1.00) at rel_day 9: potential IF underweighting
[2026-01-13T18:31:30.947573] High prop at exactly tau (1.00) at rel_day 10: potential IF underweighting
[2026-01-13T18:31:43.930446] High prop at exactly tau (1.00) at rel_day 11: potential IF underweighting
[2026-01-13T18:31:56.793242] High prop at exactly tau (1.00) at rel_day 12: potential IF underweighting
[2026-01-13T18:32:09.684032] High prop at exactly tau (1.00) at rel_day 13: potential IF underweighting
[2026-01-13T18:32:22.581467] High prop at exactly tau (1.00) at rel_day 14: potential IF underweighting
[2026-01-13T18:32:35.450974] High prop at exactly tau (1.00) at rel_day 15: potential IF underweighting
[2026-01-13T18:32:48.325098] High prop at exactly tau (1.00) at rel_day 16: potential IF underweighting
[2026-01-13T18:33:01.201687] High prop at exactly tau (1.00) at rel_day 17: potential IF underweighting
[2026-01-13T18:33:14.040079] High prop at exactly tau (1.00) at rel_day 18: potential IF underweighting
[2026-01-13T18:33:26.879279] High prop at exactly tau (1.00) at rel_day 19: potential IF underweighting
[2026-01-13T18:33:39.756682] High prop at exactly tau (1.00) at rel_day 20: potential IF underweighting
[2026-01-13T18:33:52.601946] High prop at exactly tau (1.00) at rel_day 21: potential IF underweighting
[2026-01-13T18:34:05.443441] High prop at exactly tau (1.00) at rel_day 22: potential IF underweighting
[2026-01-13T18:34:18.321286] High prop at exactly tau (1.00) at rel_day 23: potential IF underweighting
[2026-01-13T18:34:31.212191] High prop at exactly tau (1.00) at rel_day 24: potential IF underweighting
[2026-01-13T18:34:44.057918] High prop at exactly tau (1.00) at rel_day 25: potential IF underweighting
[2026-01-13T18:34:56.893223] High prop at exactly tau (1.00) at rel_day 26: potential IF underweighting
[2026-01-13T18:35:09.741021] High prop at exactly tau (1.00) at rel_day 27: potential IF underweighting
[2026-01-13T18:35:22.581597] High prop at exactly tau (1.00) at rel_day 28: potential IF underweighting
[2026-01-13T18:35:35.413631] High prop at exactly tau (1.00) at rel_day 29: potential IF underweighting
[2026-01-13T18:35:48.260377] High prop at exactly tau (1.00) at rel_day 30: potential IF underweighting
[2026-01-13T18:36:01.107683] High prop at exactly tau (1.00) at rel_day 31: potential IF underweighting
[2026-01-13T18:36:13.917421] High prop at exactly tau (1.00) at rel_day 32: potential IF underweighting
[2026-01-13T18:36:26.734979] High prop at exactly tau (1.00) at rel_day 33: potential IF underweighting
[2026-01-13T18:36:39.548790] High prop at exactly tau (1.00) at rel_day 34: potential IF underweighting
[2026-01-13T18:36:52.382877] High prop at exactly tau (1.00) at rel_day 35: potential IF underweighting
[2026-01-13T18:37:05.227107] High prop at exactly tau (1.00) at rel_day 36: potential IF underweighting
[2026-01-13T18:37:18.032980] High prop at exactly tau (1.00) at rel_day 37: potential IF underweighting
[2026-01-13T18:37:30.852550] High prop at exactly tau (1.00) at rel_day 38: potential IF underweighting
[2026-01-13T18:37:43.664048] High prop at exactly tau (1.00) at rel_day 39: potential IF underweighting
[2026-01-13T18:37:56.467241] High prop at exactly tau (1.00) at rel_day 40: potential IF underweighting
[2026-01-13T18:38:09.285572] High prop at exactly tau (1.00) at rel_day 41: potential IF underweighting
[2026-01-13T18:38:22.094957] High prop at exactly tau (1.00) at rel_day 42: potential IF underweighting
[2026-01-13T18:38:34.903664] High prop at exactly tau (1.00) at rel_day 43: potential IF underweighting
[2026-01-13T18:38:47.714082] High prop at exactly tau (1.00) at rel_day 44: potential IF underweighting
[2026-01-13T18:39:00.521843] High prop at exactly tau (1.00) at rel_day 45: potential IF underweighting
[2026-01-13T18:39:13.338472] High prop at exactly tau (1.00) at rel_day 46: potential IF underweighting
[2026-01-13T18:39:26.167240] High prop at exactly tau (1.00) at rel_day 47: potential IF underweighting
[2026-01-13T18:39:38.954304] High prop at exactly tau (1.00) at rel_day 48: potential IF underweighting
[2026-01-13T18:39:51.759363] High prop at exactly tau (1.00) at rel_day 49: potential IF underweighting
[2026-01-13T18:40:04.530969] High prop at exactly tau (1.00) at rel_day 50: potential IF underweighting
[2026-01-13T18:40:17.323892] High prop at exactly tau (1.00) at rel_day 51: potential IF underweighting
[2026-01-13T18:40:30.133470] High prop at exactly tau (0.99) at rel_day 52: potential IF underweighting
[2026-01-13T18:40:42.952555] High prop at exactly tau (0.99) at rel_day 53: potential IF underweighting
[2026-01-13T18:40:55.755328] High prop at exactly tau (0.99) at rel_day 54: potential IF underweighting
[2026-01-13T18:41:08.550598] High prop at exactly tau (0.99) at rel_day 55: potential IF underweighting
[2026-01-13T18:41:21.335836] High prop at exactly tau (0.99) at rel_day 56: potential IF underweighting
[2026-01-13T18:41:34.166607] High prop at exactly tau (0.99) at rel_day 57: potential IF underweighting
[2026-01-13T18:41:47.018743] High prop at exactly tau (0.99) at rel_day 58: potential IF underweighting
[2026-01-13T18:41:59.871494] High prop at exactly tau (0.99) at rel_day 59: potential IF underweighting
[2026-01-13T18:42:12.691736] High prop at exactly tau (0.99) at rel_day 60: potential IF underweighting
[2026-01-13T18:42:25.493171] High prop at exactly tau (0.99) at rel_day 61: potential IF underweighting
[2026-01-13T18:42:38.258557] High prop at exactly tau (0.99) at rel_day 62: potential IF underweighting
[2026-01-13T18:42:51.021947] High prop at exactly tau (0.99) at rel_day 63: potential IF underweighting
[2026-01-13T18:43:03.788382] High prop at exactly tau (0.99) at rel_day 64: potential IF underweighting
[2026-01-13T18:43:16.535779] High prop at exactly tau (0.99) at rel_day 65: potential IF underweighting
[2026-01-13T18:43:29.322179] High prop at exactly tau (0.99) at rel_day 66: potential IF underweighting
[2026-01-13T18:43:42.089999] High prop at exactly tau (0.99) at rel_day 67: potential IF underweighting
[2026-01-13T18:43:54.855899] High prop at exactly tau (0.99) at rel_day 68: potential IF underweighting
[2026-01-13T18:44:07.616712] High prop at exactly tau (0.99) at rel_day 69: potential IF underweighting
[2026-01-13T18:44:20.384345] High prop at exactly tau (0.99) at rel_day 70: potential IF underweighting
[2026-01-13T18:44:33.151651] High prop at exactly tau (0.99) at rel_day 71: potential IF underweighting
[2026-01-13T18:44:45.931434] High prop at exactly tau (0.99) at rel_day 72: potential IF underweighting
[2026-01-13T18:44:58.690800] High prop at exactly tau (0.99) at rel_day 73: potential IF underweighting
[2026-01-13T18:45:11.430665] High prop at exactly tau (0.99) at rel_day 74: potential IF underweighting
[2026-01-13T18:45:24.174047] High prop at exactly tau (0.99) at rel_day 75: potential IF underweighting
[2026-01-13T18:45:36.938466] High prop at exactly tau (0.99) at rel_day 76: potential IF underweighting
[2026-01-13T18:45:49.695290] High prop at exactly tau (0.99) at rel_day 77: potential IF underweighting
[2026-01-13T18:46:02.434137] High prop at exactly tau (0.99) at rel_day 78: potential IF underweighting
[2026-01-13T18:46:15.168209] High prop at exactly tau (0.99) at rel_day 79: potential IF underweighting
[2026-01-13T18:46:27.890784] High prop at exactly tau (0.99) at rel_day 80: potential IF underweighting
[2026-01-13T18:46:41.391100] High prop at exactly tau (0.99) at rel_day 81: potential IF underweighting
[2026-01-13T18:46:54.128815] High prop at exactly tau (0.99) at rel_day 82: potential IF underweighting
[2026-01-13T18:47:06.884575] High prop at exactly tau (0.99) at rel_day 83: potential IF underweighting
[2026-01-13T18:47:19.630195] High prop at exactly tau (0.99) at rel_day 84: potential IF underweighting
[2026-01-13T18:47:32.371157] High prop at exactly tau (0.99) at rel_day 85: potential IF underweighting
[2026-01-13T18:47:45.070364] High prop at exactly tau (0.99) at rel_day 86: potential IF underweighting
[2026-01-13T18:47:57.821949] High prop at exactly tau (0.99) at rel_day 87: potential IF underweighting
[2026-01-13T18:48:10.548309] High prop at exactly tau (0.99) at rel_day 88: potential IF underweighting
[2026-01-13T18:48:23.261882] High prop at exactly tau (0.99) at rel_day 89: potential IF underweighting
[2026-01-13T18:48:35.971701] High prop at exactly tau (0.99) at rel_day 90: potential IF underweighting
[2026-01-13T18:48:59.119848] RMST conditions on survival to calendar_day — deliberate for definition, see method docs.
[2026-01-13T18:48:59.352913] High prop at exactly tau (1.00) at rel_day -30: potential IF underweighting
[2026-01-13T18:49:13.116715] High prop at exactly tau (1.00) at rel_day -29: potential IF underweighting
[2026-01-13T18:49:25.974120] High prop at exactly tau (1.00) at rel_day -28: potential IF underweighting
[2026-01-13T18:49:38.827695] High prop at exactly tau (1.00) at rel_day -27: potential IF underweighting
[2026-01-13T18:49:51.666953] High prop at exactly tau (1.00) at rel_day -26: potential IF underweighting
[2026-01-13T18:50:04.526790] High prop at exactly tau (1.00) at rel_day -25: potential IF underweighting
[2026-01-13T18:50:17.356621] High prop at exactly tau (1.00) at rel_day -24: potential IF underweighting
[2026-01-13T18:50:30.235838] High prop at exactly tau (1.00) at rel_day -23: potential IF underweighting
[2026-01-13T18:50:43.071174] High prop at exactly tau (1.00) at rel_day -22: potential IF underweighting
[2026-01-13T18:50:55.991247] High prop at exactly tau (1.00) at rel_day -21: potential IF underweighting
[2026-01-13T18:51:08.899168] High prop at exactly tau (1.00) at rel_day -20: potential IF underweighting
[2026-01-13T18:51:21.754605] High prop at exactly tau (1.00) at rel_day -19: potential IF underweighting
[2026-01-13T18:51:34.599634] High prop at exactly tau (1.00) at rel_day -18: potential IF underweighting
[2026-01-13T18:51:47.459564] High prop at exactly tau (1.00) at rel_day -17: potential IF underweighting
[2026-01-13T18:52:00.328197] High prop at exactly tau (1.00) at rel_day -16: potential IF underweighting
[2026-01-13T18:52:13.203260] High prop at exactly tau (1.00) at rel_day -15: potential IF underweighting
[2026-01-13T18:52:26.075921] High prop at exactly tau (1.00) at rel_day -14: potential IF underweighting
[2026-01-13T18:52:38.934335] High prop at exactly tau (1.00) at rel_day -13: potential IF underweighting
[2026-01-13T18:52:51.821592] High prop at exactly tau (1.00) at rel_day -12: potential IF underweighting
[2026-01-13T18:53:04.694848] High prop at exactly tau (1.00) at rel_day -11: potential IF underweighting
[2026-01-13T18:53:17.545894] High prop at exactly tau (1.00) at rel_day -10: potential IF underweighting
[2026-01-13T18:53:30.403061] High prop at exactly tau (1.00) at rel_day -9: potential IF underweighting
[2026-01-13T18:53:43.254222] High prop at exactly tau (1.00) at rel_day -8: potential IF underweighting
[2026-01-13T18:53:56.118406] High prop at exactly tau (1.00) at rel_day -7: potential IF underweighting
[2026-01-13T18:54:09.003678] High prop at exactly tau (1.00) at rel_day -6: potential IF underweighting
[2026-01-13T18:54:21.882956] High prop at exactly tau (1.00) at rel_day -5: potential IF underweighting
[2026-01-13T18:54:34.732052] High prop at exactly tau (1.00) at rel_day -4: potential IF underweighting
[2026-01-13T18:54:47.591235] High prop at exactly tau (1.00) at rel_day -3: potential IF underweighting
[2026-01-13T18:55:00.488377] High prop at exactly tau (1.00) at rel_day -2: potential IF underweighting
[2026-01-13T18:55:13.357311] High prop at exactly tau (1.00) at rel_day -1: potential IF underweighting
[2026-01-13T18:55:26.230123] High prop at exactly tau (1.00) at rel_day 0: potential IF underweighting
[2026-01-13T18:55:39.095662] High prop at exactly tau (1.00) at rel_day 1: potential IF underweighting
[2026-01-13T18:55:51.958841] High prop at exactly tau (1.00) at rel_day 2: potential IF underweighting
[2026-01-13T18:56:04.820596] High prop at exactly tau (1.00) at rel_day 3: potential IF underweighting
[2026-01-13T18:56:17.663996] High prop at exactly tau (1.00) at rel_day 4: potential IF underweighting
[2026-01-13T18:56:30.484380] High prop at exactly tau (1.00) at rel_day 5: potential IF underweighting
[2026-01-13T18:56:43.328181] High prop at exactly tau (1.00) at rel_day 6: potential IF underweighting
[2026-01-13T18:56:56.195708] High prop at exactly tau (1.00) at rel_day 7: potential IF underweighting
[2026-01-13T18:57:09.052748] High prop at exactly tau (1.00) at rel_day 8: potential IF underweighting
[2026-01-13T18:57:21.904976] High prop at exactly tau (1.00) at rel_day 9: potential IF underweighting
[2026-01-13T18:57:34.754731] High prop at exactly tau (1.00) at rel_day 10: potential IF underweighting
[2026-01-13T18:57:47.698950] High prop at exactly tau (1.00) at rel_day 11: potential IF underweighting
[2026-01-13T18:58:00.539364] High prop at exactly tau (1.00) at rel_day 12: potential IF underweighting
[2026-01-13T18:58:13.373414] High prop at exactly tau (1.00) at rel_day 13: potential IF underweighting
[2026-01-13T18:58:26.193919] High prop at exactly tau (1.00) at rel_day 14: potential IF underweighting
[2026-01-13T18:58:39.029046] High prop at exactly tau (1.00) at rel_day 15: potential IF underweighting
[2026-01-13T18:58:51.866350] High prop at exactly tau (1.00) at rel_day 16: potential IF underweighting
[2026-01-13T18:59:04.701336] High prop at exactly tau (1.00) at rel_day 17: potential IF underweighting
[2026-01-13T18:59:17.534024] High prop at exactly tau (1.00) at rel_day 18: potential IF underweighting
[2026-01-13T18:59:30.378473] High prop at exactly tau (1.00) at rel_day 19: potential IF underweighting
[2026-01-13T18:59:43.191664] High prop at exactly tau (1.00) at rel_day 20: potential IF underweighting
[2026-01-13T18:59:56.030999] High prop at exactly tau (1.00) at rel_day 21: potential IF underweighting
[2026-01-13T19:00:08.877557] High prop at exactly tau (1.00) at rel_day 22: potential IF underweighting
[2026-01-13T19:00:21.692538] High prop at exactly tau (1.00) at rel_day 23: potential IF underweighting
[2026-01-13T19:00:34.502856] High prop at exactly tau (1.00) at rel_day 24: potential IF underweighting
[2026-01-13T19:00:47.303638] High prop at exactly tau (1.00) at rel_day 25: potential IF underweighting
[2026-01-13T19:01:00.106004] High prop at exactly tau (1.00) at rel_day 26: potential IF underweighting
[2026-01-13T19:01:12.942455] High prop at exactly tau (1.00) at rel_day 27: potential IF underweighting
[2026-01-13T19:01:25.783247] High prop at exactly tau (1.00) at rel_day 28: potential IF underweighting
[2026-01-13T19:01:39.419760] High prop at exactly tau (1.00) at rel_day 29: potential IF underweighting
[2026-01-13T19:01:52.522499] High prop at exactly tau (1.00) at rel_day 30: potential IF underweighting
[2026-01-13T19:02:05.364995] High prop at exactly tau (1.00) at rel_day 31: potential IF underweighting
[2026-01-13T19:02:18.178344] High prop at exactly tau (1.00) at rel_day 32: potential IF underweighting
[2026-01-13T19:02:30.998000] High prop at exactly tau (1.00) at rel_day 33: potential IF underweighting
[2026-01-13T19:02:43.802889] High prop at exactly tau (1.00) at rel_day 34: potential IF underweighting
[2026-01-13T19:02:56.620692] High prop at exactly tau (1.00) at rel_day 35: potential IF underweighting
[2026-01-13T19:03:09.453636] High prop at exactly tau (1.00) at rel_day 36: potential IF underweighting
[2026-01-13T19:03:22.273087] High prop at exactly tau (1.00) at rel_day 37: potential IF underweighting
[2026-01-13T19:03:35.105562] High prop at exactly tau (1.00) at rel_day 38: potential IF underweighting
[2026-01-13T19:03:47.914563] High prop at exactly tau (1.00) at rel_day 39: potential IF underweighting
[2026-01-13T19:04:00.718947] High prop at exactly tau (1.00) at rel_day 40: potential IF underweighting
[2026-01-13T19:04:13.514064] High prop at exactly tau (1.00) at rel_day 41: potential IF underweighting
[2026-01-13T19:04:26.298908] High prop at exactly tau (1.00) at rel_day 42: potential IF underweighting
[2026-01-13T19:04:39.085876] High prop at exactly tau (1.00) at rel_day 43: potential IF underweighting
[2026-01-13T19:04:51.888433] High prop at exactly tau (1.00) at rel_day 44: potential IF underweighting
[2026-01-13T19:05:04.701459] High prop at exactly tau (1.00) at rel_day 45: potential IF underweighting
[2026-01-13T19:05:17.465982] High prop at exactly tau (1.00) at rel_day 46: potential IF underweighting
[2026-01-13T19:05:30.244435] High prop at exactly tau (1.00) at rel_day 47: potential IF underweighting
[2026-01-13T19:05:43.021967] High prop at exactly tau (1.00) at rel_day 48: potential IF underweighting
[2026-01-13T19:05:55.812407] High prop at exactly tau (1.00) at rel_day 49: potential IF underweighting
[2026-01-13T19:06:08.609898] High prop at exactly tau (1.00) at rel_day 50: potential IF underweighting
[2026-01-13T19:06:21.399271] High prop at exactly tau (1.00) at rel_day 51: potential IF underweighting
[2026-01-13T19:06:34.206200] High prop at exactly tau (1.00) at rel_day 52: potential IF underweighting
[2026-01-13T19:06:46.982561] High prop at exactly tau (0.99) at rel_day 53: potential IF underweighting
[2026-01-13T19:06:59.757486] High prop at exactly tau (0.99) at rel_day 54: potential IF underweighting
[2026-01-13T19:07:12.534538] High prop at exactly tau (0.99) at rel_day 55: potential IF underweighting
[2026-01-13T19:07:25.284353] High prop at exactly tau (0.99) at rel_day 56: potential IF underweighting
[2026-01-13T19:07:38.046602] High prop at exactly tau (0.99) at rel_day 57: potential IF underweighting
[2026-01-13T19:07:50.805239] High prop at exactly tau (0.99) at rel_day 58: potential IF underweighting
[2026-01-13T19:08:03.597760] High prop at exactly tau (0.99) at rel_day 59: potential IF underweighting
[2026-01-13T19:08:16.387772] High prop at exactly tau (0.99) at rel_day 60: potential IF underweighting
[2026-01-13T19:08:29.150797] High prop at exactly tau (0.99) at rel_day 61: potential IF underweighting
[2026-01-13T19:08:41.908962] High prop at exactly tau (0.99) at rel_day 62: potential IF underweighting
[2026-01-13T19:08:54.692497] High prop at exactly tau (0.99) at rel_day 63: potential IF underweighting
[2026-01-13T19:09:07.437150] High prop at exactly tau (0.99) at rel_day 64: potential IF underweighting
[2026-01-13T19:09:20.204694] High prop at exactly tau (0.99) at rel_day 65: potential IF underweighting
[2026-01-13T19:09:32.949534] High prop at exactly tau (0.99) at rel_day 66: potential IF underweighting
[2026-01-13T19:09:45.692353] High prop at exactly tau (0.99) at rel_day 67: potential IF underweighting
[2026-01-13T19:09:58.447573] High prop at exactly tau (0.99) at rel_day 68: potential IF underweighting
[2026-01-13T19:10:11.228065] High prop at exactly tau (0.99) at rel_day 69: potential IF underweighting
[2026-01-13T19:10:23.999762] High prop at exactly tau (0.99) at rel_day 70: potential IF underweighting
[2026-01-13T19:10:36.757181] High prop at exactly tau (0.99) at rel_day 71: potential IF underweighting
[2026-01-13T19:10:50.064919] High prop at exactly tau (0.99) at rel_day 72: potential IF underweighting
[2026-01-13T19:11:02.836946] High prop at exactly tau (0.99) at rel_day 73: potential IF underweighting
[2026-01-13T19:11:15.579061] High prop at exactly tau (0.99) at rel_day 74: potential IF underweighting
[2026-01-13T19:11:28.330071] High prop at exactly tau (0.99) at rel_day 75: potential IF underweighting
[2026-01-13T19:11:41.108063] High prop at exactly tau (0.99) at rel_day 76: potential IF underweighting
[2026-01-13T19:11:53.878478] High prop at exactly tau (0.99) at rel_day 77: potential IF underweighting
[2026-01-13T19:12:06.925314] High prop at exactly tau (0.99) at rel_day 78: potential IF underweighting
[2026-01-13T19:12:19.687903] High prop at exactly tau (0.99) at rel_day 79: potential IF underweighting
[2026-01-13T19:12:32.417377] High prop at exactly tau (0.99) at rel_day 80: potential IF underweighting
[2026-01-13T19:12:45.143353] High prop at exactly tau (0.99) at rel_day 81: potential IF underweighting
[2026-01-13T19:12:57.855852] High prop at exactly tau (0.99) at rel_day 82: potential IF underweighting
[2026-01-13T19:13:10.613368] High prop at exactly tau (0.99) at rel_day 83: potential IF underweighting
[2026-01-13T19:13:23.343191] High prop at exactly tau (0.99) at rel_day 84: potential IF underweighting
[2026-01-13T19:13:36.119578] High prop at exactly tau (0.99) at rel_day 85: potential IF underweighting
[2026-01-13T19:13:48.835306] High prop at exactly tau (0.99) at rel_day 86: potential IF underweighting
[2026-01-13T19:14:01.556914] High prop at exactly tau (0.99) at rel_day 87: potential IF underweighting
[2026-01-13T19:14:14.241025] High prop at exactly tau (0.99) at rel_day 88: potential IF underweighting
[2026-01-13T19:14:26.937562] High prop at exactly tau (0.99) at rel_day 89: potential IF underweighting
[2026-01-13T19:14:39.652727] High prop at exactly tau (0.99) at rel_day 90: potential IF underweighting
[2026-01-13T19:15:03.719286] RMST conditions on survival to calendar_day — deliberate for definition, see method docs.
[2026-01-13T19:15:03.952910] High prop at exactly tau (1.00) at rel_day -30: potential IF underweighting
[2026-01-13T19:15:17.540477] High prop at exactly tau (1.00) at rel_day -29: potential IF underweighting
[2026-01-13T19:15:30.391031] High prop at exactly tau (1.00) at rel_day -28: potential IF underweighting
[2026-01-13T19:15:43.256958] High prop at exactly tau (1.00) at rel_day -27: potential IF underweighting
[2026-01-13T19:15:56.108112] High prop at exactly tau (1.00) at rel_day -26: potential IF underweighting
[2026-01-13T19:16:09.140421] High prop at exactly tau (1.00) at rel_day -25: potential IF underweighting
[2026-01-13T19:16:22.017713] High prop at exactly tau (1.00) at rel_day -24: potential IF underweighting
[2026-01-13T19:16:34.895948] High prop at exactly tau (1.00) at rel_day -23: potential IF underweighting
[2026-01-13T19:16:49.799030] High prop at exactly tau (1.00) at rel_day -22: potential IF underweighting
[2026-01-13T19:17:02.692142] High prop at exactly tau (1.00) at rel_day -21: potential IF underweighting
[2026-01-13T19:17:16.024348] High prop at exactly tau (1.00) at rel_day -20: potential IF underweighting
[2026-01-13T19:17:29.163765] High prop at exactly tau (1.00) at rel_day -19: potential IF underweighting
[2026-01-13T19:17:42.045160] High prop at exactly tau (1.00) at rel_day -18: potential IF underweighting
[2026-01-13T19:17:54.905568] High prop at exactly tau (1.00) at rel_day -17: potential IF underweighting
[2026-01-13T19:18:07.776049] High prop at exactly tau (1.00) at rel_day -16: potential IF underweighting
[2026-01-13T19:18:20.667835] High prop at exactly tau (1.00) at rel_day -15: potential IF underweighting
[2026-01-13T19:18:33.535317] High prop at exactly tau (1.00) at rel_day -14: potential IF underweighting
[2026-01-13T19:18:46.394115] High prop at exactly tau (1.00) at rel_day -13: potential IF underweighting
[2026-01-13T19:18:59.274409] High prop at exactly tau (1.00) at rel_day -12: potential IF underweighting
[2026-01-13T19:19:12.161632] High prop at exactly tau (1.00) at rel_day -11: potential IF underweighting
[2026-01-13T19:19:25.073997] High prop at exactly tau (1.00) at rel_day -10: potential IF underweighting
[2026-01-13T19:19:37.961279] High prop at exactly tau (1.00) at rel_day -9: potential IF underweighting
[2026-01-13T19:19:50.860876] High prop at exactly tau (1.00) at rel_day -8: potential IF underweighting
[2026-01-13T19:20:03.755417] High prop at exactly tau (1.00) at rel_day -7: potential IF underweighting
[2026-01-13T19:20:16.626728] High prop at exactly tau (1.00) at rel_day -6: potential IF underweighting
[2026-01-13T19:20:29.526439] High prop at exactly tau (1.00) at rel_day -5: potential IF underweighting
[2026-01-13T19:20:42.468225] High prop at exactly tau (1.00) at rel_day -4: potential IF underweighting
[2026-01-13T19:20:55.462464] High prop at exactly tau (1.00) at rel_day -3: potential IF underweighting
[2026-01-13T19:21:08.463579] High prop at exactly tau (1.00) at rel_day -2: potential IF underweighting
[2026-01-13T19:21:21.432891] High prop at exactly tau (1.00) at rel_day -1: potential IF underweighting
[2026-01-13T19:21:34.318518] High prop at exactly tau (1.00) at rel_day 0: potential IF underweighting
[2026-01-13T19:21:47.247887] High prop at exactly tau (1.00) at rel_day 1: potential IF underweighting
[2026-01-13T19:22:00.148316] High prop at exactly tau (1.00) at rel_day 2: potential IF underweighting
[2026-01-13T19:22:13.012414] High prop at exactly tau (1.00) at rel_day 3: potential IF underweighting
[2026-01-13T19:22:25.869570] High prop at exactly tau (1.00) at rel_day 4: potential IF underweighting
[2026-01-13T19:22:38.727389] High prop at exactly tau (1.00) at rel_day 5: potential IF underweighting
[2026-01-13T19:22:51.604629] High prop at exactly tau (1.00) at rel_day 6: potential IF underweighting
[2026-01-13T19:23:04.455549] High prop at exactly tau (1.00) at rel_day 7: potential IF underweighting
[2026-01-13T19:23:17.303216] High prop at exactly tau (1.00) at rel_day 8: potential IF underweighting
[2026-01-13T19:23:30.161457] High prop at exactly tau (1.00) at rel_day 9: potential IF underweighting
[2026-01-13T19:23:43.004049] High prop at exactly tau (1.00) at rel_day 10: potential IF underweighting
[2026-01-13T19:23:55.851290] High prop at exactly tau (1.00) at rel_day 11: potential IF underweighting
[2026-01-13T19:24:08.695723] High prop at exactly tau (1.00) at rel_day 12: potential IF underweighting
[2026-01-13T19:24:21.552491] High prop at exactly tau (1.00) at rel_day 13: potential IF underweighting
[2026-01-13T19:24:34.373161] High prop at exactly tau (1.00) at rel_day 14: potential IF underweighting
[2026-01-13T19:24:47.190089] High prop at exactly tau (1.00) at rel_day 15: potential IF underweighting
[2026-01-13T19:25:00.041553] High prop at exactly tau (1.00) at rel_day 16: potential IF underweighting
[2026-01-13T19:25:12.893375] High prop at exactly tau (1.00) at rel_day 17: potential IF underweighting
[2026-01-13T19:25:25.709275] High prop at exactly tau (1.00) at rel_day 18: potential IF underweighting
[2026-01-13T19:25:38.537926] High prop at exactly tau (1.00) at rel_day 19: potential IF underweighting
[2026-01-13T19:25:51.544197] High prop at exactly tau (1.00) at rel_day 20: potential IF underweighting
[2026-01-13T19:26:04.375819] High prop at exactly tau (1.00) at rel_day 21: potential IF underweighting
[2026-01-13T19:26:17.201430] High prop at exactly tau (1.00) at rel_day 22: potential IF underweighting
[2026-01-13T19:26:30.066512] High prop at exactly tau (1.00) at rel_day 23: potential IF underweighting
[2026-01-13T19:26:42.922009] High prop at exactly tau (1.00) at rel_day 24: potential IF underweighting
[2026-01-13T19:26:55.792055] High prop at exactly tau (1.00) at rel_day 25: potential IF underweighting
[2026-01-13T19:27:08.613939] High prop at exactly tau (1.00) at rel_day 26: potential IF underweighting
[2026-01-13T19:27:22.306130] High prop at exactly tau (1.00) at rel_day 27: potential IF underweighting
[2026-01-13T19:27:35.781744] High prop at exactly tau (1.00) at rel_day 28: potential IF underweighting
[2026-01-13T19:27:48.926490] High prop at exactly tau (1.00) at rel_day 29: potential IF underweighting
[2026-01-13T19:28:01.930957] High prop at exactly tau (1.00) at rel_day 30: potential IF underweighting
[2026-01-13T19:28:14.911596] High prop at exactly tau (1.00) at rel_day 31: potential IF underweighting
[2026-01-13T19:28:27.850766] High prop at exactly tau (1.00) at rel_day 32: potential IF underweighting
[2026-01-13T19:28:40.907752] High prop at exactly tau (1.00) at rel_day 33: potential IF underweighting
[2026-01-13T19:28:53.847333] High prop at exactly tau (1.00) at rel_day 34: potential IF underweighting
[2026-01-13T19:29:06.829096] High prop at exactly tau (1.00) at rel_day 35: potential IF underweighting
[2026-01-13T19:29:19.783552] High prop at exactly tau (1.00) at rel_day 36: potential IF underweighting
[2026-01-13T19:29:32.747005] High prop at exactly tau (1.00) at rel_day 37: potential IF underweighting
[2026-01-13T19:29:45.725905] High prop at exactly tau (1.00) at rel_day 38: potential IF underweighting
[2026-01-13T19:29:58.674843] High prop at exactly tau (1.00) at rel_day 39: potential IF underweighting
[2026-01-13T19:30:11.606407] High prop at exactly tau (1.00) at rel_day 40: potential IF underweighting
[2026-01-13T19:30:24.551177] High prop at exactly tau (1.00) at rel_day 41: potential IF underweighting
[2026-01-13T19:30:37.519228] High prop at exactly tau (1.00) at rel_day 42: potential IF underweighting
[2026-01-13T19:30:50.480835] High prop at exactly tau (1.00) at rel_day 43: potential IF underweighting
[2026-01-13T19:31:03.432297] High prop at exactly tau (1.00) at rel_day 44: potential IF underweighting
[2026-01-13T19:31:16.424945] High prop at exactly tau (1.00) at rel_day 45: potential IF underweighting
[2026-01-13T19:31:29.369834] High prop at exactly tau (1.00) at rel_day 46: potential IF underweighting
[2026-01-13T19:31:42.556028] High prop at exactly tau (1.00) at rel_day 47: potential IF underweighting
[2026-01-13T19:31:56.315575] High prop at exactly tau (1.00) at rel_day 48: potential IF underweighting
[2026-01-13T19:32:09.272356] High prop at exactly tau (1.00) at rel_day 49: potential IF underweighting
[2026-01-13T19:32:22.256930] High prop at exactly tau (1.00) at rel_day 50: potential IF underweighting
[2026-01-13T19:32:35.193999] High prop at exactly tau (1.00) at rel_day 51: potential IF underweighting
[2026-01-13T19:32:48.290910] High prop at exactly tau (0.99) at rel_day 52: potential IF underweighting
[2026-01-13T19:33:01.114719] High prop at exactly tau (0.99) at rel_day 53: potential IF underweighting
[2026-01-13T19:33:13.910054] High prop at exactly tau (0.99) at rel_day 54: potential IF underweighting
[2026-01-13T19:33:26.680524] High prop at exactly tau (0.99) at rel_day 55: potential IF underweighting
[2026-01-13T19:33:39.456865] High prop at exactly tau (0.99) at rel_day 56: potential IF underweighting
[2026-01-13T19:33:52.252837] High prop at exactly tau (0.99) at rel_day 57: potential IF underweighting
[2026-01-13T19:34:05.053513] High prop at exactly tau (0.99) at rel_day 58: potential IF underweighting
[2026-01-13T19:34:17.883561] High prop at exactly tau (0.99) at rel_day 59: potential IF underweighting
[2026-01-13T19:34:30.662038] High prop at exactly tau (0.99) at rel_day 60: potential IF underweighting
[2026-01-13T19:34:43.438347] High prop at exactly tau (0.99) at rel_day 61: potential IF underweighting
[2026-01-13T19:34:56.215346] High prop at exactly tau (0.99) at rel_day 62: potential IF underweighting
[2026-01-13T19:35:08.972524] High prop at exactly tau (0.99) at rel_day 63: potential IF underweighting
[2026-01-13T19:35:21.712378] High prop at exactly tau (0.99) at rel_day 64: potential IF underweighting
[2026-01-13T19:35:34.493478] High prop at exactly tau (0.99) at rel_day 65: potential IF underweighting
[2026-01-13T19:35:47.270404] High prop at exactly tau (0.99) at rel_day 66: potential IF underweighting
[2026-01-13T19:36:00.011859] High prop at exactly tau (0.99) at rel_day 67: potential IF underweighting
[2026-01-13T19:36:12.766525] High prop at exactly tau (0.99) at rel_day 68: potential IF underweighting
[2026-01-13T19:36:25.533817] High prop at exactly tau (0.99) at rel_day 69: potential IF underweighting
[2026-01-13T19:36:38.283964] High prop at exactly tau (0.99) at rel_day 70: potential IF underweighting
[2026-01-13T19:36:51.060835] High prop at exactly tau (0.99) at rel_day 71: potential IF underweighting
[2026-01-13T19:37:03.818336] High prop at exactly tau (0.99) at rel_day 72: potential IF underweighting
[2026-01-13T19:37:16.560568] High prop at exactly tau (0.99) at rel_day 73: potential IF underweighting
[2026-01-13T19:37:29.283806] High prop at exactly tau (0.99) at rel_day 74: potential IF underweighting
[2026-01-13T19:37:42.028685] High prop at exactly tau (0.99) at rel_day 75: potential IF underweighting
[2026-01-13T19:37:54.790206] High prop at exactly tau (0.99) at rel_day 76: potential IF underweighting
[2026-01-13T19:38:07.554646] High prop at exactly tau (0.99) at rel_day 77: potential IF underweighting
[2026-01-13T19:38:20.272000] High prop at exactly tau (0.99) at rel_day 78: potential IF underweighting
[2026-01-13T19:38:32.985020] High prop at exactly tau (0.99) at rel_day 79: potential IF underweighting
[2026-01-13T19:38:45.708703] High prop at exactly tau (0.99) at rel_day 80: potential IF underweighting
[2026-01-13T19:38:58.435589] High prop at exactly tau (0.99) at rel_day 81: potential IF underweighting
[2026-01-13T19:39:11.168691] High prop at exactly tau (0.99) at rel_day 82: potential IF underweighting
[2026-01-13T19:39:23.918009] High prop at exactly tau (0.99) at rel_day 83: potential IF underweighting
[2026-01-13T19:39:36.673200] High prop at exactly tau (0.99) at rel_day 84: potential IF underweighting
[2026-01-13T19:39:49.410804] High prop at exactly tau (0.99) at rel_day 85: potential IF underweighting
[2026-01-13T19:40:02.130850] High prop at exactly tau (0.99) at rel_day 86: potential IF underweighting
[2026-01-13T19:40:14.844460] High prop at exactly tau (0.99) at rel_day 87: potential IF underweighting
[2026-01-13T19:40:27.565501] High prop at exactly tau (0.99) at rel_day 88: potential IF underweighting
[2026-01-13T19:40:40.307357] High prop at exactly tau (0.99) at rel_day 89: potential IF underweighting
[2026-01-13T19:40:53.023165] High prop at exactly tau (0.99) at rel_day 90: potential IF underweighting
[2026-01-13T19:41:15.564154] RMST conditions on survival to calendar_day — deliberate for definition, see method docs.
[2026-01-13T19:41:15.808822] High prop at exactly tau (1.00) at rel_day -30: potential IF underweighting
[2026-01-13T19:41:30.549124] High prop at exactly tau (1.00) at rel_day -29: potential IF underweighting
[2026-01-13T19:41:43.522122] High prop at exactly tau (1.00) at rel_day -28: potential IF underweighting
[2026-01-13T19:41:56.468715] High prop at exactly tau (1.00) at rel_day -27: potential IF underweighting
[2026-01-13T19:42:09.509266] High prop at exactly tau (1.00) at rel_day -26: potential IF underweighting
[2026-01-13T19:42:22.381734] High prop at exactly tau (1.00) at rel_day -25: potential IF underweighting
[2026-01-13T19:42:35.222742] High prop at exactly tau (1.00) at rel_day -24: potential IF underweighting
[2026-01-13T19:42:48.117787] High prop at exactly tau (1.00) at rel_day -23: potential IF underweighting
[2026-01-13T19:43:00.979707] High prop at exactly tau (1.00) at rel_day -22: potential IF underweighting
[2026-01-13T19:43:13.854977] High prop at exactly tau (1.00) at rel_day -21: potential IF underweighting
[2026-01-13T19:43:26.734171] High prop at exactly tau (1.00) at rel_day -20: potential IF underweighting
[2026-01-13T19:43:39.598147] High prop at exactly tau (1.00) at rel_day -19: potential IF underweighting
[2026-01-13T19:43:52.462487] High prop at exactly tau (1.00) at rel_day -18: potential IF underweighting
[2026-01-13T19:44:05.329436] High prop at exactly tau (1.00) at rel_day -17: potential IF underweighting
[2026-01-13T19:44:18.270231] High prop at exactly tau (1.00) at rel_day -16: potential IF underweighting
[2026-01-13T19:44:31.125386] High prop at exactly tau (1.00) at rel_day -15: potential IF underweighting
[2026-01-13T19:44:43.994990] High prop at exactly tau (1.00) at rel_day -14: potential IF underweighting
[2026-01-13T19:44:56.863288] High prop at exactly tau (1.00) at rel_day -13: potential IF underweighting
[2026-01-13T19:45:09.740235] High prop at exactly tau (1.00) at rel_day -12: potential IF underweighting
[2026-01-13T19:45:22.588374] High prop at exactly tau (1.00) at rel_day -11: potential IF underweighting
[2026-01-13T19:45:35.468822] High prop at exactly tau (1.00) at rel_day -10: potential IF underweighting
[2026-01-13T19:45:48.334929] High prop at exactly tau (1.00) at rel_day -9: potential IF underweighting
[2026-01-13T19:46:01.224646] High prop at exactly tau (1.00) at rel_day -8: potential IF underweighting
[2026-01-13T19:46:14.108998] High prop at exactly tau (1.00) at rel_day -7: potential IF underweighting
[2026-01-13T19:46:26.965095] High prop at exactly tau (1.00) at rel_day -6: potential IF underweighting
[2026-01-13T19:46:39.891579] High prop at exactly tau (1.00) at rel_day -5: potential IF underweighting
[2026-01-13T19:46:53.642970] High prop at exactly tau (1.00) at rel_day -4: potential IF underweighting
[2026-01-13T19:47:07.724774] High prop at exactly tau (1.00) at rel_day -3: potential IF underweighting
[2026-01-13T19:47:20.587876] High prop at exactly tau (1.00) at rel_day -2: potential IF underweighting
[2026-01-13T19:47:33.490755] High prop at exactly tau (1.00) at rel_day -1: potential IF underweighting
[2026-01-13T19:47:46.686954] High prop at exactly tau (1.00) at rel_day 0: potential IF underweighting
[2026-01-13T19:47:59.570029] High prop at exactly tau (1.00) at rel_day 1: potential IF underweighting
[2026-01-13T19:48:12.498368] High prop at exactly tau (1.00) at rel_day 2: potential IF underweighting
[2026-01-13T19:48:25.376121] High prop at exactly tau (1.00) at rel_day 3: potential IF underweighting
[2026-01-13T19:48:38.223179] High prop at exactly tau (1.00) at rel_day 4: potential IF underweighting
[2026-01-13T19:48:51.134269] High prop at exactly tau (1.00) at rel_day 5: potential IF underweighting
[2026-01-13T19:49:03.973856] High prop at exactly tau (1.00) at rel_day 6: potential IF underweighting
[2026-01-13T19:49:16.827820] High prop at exactly tau (1.00) at rel_day 7: potential IF underweighting
[2026-01-13T19:49:29.676960] High prop at exactly tau (1.00) at rel_day 8: potential IF underweighting
[2026-01-13T19:49:42.547614] High prop at exactly tau (1.00) at rel_day 9: potential IF underweighting
[2026-01-13T19:49:55.420361] High prop at exactly tau (1.00) at rel_day 10: potential IF underweighting
[2026-01-13T19:50:08.244003] High prop at exactly tau (1.00) at rel_day 11: potential IF underweighting
[2026-01-13T19:50:21.071898] High prop at exactly tau (1.00) at rel_day 12: potential IF underweighting
[2026-01-13T19:50:33.900286] High prop at exactly tau (1.00) at rel_day 13: potential IF underweighting
[2026-01-13T19:50:46.772662] High prop at exactly tau (1.00) at rel_day 14: potential IF underweighting
[2026-01-13T19:50:59.655999] High prop at exactly tau (1.00) at rel_day 15: potential IF underweighting
[2026-01-13T19:51:12.516022] High prop at exactly tau (1.00) at rel_day 16: potential IF underweighting
[2026-01-13T19:51:25.372152] High prop at exactly tau (1.00) at rel_day 17: potential IF underweighting
[2026-01-13T19:51:38.201995] High prop at exactly tau (1.00) at rel_day 18: potential IF underweighting
[2026-01-13T19:51:51.046419] High prop at exactly tau (1.00) at rel_day 19: potential IF underweighting
[2026-01-13T19:52:03.931506] High prop at exactly tau (1.00) at rel_day 20: potential IF underweighting
[2026-01-13T19:52:16.792187] High prop at exactly tau (1.00) at rel_day 21: potential IF underweighting
[2026-01-13T19:52:29.634384] High prop at exactly tau (1.00) at rel_day 22: potential IF underweighting
[2026-01-13T19:52:42.511389] High prop at exactly tau (1.00) at rel_day 23: potential IF underweighting
[2026-01-13T19:52:55.317274] High prop at exactly tau (1.00) at rel_day 24: potential IF underweighting
[2026-01-13T19:53:08.136893] High prop at exactly tau (1.00) at rel_day 25: potential IF underweighting
[2026-01-13T19:53:20.956847] High prop at exactly tau (1.00) at rel_day 26: potential IF underweighting
[2026-01-13T19:53:33.774052] High prop at exactly tau (1.00) at rel_day 27: potential IF underweighting
[2026-01-13T19:53:46.575834] High prop at exactly tau (1.00) at rel_day 28: potential IF underweighting
[2026-01-13T19:53:59.395222] High prop at exactly tau (1.00) at rel_day 29: potential IF underweighting
[2026-01-13T19:54:12.217136] High prop at exactly tau (1.00) at rel_day 30: potential IF underweighting
[2026-01-13T19:54:25.042178] High prop at exactly tau (1.00) at rel_day 31: potential IF underweighting
[2026-01-13T19:54:37.844464] High prop at exactly tau (1.00) at rel_day 32: potential IF underweighting
[2026-01-13T19:54:50.686361] High prop at exactly tau (1.00) at rel_day 33: potential IF underweighting
[2026-01-13T19:55:03.538470] High prop at exactly tau (1.00) at rel_day 34: potential IF underweighting
[2026-01-13T19:55:16.374566] High prop at exactly tau (1.00) at rel_day 35: potential IF underweighting
[2026-01-13T19:55:29.222811] High prop at exactly tau (1.00) at rel_day 36: potential IF underweighting
[2026-01-13T19:55:42.054878] High prop at exactly tau (1.00) at rel_day 37: potential IF underweighting
[2026-01-13T19:55:54.880961] High prop at exactly tau (1.00) at rel_day 38: potential IF underweighting
[2026-01-13T19:56:07.681279] High prop at exactly tau (1.00) at rel_day 39: potential IF underweighting
[2026-01-13T19:56:20.465702] High prop at exactly tau (1.00) at rel_day 40: potential IF underweighting
[2026-01-13T19:56:33.261721] High prop at exactly tau (1.00) at rel_day 41: potential IF underweighting
[2026-01-13T19:56:46.051450] High prop at exactly tau (1.00) at rel_day 42: potential IF underweighting
[2026-01-13T19:56:58.839473] High prop at exactly tau (1.00) at rel_day 43: potential IF underweighting
[2026-01-13T19:57:11.624657] High prop at exactly tau (1.00) at rel_day 44: potential IF underweighting
[2026-01-13T19:57:24.432319] High prop at exactly tau (1.00) at rel_day 45: potential IF underweighting
[2026-01-13T19:57:37.207319] High prop at exactly tau (1.00) at rel_day 46: potential IF underweighting
[2026-01-13T19:57:50.110464] High prop at exactly tau (1.00) at rel_day 47: potential IF underweighting
[2026-01-13T19:58:02.884103] High prop at exactly tau (1.00) at rel_day 48: potential IF underweighting
[2026-01-13T19:58:15.665916] High prop at exactly tau (1.00) at rel_day 49: potential IF underweighting
[2026-01-13T19:58:28.440746] High prop at exactly tau (1.00) at rel_day 50: potential IF underweighting
[2026-01-13T19:58:41.282165] High prop at exactly tau (1.00) at rel_day 51: potential IF underweighting
[2026-01-13T19:58:54.067512] High prop at exactly tau (0.99) at rel_day 52: potential IF underweighting
[2026-01-13T19:59:06.874818] High prop at exactly tau (0.99) at rel_day 53: potential IF underweighting
[2026-01-13T19:59:19.651704] High prop at exactly tau (0.99) at rel_day 54: potential IF underweighting
[2026-01-13T19:59:32.428595] High prop at exactly tau (0.99) at rel_day 55: potential IF underweighting
[2026-01-13T19:59:45.190055] High prop at exactly tau (0.99) at rel_day 56: potential IF underweighting
[2026-01-13T19:59:57.971454] High prop at exactly tau (0.99) at rel_day 57: potential IF underweighting
[2026-01-13T20:00:10.747423] High prop at exactly tau (0.99) at rel_day 58: potential IF underweighting
[2026-01-13T20:00:23.532997] High prop at exactly tau (0.99) at rel_day 59: potential IF underweighting
[2026-01-13T20:00:36.306600] High prop at exactly tau (0.99) at rel_day 60: potential IF underweighting
[2026-01-13T20:00:49.073617] High prop at exactly tau (0.99) at rel_day 61: potential IF underweighting
[2026-01-13T20:01:01.874295] High prop at exactly tau (0.99) at rel_day 62: potential IF underweighting
[2026-01-13T20:01:14.630076] High prop at exactly tau (0.99) at rel_day 63: potential IF underweighting
[2026-01-13T20:01:27.428159] High prop at exactly tau (0.99) at rel_day 64: potential IF underweighting
[2026-01-13T20:01:40.227565] High prop at exactly tau (0.99) at rel_day 65: potential IF underweighting
[2026-01-13T20:01:53.003140] High prop at exactly tau (0.99) at rel_day 66: potential IF underweighting
[2026-01-13T20:02:06.028475] High prop at exactly tau (0.99) at rel_day 67: potential IF underweighting
[2026-01-13T20:02:18.766112] High prop at exactly tau (0.99) at rel_day 68: potential IF underweighting
[2026-01-13T20:02:31.525197] High prop at exactly tau (0.99) at rel_day 69: potential IF underweighting
[2026-01-13T20:02:44.296875] High prop at exactly tau (0.99) at rel_day 70: potential IF underweighting
[2026-01-13T20:02:57.065769] High prop at exactly tau (0.99) at rel_day 71: potential IF underweighting
[2026-01-13T20:03:09.812412] High prop at exactly tau (0.99) at rel_day 72: potential IF underweighting
[2026-01-13T20:03:22.546052] High prop at exactly tau (0.99) at rel_day 73: potential IF underweighting
[2026-01-13T20:03:35.288909] High prop at exactly tau (0.99) at rel_day 74: potential IF underweighting
[2026-01-13T20:03:48.018289] High prop at exactly tau (0.99) at rel_day 75: potential IF underweighting
[2026-01-13T20:04:00.771730] High prop at exactly tau (0.99) at rel_day 76: potential IF underweighting
[2026-01-13T20:04:13.548265] High prop at exactly tau (0.99) at rel_day 77: potential IF underweighting
[2026-01-13T20:04:26.285510] High prop at exactly tau (0.99) at rel_day 78: potential IF underweighting
[2026-01-13T20:04:39.033126] High prop at exactly tau (0.99) at rel_day 79: potential IF underweighting
[2026-01-13T20:04:51.748282] High prop at exactly tau (0.99) at rel_day 80: potential IF underweighting
[2026-01-13T20:05:04.523429] High prop at exactly tau (0.99) at rel_day 81: potential IF underweighting
[2026-01-13T20:05:17.235236] High prop at exactly tau (0.99) at rel_day 82: potential IF underweighting
[2026-01-13T20:05:29.964701] High prop at exactly tau (0.99) at rel_day 83: potential IF underweighting
[2026-01-13T20:05:42.692394] High prop at exactly tau (0.99) at rel_day 84: potential IF underweighting
[2026-01-13T20:05:55.447894] High prop at exactly tau (0.99) at rel_day 85: potential IF underweighting
[2026-01-13T20:06:08.178872] High prop at exactly tau (0.99) at rel_day 86: potential IF underweighting
[2026-01-13T20:06:20.921015] High prop at exactly tau (0.99) at rel_day 87: potential IF underweighting
[2026-01-13T20:06:33.651012] High prop at exactly tau (0.99) at rel_day 88: potential IF underweighting
[2026-01-13T20:06:46.374797] High prop at exactly tau (0.99) at rel_day 89: potential IF underweighting
[2026-01-13T20:06:59.081609] High prop at exactly tau (0.99) at rel_day 90: potential IF underweighting
[2026-01-13T20:07:33.537081] RMST conditions on survival to calendar_day — deliberate for definition, see method docs.
[2026-01-13T20:07:33.789286] High prop at exactly tau (1.00) at rel_day -30: potential IF underweighting
[2026-01-13T20:07:47.768585] High prop at exactly tau (1.00) at rel_day -29: potential IF underweighting
[2026-01-13T20:08:00.622821] High prop at exactly tau (1.00) at rel_day -28: potential IF underweighting
[2026-01-13T20:08:13.745294] High prop at exactly tau (1.00) at rel_day -27: potential IF underweighting
[2026-01-13T20:08:26.586058] High prop at exactly tau (1.00) at rel_day -26: potential IF underweighting
[2026-01-13T20:08:39.452883] High prop at exactly tau (1.00) at rel_day -25: potential IF underweighting
[2026-01-13T20:08:52.302094] High prop at exactly tau (1.00) at rel_day -24: potential IF underweighting
[2026-01-13T20:09:05.144106] High prop at exactly tau (1.00) at rel_day -23: potential IF underweighting
[2026-01-13T20:09:17.971518] High prop at exactly tau (1.00) at rel_day -22: potential IF underweighting
[2026-01-13T20:09:30.862109] High prop at exactly tau (1.00) at rel_day -21: potential IF underweighting
[2026-01-13T20:09:43.702270] High prop at exactly tau (1.00) at rel_day -20: potential IF underweighting
[2026-01-13T20:09:56.531803] High prop at exactly tau (1.00) at rel_day -19: potential IF underweighting
[2026-01-13T20:10:09.362068] High prop at exactly tau (1.00) at rel_day -18: potential IF underweighting
[2026-01-13T20:10:22.215534] High prop at exactly tau (1.00) at rel_day -17: potential IF underweighting
[2026-01-13T20:10:35.082377] High prop at exactly tau (1.00) at rel_day -16: potential IF underweighting
[2026-01-13T20:10:47.952694] High prop at exactly tau (1.00) at rel_day -15: potential IF underweighting
[2026-01-13T20:11:00.807690] High prop at exactly tau (1.00) at rel_day -14: potential IF underweighting
[2026-01-13T20:11:13.653713] High prop at exactly tau (1.00) at rel_day -13: potential IF underweighting
[2026-01-13T20:11:26.497035] High prop at exactly tau (1.00) at rel_day -12: potential IF underweighting
[2026-01-13T20:11:39.347453] High prop at exactly tau (1.00) at rel_day -11: potential IF underweighting
[2026-01-13T20:11:52.243398] High prop at exactly tau (1.00) at rel_day -10: potential IF underweighting
[2026-01-13T20:12:05.119273] High prop at exactly tau (1.00) at rel_day -9: potential IF underweighting
[2026-01-13T20:12:18.360743] High prop at exactly tau (1.00) at rel_day -8: potential IF underweighting
[2026-01-13T20:12:31.196520] High prop at exactly tau (1.00) at rel_day -7: potential IF underweighting
[2026-01-13T20:12:44.038662] High prop at exactly tau (1.00) at rel_day -6: potential IF underweighting
[2026-01-13T20:12:56.937270] High prop at exactly tau (1.00) at rel_day -5: potential IF underweighting
[2026-01-13T20:13:09.847453] High prop at exactly tau (1.00) at rel_day -4: potential IF underweighting
[2026-01-13T20:13:22.719667] High prop at exactly tau (1.00) at rel_day -3: potential IF underweighting
[2026-01-13T20:13:35.603704] High prop at exactly tau (1.00) at rel_day -2: potential IF underweighting
[2026-01-13T20:13:48.471477] High prop at exactly tau (1.00) at rel_day -1: potential IF underweighting
[2026-01-13T20:14:01.322868] High prop at exactly tau (1.00) at rel_day 0: potential IF underweighting
[2026-01-13T20:14:14.198602] High prop at exactly tau (1.00) at rel_day 1: potential IF underweighting
[2026-01-13T20:14:27.200333] High prop at exactly tau (1.00) at rel_day 2: potential IF underweighting
[2026-01-13T20:14:40.128268] High prop at exactly tau (1.00) at rel_day 3: potential IF underweighting
[2026-01-13T20:14:52.986205] High prop at exactly tau (1.00) at rel_day 4: potential IF underweighting
[2026-01-13T20:15:05.835449] High prop at exactly tau (1.00) at rel_day 5: potential IF underweighting
[2026-01-13T20:15:18.690605] High prop at exactly tau (1.00) at rel_day 6: potential IF underweighting
[2026-01-13T20:15:31.528357] High prop at exactly tau (1.00) at rel_day 7: potential IF underweighting
[2026-01-13T20:15:44.356673] High prop at exactly tau (1.00) at rel_day 8: potential IF underweighting
[2026-01-13T20:15:57.216095] High prop at exactly tau (1.00) at rel_day 9: potential IF underweighting
[2026-01-13T20:16:10.052167] High prop at exactly tau (1.00) at rel_day 10: potential IF underweighting
[2026-01-13T20:16:22.938312] High prop at exactly tau (1.00) at rel_day 11: potential IF underweighting
[2026-01-13T20:16:35.767186] High prop at exactly tau (1.00) at rel_day 12: potential IF underweighting
[2026-01-13T20:16:48.635986] High prop at exactly tau (1.00) at rel_day 13: potential IF underweighting
[2026-01-13T20:17:01.845141] High prop at exactly tau (1.00) at rel_day 14: potential IF underweighting
[2026-01-13T20:17:16.435707] High prop at exactly tau (1.00) at rel_day 15: potential IF underweighting
[2026-01-13T20:17:29.268617] High prop at exactly tau (1.00) at rel_day 16: potential IF underweighting
[2026-01-13T20:17:42.091314] High prop at exactly tau (1.00) at rel_day 17: potential IF underweighting
[2026-01-13T20:17:54.913954] High prop at exactly tau (1.00) at rel_day 18: potential IF underweighting
[2026-01-13T20:18:07.740898] High prop at exactly tau (1.00) at rel_day 19: potential IF underweighting
[2026-01-13T20:18:20.542651] High prop at exactly tau (1.00) at rel_day 20: potential IF underweighting
[2026-01-13T20:18:33.357815] High prop at exactly tau (1.00) at rel_day 21: potential IF underweighting
[2026-01-13T20:18:46.163145] High prop at exactly tau (1.00) at rel_day 22: potential IF underweighting
[2026-01-13T20:18:59.001846] High prop at exactly tau (1.00) at rel_day 23: potential IF underweighting
[2026-01-13T20:19:11.820859] High prop at exactly tau (1.00) at rel_day 24: potential IF underweighting
[2026-01-13T20:19:24.643834] High prop at exactly tau (1.00) at rel_day 25: potential IF underweighting
[2026-01-13T20:19:37.445227] High prop at exactly tau (1.00) at rel_day 26: potential IF underweighting
[2026-01-13T20:19:50.260729] High prop at exactly tau (1.00) at rel_day 27: potential IF underweighting
[2026-01-13T20:20:03.083730] High prop at exactly tau (1.00) at rel_day 28: potential IF underweighting
[2026-01-13T20:20:15.905288] High prop at exactly tau (1.00) at rel_day 29: potential IF underweighting
[2026-01-13T20:20:28.721052] High prop at exactly tau (1.00) at rel_day 30: potential IF underweighting
[2026-01-13T20:20:41.603077] High prop at exactly tau (1.00) at rel_day 31: potential IF underweighting
[2026-01-13T20:20:54.474535] High prop at exactly tau (1.00) at rel_day 32: potential IF underweighting
[2026-01-13T20:21:07.368167] High prop at exactly tau (1.00) at rel_day 33: potential IF underweighting
[2026-01-13T20:21:20.171311] High prop at exactly tau (1.00) at rel_day 34: potential IF underweighting
[2026-01-13T20:21:33.140004] High prop at exactly tau (1.00) at rel_day 35: potential IF underweighting
[2026-01-13T20:21:45.968638] High prop at exactly tau (1.00) at rel_day 36: potential IF underweighting
[2026-01-13T20:21:58.825698] High prop at exactly tau (1.00) at rel_day 37: potential IF underweighting
[2026-01-13T20:22:11.644404] High prop at exactly tau (1.00) at rel_day 38: potential IF underweighting
[2026-01-13T20:22:24.478894] High prop at exactly tau (1.00) at rel_day 39: potential IF underweighting
[2026-01-13T20:22:37.283015] High prop at exactly tau (1.00) at rel_day 40: potential IF underweighting
[2026-01-13T20:22:50.108699] High prop at exactly tau (1.00) at rel_day 41: potential IF underweighting
[2026-01-13T20:23:02.912727] High prop at exactly tau (1.00) at rel_day 42: potential IF underweighting
[2026-01-13T20:23:15.692817] High prop at exactly tau (1.00) at rel_day 43: potential IF underweighting
[2026-01-13T20:23:28.487090] High prop at exactly tau (1.00) at rel_day 44: potential IF underweighting
[2026-01-13T20:23:41.273354] High prop at exactly tau (1.00) at rel_day 45: potential IF underweighting
[2026-01-13T20:23:54.064663] High prop at exactly tau (1.00) at rel_day 46: potential IF underweighting
[2026-01-13T20:24:06.850758] High prop at exactly tau (1.00) at rel_day 47: potential IF underweighting
[2026-01-13T20:24:19.653551] High prop at exactly tau (1.00) at rel_day 48: potential IF underweighting
[2026-01-13T20:24:32.417602] High prop at exactly tau (1.00) at rel_day 49: potential IF underweighting
[2026-01-13T20:24:45.192132] High prop at exactly tau (1.00) at rel_day 50: potential IF underweighting
[2026-01-13T20:24:57.967146] High prop at exactly tau (1.00) at rel_day 51: potential IF underweighting
[2026-01-13T20:25:10.750352] High prop at exactly tau (0.99) at rel_day 52: potential IF underweighting
[2026-01-13T20:25:23.521816] High prop at exactly tau (0.99) at rel_day 53: potential IF underweighting
[2026-01-13T20:25:36.286517] High prop at exactly tau (0.99) at rel_day 54: potential IF underweighting
[2026-01-13T20:25:49.059593] High prop at exactly tau (0.99) at rel_day 55: potential IF underweighting
[2026-01-13T20:26:01.826336] High prop at exactly tau (0.99) at rel_day 56: potential IF underweighting
[2026-01-13T20:26:14.585194] High prop at exactly tau (0.99) at rel_day 57: potential IF underweighting
[2026-01-13T20:26:27.401393] High prop at exactly tau (0.99) at rel_day 58: potential IF underweighting
[2026-01-13T20:26:40.179729] High prop at exactly tau (0.99) at rel_day 59: potential IF underweighting
[2026-01-13T20:26:52.977437] High prop at exactly tau (0.99) at rel_day 60: potential IF underweighting
[2026-01-13T20:27:05.769872] High prop at exactly tau (0.99) at rel_day 61: potential IF underweighting
[2026-01-13T20:27:18.537028] High prop at exactly tau (0.99) at rel_day 62: potential IF underweighting
[2026-01-13T20:27:31.314838] High prop at exactly tau (0.99) at rel_day 63: potential IF underweighting
[2026-01-13T20:27:44.113155] High prop at exactly tau (0.99) at rel_day 64: potential IF underweighting
[2026-01-13T20:27:56.904507] High prop at exactly tau (0.99) at rel_day 65: potential IF underweighting
[2026-01-13T20:28:09.701440] High prop at exactly tau (0.99) at rel_day 66: potential IF underweighting
[2026-01-13T20:28:22.505241] High prop at exactly tau (0.99) at rel_day 67: potential IF underweighting
[2026-01-13T20:28:35.298235] High prop at exactly tau (0.99) at rel_day 68: potential IF underweighting
[2026-01-13T20:28:48.076385] High prop at exactly tau (0.99) at rel_day 69: potential IF underweighting
[2026-01-13T20:29:00.829972] High prop at exactly tau (0.99) at rel_day 70: potential IF underweighting
[2026-01-13T20:29:13.592053] High prop at exactly tau (0.99) at rel_day 71: potential IF underweighting
[2026-01-13T20:29:26.354808] High prop at exactly tau (0.99) at rel_day 72: potential IF underweighting
[2026-01-13T20:29:39.117313] High prop at exactly tau (0.99) at rel_day 73: potential IF underweighting
[2026-01-13T20:29:51.907930] High prop at exactly tau (0.99) at rel_day 74: potential IF underweighting
[2026-01-13T20:30:04.796488] High prop at exactly tau (0.99) at rel_day 75: potential IF underweighting
[2026-01-13T20:30:17.535875] High prop at exactly tau (0.99) at rel_day 76: potential IF underweighting
[2026-01-13T20:30:30.292630] High prop at exactly tau (0.99) at rel_day 77: potential IF underweighting
[2026-01-13T20:30:43.031753] High prop at exactly tau (0.99) at rel_day 78: potential IF underweighting
[2026-01-13T20:30:55.771783] High prop at exactly tau (0.99) at rel_day 79: potential IF underweighting
[2026-01-13T20:31:08.501319] High prop at exactly tau (0.99) at rel_day 80: potential IF underweighting
[2026-01-13T20:31:21.233251] High prop at exactly tau (0.99) at rel_day 81: potential IF underweighting
[2026-01-13T20:31:33.987576] High prop at exactly tau (0.99) at rel_day 82: potential IF underweighting
[2026-01-13T20:31:46.765275] High prop at exactly tau (0.99) at rel_day 83: potential IF underweighting
[2026-01-13T20:31:59.494294] High prop at exactly tau (0.99) at rel_day 84: potential IF underweighting
[2026-01-13T20:32:13.114547] High prop at exactly tau (0.99) at rel_day 85: potential IF underweighting
[2026-01-13T20:32:25.826669] High prop at exactly tau (0.99) at rel_day 86: potential IF underweighting
[2026-01-13T20:32:38.526562] High prop at exactly tau (0.99) at rel_day 87: potential IF underweighting
[2026-01-13T20:32:51.246390] High prop at exactly tau (0.99) at rel_day 88: potential IF underweighting
[2026-01-13T20:33:03.993247] High prop at exactly tau (0.99) at rel_day 89: potential IF underweighting
[2026-01-13T20:33:16.687971] High prop at exactly tau (0.99) at rel_day 90: potential IF underweighting
[2026-01-13T20:33:37.680455] RMST conditions on survival to calendar_day — deliberate for definition, see method docs.
[2026-01-13T20:33:37.871230] High prop at exactly tau (1.00) at rel_day -30: potential IF underweighting
[2026-01-13T20:33:50.918848] High prop at exactly tau (1.00) at rel_day -29: potential IF underweighting
[2026-01-13T20:34:03.775315] High prop at exactly tau (1.00) at rel_day -28: potential IF underweighting
[2026-01-13T20:34:16.643863] High prop at exactly tau (1.00) at rel_day -27: potential IF underweighting
[2026-01-13T20:34:29.523467] High prop at exactly tau (1.00) at rel_day -26: potential IF underweighting
[2026-01-13T20:34:42.384254] High prop at exactly tau (1.00) at rel_day -25: potential IF underweighting
[2026-01-13T20:34:55.237040] High prop at exactly tau (1.00) at rel_day -24: potential IF underweighting
[2026-01-13T20:35:08.080721] High prop at exactly tau (1.00) at rel_day -23: potential IF underweighting
[2026-01-13T20:35:20.919739] High prop at exactly tau (1.00) at rel_day -22: potential IF underweighting
[2026-01-13T20:35:33.764348] High prop at exactly tau (1.00) at rel_day -21: potential IF underweighting
[2026-01-13T20:35:46.613174] High prop at exactly tau (1.00) at rel_day -20: potential IF underweighting
[2026-01-13T20:35:59.461763] High prop at exactly tau (1.00) at rel_day -19: potential IF underweighting
[2026-01-13T20:36:12.344833] High prop at exactly tau (1.00) at rel_day -18: potential IF underweighting
[2026-01-13T20:36:25.206747] High prop at exactly tau (1.00) at rel_day -17: potential IF underweighting
[2026-01-13T20:36:38.046628] High prop at exactly tau (1.00) at rel_day -16: potential IF underweighting
[2026-01-13T20:36:50.918174] High prop at exactly tau (1.00) at rel_day -15: potential IF underweighting
[2026-01-13T20:37:03.778204] High prop at exactly tau (1.00) at rel_day -14: potential IF underweighting
[2026-01-13T20:37:16.639813] High prop at exactly tau (1.00) at rel_day -13: potential IF underweighting
[2026-01-13T20:37:29.491698] High prop at exactly tau (1.00) at rel_day -12: potential IF underweighting
[2026-01-13T20:37:42.341232] High prop at exactly tau (1.00) at rel_day -11: potential IF underweighting
[2026-01-13T20:37:55.203099] High prop at exactly tau (1.00) at rel_day -10: potential IF underweighting
[2026-01-13T20:38:08.097883] High prop at exactly tau (1.00) at rel_day -9: potential IF underweighting
[2026-01-13T20:38:20.988922] High prop at exactly tau (1.00) at rel_day -8: potential IF underweighting
[2026-01-13T20:38:33.866259] High prop at exactly tau (1.00) at rel_day -7: potential IF underweighting
[2026-01-13T20:38:46.726193] High prop at exactly tau (1.00) at rel_day -6: potential IF underweighting
[2026-01-13T20:38:59.639932] High prop at exactly tau (1.00) at rel_day -5: potential IF underweighting
[2026-01-13T20:39:12.540199] High prop at exactly tau (1.00) at rel_day -4: potential IF underweighting
[2026-01-13T20:39:25.486775] High prop at exactly tau (1.00) at rel_day -3: potential IF underweighting
[2026-01-13T20:39:38.388786] High prop at exactly tau (1.00) at rel_day -2: potential IF underweighting
[2026-01-13T20:39:51.295031] High prop at exactly tau (1.00) at rel_day -1: potential IF underweighting
[2026-01-13T20:40:04.208354] High prop at exactly tau (1.00) at rel_day 0: potential IF underweighting
[2026-01-13T20:40:17.119084] High prop at exactly tau (1.00) at rel_day 1: potential IF underweighting
[2026-01-13T20:40:30.006934] High prop at exactly tau (1.00) at rel_day 2: potential IF underweighting
[2026-01-13T20:40:42.915217] High prop at exactly tau (1.00) at rel_day 3: potential IF underweighting
[2026-01-13T20:40:55.799272] High prop at exactly tau (1.00) at rel_day 4: potential IF underweighting
[2026-01-13T20:41:08.691623] High prop at exactly tau (1.00) at rel_day 5: potential IF underweighting
[2026-01-13T20:41:21.535245] High prop at exactly tau (1.00) at rel_day 6: potential IF underweighting
[2026-01-13T20:41:34.381314] High prop at exactly tau (1.00) at rel_day 7: potential IF underweighting
[2026-01-13T20:41:47.245719] High prop at exactly tau (1.00) at rel_day 8: potential IF underweighting
[2026-01-13T20:42:00.113096] High prop at exactly tau (1.00) at rel_day 9: potential IF underweighting
[2026-01-13T20:42:12.949425] High prop at exactly tau (1.00) at rel_day 10: potential IF underweighting
[2026-01-13T20:42:25.773533] High prop at exactly tau (1.00) at rel_day 11: potential IF underweighting
[2026-01-13T20:42:38.618902] High prop at exactly tau (1.00) at rel_day 12: potential IF underweighting
[2026-01-13T20:42:51.453704] High prop at exactly tau (1.00) at rel_day 13: potential IF underweighting
[2026-01-13T20:43:04.308024] High prop at exactly tau (1.00) at rel_day 14: potential IF underweighting
[2026-01-13T20:43:17.139114] High prop at exactly tau (1.00) at rel_day 15: potential IF underweighting
[2026-01-13T20:43:29.975270] High prop at exactly tau (1.00) at rel_day 16: potential IF underweighting
[2026-01-13T20:43:42.821533] High prop at exactly tau (1.00) at rel_day 17: potential IF underweighting
[2026-01-13T20:43:55.651739] High prop at exactly tau (1.00) at rel_day 18: potential IF underweighting
[2026-01-13T20:44:08.488340] High prop at exactly tau (1.00) at rel_day 19: potential IF underweighting
[2026-01-13T20:44:21.340106] High prop at exactly tau (1.00) at rel_day 20: potential IF underweighting
[2026-01-13T20:44:34.171993] High prop at exactly tau (1.00) at rel_day 21: potential IF underweighting
[2026-01-13T20:44:46.983452] High prop at exactly tau (1.00) at rel_day 22: potential IF underweighting
[2026-01-13T20:44:59.797734] High prop at exactly tau (1.00) at rel_day 23: potential IF underweighting
[2026-01-13T20:45:12.637645] High prop at exactly tau (1.00) at rel_day 24: potential IF underweighting
[2026-01-13T20:45:25.474382] High prop at exactly tau (1.00) at rel_day 25: potential IF underweighting
[2026-01-13T20:45:38.292647] High prop at exactly tau (1.00) at rel_day 26: potential IF underweighting
[2026-01-13T20:45:51.090379] High prop at exactly tau (1.00) at rel_day 27: potential IF underweighting
[2026-01-13T20:46:03.909822] High prop at exactly tau (1.00) at rel_day 28: potential IF underweighting
[2026-01-13T20:46:16.712399] High prop at exactly tau (1.00) at rel_day 29: potential IF underweighting
[2026-01-13T20:46:29.533523] High prop at exactly tau (1.00) at rel_day 30: potential IF underweighting
[2026-01-13T20:46:42.385394] High prop at exactly tau (1.00) at rel_day 31: potential IF underweighting
[2026-01-13T20:46:55.201385] High prop at exactly tau (1.00) at rel_day 32: potential IF underweighting
[2026-01-13T20:47:07.991416] High prop at exactly tau (1.00) at rel_day 33: potential IF underweighting
[2026-01-13T20:47:22.799969] High prop at exactly tau (1.00) at rel_day 34: potential IF underweighting
[2026-01-13T20:47:35.599699] High prop at exactly tau (1.00) at rel_day 35: potential IF underweighting
[2026-01-13T20:47:48.395204] High prop at exactly tau (1.00) at rel_day 36: potential IF underweighting
[2026-01-13T20:48:01.232798] High prop at exactly tau (1.00) at rel_day 37: potential IF underweighting
[2026-01-13T20:48:14.049620] High prop at exactly tau (1.00) at rel_day 38: potential IF underweighting
[2026-01-13T20:48:26.825116] High prop at exactly tau (1.00) at rel_day 39: potential IF underweighting
[2026-01-13T20:48:39.599718] High prop at exactly tau (1.00) at rel_day 40: potential IF underweighting
[2026-01-13T20:48:52.394964] High prop at exactly tau (1.00) at rel_day 41: potential IF underweighting
[2026-01-13T20:49:05.179768] High prop at exactly tau (1.00) at rel_day 42: potential IF underweighting
[2026-01-13T20:49:17.974613] High prop at exactly tau (1.00) at rel_day 43: potential IF underweighting
[2026-01-13T20:49:30.799293] High prop at exactly tau (1.00) at rel_day 44: potential IF underweighting
[2026-01-13T20:49:43.610961] High prop at exactly tau (1.00) at rel_day 45: potential IF underweighting
[2026-01-13T20:49:56.392866] High prop at exactly tau (1.00) at rel_day 46: potential IF underweighting
[2026-01-13T20:50:09.173707] High prop at exactly tau (1.00) at rel_day 47: potential IF underweighting
[2026-01-13T20:50:21.938455] High prop at exactly tau (1.00) at rel_day 48: potential IF underweighting
[2026-01-13T20:50:34.718077] High prop at exactly tau (1.00) at rel_day 49: potential IF underweighting
[2026-01-13T20:50:47.508010] High prop at exactly tau (1.00) at rel_day 50: potential IF underweighting
[2026-01-13T20:51:00.330040] High prop at exactly tau (1.00) at rel_day 51: potential IF underweighting
[2026-01-13T20:51:13.112110] High prop at exactly tau (0.99) at rel_day 52: potential IF underweighting
[2026-01-13T20:51:25.889304] High prop at exactly tau (0.99) at rel_day 53: potential IF underweighting
[2026-01-13T20:51:38.670731] High prop at exactly tau (0.99) at rel_day 54: potential IF underweighting
[2026-01-13T20:51:51.444930] High prop at exactly tau (0.99) at rel_day 55: potential IF underweighting
[2026-01-13T20:52:04.227590] High prop at exactly tau (0.99) at rel_day 56: potential IF underweighting
[2026-01-13T20:52:16.985467] High prop at exactly tau (0.99) at rel_day 57: potential IF underweighting
[2026-01-13T20:52:29.755139] High prop at exactly tau (0.99) at rel_day 58: potential IF underweighting
[2026-01-13T20:52:42.506190] High prop at exactly tau (0.99) at rel_day 59: potential IF underweighting
[2026-01-13T20:52:55.259740] High prop at exactly tau (0.99) at rel_day 60: potential IF underweighting
[2026-01-13T20:53:08.053166] High prop at exactly tau (0.99) at rel_day 61: potential IF underweighting
[2026-01-13T20:53:20.797994] High prop at exactly tau (0.99) at rel_day 62: potential IF underweighting
[2026-01-13T20:53:33.558388] High prop at exactly tau (0.99) at rel_day 63: potential IF underweighting
[2026-01-13T20:53:46.327713] High prop at exactly tau (0.99) at rel_day 64: potential IF underweighting
[2026-01-13T20:53:59.098559] High prop at exactly tau (0.99) at rel_day 65: potential IF underweighting
[2026-01-13T20:54:11.847744] High prop at exactly tau (0.99) at rel_day 66: potential IF underweighting
[2026-01-13T20:54:24.613643] High prop at exactly tau (0.99) at rel_day 67: potential IF underweighting
[2026-01-13T20:54:37.348959] High prop at exactly tau (0.99) at rel_day 68: potential IF underweighting
[2026-01-13T20:54:50.100786] High prop at exactly tau (0.99) at rel_day 69: potential IF underweighting
[2026-01-13T20:55:02.860786] High prop at exactly tau (0.99) at rel_day 70: potential IF underweighting
[2026-01-13T20:55:15.584514] High prop at exactly tau (0.99) at rel_day 71: potential IF underweighting
[2026-01-13T20:55:28.340073] High prop at exactly tau (0.99) at rel_day 72: potential IF underweighting
[2026-01-13T20:55:41.073149] High prop at exactly tau (0.99) at rel_day 73: potential IF underweighting
[2026-01-13T20:55:53.802277] High prop at exactly tau (0.99) at rel_day 74: potential IF underweighting
[2026-01-13T20:56:06.544289] High prop at exactly tau (0.99) at rel_day 75: potential IF underweighting
[2026-01-13T20:56:19.274220] High prop at exactly tau (0.99) at rel_day 76: potential IF underweighting
[2026-01-13T20:56:32.017914] High prop at exactly tau (0.99) at rel_day 77: potential IF underweighting
[2026-01-13T20:56:44.765451] High prop at exactly tau (0.99) at rel_day 78: potential IF underweighting
[2026-01-13T20:56:57.526024] High prop at exactly tau (0.99) at rel_day 79: potential IF underweighting
[2026-01-13T20:57:10.258329] High prop at exactly tau (0.99) at rel_day 80: potential IF underweighting
[2026-01-13T20:57:22.957338] High prop at exactly tau (0.99) at rel_day 81: potential IF underweighting
[2026-01-13T20:57:35.671515] High prop at exactly tau (0.99) at rel_day 82: potential IF underweighting
[2026-01-13T20:57:48.420186] High prop at exactly tau (0.99) at rel_day 83: potential IF underweighting
[2026-01-13T20:58:01.224405] High prop at exactly tau (0.99) at rel_day 84: potential IF underweighting
[2026-01-13T20:58:14.004543] High prop at exactly tau (0.99) at rel_day 85: potential IF underweighting
[2026-01-13T20:58:26.693643] High prop at exactly tau (0.99) at rel_day 86: potential IF underweighting
[2026-01-13T20:58:39.393116] High prop at exactly tau (0.99) at rel_day 87: potential IF underweighting
[2026-01-13T20:58:52.115578] High prop at exactly tau (0.99) at rel_day 88: potential IF underweighting
[2026-01-13T20:59:04.836866] High prop at exactly tau (0.99) at rel_day 89: potential IF underweighting
[2026-01-13T20:59:17.549496] High prop at exactly tau (0.99) at rel_day 90: potential IF underweighting
[2026-01-13T20:59:40.750366] RMST conditions on survival to calendar_day — deliberate for definition, see method docs.
[2026-01-13T20:59:40.929760] High prop at exactly tau (1.00) at rel_day -30: potential IF underweighting
[2026-01-13T20:59:53.783302] High prop at exactly tau (1.00) at rel_day -29: potential IF underweighting
[2026-01-13T21:00:06.598368] High prop at exactly tau (1.00) at rel_day -28: potential IF underweighting
[2026-01-13T21:00:19.643018] High prop at exactly tau (1.00) at rel_day -27: potential IF underweighting
[2026-01-13T21:00:32.450877] High prop at exactly tau (1.00) at rel_day -26: potential IF underweighting
[2026-01-13T21:00:45.280911] High prop at exactly tau (1.00) at rel_day -25: potential IF underweighting
[2026-01-13T21:00:58.133549] High prop at exactly tau (1.00) at rel_day -24: potential IF underweighting
[2026-01-13T21:01:10.943789] High prop at exactly tau (1.00) at rel_day -23: potential IF underweighting
[2026-01-13T21:01:23.852051] High prop at exactly tau (1.00) at rel_day -22: potential IF underweighting
[2026-01-13T21:01:36.711693] High prop at exactly tau (1.00) at rel_day -21: potential IF underweighting
[2026-01-13T21:01:49.610841] High prop at exactly tau (1.00) at rel_day -20: potential IF underweighting
[2026-01-13T21:02:02.483851] High prop at exactly tau (1.00) at rel_day -19: potential IF underweighting
[2026-01-13T21:02:15.338475] High prop at exactly tau (1.00) at rel_day -18: potential IF underweighting
[2026-01-13T21:02:30.228587] High prop at exactly tau (1.00) at rel_day -17: potential IF underweighting
[2026-01-13T21:02:43.045877] High prop at exactly tau (1.00) at rel_day -16: potential IF underweighting
[2026-01-13T21:02:55.896499] High prop at exactly tau (1.00) at rel_day -15: potential IF underweighting
[2026-01-13T21:03:08.721712] High prop at exactly tau (1.00) at rel_day -14: potential IF underweighting
[2026-01-13T21:03:21.549200] High prop at exactly tau (1.00) at rel_day -13: potential IF underweighting
[2026-01-13T21:03:34.356897] High prop at exactly tau (1.00) at rel_day -12: potential IF underweighting
[2026-01-13T21:03:47.184509] High prop at exactly tau (1.00) at rel_day -11: potential IF underweighting
[2026-01-13T21:04:00.032228] High prop at exactly tau (1.00) at rel_day -10: potential IF underweighting
[2026-01-13T21:04:12.909031] High prop at exactly tau (1.00) at rel_day -9: potential IF underweighting
[2026-01-13T21:04:25.804193] High prop at exactly tau (1.00) at rel_day -8: potential IF underweighting
[2026-01-13T21:04:38.657032] High prop at exactly tau (1.00) at rel_day -7: potential IF underweighting
[2026-01-13T21:04:51.495111] High prop at exactly tau (1.00) at rel_day -6: potential IF underweighting
[2026-01-13T21:05:04.319871] High prop at exactly tau (1.00) at rel_day -5: potential IF underweighting
[2026-01-13T21:05:17.169443] High prop at exactly tau (1.00) at rel_day -4: potential IF underweighting
[2026-01-13T21:05:30.016676] High prop at exactly tau (1.00) at rel_day -3: potential IF underweighting
[2026-01-13T21:05:42.852663] High prop at exactly tau (1.00) at rel_day -2: potential IF underweighting
[2026-01-13T21:05:55.920749] High prop at exactly tau (1.00) at rel_day -1: potential IF underweighting
[2026-01-13T21:06:08.772975] High prop at exactly tau (1.00) at rel_day 0: potential IF underweighting
[2026-01-13T21:06:21.612643] High prop at exactly tau (1.00) at rel_day 1: potential IF underweighting
[2026-01-13T21:06:34.450480] High prop at exactly tau (1.00) at rel_day 2: potential IF underweighting
[2026-01-13T21:06:47.307180] High prop at exactly tau (1.00) at rel_day 3: potential IF underweighting
[2026-01-13T21:07:00.148956] High prop at exactly tau (1.00) at rel_day 4: potential IF underweighting
[2026-01-13T21:07:12.973595] High prop at exactly tau (1.00) at rel_day 5: potential IF underweighting
[2026-01-13T21:07:25.794858] High prop at exactly tau (1.00) at rel_day 6: potential IF underweighting
[2026-01-13T21:07:38.618982] High prop at exactly tau (1.00) at rel_day 7: potential IF underweighting
[2026-01-13T21:07:51.433193] High prop at exactly tau (1.00) at rel_day 8: potential IF underweighting
[2026-01-13T21:08:04.283692] High prop at exactly tau (1.00) at rel_day 9: potential IF underweighting
[2026-01-13T21:08:17.108174] High prop at exactly tau (1.00) at rel_day 10: potential IF underweighting
[2026-01-13T21:08:29.919569] High prop at exactly tau (1.00) at rel_day 11: potential IF underweighting
[2026-01-13T21:08:42.733422] High prop at exactly tau (1.00) at rel_day 12: potential IF underweighting
[2026-01-13T21:08:55.543765] High prop at exactly tau (1.00) at rel_day 13: potential IF underweighting
[2026-01-13T21:09:08.344320] High prop at exactly tau (1.00) at rel_day 14: potential IF underweighting
[2026-01-13T21:09:21.192904] High prop at exactly tau (1.00) at rel_day 15: potential IF underweighting
[2026-01-13T21:09:34.015467] High prop at exactly tau (1.00) at rel_day 16: potential IF underweighting
[2026-01-13T21:09:46.841855] High prop at exactly tau (1.00) at rel_day 17: potential IF underweighting
[2026-01-13T21:09:59.629871] High prop at exactly tau (1.00) at rel_day 18: potential IF underweighting
[2026-01-13T21:10:12.431608] High prop at exactly tau (1.00) at rel_day 19: potential IF underweighting
[2026-01-13T21:10:25.252481] High prop at exactly tau (1.00) at rel_day 20: potential IF underweighting
[2026-01-13T21:10:38.050634] High prop at exactly tau (1.00) at rel_day 21: potential IF underweighting
[2026-01-13T21:10:50.852028] High prop at exactly tau (1.00) at rel_day 22: potential IF underweighting
[2026-01-13T21:11:03.673933] High prop at exactly tau (1.00) at rel_day 23: potential IF underweighting
[2026-01-13T21:11:16.466892] High prop at exactly tau (1.00) at rel_day 24: potential IF underweighting
[2026-01-13T21:11:29.267759] High prop at exactly tau (1.00) at rel_day 25: potential IF underweighting
[2026-01-13T21:11:42.093419] High prop at exactly tau (1.00) at rel_day 26: potential IF underweighting
[2026-01-13T21:11:54.909911] High prop at exactly tau (1.00) at rel_day 27: potential IF underweighting
[2026-01-13T21:12:08.024421] High prop at exactly tau (1.00) at rel_day 28: potential IF underweighting
[2026-01-13T21:12:20.824089] High prop at exactly tau (1.00) at rel_day 29: potential IF underweighting
[2026-01-13T21:12:33.622987] High prop at exactly tau (1.00) at rel_day 30: potential IF underweighting
[2026-01-13T21:12:46.394164] High prop at exactly tau (1.00) at rel_day 31: potential IF underweighting
[2026-01-13T21:12:59.210401] High prop at exactly tau (1.00) at rel_day 32: potential IF underweighting
[2026-01-13T21:13:12.049235] High prop at exactly tau (1.00) at rel_day 33: potential IF underweighting
[2026-01-13T21:13:24.842151] High prop at exactly tau (1.00) at rel_day 34: potential IF underweighting
[2026-01-13T21:13:37.659940] High prop at exactly tau (1.00) at rel_day 35: potential IF underweighting
[2026-01-13T21:13:50.590485] High prop at exactly tau (1.00) at rel_day 36: potential IF underweighting
[2026-01-13T21:14:03.473000] High prop at exactly tau (1.00) at rel_day 37: potential IF underweighting
[2026-01-13T21:14:16.294969] High prop at exactly tau (1.00) at rel_day 38: potential IF underweighting
[2026-01-13T21:14:29.082497] High prop at exactly tau (1.00) at rel_day 39: potential IF underweighting
[2026-01-13T21:14:41.901728] High prop at exactly tau (1.00) at rel_day 40: potential IF underweighting
[2026-01-13T21:14:54.708549] High prop at exactly tau (1.00) at rel_day 41: potential IF underweighting
[2026-01-13T21:15:07.489549] High prop at exactly tau (1.00) at rel_day 42: potential IF underweighting
[2026-01-13T21:15:20.243435] High prop at exactly tau (1.00) at rel_day 43: potential IF underweighting
[2026-01-13T21:15:33.024344] High prop at exactly tau (1.00) at rel_day 44: potential IF underweighting
[2026-01-13T21:15:45.800131] High prop at exactly tau (1.00) at rel_day 45: potential IF underweighting
[2026-01-13T21:15:58.594635] High prop at exactly tau (1.00) at rel_day 46: potential IF underweighting
[2026-01-13T21:16:11.383277] High prop at exactly tau (1.00) at rel_day 47: potential IF underweighting
[2026-01-13T21:16:24.165389] High prop at exactly tau (1.00) at rel_day 48: potential IF underweighting
[2026-01-13T21:16:36.919272] High prop at exactly tau (1.00) at rel_day 49: potential IF underweighting
[2026-01-13T21:16:49.725917] High prop at exactly tau (1.00) at rel_day 50: potential IF underweighting
[2026-01-13T21:17:02.528925] High prop at exactly tau (1.00) at rel_day 51: potential IF underweighting
[2026-01-13T21:17:15.291140] High prop at exactly tau (1.00) at rel_day 52: potential IF underweighting
[2026-01-13T21:17:28.706594] High prop at exactly tau (0.99) at rel_day 53: potential IF underweighting
[2026-01-13T21:17:41.462498] High prop at exactly tau (0.99) at rel_day 54: potential IF underweighting
[2026-01-13T21:17:54.219273] High prop at exactly tau (0.99) at rel_day 55: potential IF underweighting
[2026-01-13T21:18:07.007093] High prop at exactly tau (0.99) at rel_day 56: potential IF underweighting
[2026-01-13T21:18:19.778022] High prop at exactly tau (0.99) at rel_day 57: potential IF underweighting
[2026-01-13T21:18:32.590077] High prop at exactly tau (0.99) at rel_day 58: potential IF underweighting
[2026-01-13T21:18:45.361304] High prop at exactly tau (0.99) at rel_day 59: potential IF underweighting
[2026-01-13T21:18:58.108454] High prop at exactly tau (0.99) at rel_day 60: potential IF underweighting
[2026-01-13T21:19:10.868947] High prop at exactly tau (0.99) at rel_day 61: potential IF underweighting
[2026-01-13T21:19:23.593692] High prop at exactly tau (0.99) at rel_day 62: potential IF underweighting
[2026-01-13T21:19:36.336009] High prop at exactly tau (0.99) at rel_day 63: potential IF underweighting
[2026-01-13T21:19:49.047358] High prop at exactly tau (0.99) at rel_day 64: potential IF underweighting
[2026-01-13T21:20:01.798014] High prop at exactly tau (0.99) at rel_day 65: potential IF underweighting
[2026-01-13T21:20:14.521941] High prop at exactly tau (0.99) at rel_day 66: potential IF underweighting
[2026-01-13T21:20:27.275784] High prop at exactly tau (0.99) at rel_day 67: potential IF underweighting
[2026-01-13T21:20:40.086715] High prop at exactly tau (0.99) at rel_day 68: potential IF underweighting
[2026-01-13T21:20:52.883293] High prop at exactly tau (0.99) at rel_day 69: potential IF underweighting
[2026-01-13T21:21:05.702289] High prop at exactly tau (0.99) at rel_day 70: potential IF underweighting
[2026-01-13T21:21:18.435812] High prop at exactly tau (0.99) at rel_day 71: potential IF underweighting
[2026-01-13T21:21:31.255778] High prop at exactly tau (0.99) at rel_day 72: potential IF underweighting
[2026-01-13T21:21:44.005679] High prop at exactly tau (0.99) at rel_day 73: potential IF underweighting
[2026-01-13T21:21:56.763614] High prop at exactly tau (0.99) at rel_day 74: potential IF underweighting
[2026-01-13T21:22:09.507766] High prop at exactly tau (0.99) at rel_day 75: potential IF underweighting
[2026-01-13T21:22:22.214270] High prop at exactly tau (0.99) at rel_day 76: potential IF underweighting
[2026-01-13T21:22:34.926845] High prop at exactly tau (0.99) at rel_day 77: potential IF underweighting
[2026-01-13T21:22:47.676672] High prop at exactly tau (0.99) at rel_day 78: potential IF underweighting
[2026-01-13T21:23:00.405305] High prop at exactly tau (0.99) at rel_day 79: potential IF underweighting
[2026-01-13T21:23:13.096283] High prop at exactly tau (0.99) at rel_day 80: potential IF underweighting
[2026-01-13T21:23:25.808731] High prop at exactly tau (0.99) at rel_day 81: potential IF underweighting
[2026-01-13T21:23:38.480446] High prop at exactly tau (0.99) at rel_day 82: potential IF underweighting
[2026-01-13T21:23:51.177314] High prop at exactly tau (0.99) at rel_day 83: potential IF underweighting
[2026-01-13T21:24:03.894169] High prop at exactly tau (0.99) at rel_day 84: potential IF underweighting
[2026-01-13T21:24:16.602038] High prop at exactly tau (0.99) at rel_day 85: potential IF underweighting
[2026-01-13T21:24:29.343261] High prop at exactly tau (0.99) at rel_day 86: potential IF underweighting
[2026-01-13T21:24:42.029714] High prop at exactly tau (0.99) at rel_day 87: potential IF underweighting
[2026-01-13T21:24:54.709494] High prop at exactly tau (0.99) at rel_day 88: potential IF underweighting
[2026-01-13T21:25:07.409582] High prop at exactly tau (0.99) at rel_day 89: potential IF underweighting
[2026-01-13T21:25:20.100461] High prop at exactly tau (0.99) at rel_day 90: potential IF underweighting
[2026-01-13T21:25:55.783821] RMST conditions on survival to calendar_day — deliberate for definition, see method docs.
[2026-01-13T21:25:56.040141] High prop at exactly tau (1.00) at rel_day -30: potential IF underweighting
[2026-01-13T21:26:10.259868] High prop at exactly tau (1.00) at rel_day -29: potential IF underweighting
[2026-01-13T21:26:23.416325] High prop at exactly tau (1.00) at rel_day -28: potential IF underweighting
[2026-01-13T21:26:36.287863] High prop at exactly tau (1.00) at rel_day -27: potential IF underweighting
[2026-01-13T21:26:49.131354] High prop at exactly tau (1.00) at rel_day -26: potential IF underweighting
[2026-01-13T21:27:01.982720] High prop at exactly tau (1.00) at rel_day -25: potential IF underweighting
[2026-01-13T21:27:14.809753] High prop at exactly tau (1.00) at rel_day -24: potential IF underweighting
[2026-01-13T21:27:27.661383] High prop at exactly tau (1.00) at rel_day -23: potential IF underweighting
[2026-01-13T21:27:40.508269] High prop at exactly tau (1.00) at rel_day -22: potential IF underweighting
[2026-01-13T21:27:53.375446] High prop at exactly tau (1.00) at rel_day -21: potential IF underweighting
[2026-01-13T21:28:06.228868] High prop at exactly tau (1.00) at rel_day -20: potential IF underweighting
[2026-01-13T21:28:19.068302] High prop at exactly tau (1.00) at rel_day -19: potential IF underweighting
[2026-01-13T21:28:31.905039] High prop at exactly tau (1.00) at rel_day -18: potential IF underweighting
[2026-01-13T21:28:44.788774] High prop at exactly tau (1.00) at rel_day -17: potential IF underweighting
[2026-01-13T21:28:57.685892] High prop at exactly tau (1.00) at rel_day -16: potential IF underweighting
[2026-01-13T21:29:10.552797] High prop at exactly tau (1.00) at rel_day -15: potential IF underweighting
[2026-01-13T21:29:23.417323] High prop at exactly tau (1.00) at rel_day -14: potential IF underweighting
[2026-01-13T21:29:36.251264] High prop at exactly tau (1.00) at rel_day -13: potential IF underweighting
[2026-01-13T21:29:49.085323] High prop at exactly tau (1.00) at rel_day -12: potential IF underweighting
[2026-01-13T21:30:01.953017] High prop at exactly tau (1.00) at rel_day -11: potential IF underweighting
[2026-01-13T21:30:14.824672] High prop at exactly tau (1.00) at rel_day -10: potential IF underweighting
[2026-01-13T21:30:27.657161] High prop at exactly tau (1.00) at rel_day -9: potential IF underweighting
[2026-01-13T21:30:40.495560] High prop at exactly tau (1.00) at rel_day -8: potential IF underweighting
[2026-01-13T21:30:53.360009] High prop at exactly tau (1.00) at rel_day -7: potential IF underweighting
[2026-01-13T21:31:06.278389] High prop at exactly tau (1.00) at rel_day -6: potential IF underweighting
[2026-01-13T21:31:19.180801] High prop at exactly tau (1.00) at rel_day -5: potential IF underweighting
[2026-01-13T21:31:32.041266] High prop at exactly tau (1.00) at rel_day -4: potential IF underweighting
[2026-01-13T21:31:44.936750] High prop at exactly tau (1.00) at rel_day -3: potential IF underweighting
[2026-01-13T21:31:57.791229] High prop at exactly tau (1.00) at rel_day -2: potential IF underweighting
[2026-01-13T21:32:10.693785] High prop at exactly tau (1.00) at rel_day -1: potential IF underweighting
[2026-01-13T21:32:23.651503] High prop at exactly tau (1.00) at rel_day 0: potential IF underweighting
[2026-01-13T21:32:37.841615] High prop at exactly tau (1.00) at rel_day 1: potential IF underweighting
[2026-01-13T21:32:50.715484] High prop at exactly tau (1.00) at rel_day 2: potential IF underweighting
[2026-01-13T21:33:03.620552] High prop at exactly tau (1.00) at rel_day 3: potential IF underweighting
[2026-01-13T21:33:16.468460] High prop at exactly tau (1.00) at rel_day 4: potential IF underweighting
[2026-01-13T21:33:29.323425] High prop at exactly tau (1.00) at rel_day 5: potential IF underweighting
[2026-01-13T21:33:42.166266] High prop at exactly tau (1.00) at rel_day 6: potential IF underweighting
[2026-01-13T21:33:55.026494] High prop at exactly tau (1.00) at rel_day 7: potential IF underweighting
[2026-01-13T21:34:07.867904] High prop at exactly tau (1.00) at rel_day 8: potential IF underweighting
[2026-01-13T21:34:20.744866] High prop at exactly tau (1.00) at rel_day 9: potential IF underweighting
[2026-01-13T21:34:33.592458] High prop at exactly tau (1.00) at rel_day 10: potential IF underweighting
[2026-01-13T21:34:46.440383] High prop at exactly tau (1.00) at rel_day 11: potential IF underweighting
[2026-01-13T21:34:59.288005] High prop at exactly tau (1.00) at rel_day 12: potential IF underweighting
[2026-01-13T21:35:12.129777] High prop at exactly tau (1.00) at rel_day 13: potential IF underweighting
[2026-01-13T21:35:24.957605] High prop at exactly tau (1.00) at rel_day 14: potential IF underweighting
[2026-01-13T21:35:37.790363] High prop at exactly tau (1.00) at rel_day 15: potential IF underweighting
[2026-01-13T21:35:50.643919] High prop at exactly tau (1.00) at rel_day 16: potential IF underweighting
[2026-01-13T21:36:03.490603] High prop at exactly tau (1.00) at rel_day 17: potential IF underweighting
[2026-01-13T21:36:16.299542] High prop at exactly tau (1.00) at rel_day 18: potential IF underweighting
[2026-01-13T21:36:29.128750] High prop at exactly tau (1.00) at rel_day 19: potential IF underweighting
[2026-01-13T21:36:41.960764] High prop at exactly tau (1.00) at rel_day 20: potential IF underweighting
[2026-01-13T21:36:54.806220] High prop at exactly tau (1.00) at rel_day 21: potential IF underweighting
[2026-01-13T21:37:07.651840] High prop at exactly tau (1.00) at rel_day 22: potential IF underweighting
[2026-01-13T21:37:20.500523] High prop at exactly tau (1.00) at rel_day 23: potential IF underweighting
[2026-01-13T21:37:33.337558] High prop at exactly tau (1.00) at rel_day 24: potential IF underweighting
[2026-01-13T21:37:46.166437] High prop at exactly tau (1.00) at rel_day 25: potential IF underweighting
[2026-01-13T21:37:58.975628] High prop at exactly tau (1.00) at rel_day 26: potential IF underweighting
[2026-01-13T21:38:11.827173] High prop at exactly tau (1.00) at rel_day 27: potential IF underweighting
[2026-01-13T21:38:24.645448] High prop at exactly tau (1.00) at rel_day 28: potential IF underweighting
[2026-01-13T21:38:37.458681] High prop at exactly tau (1.00) at rel_day 29: potential IF underweighting
[2026-01-13T21:38:50.255998] High prop at exactly tau (1.00) at rel_day 30: potential IF underweighting
[2026-01-13T21:39:03.081539] High prop at exactly tau (1.00) at rel_day 31: potential IF underweighting
[2026-01-13T21:39:15.884080] High prop at exactly tau (1.00) at rel_day 32: potential IF underweighting
[2026-01-13T21:39:28.709877] High prop at exactly tau (1.00) at rel_day 33: potential IF underweighting
[2026-01-13T21:39:41.493694] High prop at exactly tau (1.00) at rel_day 34: potential IF underweighting
[2026-01-13T21:39:54.295635] High prop at exactly tau (1.00) at rel_day 35: potential IF underweighting
[2026-01-13T21:40:07.107182] High prop at exactly tau (1.00) at rel_day 36: potential IF underweighting
[2026-01-13T21:40:19.903641] High prop at exactly tau (1.00) at rel_day 37: potential IF underweighting
[2026-01-13T21:40:32.693965] High prop at exactly tau (1.00) at rel_day 38: potential IF underweighting
[2026-01-13T21:40:45.516562] High prop at exactly tau (1.00) at rel_day 39: potential IF underweighting
[2026-01-13T21:40:58.320311] High prop at exactly tau (1.00) at rel_day 40: potential IF underweighting
[2026-01-13T21:41:11.142365] High prop at exactly tau (1.00) at rel_day 41: potential IF underweighting
[2026-01-13T21:41:23.929697] High prop at exactly tau (1.00) at rel_day 42: potential IF underweighting
[2026-01-13T21:41:36.709354] High prop at exactly tau (1.00) at rel_day 43: potential IF underweighting
[2026-01-13T21:41:49.519354] High prop at exactly tau (1.00) at rel_day 44: potential IF underweighting
[2026-01-13T21:42:02.314500] High prop at exactly tau (1.00) at rel_day 45: potential IF underweighting
[2026-01-13T21:42:15.105546] High prop at exactly tau (1.00) at rel_day 46: potential IF underweighting
[2026-01-13T21:42:27.895868] High prop at exactly tau (1.00) at rel_day 47: potential IF underweighting
[2026-01-13T21:42:40.657751] High prop at exactly tau (1.00) at rel_day 48: potential IF underweighting
[2026-01-13T21:42:53.450520] High prop at exactly tau (1.00) at rel_day 49: potential IF underweighting
[2026-01-13T21:43:06.251656] High prop at exactly tau (1.00) at rel_day 50: potential IF underweighting
[2026-01-13T21:43:19.063231] High prop at exactly tau (0.99) at rel_day 51: potential IF underweighting
[2026-01-13T21:43:31.865831] High prop at exactly tau (0.99) at rel_day 52: potential IF underweighting
[2026-01-13T21:43:44.659634] High prop at exactly tau (0.99) at rel_day 53: potential IF underweighting
[2026-01-13T21:43:57.423832] High prop at exactly tau (0.99) at rel_day 54: potential IF underweighting
[2026-01-13T21:44:10.223024] High prop at exactly tau (0.99) at rel_day 55: potential IF underweighting
[2026-01-13T21:44:22.991006] High prop at exactly tau (0.99) at rel_day 56: potential IF underweighting
[2026-01-13T21:44:35.748869] High prop at exactly tau (0.99) at rel_day 57: potential IF underweighting
[2026-01-13T21:44:48.502070] High prop at exactly tau (0.99) at rel_day 58: potential IF underweighting
[2026-01-13T21:45:01.286764] High prop at exactly tau (0.99) at rel_day 59: potential IF underweighting
[2026-01-13T21:45:14.068224] High prop at exactly tau (0.99) at rel_day 60: potential IF underweighting
[2026-01-13T21:45:26.830761] High prop at exactly tau (0.99) at rel_day 61: potential IF underweighting
[2026-01-13T21:45:39.613305] High prop at exactly tau (0.99) at rel_day 62: potential IF underweighting
[2026-01-13T21:45:52.368584] High prop at exactly tau (0.99) at rel_day 63: potential IF underweighting
[2026-01-13T21:46:05.162097] High prop at exactly tau (0.99) at rel_day 64: potential IF underweighting
[2026-01-13T21:46:17.944657] High prop at exactly tau (0.99) at rel_day 65: potential IF underweighting
[2026-01-13T21:46:30.688683] High prop at exactly tau (0.99) at rel_day 66: potential IF underweighting
[2026-01-13T21:46:43.469540] High prop at exactly tau (0.99) at rel_day 67: potential IF underweighting
[2026-01-13T21:46:56.257067] High prop at exactly tau (0.99) at rel_day 68: potential IF underweighting
[2026-01-13T21:47:09.020963] High prop at exactly tau (0.99) at rel_day 69: potential IF underweighting
[2026-01-13T21:47:21.785755] High prop at exactly tau (0.99) at rel_day 70: potential IF underweighting
[2026-01-13T21:47:34.635333] High prop at exactly tau (0.99) at rel_day 71: potential IF underweighting
[2026-01-13T21:47:49.794345] High prop at exactly tau (0.99) at rel_day 72: potential IF underweighting
[2026-01-13T21:48:02.544145] High prop at exactly tau (0.99) at rel_day 73: potential IF underweighting
[2026-01-13T21:48:15.302143] High prop at exactly tau (0.99) at rel_day 74: potential IF underweighting
[2026-01-13T21:48:28.016179] High prop at exactly tau (0.99) at rel_day 75: potential IF underweighting
[2026-01-13T21:48:40.741474] High prop at exactly tau (0.99) at rel_day 76: potential IF underweighting
[2026-01-13T21:48:53.473125] High prop at exactly tau (0.99) at rel_day 77: potential IF underweighting
[2026-01-13T21:49:06.185084] High prop at exactly tau (0.99) at rel_day 78: potential IF underweighting
[2026-01-13T21:49:18.885727] High prop at exactly tau (0.99) at rel_day 79: potential IF underweighting
[2026-01-13T21:49:31.620409] High prop at exactly tau (0.99) at rel_day 80: potential IF underweighting
[2026-01-13T21:49:44.339990] High prop at exactly tau (0.99) at rel_day 81: potential IF underweighting
[2026-01-13T21:49:57.044175] High prop at exactly tau (0.99) at rel_day 82: potential IF underweighting
[2026-01-13T21:50:09.752741] High prop at exactly tau (0.99) at rel_day 83: potential IF underweighting
[2026-01-13T21:50:22.447423] High prop at exactly tau (0.99) at rel_day 84: potential IF underweighting
[2026-01-13T21:50:35.143227] High prop at exactly tau (0.99) at rel_day 85: potential IF underweighting
[2026-01-13T21:50:47.859232] High prop at exactly tau (0.99) at rel_day 86: potential IF underweighting
[2026-01-13T21:51:00.598842] High prop at exactly tau (0.99) at rel_day 87: potential IF underweighting
[2026-01-13T21:51:13.321094] High prop at exactly tau (0.99) at rel_day 88: potential IF underweighting
[2026-01-13T21:51:26.021861] High prop at exactly tau (0.99) at rel_day 89: potential IF underweighting
[2026-01-13T21:51:38.703291] High prop at exactly tau (0.99) at rel_day 90: potential IF underweighting
[2026-01-13T21:52:03.264325] RMST conditions on survival to calendar_day — deliberate for definition, see method docs.
[2026-01-13T21:52:03.521876] High prop at exactly tau (1.00) at rel_day -30: potential IF underweighting
[2026-01-13T21:52:17.252254] High prop at exactly tau (1.00) at rel_day -29: potential IF underweighting
[2026-01-13T21:52:30.185052] High prop at exactly tau (1.00) at rel_day -28: potential IF underweighting
[2026-01-13T21:52:43.037982] High prop at exactly tau (1.00) at rel_day -27: potential IF underweighting
[2026-01-13T21:52:55.897053] High prop at exactly tau (1.00) at rel_day -26: potential IF underweighting
[2026-01-13T21:53:08.747208] High prop at exactly tau (1.00) at rel_day -25: potential IF underweighting
[2026-01-13T21:53:21.580423] High prop at exactly tau (1.00) at rel_day -24: potential IF underweighting
[2026-01-13T21:53:34.432150] High prop at exactly tau (1.00) at rel_day -23: potential IF underweighting
[2026-01-13T21:53:47.277380] High prop at exactly tau (1.00) at rel_day -22: potential IF underweighting
[2026-01-13T21:54:00.113266] High prop at exactly tau (1.00) at rel_day -21: potential IF underweighting
[2026-01-13T21:54:12.944245] High prop at exactly tau (1.00) at rel_day -20: potential IF underweighting
[2026-01-13T21:54:25.819923] High prop at exactly tau (1.00) at rel_day -19: potential IF underweighting
[2026-01-13T21:54:38.681350] High prop at exactly tau (1.00) at rel_day -18: potential IF underweighting
[2026-01-13T21:54:51.533446] High prop at exactly tau (1.00) at rel_day -17: potential IF underweighting
[2026-01-13T21:55:04.391274] High prop at exactly tau (1.00) at rel_day -16: potential IF underweighting
[2026-01-13T21:55:17.256286] High prop at exactly tau (1.00) at rel_day -15: potential IF underweighting
[2026-01-13T21:55:30.120570] High prop at exactly tau (1.00) at rel_day -14: potential IF underweighting
[2026-01-13T21:55:42.964779] High prop at exactly tau (1.00) at rel_day -13: potential IF underweighting
[2026-01-13T21:55:55.829940] High prop at exactly tau (1.00) at rel_day -12: potential IF underweighting
[2026-01-13T21:56:08.675275] High prop at exactly tau (1.00) at rel_day -11: potential IF underweighting
[2026-01-13T21:56:21.539672] High prop at exactly tau (1.00) at rel_day -10: potential IF underweighting
[2026-01-13T21:56:34.378471] High prop at exactly tau (1.00) at rel_day -9: potential IF underweighting
[2026-01-13T21:56:47.235746] High prop at exactly tau (1.00) at rel_day -8: potential IF underweighting
[2026-01-13T21:57:00.112231] High prop at exactly tau (1.00) at rel_day -7: potential IF underweighting
[2026-01-13T21:57:12.969345] High prop at exactly tau (1.00) at rel_day -6: potential IF underweighting
[2026-01-13T21:57:25.846344] High prop at exactly tau (1.00) at rel_day -5: potential IF underweighting
[2026-01-13T21:57:38.732014] High prop at exactly tau (1.00) at rel_day -4: potential IF underweighting
[2026-01-13T21:57:51.726965] High prop at exactly tau (1.00) at rel_day -3: potential IF underweighting
[2026-01-13T21:58:04.586523] High prop at exactly tau (1.00) at rel_day -2: potential IF underweighting
[2026-01-13T21:58:17.533145] High prop at exactly tau (1.00) at rel_day -1: potential IF underweighting
[2026-01-13T21:58:30.450127] High prop at exactly tau (1.00) at rel_day 0: potential IF underweighting
[2026-01-13T21:58:43.339967] High prop at exactly tau (1.00) at rel_day 1: potential IF underweighting
[2026-01-13T21:58:56.204200] High prop at exactly tau (1.00) at rel_day 2: potential IF underweighting
[2026-01-13T21:59:09.087209] High prop at exactly tau (1.00) at rel_day 3: potential IF underweighting
[2026-01-13T21:59:21.942506] High prop at exactly tau (1.00) at rel_day 4: potential IF underweighting
[2026-01-13T21:59:34.791750] High prop at exactly tau (1.00) at rel_day 5: potential IF underweighting
[2026-01-13T21:59:47.648552] High prop at exactly tau (1.00) at rel_day 6: potential IF underweighting
[2026-01-13T22:00:00.522097] High prop at exactly tau (1.00) at rel_day 7: potential IF underweighting
[2026-01-13T22:00:13.367561] High prop at exactly tau (1.00) at rel_day 8: potential IF underweighting
[2026-01-13T22:00:26.217511] High prop at exactly tau (1.00) at rel_day 9: potential IF underweighting
[2026-01-13T22:00:39.059524] High prop at exactly tau (1.00) at rel_day 10: potential IF underweighting
[2026-01-13T22:00:51.914174] High prop at exactly tau (1.00) at rel_day 11: potential IF underweighting
[2026-01-13T22:01:04.737854] High prop at exactly tau (1.00) at rel_day 12: potential IF underweighting
[2026-01-13T22:01:17.623359] High prop at exactly tau (1.00) at rel_day 13: potential IF underweighting
[2026-01-13T22:01:30.481799] High prop at exactly tau (1.00) at rel_day 14: potential IF underweighting
[2026-01-13T22:01:43.348928] High prop at exactly tau (1.00) at rel_day 15: potential IF underweighting
[2026-01-13T22:01:56.204749] High prop at exactly tau (1.00) at rel_day 16: potential IF underweighting
[2026-01-13T22:02:09.085946] High prop at exactly tau (1.00) at rel_day 17: potential IF underweighting
[2026-01-13T22:02:21.932538] High prop at exactly tau (1.00) at rel_day 18: potential IF underweighting
[2026-01-13T22:02:34.774877] High prop at exactly tau (1.00) at rel_day 19: potential IF underweighting
[2026-01-13T22:02:49.174570] High prop at exactly tau (1.00) at rel_day 20: potential IF underweighting
[2026-01-13T22:03:02.003575] High prop at exactly tau (1.00) at rel_day 21: potential IF underweighting
[2026-01-13T22:03:14.818640] High prop at exactly tau (1.00) at rel_day 22: potential IF underweighting
[2026-01-13T22:03:27.667681] High prop at exactly tau (1.00) at rel_day 23: potential IF underweighting
[2026-01-13T22:03:40.472450] High prop at exactly tau (1.00) at rel_day 24: potential IF underweighting
[2026-01-13T22:03:53.303385] High prop at exactly tau (1.00) at rel_day 25: potential IF underweighting
[2026-01-13T22:04:06.107973] High prop at exactly tau (1.00) at rel_day 26: potential IF underweighting
[2026-01-13T22:04:18.917677] High prop at exactly tau (1.00) at rel_day 27: potential IF underweighting
[2026-01-13T22:04:31.739349] High prop at exactly tau (1.00) at rel_day 28: potential IF underweighting
[2026-01-13T22:04:44.543450] High prop at exactly tau (1.00) at rel_day 29: potential IF underweighting
[2026-01-13T22:04:57.373662] High prop at exactly tau (1.00) at rel_day 30: potential IF underweighting
[2026-01-13T22:05:10.220352] High prop at exactly tau (1.00) at rel_day 31: potential IF underweighting
[2026-01-13T22:05:23.051914] High prop at exactly tau (1.00) at rel_day 32: potential IF underweighting
[2026-01-13T22:05:35.881452] High prop at exactly tau (1.00) at rel_day 33: potential IF underweighting
[2026-01-13T22:05:48.708120] High prop at exactly tau (1.00) at rel_day 34: potential IF underweighting
[2026-01-13T22:06:01.546367] High prop at exactly tau (1.00) at rel_day 35: potential IF underweighting
[2026-01-13T22:06:14.390081] High prop at exactly tau (1.00) at rel_day 36: potential IF underweighting
[2026-01-13T22:06:27.230563] High prop at exactly tau (1.00) at rel_day 37: potential IF underweighting
[2026-01-13T22:06:40.053970] High prop at exactly tau (1.00) at rel_day 38: potential IF underweighting
[2026-01-13T22:06:52.887417] High prop at exactly tau (1.00) at rel_day 39: potential IF underweighting
[2026-01-13T22:07:05.673897] High prop at exactly tau (1.00) at rel_day 40: potential IF underweighting
[2026-01-13T22:07:18.471279] High prop at exactly tau (1.00) at rel_day 41: potential IF underweighting
[2026-01-13T22:07:31.245533] High prop at exactly tau (1.00) at rel_day 42: potential IF underweighting
[2026-01-13T22:07:44.041616] High prop at exactly tau (1.00) at rel_day 43: potential IF underweighting
[2026-01-13T22:07:56.843047] High prop at exactly tau (1.00) at rel_day 44: potential IF underweighting
[2026-01-13T22:08:09.658947] High prop at exactly tau (1.00) at rel_day 45: potential IF underweighting
[2026-01-13T22:08:22.399324] High prop at exactly tau (1.00) at rel_day 46: potential IF underweighting
[2026-01-13T22:08:35.172207] High prop at exactly tau (1.00) at rel_day 47: potential IF underweighting
[2026-01-13T22:08:47.918339] High prop at exactly tau (1.00) at rel_day 48: potential IF underweighting
[2026-01-13T22:09:00.695080] High prop at exactly tau (1.00) at rel_day 49: potential IF underweighting
[2026-01-13T22:09:13.469183] High prop at exactly tau (1.00) at rel_day 50: potential IF underweighting
[2026-01-13T22:09:26.259967] High prop at exactly tau (1.00) at rel_day 51: potential IF underweighting
[2026-01-13T22:09:39.021617] High prop at exactly tau (1.00) at rel_day 52: potential IF underweighting
[2026-01-13T22:09:51.801295] High prop at exactly tau (0.99) at rel_day 53: potential IF underweighting
[2026-01-13T22:10:04.575314] High prop at exactly tau (0.99) at rel_day 54: potential IF underweighting
[2026-01-13T22:10:17.346898] High prop at exactly tau (0.99) at rel_day 55: potential IF underweighting
[2026-01-13T22:10:30.102184] High prop at exactly tau (0.99) at rel_day 56: potential IF underweighting
[2026-01-13T22:10:42.863596] High prop at exactly tau (0.99) at rel_day 57: potential IF underweighting
[2026-01-13T22:10:55.610127] High prop at exactly tau (0.99) at rel_day 58: potential IF underweighting
[2026-01-13T22:11:08.371911] High prop at exactly tau (0.99) at rel_day 59: potential IF underweighting
[2026-01-13T22:11:21.130494] High prop at exactly tau (0.99) at rel_day 60: potential IF underweighting
[2026-01-13T22:11:33.891472] High prop at exactly tau (0.99) at rel_day 61: potential IF underweighting
[2026-01-13T22:11:46.654976] High prop at exactly tau (0.99) at rel_day 62: potential IF underweighting
[2026-01-13T22:11:59.431128] High prop at exactly tau (0.99) at rel_day 63: potential IF underweighting
[2026-01-13T22:12:12.501750] High prop at exactly tau (0.99) at rel_day 64: potential IF underweighting
[2026-01-13T22:12:25.286615] High prop at exactly tau (0.99) at rel_day 65: potential IF underweighting
[2026-01-13T22:12:38.031460] High prop at exactly tau (0.99) at rel_day 66: potential IF underweighting
[2026-01-13T22:12:50.768769] High prop at exactly tau (0.99) at rel_day 67: potential IF underweighting
[2026-01-13T22:13:03.535860] High prop at exactly tau (0.99) at rel_day 68: potential IF underweighting
[2026-01-13T22:13:16.305759] High prop at exactly tau (0.99) at rel_day 69: potential IF underweighting
[2026-01-13T22:13:29.030997] High prop at exactly tau (0.99) at rel_day 70: potential IF underweighting
[2026-01-13T22:13:41.778988] High prop at exactly tau (0.99) at rel_day 71: potential IF underweighting
[2026-01-13T22:13:54.520119] High prop at exactly tau (0.99) at rel_day 72: potential IF underweighting
[2026-01-13T22:14:07.270375] High prop at exactly tau (0.99) at rel_day 73: potential IF underweighting
[2026-01-13T22:14:19.996584] High prop at exactly tau (0.99) at rel_day 74: potential IF underweighting
[2026-01-13T22:14:32.773640] High prop at exactly tau (0.99) at rel_day 75: potential IF underweighting
[2026-01-13T22:14:45.502605] High prop at exactly tau (0.99) at rel_day 76: potential IF underweighting
[2026-01-13T22:14:58.251453] High prop at exactly tau (0.99) at rel_day 77: potential IF underweighting
[2026-01-13T22:15:10.973250] High prop at exactly tau (0.99) at rel_day 78: potential IF underweighting
[2026-01-13T22:15:23.729598] High prop at exactly tau (0.99) at rel_day 79: potential IF underweighting
[2026-01-13T22:15:36.466992] High prop at exactly tau (0.99) at rel_day 80: potential IF underweighting
[2026-01-13T22:15:49.205396] High prop at exactly tau (0.99) at rel_day 81: potential IF underweighting
[2026-01-13T22:16:01.922848] High prop at exactly tau (0.99) at rel_day 82: potential IF underweighting
[2026-01-13T22:16:14.651544] High prop at exactly tau (0.99) at rel_day 83: potential IF underweighting
[2026-01-13T22:16:27.328258] High prop at exactly tau (0.99) at rel_day 84: potential IF underweighting
[2026-01-13T22:16:40.069575] High prop at exactly tau (0.99) at rel_day 85: potential IF underweighting
[2026-01-13T22:16:52.786574] High prop at exactly tau (0.99) at rel_day 86: potential IF underweighting
[2026-01-13T22:17:05.486419] High prop at exactly tau (0.99) at rel_day 87: potential IF underweighting
[2026-01-13T22:17:18.182238] High prop at exactly tau (0.99) at rel_day 88: potential IF underweighting
[2026-01-13T22:17:30.863848] High prop at exactly tau (0.99) at rel_day 89: potential IF underweighting
[2026-01-13T22:17:43.561607] High prop at exactly tau (0.99) at rel_day 90: potential IF underweighting
[2026-01-13T22:18:06.788778] RMST conditions on survival to calendar_day — deliberate for definition, see method docs.
[2026-01-13T22:18:07.038297] High prop at exactly tau (1.00) at rel_day -30: potential IF underweighting
[2026-01-13T22:18:21.433117] High prop at exactly tau (1.00) at rel_day -29: potential IF underweighting
[2026-01-13T22:18:34.531242] High prop at exactly tau (1.00) at rel_day -28: potential IF underweighting
[2026-01-13T22:18:47.382605] High prop at exactly tau (1.00) at rel_day -27: potential IF underweighting
[2026-01-13T22:19:00.244339] High prop at exactly tau (1.00) at rel_day -26: potential IF underweighting
[2026-01-13T22:19:13.178124] High prop at exactly tau (1.00) at rel_day -25: potential IF underweighting
[2026-01-13T22:19:26.092014] High prop at exactly tau (1.00) at rel_day -24: potential IF underweighting
[2026-01-13T22:19:38.923406] High prop at exactly tau (1.00) at rel_day -23: potential IF underweighting
[2026-01-13T22:19:51.761933] High prop at exactly tau (1.00) at rel_day -22: potential IF underweighting
[2026-01-13T22:20:04.625586] High prop at exactly tau (1.00) at rel_day -21: potential IF underweighting
[2026-01-13T22:20:17.484087] High prop at exactly tau (1.00) at rel_day -20: potential IF underweighting
[2026-01-13T22:20:30.313831] High prop at exactly tau (1.00) at rel_day -19: potential IF underweighting
[2026-01-13T22:20:43.234409] High prop at exactly tau (1.00) at rel_day -18: potential IF underweighting
[2026-01-13T22:20:56.198729] High prop at exactly tau (1.00) at rel_day -17: potential IF underweighting
[2026-01-13T22:21:09.147681] High prop at exactly tau (1.00) at rel_day -16: potential IF underweighting
[2026-01-13T22:21:22.064671] High prop at exactly tau (1.00) at rel_day -15: potential IF underweighting
[2026-01-13T22:21:34.995361] High prop at exactly tau (1.00) at rel_day -14: potential IF underweighting
[2026-01-13T22:21:48.235478] High prop at exactly tau (1.00) at rel_day -13: potential IF underweighting
[2026-01-13T22:22:01.104874] High prop at exactly tau (1.00) at rel_day -12: potential IF underweighting
[2026-01-13T22:22:13.950968] High prop at exactly tau (1.00) at rel_day -11: potential IF underweighting
[2026-01-13T22:22:26.774955] High prop at exactly tau (1.00) at rel_day -10: potential IF underweighting
[2026-01-13T22:22:39.611520] High prop at exactly tau (1.00) at rel_day -9: potential IF underweighting
[2026-01-13T22:22:52.513117] High prop at exactly tau (1.00) at rel_day -8: potential IF underweighting
[2026-01-13T22:23:05.367261] High prop at exactly tau (1.00) at rel_day -7: potential IF underweighting
[2026-01-13T22:23:18.212659] High prop at exactly tau (1.00) at rel_day -6: potential IF underweighting
[2026-01-13T22:23:31.087264] High prop at exactly tau (1.00) at rel_day -5: potential IF underweighting
[2026-01-13T22:23:43.939411] High prop at exactly tau (1.00) at rel_day -4: potential IF underweighting
[2026-01-13T22:23:56.763004] High prop at exactly tau (1.00) at rel_day -3: potential IF underweighting
[2026-01-13T22:24:09.607442] High prop at exactly tau (1.00) at rel_day -2: potential IF underweighting
[2026-01-13T22:24:22.471007] High prop at exactly tau (1.00) at rel_day -1: potential IF underweighting
[2026-01-13T22:24:35.311414] High prop at exactly tau (1.00) at rel_day 0: potential IF underweighting
[2026-01-13T22:24:48.142872] High prop at exactly tau (1.00) at rel_day 1: potential IF underweighting
[2026-01-13T22:25:00.985468] High prop at exactly tau (1.00) at rel_day 2: potential IF underweighting
[2026-01-13T22:25:13.839067] High prop at exactly tau (1.00) at rel_day 3: potential IF underweighting
[2026-01-13T22:25:26.656366] High prop at exactly tau (1.00) at rel_day 4: potential IF underweighting
[2026-01-13T22:25:39.488819] High prop at exactly tau (1.00) at rel_day 5: potential IF underweighting
[2026-01-13T22:25:52.297078] High prop at exactly tau (1.00) at rel_day 6: potential IF underweighting
[2026-01-13T22:26:05.121564] High prop at exactly tau (1.00) at rel_day 7: potential IF underweighting
[2026-01-13T22:26:17.933418] High prop at exactly tau (1.00) at rel_day 8: potential IF underweighting
[2026-01-13T22:26:30.771741] High prop at exactly tau (1.00) at rel_day 9: potential IF underweighting
[2026-01-13T22:26:43.600875] High prop at exactly tau (1.00) at rel_day 10: potential IF underweighting
[2026-01-13T22:26:56.433633] High prop at exactly tau (1.00) at rel_day 11: potential IF underweighting
[2026-01-13T22:27:09.226394] High prop at exactly tau (1.00) at rel_day 12: potential IF underweighting
[2026-01-13T22:27:22.063949] High prop at exactly tau (1.00) at rel_day 13: potential IF underweighting
[2026-01-13T22:27:34.898893] High prop at exactly tau (1.00) at rel_day 14: potential IF underweighting
[2026-01-13T22:27:47.749913] High prop at exactly tau (1.00) at rel_day 15: potential IF underweighting
[2026-01-13T22:28:00.572927] High prop at exactly tau (1.00) at rel_day 16: potential IF underweighting
[2026-01-13T22:28:13.398809] High prop at exactly tau (1.00) at rel_day 17: potential IF underweighting
[2026-01-13T22:28:26.190216] High prop at exactly tau (1.00) at rel_day 18: potential IF underweighting
[2026-01-13T22:28:38.993205] High prop at exactly tau (1.00) at rel_day 19: potential IF underweighting
[2026-01-13T22:28:51.785102] High prop at exactly tau (1.00) at rel_day 20: potential IF underweighting
[2026-01-13T22:29:04.586789] High prop at exactly tau (1.00) at rel_day 21: potential IF underweighting
[2026-01-13T22:29:17.390981] High prop at exactly tau (1.00) at rel_day 22: potential IF underweighting
[2026-01-13T22:29:30.215015] High prop at exactly tau (1.00) at rel_day 23: potential IF underweighting
[2026-01-13T22:29:42.996763] High prop at exactly tau (1.00) at rel_day 24: potential IF underweighting
[2026-01-13T22:29:55.773275] High prop at exactly tau (1.00) at rel_day 25: potential IF underweighting
[2026-01-13T22:30:08.563570] High prop at exactly tau (1.00) at rel_day 26: potential IF underweighting
[2026-01-13T22:30:21.374888] High prop at exactly tau (1.00) at rel_day 27: potential IF underweighting
[2026-01-13T22:30:34.180512] High prop at exactly tau (1.00) at rel_day 28: potential IF underweighting
[2026-01-13T22:30:46.995092] High prop at exactly tau (1.00) at rel_day 29: potential IF underweighting
[2026-01-13T22:30:59.789974] High prop at exactly tau (1.00) at rel_day 30: potential IF underweighting
[2026-01-13T22:31:12.614108] High prop at exactly tau (1.00) at rel_day 31: potential IF underweighting
[2026-01-13T22:31:25.405414] High prop at exactly tau (1.00) at rel_day 32: potential IF underweighting
[2026-01-13T22:31:38.252493] High prop at exactly tau (1.00) at rel_day 33: potential IF underweighting
[2026-01-13T22:31:51.046722] High prop at exactly tau (1.00) at rel_day 34: potential IF underweighting
[2026-01-13T22:32:03.921361] High prop at exactly tau (1.00) at rel_day 35: potential IF underweighting
[2026-01-13T22:32:16.799567] High prop at exactly tau (1.00) at rel_day 36: potential IF underweighting
[2026-01-13T22:32:29.602656] High prop at exactly tau (1.00) at rel_day 37: potential IF underweighting
[2026-01-13T22:32:42.378891] High prop at exactly tau (1.00) at rel_day 38: potential IF underweighting
[2026-01-13T22:32:56.238497] High prop at exactly tau (1.00) at rel_day 39: potential IF underweighting
[2026-01-13T22:33:09.072031] High prop at exactly tau (1.00) at rel_day 40: potential IF underweighting
[2026-01-13T22:33:21.855711] High prop at exactly tau (1.00) at rel_day 41: potential IF underweighting
[2026-01-13T22:33:34.627719] High prop at exactly tau (1.00) at rel_day 42: potential IF underweighting
[2026-01-13T22:33:47.401334] High prop at exactly tau (1.00) at rel_day 43: potential IF underweighting
[2026-01-13T22:34:00.180340] High prop at exactly tau (1.00) at rel_day 44: potential IF underweighting
[2026-01-13T22:34:12.966521] High prop at exactly tau (1.00) at rel_day 45: potential IF underweighting
[2026-01-13T22:34:25.734344] High prop at exactly tau (1.00) at rel_day 46: potential IF underweighting
[2026-01-13T22:34:38.503110] High prop at exactly tau (1.00) at rel_day 47: potential IF underweighting
[2026-01-13T22:34:51.240166] High prop at exactly tau (1.00) at rel_day 48: potential IF underweighting
[2026-01-13T22:35:04.011591] High prop at exactly tau (1.00) at rel_day 49: potential IF underweighting
[2026-01-13T22:35:16.804626] High prop at exactly tau (1.00) at rel_day 50: potential IF underweighting
[2026-01-13T22:35:29.562982] High prop at exactly tau (1.00) at rel_day 51: potential IF underweighting
[2026-01-13T22:35:42.335477] High prop at exactly tau (1.00) at rel_day 52: potential IF underweighting
[2026-01-13T22:35:55.112424] High prop at exactly tau (1.00) at rel_day 53: potential IF underweighting
[2026-01-13T22:36:07.872457] High prop at exactly tau (0.99) at rel_day 54: potential IF underweighting
[2026-01-13T22:36:20.633402] High prop at exactly tau (0.99) at rel_day 55: potential IF underweighting
[2026-01-13T22:36:33.381168] High prop at exactly tau (0.99) at rel_day 56: potential IF underweighting
[2026-01-13T22:36:46.133659] High prop at exactly tau (0.99) at rel_day 57: potential IF underweighting
[2026-01-13T22:36:58.906324] High prop at exactly tau (0.99) at rel_day 58: potential IF underweighting
[2026-01-13T22:37:11.683762] High prop at exactly tau (0.99) at rel_day 59: potential IF underweighting
[2026-01-13T22:37:24.424746] High prop at exactly tau (0.99) at rel_day 60: potential IF underweighting
[2026-01-13T22:37:37.172696] High prop at exactly tau (0.99) at rel_day 61: potential IF underweighting
[2026-01-13T22:37:49.917227] High prop at exactly tau (0.99) at rel_day 62: potential IF underweighting
[2026-01-13T22:38:02.670254] High prop at exactly tau (0.99) at rel_day 63: potential IF underweighting
[2026-01-13T22:38:15.398125] High prop at exactly tau (0.99) at rel_day 64: potential IF underweighting
[2026-01-13T22:38:28.156413] High prop at exactly tau (0.99) at rel_day 65: potential IF underweighting
[2026-01-13T22:38:40.873356] High prop at exactly tau (0.99) at rel_day 66: potential IF underweighting
[2026-01-13T22:38:53.601974] High prop at exactly tau (0.99) at rel_day 67: potential IF underweighting
[2026-01-13T22:39:06.317672] High prop at exactly tau (0.99) at rel_day 68: potential IF underweighting
[2026-01-13T22:39:19.058856] High prop at exactly tau (0.99) at rel_day 69: potential IF underweighting
[2026-01-13T22:39:31.802558] High prop at exactly tau (0.99) at rel_day 70: potential IF underweighting
[2026-01-13T22:39:44.557111] High prop at exactly tau (0.99) at rel_day 71: potential IF underweighting
[2026-01-13T22:39:57.302731] High prop at exactly tau (0.99) at rel_day 72: potential IF underweighting
[2026-01-13T22:40:10.058556] High prop at exactly tau (0.99) at rel_day 73: potential IF underweighting
[2026-01-13T22:40:22.785479] High prop at exactly tau (0.99) at rel_day 74: potential IF underweighting
[2026-01-13T22:40:35.483605] High prop at exactly tau (0.99) at rel_day 75: potential IF underweighting
[2026-01-13T22:40:48.211614] High prop at exactly tau (0.99) at rel_day 76: potential IF underweighting
[2026-01-13T22:41:00.926273] High prop at exactly tau (0.99) at rel_day 77: potential IF underweighting
[2026-01-13T22:41:13.660567] High prop at exactly tau (0.99) at rel_day 78: potential IF underweighting
[2026-01-13T22:41:26.378534] High prop at exactly tau (0.99) at rel_day 79: potential IF underweighting
[2026-01-13T22:41:39.115196] High prop at exactly tau (0.99) at rel_day 80: potential IF underweighting
[2026-01-13T22:41:51.854235] High prop at exactly tau (0.99) at rel_day 81: potential IF underweighting
[2026-01-13T22:42:04.566508] High prop at exactly tau (0.99) at rel_day 82: potential IF underweighting
[2026-01-13T22:42:17.253360] High prop at exactly tau (0.99) at rel_day 83: potential IF underweighting
[2026-01-13T22:42:29.944391] High prop at exactly tau (0.99) at rel_day 84: potential IF underweighting
[2026-01-13T22:42:42.654605] High prop at exactly tau (0.99) at rel_day 85: potential IF underweighting
[2026-01-13T22:42:55.345986] High prop at exactly tau (0.99) at rel_day 86: potential IF underweighting
[2026-01-13T22:43:08.057732] High prop at exactly tau (0.99) at rel_day 87: potential IF underweighting
[2026-01-13T22:43:20.734397] High prop at exactly tau (0.99) at rel_day 88: potential IF underweighting
[2026-01-13T22:43:33.410289] High prop at exactly tau (0.99) at rel_day 89: potential IF underweighting
[2026-01-13T22:43:46.082555] High prop at exactly tau (0.99) at rel_day 90: potential IF underweighting
[2026-01-13T22:44:09.774538] RMST conditions on survival to calendar_day — deliberate for definition, see method docs.
[2026-01-13T22:44:10.023913] High prop at exactly tau (1.00) at rel_day -30: potential IF underweighting
[2026-01-13T22:44:23.463420] High prop at exactly tau (1.00) at rel_day -29: potential IF underweighting
[2026-01-13T22:44:36.296605] High prop at exactly tau (1.00) at rel_day -28: potential IF underweighting
[2026-01-13T22:44:49.130921] High prop at exactly tau (1.00) at rel_day -27: potential IF underweighting
[2026-01-13T22:45:01.958672] High prop at exactly tau (1.00) at rel_day -26: potential IF underweighting
[2026-01-13T22:45:14.798009] High prop at exactly tau (1.00) at rel_day -25: potential IF underweighting
[2026-01-13T22:45:27.620582] High prop at exactly tau (1.00) at rel_day -24: potential IF underweighting
[2026-01-13T22:45:40.452552] High prop at exactly tau (1.00) at rel_day -23: potential IF underweighting
[2026-01-13T22:45:53.289415] High prop at exactly tau (1.00) at rel_day -22: potential IF underweighting
[2026-01-13T22:46:06.152415] High prop at exactly tau (1.00) at rel_day -21: potential IF underweighting
[2026-01-13T22:46:18.978411] High prop at exactly tau (1.00) at rel_day -20: potential IF underweighting
[2026-01-13T22:46:31.808636] High prop at exactly tau (1.00) at rel_day -19: potential IF underweighting
[2026-01-13T22:46:44.705982] High prop at exactly tau (1.00) at rel_day -18: potential IF underweighting
[2026-01-13T22:46:57.576201] High prop at exactly tau (1.00) at rel_day -17: potential IF underweighting
[2026-01-13T22:47:10.428693] High prop at exactly tau (1.00) at rel_day -16: potential IF underweighting
[2026-01-13T22:47:23.293774] High prop at exactly tau (1.00) at rel_day -15: potential IF underweighting
[2026-01-13T22:47:36.142953] High prop at exactly tau (1.00) at rel_day -14: potential IF underweighting
[2026-01-13T22:47:49.009640] High prop at exactly tau (1.00) at rel_day -13: potential IF underweighting
[2026-01-13T22:48:03.450808] High prop at exactly tau (1.00) at rel_day -12: potential IF underweighting
[2026-01-13T22:48:16.344832] High prop at exactly tau (1.00) at rel_day -11: potential IF underweighting
[2026-01-13T22:48:29.208143] High prop at exactly tau (1.00) at rel_day -10: potential IF underweighting
[2026-01-13T22:48:42.076887] High prop at exactly tau (1.00) at rel_day -9: potential IF underweighting
[2026-01-13T22:48:54.934837] High prop at exactly tau (1.00) at rel_day -8: potential IF underweighting
[2026-01-13T22:49:07.837947] High prop at exactly tau (1.00) at rel_day -7: potential IF underweighting
[2026-01-13T22:49:20.714336] High prop at exactly tau (1.00) at rel_day -6: potential IF underweighting
[2026-01-13T22:49:33.639134] High prop at exactly tau (1.00) at rel_day -5: potential IF underweighting
[2026-01-13T22:49:46.494657] High prop at exactly tau (1.00) at rel_day -4: potential IF underweighting
[2026-01-13T22:49:59.375396] High prop at exactly tau (1.00) at rel_day -3: potential IF underweighting
[2026-01-13T22:50:12.245925] High prop at exactly tau (1.00) at rel_day -2: potential IF underweighting
[2026-01-13T22:50:25.101831] High prop at exactly tau (1.00) at rel_day -1: potential IF underweighting
[2026-01-13T22:50:37.955219] High prop at exactly tau (1.00) at rel_day 0: potential IF underweighting
[2026-01-13T22:50:50.821932] High prop at exactly tau (1.00) at rel_day 1: potential IF underweighting
[2026-01-13T22:51:03.715422] High prop at exactly tau (1.00) at rel_day 2: potential IF underweighting
[2026-01-13T22:51:16.593768] High prop at exactly tau (1.00) at rel_day 3: potential IF underweighting
[2026-01-13T22:51:29.441073] High prop at exactly tau (1.00) at rel_day 4: potential IF underweighting
[2026-01-13T22:51:42.333786] High prop at exactly tau (1.00) at rel_day 5: potential IF underweighting
[2026-01-13T22:51:55.194659] High prop at exactly tau (1.00) at rel_day 6: potential IF underweighting
[2026-01-13T22:52:08.047454] High prop at exactly tau (1.00) at rel_day 7: potential IF underweighting
[2026-01-13T22:52:20.926715] High prop at exactly tau (1.00) at rel_day 8: potential IF underweighting
[2026-01-13T22:52:33.782090] High prop at exactly tau (1.00) at rel_day 9: potential IF underweighting
[2026-01-13T22:52:46.633160] High prop at exactly tau (1.00) at rel_day 10: potential IF underweighting
[2026-01-13T22:52:59.470610] High prop at exactly tau (1.00) at rel_day 11: potential IF underweighting
[2026-01-13T22:53:12.294038] High prop at exactly tau (1.00) at rel_day 12: potential IF underweighting
[2026-01-13T22:53:25.122342] High prop at exactly tau (1.00) at rel_day 13: potential IF underweighting
[2026-01-13T22:53:37.951493] High prop at exactly tau (1.00) at rel_day 14: potential IF underweighting
[2026-01-13T22:53:50.789275] High prop at exactly tau (1.00) at rel_day 15: potential IF underweighting
[2026-01-13T22:54:03.653731] High prop at exactly tau (1.00) at rel_day 16: potential IF underweighting
[2026-01-13T22:54:16.485926] High prop at exactly tau (1.00) at rel_day 17: potential IF underweighting
[2026-01-13T22:54:29.311230] High prop at exactly tau (1.00) at rel_day 18: potential IF underweighting
[2026-01-13T22:54:42.164107] High prop at exactly tau (1.00) at rel_day 19: potential IF underweighting
[2026-01-13T22:54:54.985619] High prop at exactly tau (1.00) at rel_day 20: potential IF underweighting
[2026-01-13T22:55:07.818063] High prop at exactly tau (1.00) at rel_day 21: potential IF underweighting
[2026-01-13T22:55:20.630178] High prop at exactly tau (1.00) at rel_day 22: potential IF underweighting
[2026-01-13T22:55:33.474503] High prop at exactly tau (1.00) at rel_day 23: potential IF underweighting
[2026-01-13T22:55:46.284402] High prop at exactly tau (1.00) at rel_day 24: potential IF underweighting
[2026-01-13T22:55:59.114515] High prop at exactly tau (1.00) at rel_day 25: potential IF underweighting
[2026-01-13T22:56:11.951369] High prop at exactly tau (1.00) at rel_day 26: potential IF underweighting
[2026-01-13T22:56:24.758549] High prop at exactly tau (1.00) at rel_day 27: potential IF underweighting
[2026-01-13T22:56:37.575155] High prop at exactly tau (1.00) at rel_day 28: potential IF underweighting
[2026-01-13T22:56:50.414903] High prop at exactly tau (1.00) at rel_day 29: potential IF underweighting
[2026-01-13T22:57:03.259991] High prop at exactly tau (1.00) at rel_day 30: potential IF underweighting
[2026-01-13T22:57:16.047973] High prop at exactly tau (1.00) at rel_day 31: potential IF underweighting
[2026-01-13T22:57:28.847401] High prop at exactly tau (1.00) at rel_day 32: potential IF underweighting
[2026-01-13T22:57:41.749950] High prop at exactly tau (1.00) at rel_day 33: potential IF underweighting
[2026-01-13T22:57:54.543959] High prop at exactly tau (1.00) at rel_day 34: potential IF underweighting
[2026-01-13T22:58:07.362177] High prop at exactly tau (1.00) at rel_day 35: potential IF underweighting
[2026-01-13T22:58:20.153301] High prop at exactly tau (1.00) at rel_day 36: potential IF underweighting
[2026-01-13T22:58:32.965312] High prop at exactly tau (1.00) at rel_day 37: potential IF underweighting
[2026-01-13T22:58:45.773953] High prop at exactly tau (1.00) at rel_day 38: potential IF underweighting
[2026-01-13T22:58:58.587670] High prop at exactly tau (1.00) at rel_day 39: potential IF underweighting
[2026-01-13T22:59:11.382751] High prop at exactly tau (1.00) at rel_day 40: potential IF underweighting
[2026-01-13T22:59:24.174005] High prop at exactly tau (1.00) at rel_day 41: potential IF underweighting
[2026-01-13T22:59:36.973785] High prop at exactly tau (1.00) at rel_day 42: potential IF underweighting
[2026-01-13T22:59:49.780513] High prop at exactly tau (1.00) at rel_day 43: potential IF underweighting
[2026-01-13T23:00:02.575454] High prop at exactly tau (1.00) at rel_day 44: potential IF underweighting
[2026-01-13T23:00:15.367680] High prop at exactly tau (1.00) at rel_day 45: potential IF underweighting
[2026-01-13T23:00:28.121043] High prop at exactly tau (1.00) at rel_day 46: potential IF underweighting
[2026-01-13T23:00:40.908712] High prop at exactly tau (1.00) at rel_day 47: potential IF underweighting
[2026-01-13T23:00:53.714391] High prop at exactly tau (1.00) at rel_day 48: potential IF underweighting
[2026-01-13T23:01:06.518791] High prop at exactly tau (1.00) at rel_day 49: potential IF underweighting
[2026-01-13T23:01:19.354144] High prop at exactly tau (1.00) at rel_day 50: potential IF underweighting
[2026-01-13T23:01:32.192312] High prop at exactly tau (1.00) at rel_day 51: potential IF underweighting
[2026-01-13T23:01:45.036717] High prop at exactly tau (1.00) at rel_day 52: potential IF underweighting
[2026-01-13T23:01:57.849867] High prop at exactly tau (0.99) at rel_day 53: potential IF underweighting
[2026-01-13T23:02:10.621958] High prop at exactly tau (0.99) at rel_day 54: potential IF underweighting
[2026-01-13T23:02:23.386938] High prop at exactly tau (0.99) at rel_day 55: potential IF underweighting
[2026-01-13T23:02:36.149453] High prop at exactly tau (0.99) at rel_day 56: potential IF underweighting
[2026-01-13T23:02:48.939450] High prop at exactly tau (0.99) at rel_day 57: potential IF underweighting
[2026-01-13T23:03:01.706048] High prop at exactly tau (0.99) at rel_day 58: potential IF underweighting
[2026-01-13T23:03:15.409897] High prop at exactly tau (0.99) at rel_day 59: potential IF underweighting
[2026-01-13T23:03:28.132018] High prop at exactly tau (0.99) at rel_day 60: potential IF underweighting
[2026-01-13T23:03:40.876862] High prop at exactly tau (0.99) at rel_day 61: potential IF underweighting
[2026-01-13T23:03:53.606089] High prop at exactly tau (0.99) at rel_day 62: potential IF underweighting
[2026-01-13T23:04:06.382251] High prop at exactly tau (0.99) at rel_day 63: potential IF underweighting
[2026-01-13T23:04:19.138521] High prop at exactly tau (0.99) at rel_day 64: potential IF underweighting
[2026-01-13T23:04:31.915567] High prop at exactly tau (0.99) at rel_day 65: potential IF underweighting
[2026-01-13T23:04:44.671302] High prop at exactly tau (0.99) at rel_day 66: potential IF underweighting
[2026-01-13T23:04:57.446143] High prop at exactly tau (0.99) at rel_day 67: potential IF underweighting
[2026-01-13T23:05:10.188575] High prop at exactly tau (0.99) at rel_day 68: potential IF underweighting
[2026-01-13T23:05:22.940258] High prop at exactly tau (0.99) at rel_day 69: potential IF underweighting
[2026-01-13T23:05:35.684993] High prop at exactly tau (0.99) at rel_day 70: potential IF underweighting
[2026-01-13T23:05:48.439636] High prop at exactly tau (0.99) at rel_day 71: potential IF underweighting
[2026-01-13T23:06:01.190521] High prop at exactly tau (0.99) at rel_day 72: potential IF underweighting
[2026-01-13T23:06:13.916696] High prop at exactly tau (0.99) at rel_day 73: potential IF underweighting
[2026-01-13T23:06:26.661584] High prop at exactly tau (0.99) at rel_day 74: potential IF underweighting
[2026-01-13T23:06:39.401246] High prop at exactly tau (0.99) at rel_day 75: potential IF underweighting
[2026-01-13T23:06:52.130946] High prop at exactly tau (0.99) at rel_day 76: potential IF underweighting
[2026-01-13T23:07:04.869698] High prop at exactly tau (0.99) at rel_day 77: potential IF underweighting
[2026-01-13T23:07:17.589767] High prop at exactly tau (0.99) at rel_day 78: potential IF underweighting
[2026-01-13T23:07:30.297532] High prop at exactly tau (0.99) at rel_day 79: potential IF underweighting
[2026-01-13T23:07:43.015408] High prop at exactly tau (0.99) at rel_day 80: potential IF underweighting
[2026-01-13T23:07:55.730109] High prop at exactly tau (0.99) at rel_day 81: potential IF underweighting
[2026-01-13T23:08:08.484165] High prop at exactly tau (0.99) at rel_day 82: potential IF underweighting
[2026-01-13T23:08:21.198108] High prop at exactly tau (0.99) at rel_day 83: potential IF underweighting
[2026-01-13T23:08:33.901826] High prop at exactly tau (0.99) at rel_day 84: potential IF underweighting
[2026-01-13T23:08:46.595358] High prop at exactly tau (0.99) at rel_day 85: potential IF underweighting
[2026-01-13T23:08:59.301527] High prop at exactly tau (0.99) at rel_day 86: potential IF underweighting
[2026-01-13T23:09:12.004004] High prop at exactly tau (0.99) at rel_day 87: potential IF underweighting
[2026-01-13T23:09:24.736200] High prop at exactly tau (0.99) at rel_day 88: potential IF underweighting
[2026-01-13T23:09:37.429017] High prop at exactly tau (0.99) at rel_day 89: potential IF underweighting
[2026-01-13T23:09:50.122234] High prop at exactly tau (0.99) at rel_day 90: potential IF underweighting
[2026-01-13T23:10:12.517756] RMST conditions on survival to calendar_day — deliberate for definition, see method docs.
[2026-01-13T23:10:12.791368] High prop at exactly tau (1.00) at rel_day -30: potential IF underweighting
[2026-01-13T23:10:26.929496] High prop at exactly tau (1.00) at rel_day -29: potential IF underweighting
[2026-01-13T23:10:39.974197] High prop at exactly tau (1.00) at rel_day -28: potential IF underweighting
[2026-01-13T23:10:53.071270] High prop at exactly tau (1.00) at rel_day -27: potential IF underweighting
[2026-01-13T23:11:05.962308] High prop at exactly tau (1.00) at rel_day -26: potential IF underweighting
[2026-01-13T23:11:18.845550] High prop at exactly tau (1.00) at rel_day -25: potential IF underweighting
[2026-01-13T23:11:31.724536] High prop at exactly tau (1.00) at rel_day -24: potential IF underweighting
[2026-01-13T23:11:44.611949] High prop at exactly tau (1.00) at rel_day -23: potential IF underweighting
[2026-01-13T23:11:57.517111] High prop at exactly tau (1.00) at rel_day -22: potential IF underweighting
[2026-01-13T23:12:10.766269] High prop at exactly tau (1.00) at rel_day -21: potential IF underweighting
[2026-01-13T23:12:23.620545] High prop at exactly tau (1.00) at rel_day -20: potential IF underweighting
[2026-01-13T23:12:36.516197] High prop at exactly tau (1.00) at rel_day -19: potential IF underweighting
[2026-01-13T23:12:49.385629] High prop at exactly tau (1.00) at rel_day -18: potential IF underweighting
[2026-01-13T23:13:02.242798] High prop at exactly tau (1.00) at rel_day -17: potential IF underweighting
[2026-01-13T23:13:15.130406] High prop at exactly tau (1.00) at rel_day -16: potential IF underweighting
[2026-01-13T23:13:27.985318] High prop at exactly tau (1.00) at rel_day -15: potential IF underweighting
[2026-01-13T23:13:40.930004] High prop at exactly tau (1.00) at rel_day -14: potential IF underweighting
[2026-01-13T23:13:53.800226] High prop at exactly tau (1.00) at rel_day -13: potential IF underweighting
[2026-01-13T23:14:06.664700] High prop at exactly tau (1.00) at rel_day -12: potential IF underweighting
[2026-01-13T23:14:19.505981] High prop at exactly tau (1.00) at rel_day -11: potential IF underweighting
[2026-01-13T23:14:32.408782] High prop at exactly tau (1.00) at rel_day -10: potential IF underweighting
[2026-01-13T23:14:45.290545] High prop at exactly tau (1.00) at rel_day -9: potential IF underweighting
[2026-01-13T23:14:58.152063] High prop at exactly tau (1.00) at rel_day -8: potential IF underweighting
[2026-01-13T23:15:11.019160] High prop at exactly tau (1.00) at rel_day -7: potential IF underweighting
[2026-01-13T23:15:23.882981] High prop at exactly tau (1.00) at rel_day -6: potential IF underweighting
[2026-01-13T23:15:36.781673] High prop at exactly tau (1.00) at rel_day -5: potential IF underweighting
[2026-01-13T23:15:49.640291] High prop at exactly tau (1.00) at rel_day -4: potential IF underweighting
[2026-01-13T23:16:02.523692] High prop at exactly tau (1.00) at rel_day -3: potential IF underweighting
[2026-01-13T23:16:15.416887] High prop at exactly tau (1.00) at rel_day -2: potential IF underweighting
[2026-01-13T23:16:28.278626] High prop at exactly tau (1.00) at rel_day -1: potential IF underweighting
[2026-01-13T23:16:41.171765] High prop at exactly tau (1.00) at rel_day 0: potential IF underweighting
[2026-01-13T23:16:54.092860] High prop at exactly tau (1.00) at rel_day 1: potential IF underweighting
[2026-01-13T23:17:06.963638] High prop at exactly tau (1.00) at rel_day 2: potential IF underweighting
[2026-01-13T23:17:19.828824] High prop at exactly tau (1.00) at rel_day 3: potential IF underweighting
[2026-01-13T23:17:32.655761] High prop at exactly tau (1.00) at rel_day 4: potential IF underweighting
[2026-01-13T23:17:45.494105] High prop at exactly tau (1.00) at rel_day 5: potential IF underweighting
[2026-01-13T23:17:58.312680] High prop at exactly tau (1.00) at rel_day 6: potential IF underweighting
[2026-01-13T23:18:13.226439] High prop at exactly tau (1.00) at rel_day 7: potential IF underweighting
[2026-01-13T23:18:26.327086] High prop at exactly tau (1.00) at rel_day 8: potential IF underweighting
[2026-01-13T23:18:39.198315] High prop at exactly tau (1.00) at rel_day 9: potential IF underweighting
[2026-01-13T23:18:52.015477] High prop at exactly tau (1.00) at rel_day 10: potential IF underweighting
[2026-01-13T23:19:04.840224] High prop at exactly tau (1.00) at rel_day 11: potential IF underweighting
[2026-01-13T23:19:17.668908] High prop at exactly tau (1.00) at rel_day 12: potential IF underweighting
[2026-01-13T23:19:30.522159] High prop at exactly tau (1.00) at rel_day 13: potential IF underweighting
[2026-01-13T23:19:43.364690] High prop at exactly tau (1.00) at rel_day 14: potential IF underweighting
[2026-01-13T23:19:56.183940] High prop at exactly tau (1.00) at rel_day 15: potential IF underweighting
[2026-01-13T23:20:09.016473] High prop at exactly tau (1.00) at rel_day 16: potential IF underweighting
[2026-01-13T23:20:21.860540] High prop at exactly tau (1.00) at rel_day 17: potential IF underweighting
[2026-01-13T23:20:34.732910] High prop at exactly tau (1.00) at rel_day 18: potential IF underweighting
[2026-01-13T23:20:47.626529] High prop at exactly tau (1.00) at rel_day 19: potential IF underweighting
[2026-01-13T23:21:00.551042] High prop at exactly tau (1.00) at rel_day 20: potential IF underweighting
[2026-01-13T23:21:13.378591] High prop at exactly tau (1.00) at rel_day 21: potential IF underweighting
[2026-01-13T23:21:26.334114] High prop at exactly tau (1.00) at rel_day 22: potential IF underweighting
[2026-01-13T23:21:39.182791] High prop at exactly tau (1.00) at rel_day 23: potential IF underweighting
[2026-01-13T23:21:52.060041] High prop at exactly tau (1.00) at rel_day 24: potential IF underweighting
[2026-01-13T23:22:04.896995] High prop at exactly tau (1.00) at rel_day 25: potential IF underweighting
[2026-01-13T23:22:17.694221] High prop at exactly tau (1.00) at rel_day 26: potential IF underweighting
[2026-01-13T23:22:30.485270] High prop at exactly tau (1.00) at rel_day 27: potential IF underweighting
[2026-01-13T23:22:43.330331] High prop at exactly tau (1.00) at rel_day 28: potential IF underweighting
[2026-01-13T23:22:56.179337] High prop at exactly tau (1.00) at rel_day 29: potential IF underweighting
[2026-01-13T23:23:09.013784] High prop at exactly tau (1.00) at rel_day 30: potential IF underweighting
[2026-01-13T23:23:21.833693] High prop at exactly tau (1.00) at rel_day 31: potential IF underweighting
[2026-01-13T23:23:34.616225] High prop at exactly tau (1.00) at rel_day 32: potential IF underweighting
[2026-01-13T23:23:47.408581] High prop at exactly tau (1.00) at rel_day 33: potential IF underweighting
[2026-01-13T23:24:00.209313] High prop at exactly tau (1.00) at rel_day 34: potential IF underweighting
[2026-01-13T23:24:13.015265] High prop at exactly tau (1.00) at rel_day 35: potential IF underweighting
[2026-01-13T23:24:25.863867] High prop at exactly tau (1.00) at rel_day 36: potential IF underweighting
[2026-01-13T23:24:38.668160] High prop at exactly tau (1.00) at rel_day 37: potential IF underweighting
[2026-01-13T23:24:51.498988] High prop at exactly tau (1.00) at rel_day 38: potential IF underweighting
[2026-01-13T23:25:04.306102] High prop at exactly tau (1.00) at rel_day 39: potential IF underweighting
[2026-01-13T23:25:17.092636] High prop at exactly tau (1.00) at rel_day 40: potential IF underweighting
[2026-01-13T23:25:29.885954] High prop at exactly tau (1.00) at rel_day 41: potential IF underweighting
[2026-01-13T23:25:42.680727] High prop at exactly tau (1.00) at rel_day 42: potential IF underweighting
[2026-01-13T23:25:55.486686] High prop at exactly tau (1.00) at rel_day 43: potential IF underweighting
[2026-01-13T23:26:08.286530] High prop at exactly tau (1.00) at rel_day 44: potential IF underweighting
[2026-01-13T23:26:21.101346] High prop at exactly tau (1.00) at rel_day 45: potential IF underweighting
[2026-01-13T23:26:33.910320] High prop at exactly tau (1.00) at rel_day 46: potential IF underweighting
[2026-01-13T23:26:46.737164] High prop at exactly tau (1.00) at rel_day 47: potential IF underweighting
[2026-01-13T23:26:59.515875] High prop at exactly tau (1.00) at rel_day 48: potential IF underweighting
[2026-01-13T23:27:12.299279] High prop at exactly tau (1.00) at rel_day 49: potential IF underweighting
[2026-01-13T23:27:25.078959] High prop at exactly tau (1.00) at rel_day 50: potential IF underweighting
[2026-01-13T23:27:37.876418] High prop at exactly tau (1.00) at rel_day 51: potential IF underweighting
[2026-01-13T23:27:50.677363] High prop at exactly tau (0.99) at rel_day 52: potential IF underweighting
[2026-01-13T23:28:03.459179] High prop at exactly tau (0.99) at rel_day 53: potential IF underweighting
[2026-01-13T23:28:16.252711] High prop at exactly tau (0.99) at rel_day 54: potential IF underweighting
[2026-01-13T23:28:29.048709] High prop at exactly tau (0.99) at rel_day 55: potential IF underweighting
[2026-01-13T23:28:41.819956] High prop at exactly tau (0.99) at rel_day 56: potential IF underweighting
[2026-01-13T23:28:54.587408] High prop at exactly tau (0.99) at rel_day 57: potential IF underweighting
[2026-01-13T23:29:07.343854] High prop at exactly tau (0.99) at rel_day 58: potential IF underweighting
[2026-01-13T23:29:20.141793] High prop at exactly tau (0.99) at rel_day 59: potential IF underweighting
[2026-01-13T23:29:32.915996] High prop at exactly tau (0.99) at rel_day 60: potential IF underweighting
[2026-01-13T23:29:45.711875] High prop at exactly tau (0.99) at rel_day 61: potential IF underweighting
[2026-01-13T23:29:58.474339] High prop at exactly tau (0.99) at rel_day 62: potential IF underweighting
[2026-01-13T23:30:11.259652] High prop at exactly tau (0.99) at rel_day 63: potential IF underweighting
[2026-01-13T23:30:24.001067] High prop at exactly tau (0.99) at rel_day 64: potential IF underweighting
[2026-01-13T23:30:36.763992] High prop at exactly tau (0.99) at rel_day 65: potential IF underweighting
[2026-01-13T23:30:49.504856] High prop at exactly tau (0.99) at rel_day 66: potential IF underweighting
[2026-01-13T23:31:02.276284] High prop at exactly tau (0.99) at rel_day 67: potential IF underweighting
[2026-01-13T23:31:15.040651] High prop at exactly tau (0.99) at rel_day 68: potential IF underweighting
[2026-01-13T23:31:27.789451] High prop at exactly tau (0.99) at rel_day 69: potential IF underweighting
[2026-01-13T23:31:40.579851] High prop at exactly tau (0.99) at rel_day 70: potential IF underweighting
[2026-01-13T23:31:53.339196] High prop at exactly tau (0.99) at rel_day 71: potential IF underweighting
[2026-01-13T23:32:06.099997] High prop at exactly tau (0.99) at rel_day 72: potential IF underweighting
[2026-01-13T23:32:18.928038] High prop at exactly tau (0.99) at rel_day 73: potential IF underweighting
[2026-01-13T23:32:31.691514] High prop at exactly tau (0.99) at rel_day 74: potential IF underweighting
[2026-01-13T23:32:44.446397] High prop at exactly tau (0.99) at rel_day 75: potential IF underweighting
[2026-01-13T23:32:57.215470] High prop at exactly tau (0.99) at rel_day 76: potential IF underweighting
[2026-01-13T23:33:10.023042] High prop at exactly tau (0.99) at rel_day 77: potential IF underweighting
[2026-01-13T23:33:23.651207] High prop at exactly tau (0.99) at rel_day 78: potential IF underweighting
[2026-01-13T23:33:36.369957] High prop at exactly tau (0.99) at rel_day 79: potential IF underweighting
[2026-01-13T23:33:49.082326] High prop at exactly tau (0.99) at rel_day 80: potential IF underweighting
[2026-01-13T23:34:01.806571] High prop at exactly tau (0.99) at rel_day 81: potential IF underweighting
[2026-01-13T23:34:14.537886] High prop at exactly tau (0.99) at rel_day 82: potential IF underweighting
[2026-01-13T23:34:27.279810] High prop at exactly tau (0.99) at rel_day 83: potential IF underweighting
[2026-01-13T23:34:39.996690] High prop at exactly tau (0.99) at rel_day 84: potential IF underweighting
[2026-01-13T23:34:52.719676] High prop at exactly tau (0.99) at rel_day 85: potential IF underweighting
[2026-01-13T23:35:05.463611] High prop at exactly tau (0.99) at rel_day 86: potential IF underweighting
[2026-01-13T23:35:18.199103] High prop at exactly tau (0.99) at rel_day 87: potential IF underweighting
[2026-01-13T23:35:30.918616] High prop at exactly tau (0.99) at rel_day 88: potential IF underweighting
[2026-01-13T23:35:43.655992] High prop at exactly tau (0.99) at rel_day 89: potential IF underweighting
[2026-01-13T23:35:56.385904] High prop at exactly tau (0.99) at rel_day 90: potential IF underweighting
[2026-01-13T23:36:20.506459] RMST conditions on survival to calendar_day — deliberate for definition, see method docs.
[2026-01-13T23:36:20.762586] High prop at exactly tau (1.00) at rel_day -30: potential IF underweighting
[2026-01-13T23:36:35.071540] High prop at exactly tau (1.00) at rel_day -29: potential IF underweighting
[2026-01-13T23:36:48.204740] High prop at exactly tau (1.00) at rel_day -28: potential IF underweighting
[2026-01-13T23:37:01.107018] High prop at exactly tau (1.00) at rel_day -27: potential IF underweighting
[2026-01-13T23:37:13.968318] High prop at exactly tau (1.00) at rel_day -26: potential IF underweighting
[2026-01-13T23:37:26.842165] High prop at exactly tau (1.00) at rel_day -25: potential IF underweighting
[2026-01-13T23:37:39.706152] High prop at exactly tau (1.00) at rel_day -24: potential IF underweighting
[2026-01-13T23:37:52.585830] High prop at exactly tau (1.00) at rel_day -23: potential IF underweighting
[2026-01-13T23:38:05.458397] High prop at exactly tau (1.00) at rel_day -22: potential IF underweighting
[2026-01-13T23:38:18.303695] High prop at exactly tau (1.00) at rel_day -21: potential IF underweighting
[2026-01-13T23:38:31.143706] High prop at exactly tau (1.00) at rel_day -20: potential IF underweighting
[2026-01-13T23:38:43.983906] High prop at exactly tau (1.00) at rel_day -19: potential IF underweighting
[2026-01-13T23:38:56.831377] High prop at exactly tau (1.00) at rel_day -18: potential IF underweighting
[2026-01-13T23:39:09.685333] High prop at exactly tau (1.00) at rel_day -17: potential IF underweighting
[2026-01-13T23:39:22.579148] High prop at exactly tau (1.00) at rel_day -16: potential IF underweighting
[2026-01-13T23:39:35.440860] High prop at exactly tau (1.00) at rel_day -15: potential IF underweighting
[2026-01-13T23:39:48.288100] High prop at exactly tau (1.00) at rel_day -14: potential IF underweighting
[2026-01-13T23:40:01.141048] High prop at exactly tau (1.00) at rel_day -13: potential IF underweighting
[2026-01-13T23:40:13.995850] High prop at exactly tau (1.00) at rel_day -12: potential IF underweighting
[2026-01-13T23:40:26.855937] High prop at exactly tau (1.00) at rel_day -11: potential IF underweighting
[2026-01-13T23:40:39.728396] High prop at exactly tau (1.00) at rel_day -10: potential IF underweighting
[2026-01-13T23:40:52.633063] High prop at exactly tau (1.00) at rel_day -9: potential IF underweighting
[2026-01-13T23:41:05.490727] High prop at exactly tau (1.00) at rel_day -8: potential IF underweighting
[2026-01-13T23:41:18.359173] High prop at exactly tau (1.00) at rel_day -7: potential IF underweighting
[2026-01-13T23:41:31.224127] High prop at exactly tau (1.00) at rel_day -6: potential IF underweighting
[2026-01-13T23:41:44.089359] High prop at exactly tau (1.00) at rel_day -5: potential IF underweighting
[2026-01-13T23:41:56.957195] High prop at exactly tau (1.00) at rel_day -4: potential IF underweighting
[2026-01-13T23:42:09.830680] High prop at exactly tau (1.00) at rel_day -3: potential IF underweighting
[2026-01-13T23:42:22.702377] High prop at exactly tau (1.00) at rel_day -2: potential IF underweighting
[2026-01-13T23:42:35.563135] High prop at exactly tau (1.00) at rel_day -1: potential IF underweighting
[2026-01-13T23:42:48.419081] High prop at exactly tau (1.00) at rel_day 0: potential IF underweighting
[2026-01-13T23:43:01.338290] High prop at exactly tau (1.00) at rel_day 1: potential IF underweighting
[2026-01-13T23:43:14.188823] High prop at exactly tau (1.00) at rel_day 2: potential IF underweighting
[2026-01-13T23:43:27.067568] High prop at exactly tau (1.00) at rel_day 3: potential IF underweighting
[2026-01-13T23:43:39.914705] High prop at exactly tau (1.00) at rel_day 4: potential IF underweighting
[2026-01-13T23:43:52.770103] High prop at exactly tau (1.00) at rel_day 5: potential IF underweighting
[2026-01-13T23:44:05.625346] High prop at exactly tau (1.00) at rel_day 6: potential IF underweighting
[2026-01-13T23:44:18.474257] High prop at exactly tau (1.00) at rel_day 7: potential IF underweighting
[2026-01-13T23:44:31.319855] High prop at exactly tau (1.00) at rel_day 8: potential IF underweighting
[2026-01-13T23:44:44.180857] High prop at exactly tau (1.00) at rel_day 9: potential IF underweighting
[2026-01-13T23:44:57.041143] High prop at exactly tau (1.00) at rel_day 10: potential IF underweighting
[2026-01-13T23:45:09.880326] High prop at exactly tau (1.00) at rel_day 11: potential IF underweighting
[2026-01-13T23:45:22.714386] High prop at exactly tau (1.00) at rel_day 12: potential IF underweighting
[2026-01-13T23:45:35.548004] High prop at exactly tau (1.00) at rel_day 13: potential IF underweighting
[2026-01-13T23:45:48.383404] High prop at exactly tau (1.00) at rel_day 14: potential IF underweighting
[2026-01-13T23:46:01.218657] High prop at exactly tau (1.00) at rel_day 15: potential IF underweighting
[2026-01-13T23:46:14.047894] High prop at exactly tau (1.00) at rel_day 16: potential IF underweighting
[2026-01-13T23:46:26.914979] High prop at exactly tau (1.00) at rel_day 17: potential IF underweighting
[2026-01-13T23:46:39.786615] High prop at exactly tau (1.00) at rel_day 18: potential IF underweighting
[2026-01-13T23:46:52.625291] High prop at exactly tau (1.00) at rel_day 19: potential IF underweighting
[2026-01-13T23:47:05.462251] High prop at exactly tau (1.00) at rel_day 20: potential IF underweighting
[2026-01-13T23:47:18.282875] High prop at exactly tau (1.00) at rel_day 21: potential IF underweighting
[2026-01-13T23:47:31.090893] High prop at exactly tau (1.00) at rel_day 22: potential IF underweighting
[2026-01-13T23:47:43.920277] High prop at exactly tau (1.00) at rel_day 23: potential IF underweighting
[2026-01-13T23:47:56.724016] High prop at exactly tau (1.00) at rel_day 24: potential IF underweighting
[2026-01-13T23:48:09.544365] High prop at exactly tau (1.00) at rel_day 25: potential IF underweighting
[2026-01-13T23:48:24.664895] High prop at exactly tau (1.00) at rel_day 26: potential IF underweighting
[2026-01-13T23:48:37.485859] High prop at exactly tau (1.00) at rel_day 27: potential IF underweighting
[2026-01-13T23:48:50.301701] High prop at exactly tau (1.00) at rel_day 28: potential IF underweighting
[2026-01-13T23:49:03.117953] High prop at exactly tau (1.00) at rel_day 29: potential IF underweighting
[2026-01-13T23:49:15.929312] High prop at exactly tau (1.00) at rel_day 30: potential IF underweighting
[2026-01-13T23:49:28.750780] High prop at exactly tau (1.00) at rel_day 31: potential IF underweighting
[2026-01-13T23:49:41.543800] High prop at exactly tau (1.00) at rel_day 32: potential IF underweighting
[2026-01-13T23:49:54.361501] High prop at exactly tau (1.00) at rel_day 33: potential IF underweighting
[2026-01-13T23:50:07.144403] High prop at exactly tau (1.00) at rel_day 34: potential IF underweighting
[2026-01-13T23:50:19.940803] High prop at exactly tau (1.00) at rel_day 35: potential IF underweighting
[2026-01-13T23:50:32.717735] High prop at exactly tau (1.00) at rel_day 36: potential IF underweighting
[2026-01-13T23:50:45.558871] High prop at exactly tau (1.00) at rel_day 37: potential IF underweighting
[2026-01-13T23:50:58.496026] High prop at exactly tau (1.00) at rel_day 38: potential IF underweighting
[2026-01-13T23:51:11.288368] High prop at exactly tau (1.00) at rel_day 39: potential IF underweighting
[2026-01-13T23:51:24.079146] High prop at exactly tau (1.00) at rel_day 40: potential IF underweighting
[2026-01-13T23:51:36.868991] High prop at exactly tau (1.00) at rel_day 41: potential IF underweighting
[2026-01-13T23:51:49.690253] High prop at exactly tau (1.00) at rel_day 42: potential IF underweighting
[2026-01-13T23:52:02.500307] High prop at exactly tau (1.00) at rel_day 43: potential IF underweighting
[2026-01-13T23:52:15.315197] High prop at exactly tau (1.00) at rel_day 44: potential IF underweighting
[2026-01-13T23:52:28.109517] High prop at exactly tau (1.00) at rel_day 45: potential IF underweighting
[2026-01-13T23:52:40.880626] High prop at exactly tau (1.00) at rel_day 46: potential IF underweighting
[2026-01-13T23:52:53.649947] High prop at exactly tau (1.00) at rel_day 47: potential IF underweighting
[2026-01-13T23:53:06.406097] High prop at exactly tau (1.00) at rel_day 48: potential IF underweighting
[2026-01-13T23:53:19.177213] High prop at exactly tau (1.00) at rel_day 49: potential IF underweighting
[2026-01-13T23:53:31.945798] High prop at exactly tau (1.00) at rel_day 50: potential IF underweighting
[2026-01-13T23:53:44.740730] High prop at exactly tau (0.99) at rel_day 51: potential IF underweighting
[2026-01-13T23:53:57.501596] High prop at exactly tau (0.99) at rel_day 52: potential IF underweighting
[2026-01-13T23:54:10.292266] High prop at exactly tau (0.99) at rel_day 53: potential IF underweighting
[2026-01-13T23:54:23.075258] High prop at exactly tau (0.99) at rel_day 54: potential IF underweighting
[2026-01-13T23:54:35.850542] High prop at exactly tau (0.99) at rel_day 55: potential IF underweighting
[2026-01-13T23:54:48.598403] High prop at exactly tau (0.99) at rel_day 56: potential IF underweighting
[2026-01-13T23:55:01.375771] High prop at exactly tau (0.99) at rel_day 57: potential IF underweighting
[2026-01-13T23:55:14.136305] High prop at exactly tau (0.99) at rel_day 58: potential IF underweighting
[2026-01-13T23:55:26.933403] High prop at exactly tau (0.99) at rel_day 59: potential IF underweighting
[2026-01-13T23:55:39.695191] High prop at exactly tau (0.99) at rel_day 60: potential IF underweighting
[2026-01-13T23:55:52.471164] High prop at exactly tau (0.99) at rel_day 61: potential IF underweighting
[2026-01-13T23:56:05.214407] High prop at exactly tau (0.99) at rel_day 62: potential IF underweighting
[2026-01-13T23:56:17.949624] High prop at exactly tau (0.99) at rel_day 63: potential IF underweighting
[2026-01-13T23:56:30.687345] High prop at exactly tau (0.99) at rel_day 64: potential IF underweighting
[2026-01-13T23:56:43.438474] High prop at exactly tau (0.99) at rel_day 65: potential IF underweighting
[2026-01-13T23:56:56.198442] High prop at exactly tau (0.99) at rel_day 66: potential IF underweighting
[2026-01-13T23:57:08.946232] High prop at exactly tau (0.99) at rel_day 67: potential IF underweighting
[2026-01-13T23:57:21.686191] High prop at exactly tau (0.99) at rel_day 68: potential IF underweighting
[2026-01-13T23:57:34.432294] High prop at exactly tau (0.99) at rel_day 69: potential IF underweighting
[2026-01-13T23:57:47.276147] High prop at exactly tau (0.99) at rel_day 70: potential IF underweighting
[2026-01-13T23:58:00.022128] High prop at exactly tau (0.99) at rel_day 71: potential IF underweighting
[2026-01-13T23:58:12.755435] High prop at exactly tau (0.99) at rel_day 72: potential IF underweighting
[2026-01-13T23:58:25.491383] High prop at exactly tau (0.99) at rel_day 73: potential IF underweighting
[2026-01-13T23:58:38.216762] High prop at exactly tau (0.99) at rel_day 74: potential IF underweighting
[2026-01-13T23:58:50.941128] High prop at exactly tau (0.99) at rel_day 75: potential IF underweighting
[2026-01-13T23:59:03.664727] High prop at exactly tau (0.99) at rel_day 76: potential IF underweighting
[2026-01-13T23:59:16.392365] High prop at exactly tau (0.99) at rel_day 77: potential IF underweighting
[2026-01-13T23:59:29.103498] High prop at exactly tau (0.99) at rel_day 78: potential IF underweighting
[2026-01-13T23:59:41.840479] High prop at exactly tau (0.99) at rel_day 79: potential IF underweighting
[2026-01-13T23:59:54.583188] High prop at exactly tau (0.99) at rel_day 80: potential IF underweighting
[2026-01-14T00:00:07.334647] High prop at exactly tau (0.99) at rel_day 81: potential IF underweighting
[2026-01-14T00:00:20.053371] High prop at exactly tau (0.99) at rel_day 82: potential IF underweighting
[2026-01-14T00:00:32.790782] High prop at exactly tau (0.99) at rel_day 83: potential IF underweighting
[2026-01-14T00:00:45.504305] High prop at exactly tau (0.99) at rel_day 84: potential IF underweighting
[2026-01-14T00:00:58.225255] High prop at exactly tau (0.99) at rel_day 85: potential IF underweighting
[2026-01-14T00:01:10.923789] High prop at exactly tau (0.99) at rel_day 86: potential IF underweighting
[2026-01-14T00:01:23.637497] High prop at exactly tau (0.99) at rel_day 87: potential IF underweighting
[2026-01-14T00:01:36.327981] High prop at exactly tau (0.99) at rel_day 88: potential IF underweighting
[2026-01-14T00:01:49.065285] High prop at exactly tau (0.99) at rel_day 89: potential IF underweighting
[2026-01-14T00:02:01.754821] High prop at exactly tau (0.99) at rel_day 90: potential IF underweighting
[2026-01-14T00:02:25.114989] RMST conditions on survival to calendar_day — deliberate for definition, see method docs.
[2026-01-14T00:02:25.351146] High prop at exactly tau (1.00) at rel_day -30: potential IF underweighting
[2026-01-14T00:02:38.520306] High prop at exactly tau (1.00) at rel_day -29: potential IF underweighting
[2026-01-14T00:02:51.374800] High prop at exactly tau (1.00) at rel_day -28: potential IF underweighting
[2026-01-14T00:03:04.195888] High prop at exactly tau (1.00) at rel_day -27: potential IF underweighting
[2026-01-14T00:03:17.003220] High prop at exactly tau (1.00) at rel_day -26: potential IF underweighting
[2026-01-14T00:03:31.820145] High prop at exactly tau (1.00) at rel_day -25: potential IF underweighting
[2026-01-14T00:03:44.644084] High prop at exactly tau (1.00) at rel_day -24: potential IF underweighting
[2026-01-14T00:03:57.494783] High prop at exactly tau (1.00) at rel_day -23: potential IF underweighting
[2026-01-14T00:04:10.331736] High prop at exactly tau (1.00) at rel_day -22: potential IF underweighting
[2026-01-14T00:04:23.177206] High prop at exactly tau (1.00) at rel_day -21: potential IF underweighting
[2026-01-14T00:04:35.998497] High prop at exactly tau (1.00) at rel_day -20: potential IF underweighting
[2026-01-14T00:04:48.844864] High prop at exactly tau (1.00) at rel_day -19: potential IF underweighting
[2026-01-14T00:05:01.702884] High prop at exactly tau (1.00) at rel_day -18: potential IF underweighting
[2026-01-14T00:05:14.523794] High prop at exactly tau (1.00) at rel_day -17: potential IF underweighting
[2026-01-14T00:05:27.369784] High prop at exactly tau (1.00) at rel_day -16: potential IF underweighting
[2026-01-14T00:05:40.210659] High prop at exactly tau (1.00) at rel_day -15: potential IF underweighting
[2026-01-14T00:05:53.054819] High prop at exactly tau (1.00) at rel_day -14: potential IF underweighting
[2026-01-14T00:06:05.933132] High prop at exactly tau (1.00) at rel_day -13: potential IF underweighting
[2026-01-14T00:06:18.776072] High prop at exactly tau (1.00) at rel_day -12: potential IF underweighting
[2026-01-14T00:06:31.648776] High prop at exactly tau (1.00) at rel_day -11: potential IF underweighting
[2026-01-14T00:06:44.532129] High prop at exactly tau (1.00) at rel_day -10: potential IF underweighting
[2026-01-14T00:06:57.401848] High prop at exactly tau (1.00) at rel_day -9: potential IF underweighting
[2026-01-14T00:07:10.266723] High prop at exactly tau (1.00) at rel_day -8: potential IF underweighting
[2026-01-14T00:07:23.133335] High prop at exactly tau (1.00) at rel_day -7: potential IF underweighting
[2026-01-14T00:07:35.992032] High prop at exactly tau (1.00) at rel_day -6: potential IF underweighting
[2026-01-14T00:07:48.839660] High prop at exactly tau (1.00) at rel_day -5: potential IF underweighting
[2026-01-14T00:08:01.702111] High prop at exactly tau (1.00) at rel_day -4: potential IF underweighting
[2026-01-14T00:08:14.582540] High prop at exactly tau (1.00) at rel_day -3: potential IF underweighting
[2026-01-14T00:08:27.460587] High prop at exactly tau (1.00) at rel_day -2: potential IF underweighting
[2026-01-14T00:08:40.348443] High prop at exactly tau (1.00) at rel_day -1: potential IF underweighting
[2026-01-14T00:08:53.226635] High prop at exactly tau (1.00) at rel_day 0: potential IF underweighting
[2026-01-14T00:09:06.096477] High prop at exactly tau (1.00) at rel_day 1: potential IF underweighting
[2026-01-14T00:09:18.938753] High prop at exactly tau (1.00) at rel_day 2: potential IF underweighting
[2026-01-14T00:09:31.787247] High prop at exactly tau (1.00) at rel_day 3: potential IF underweighting
[2026-01-14T00:09:44.611813] High prop at exactly tau (1.00) at rel_day 4: potential IF underweighting
[2026-01-14T00:09:57.443945] High prop at exactly tau (1.00) at rel_day 5: potential IF underweighting
[2026-01-14T00:10:10.270114] High prop at exactly tau (1.00) at rel_day 6: potential IF underweighting
[2026-01-14T00:10:23.105453] High prop at exactly tau (1.00) at rel_day 7: potential IF underweighting
[2026-01-14T00:10:35.924872] High prop at exactly tau (1.00) at rel_day 8: potential IF underweighting
[2026-01-14T00:10:48.786647] High prop at exactly tau (1.00) at rel_day 9: potential IF underweighting
[2026-01-14T00:11:01.623119] High prop at exactly tau (1.00) at rel_day 10: potential IF underweighting
[2026-01-14T00:11:14.443533] High prop at exactly tau (1.00) at rel_day 11: potential IF underweighting
[2026-01-14T00:11:27.277894] High prop at exactly tau (1.00) at rel_day 12: potential IF underweighting
[2026-01-14T00:11:40.124557] High prop at exactly tau (1.00) at rel_day 13: potential IF underweighting
[2026-01-14T00:11:52.975417] High prop at exactly tau (1.00) at rel_day 14: potential IF underweighting
[2026-01-14T00:12:05.815731] High prop at exactly tau (1.00) at rel_day 15: potential IF underweighting
[2026-01-14T00:12:19.459777] High prop at exactly tau (1.00) at rel_day 16: potential IF underweighting
[2026-01-14T00:12:32.281583] High prop at exactly tau (1.00) at rel_day 17: potential IF underweighting
[2026-01-14T00:12:45.091799] High prop at exactly tau (1.00) at rel_day 18: potential IF underweighting
[2026-01-14T00:12:57.891790] High prop at exactly tau (1.00) at rel_day 19: potential IF underweighting
[2026-01-14T00:13:10.744144] High prop at exactly tau (1.00) at rel_day 20: potential IF underweighting
[2026-01-14T00:13:23.581524] High prop at exactly tau (1.00) at rel_day 21: potential IF underweighting
[2026-01-14T00:13:36.479687] High prop at exactly tau (1.00) at rel_day 22: potential IF underweighting
[2026-01-14T00:13:49.308480] High prop at exactly tau (1.00) at rel_day 23: potential IF underweighting
[2026-01-14T00:14:02.142424] High prop at exactly tau (1.00) at rel_day 24: potential IF underweighting
[2026-01-14T00:14:14.971138] High prop at exactly tau (1.00) at rel_day 25: potential IF underweighting
[2026-01-14T00:14:27.773279] High prop at exactly tau (1.00) at rel_day 26: potential IF underweighting
[2026-01-14T00:14:40.567273] High prop at exactly tau (1.00) at rel_day 27: potential IF underweighting
[2026-01-14T00:14:53.364063] High prop at exactly tau (1.00) at rel_day 28: potential IF underweighting
[2026-01-14T00:15:06.174726] High prop at exactly tau (1.00) at rel_day 29: potential IF underweighting
[2026-01-14T00:15:18.978075] High prop at exactly tau (1.00) at rel_day 30: potential IF underweighting
[2026-01-14T00:15:31.791935] High prop at exactly tau (1.00) at rel_day 31: potential IF underweighting
[2026-01-14T00:15:44.569505] High prop at exactly tau (1.00) at rel_day 32: potential IF underweighting
[2026-01-14T00:15:57.358975] High prop at exactly tau (1.00) at rel_day 33: potential IF underweighting
[2026-01-14T00:16:10.159425] High prop at exactly tau (1.00) at rel_day 34: potential IF underweighting
[2026-01-14T00:16:22.946024] High prop at exactly tau (1.00) at rel_day 35: potential IF underweighting
[2026-01-14T00:16:35.745096] High prop at exactly tau (1.00) at rel_day 36: potential IF underweighting
[2026-01-14T00:16:48.551810] High prop at exactly tau (1.00) at rel_day 37: potential IF underweighting
[2026-01-14T00:17:01.371295] High prop at exactly tau (1.00) at rel_day 38: potential IF underweighting
[2026-01-14T00:17:14.159233] High prop at exactly tau (1.00) at rel_day 39: potential IF underweighting
[2026-01-14T00:17:26.992855] High prop at exactly tau (1.00) at rel_day 40: potential IF underweighting
[2026-01-14T00:17:39.798479] High prop at exactly tau (1.00) at rel_day 41: potential IF underweighting
[2026-01-14T00:17:52.575004] High prop at exactly tau (1.00) at rel_day 42: potential IF underweighting
[2026-01-14T00:18:05.371707] High prop at exactly tau (1.00) at rel_day 43: potential IF underweighting
[2026-01-14T00:18:18.180084] High prop at exactly tau (1.00) at rel_day 44: potential IF underweighting
[2026-01-14T00:18:30.980366] High prop at exactly tau (1.00) at rel_day 45: potential IF underweighting
[2026-01-14T00:18:44.438976] High prop at exactly tau (1.00) at rel_day 46: potential IF underweighting
[2026-01-14T00:18:57.238086] High prop at exactly tau (1.00) at rel_day 47: potential IF underweighting
[2026-01-14T00:19:10.021545] High prop at exactly tau (1.00) at rel_day 48: potential IF underweighting
[2026-01-14T00:19:22.807915] High prop at exactly tau (1.00) at rel_day 49: potential IF underweighting
[2026-01-14T00:19:35.585885] High prop at exactly tau (1.00) at rel_day 50: potential IF underweighting
[2026-01-14T00:19:48.356276] High prop at exactly tau (1.00) at rel_day 51: potential IF underweighting
[2026-01-14T00:20:01.127319] High prop at exactly tau (0.99) at rel_day 52: potential IF underweighting
[2026-01-14T00:20:13.884319] High prop at exactly tau (0.99) at rel_day 53: potential IF underweighting
[2026-01-14T00:20:26.639892] High prop at exactly tau (0.99) at rel_day 54: potential IF underweighting
[2026-01-14T00:20:39.448233] High prop at exactly tau (0.99) at rel_day 55: potential IF underweighting
[2026-01-14T00:20:52.263475] High prop at exactly tau (0.99) at rel_day 56: potential IF underweighting
[2026-01-14T00:21:05.080996] High prop at exactly tau (0.99) at rel_day 57: potential IF underweighting
[2026-01-14T00:21:17.840894] High prop at exactly tau (0.99) at rel_day 58: potential IF underweighting
[2026-01-14T00:21:30.698110] High prop at exactly tau (0.99) at rel_day 59: potential IF underweighting
[2026-01-14T00:21:43.519870] High prop at exactly tau (0.99) at rel_day 60: potential IF underweighting
[2026-01-14T00:21:56.368899] High prop at exactly tau (0.99) at rel_day 61: potential IF underweighting
[2026-01-14T00:22:09.124182] High prop at exactly tau (0.99) at rel_day 62: potential IF underweighting
[2026-01-14T00:22:21.892650] High prop at exactly tau (0.99) at rel_day 63: potential IF underweighting
[2026-01-14T00:22:35.024900] High prop at exactly tau (0.99) at rel_day 64: potential IF underweighting
[2026-01-14T00:22:47.805389] High prop at exactly tau (0.99) at rel_day 65: potential IF underweighting
[2026-01-14T00:23:00.587136] High prop at exactly tau (0.99) at rel_day 66: potential IF underweighting
[2026-01-14T00:23:13.345656] High prop at exactly tau (0.99) at rel_day 67: potential IF underweighting
[2026-01-14T00:23:26.090522] High prop at exactly tau (0.99) at rel_day 68: potential IF underweighting
[2026-01-14T00:23:38.829925] High prop at exactly tau (0.99) at rel_day 69: potential IF underweighting
[2026-01-14T00:23:51.587037] High prop at exactly tau (0.99) at rel_day 70: potential IF underweighting
[2026-01-14T00:24:04.327902] High prop at exactly tau (0.99) at rel_day 71: potential IF underweighting
[2026-01-14T00:24:17.060167] High prop at exactly tau (0.99) at rel_day 72: potential IF underweighting
[2026-01-14T00:24:29.861650] High prop at exactly tau (0.99) at rel_day 73: potential IF underweighting
[2026-01-14T00:24:42.618671] High prop at exactly tau (0.99) at rel_day 74: potential IF underweighting
[2026-01-14T00:24:55.346672] High prop at exactly tau (0.99) at rel_day 75: potential IF underweighting
[2026-01-14T00:25:08.074001] High prop at exactly tau (0.99) at rel_day 76: potential IF underweighting
[2026-01-14T00:25:20.801549] High prop at exactly tau (0.99) at rel_day 77: potential IF underweighting
[2026-01-14T00:25:33.541486] High prop at exactly tau (0.99) at rel_day 78: potential IF underweighting
[2026-01-14T00:25:46.276824] High prop at exactly tau (0.99) at rel_day 79: potential IF underweighting
[2026-01-14T00:25:58.979486] High prop at exactly tau (0.99) at rel_day 80: potential IF underweighting
[2026-01-14T00:26:11.729471] High prop at exactly tau (0.99) at rel_day 81: potential IF underweighting
[2026-01-14T00:26:24.477843] High prop at exactly tau (0.99) at rel_day 82: potential IF underweighting
[2026-01-14T00:26:37.189141] High prop at exactly tau (0.99) at rel_day 83: potential IF underweighting
[2026-01-14T00:26:49.900642] High prop at exactly tau (0.99) at rel_day 84: potential IF underweighting
[2026-01-14T00:27:02.619360] High prop at exactly tau (0.99) at rel_day 85: potential IF underweighting
[2026-01-14T00:27:15.333468] High prop at exactly tau (0.99) at rel_day 86: potential IF underweighting
[2026-01-14T00:27:28.052632] High prop at exactly tau (0.99) at rel_day 87: potential IF underweighting
[2026-01-14T00:27:40.771577] High prop at exactly tau (0.99) at rel_day 88: potential IF underweighting
[2026-01-14T00:27:53.527336] High prop at exactly tau (0.99) at rel_day 89: potential IF underweighting
[2026-01-14T00:28:06.239616] High prop at exactly tau (0.99) at rel_day 90: potential IF underweighting
[2026-01-14T00:28:28.511199] RMST conditions on survival to calendar_day — deliberate for definition, see method docs.
[2026-01-14T00:28:28.787479] High prop at exactly tau (1.00) at rel_day -30: potential IF underweighting
[2026-01-14T00:28:42.927452] High prop at exactly tau (1.00) at rel_day -29: potential IF underweighting
[2026-01-14T00:28:56.047541] High prop at exactly tau (1.00) at rel_day -28: potential IF underweighting
[2026-01-14T00:29:08.958471] High prop at exactly tau (1.00) at rel_day -27: potential IF underweighting
[2026-01-14T00:29:21.821682] High prop at exactly tau (1.00) at rel_day -26: potential IF underweighting
[2026-01-14T00:29:34.709298] High prop at exactly tau (1.00) at rel_day -25: potential IF underweighting
[2026-01-14T00:29:47.591048] High prop at exactly tau (1.00) at rel_day -24: potential IF underweighting
[2026-01-14T00:30:00.480052] High prop at exactly tau (1.00) at rel_day -23: potential IF underweighting
[2026-01-14T00:30:13.358082] High prop at exactly tau (1.00) at rel_day -22: potential IF underweighting
[2026-01-14T00:30:26.238933] High prop at exactly tau (1.00) at rel_day -21: potential IF underweighting
[2026-01-14T00:30:39.111465] High prop at exactly tau (1.00) at rel_day -20: potential IF underweighting
[2026-01-14T00:30:51.995164] High prop at exactly tau (1.00) at rel_day -19: potential IF underweighting
[2026-01-14T00:31:04.866459] High prop at exactly tau (1.00) at rel_day -18: potential IF underweighting
[2026-01-14T00:31:17.763215] High prop at exactly tau (1.00) at rel_day -17: potential IF underweighting
[2026-01-14T00:31:30.645813] High prop at exactly tau (1.00) at rel_day -16: potential IF underweighting
[2026-01-14T00:31:43.560696] High prop at exactly tau (1.00) at rel_day -15: potential IF underweighting
[2026-01-14T00:31:56.437886] High prop at exactly tau (1.00) at rel_day -14: potential IF underweighting
[2026-01-14T00:32:09.384916] High prop at exactly tau (1.00) at rel_day -13: potential IF underweighting
[2026-01-14T00:32:22.334730] High prop at exactly tau (1.00) at rel_day -12: potential IF underweighting
[2026-01-14T00:32:35.201356] High prop at exactly tau (1.00) at rel_day -11: potential IF underweighting
[2026-01-14T00:32:48.073676] High prop at exactly tau (1.00) at rel_day -10: potential IF underweighting
[2026-01-14T00:33:00.997048] High prop at exactly tau (1.00) at rel_day -9: potential IF underweighting
[2026-01-14T00:33:13.921727] High prop at exactly tau (1.00) at rel_day -8: potential IF underweighting
[2026-01-14T00:33:26.824318] High prop at exactly tau (1.00) at rel_day -7: potential IF underweighting
[2026-01-14T00:33:41.776172] High prop at exactly tau (1.00) at rel_day -6: potential IF underweighting
[2026-01-14T00:33:54.690793] High prop at exactly tau (1.00) at rel_day -5: potential IF underweighting
[2026-01-14T00:34:07.629128] High prop at exactly tau (1.00) at rel_day -4: potential IF underweighting
[2026-01-14T00:34:20.539095] High prop at exactly tau (1.00) at rel_day -3: potential IF underweighting
[2026-01-14T00:34:33.464545] High prop at exactly tau (1.00) at rel_day -2: potential IF underweighting
[2026-01-14T00:34:46.362574] High prop at exactly tau (1.00) at rel_day -1: potential IF underweighting
[2026-01-14T00:34:59.261989] High prop at exactly tau (1.00) at rel_day 0: potential IF underweighting
[2026-01-14T00:35:12.148765] High prop at exactly tau (1.00) at rel_day 1: potential IF underweighting
[2026-01-14T00:35:25.035601] High prop at exactly tau (1.00) at rel_day 2: potential IF underweighting
[2026-01-14T00:35:37.927991] High prop at exactly tau (1.00) at rel_day 3: potential IF underweighting
[2026-01-14T00:35:50.811691] High prop at exactly tau (1.00) at rel_day 4: potential IF underweighting
[2026-01-14T00:36:03.715263] High prop at exactly tau (1.00) at rel_day 5: potential IF underweighting
[2026-01-14T00:36:16.596167] High prop at exactly tau (1.00) at rel_day 6: potential IF underweighting
[2026-01-14T00:36:29.466589] High prop at exactly tau (1.00) at rel_day 7: potential IF underweighting
[2026-01-14T00:36:42.337083] High prop at exactly tau (1.00) at rel_day 8: potential IF underweighting
[2026-01-14T00:36:55.233943] High prop at exactly tau (1.00) at rel_day 9: potential IF underweighting
[2026-01-14T00:37:08.142714] High prop at exactly tau (1.00) at rel_day 10: potential IF underweighting
[2026-01-14T00:37:21.011894] High prop at exactly tau (1.00) at rel_day 11: potential IF underweighting
[2026-01-14T00:37:33.881961] High prop at exactly tau (1.00) at rel_day 12: potential IF underweighting
[2026-01-14T00:37:46.745712] High prop at exactly tau (1.00) at rel_day 13: potential IF underweighting
[2026-01-14T00:37:59.624143] High prop at exactly tau (1.00) at rel_day 14: potential IF underweighting
[2026-01-14T00:38:12.518883] High prop at exactly tau (1.00) at rel_day 15: potential IF underweighting
[2026-01-14T00:38:25.420475] High prop at exactly tau (1.00) at rel_day 16: potential IF underweighting
[2026-01-14T00:38:38.323644] High prop at exactly tau (1.00) at rel_day 17: potential IF underweighting
[2026-01-14T00:38:51.156130] High prop at exactly tau (1.00) at rel_day 18: potential IF underweighting
[2026-01-14T00:39:03.991387] High prop at exactly tau (1.00) at rel_day 19: potential IF underweighting
[2026-01-14T00:39:16.831910] High prop at exactly tau (1.00) at rel_day 20: potential IF underweighting
[2026-01-14T00:39:29.699944] High prop at exactly tau (1.00) at rel_day 21: potential IF underweighting
[2026-01-14T00:39:42.529084] High prop at exactly tau (1.00) at rel_day 22: potential IF underweighting
[2026-01-14T00:39:55.387262] High prop at exactly tau (1.00) at rel_day 23: potential IF underweighting
[2026-01-14T00:40:08.234073] High prop at exactly tau (1.00) at rel_day 24: potential IF underweighting
[2026-01-14T00:40:21.053190] High prop at exactly tau (1.00) at rel_day 25: potential IF underweighting
[2026-01-14T00:40:33.855633] High prop at exactly tau (1.00) at rel_day 26: potential IF underweighting
[2026-01-14T00:40:46.678161] High prop at exactly tau (1.00) at rel_day 27: potential IF underweighting
[2026-01-14T00:40:59.510349] High prop at exactly tau (1.00) at rel_day 28: potential IF underweighting
[2026-01-14T00:41:12.344353] High prop at exactly tau (1.00) at rel_day 29: potential IF underweighting
[2026-01-14T00:41:25.186807] High prop at exactly tau (1.00) at rel_day 30: potential IF underweighting
[2026-01-14T00:41:38.008339] High prop at exactly tau (1.00) at rel_day 31: potential IF underweighting
[2026-01-14T00:41:50.852043] High prop at exactly tau (1.00) at rel_day 32: potential IF underweighting
[2026-01-14T00:42:03.675419] High prop at exactly tau (1.00) at rel_day 33: potential IF underweighting
[2026-01-14T00:42:16.486263] High prop at exactly tau (1.00) at rel_day 34: potential IF underweighting
[2026-01-14T00:42:29.308459] High prop at exactly tau (1.00) at rel_day 35: potential IF underweighting
[2026-01-14T00:42:42.125505] High prop at exactly tau (1.00) at rel_day 36: potential IF underweighting
[2026-01-14T00:42:54.950796] High prop at exactly tau (1.00) at rel_day 37: potential IF underweighting
[2026-01-14T00:43:07.809382] High prop at exactly tau (1.00) at rel_day 38: potential IF underweighting
[2026-01-14T00:43:20.620695] High prop at exactly tau (1.00) at rel_day 39: potential IF underweighting
[2026-01-14T00:43:33.436287] High prop at exactly tau (1.00) at rel_day 40: potential IF underweighting
[2026-01-14T00:43:46.253539] High prop at exactly tau (1.00) at rel_day 41: potential IF underweighting
[2026-01-14T00:43:59.084266] High prop at exactly tau (1.00) at rel_day 42: potential IF underweighting
[2026-01-14T00:44:11.935550] High prop at exactly tau (1.00) at rel_day 43: potential IF underweighting
[2026-01-14T00:44:24.753120] High prop at exactly tau (1.00) at rel_day 44: potential IF underweighting
[2026-01-14T00:44:37.587321] High prop at exactly tau (1.00) at rel_day 45: potential IF underweighting
[2026-01-14T00:44:50.376020] High prop at exactly tau (1.00) at rel_day 46: potential IF underweighting
[2026-01-14T00:45:03.164556] High prop at exactly tau (1.00) at rel_day 47: potential IF underweighting
[2026-01-14T00:45:15.974955] High prop at exactly tau (1.00) at rel_day 48: potential IF underweighting
[2026-01-14T00:45:28.765822] High prop at exactly tau (1.00) at rel_day 49: potential IF underweighting
[2026-01-14T00:45:41.580590] High prop at exactly tau (1.00) at rel_day 50: potential IF underweighting
[2026-01-14T00:45:54.368666] High prop at exactly tau (1.00) at rel_day 51: potential IF underweighting
[2026-01-14T00:46:07.172487] High prop at exactly tau (0.99) at rel_day 52: potential IF underweighting
[2026-01-14T00:46:19.961100] High prop at exactly tau (0.99) at rel_day 53: potential IF underweighting
[2026-01-14T00:46:32.738057] High prop at exactly tau (0.99) at rel_day 54: potential IF underweighting
[2026-01-14T00:46:45.535941] High prop at exactly tau (0.99) at rel_day 55: potential IF underweighting
[2026-01-14T00:46:58.343999] High prop at exactly tau (0.99) at rel_day 56: potential IF underweighting
[2026-01-14T00:47:11.138441] High prop at exactly tau (0.99) at rel_day 57: potential IF underweighting
[2026-01-14T00:47:23.932024] High prop at exactly tau (0.99) at rel_day 58: potential IF underweighting
[2026-01-14T00:47:36.724266] High prop at exactly tau (0.99) at rel_day 59: potential IF underweighting
[2026-01-14T00:47:49.478040] High prop at exactly tau (0.99) at rel_day 60: potential IF underweighting
[2026-01-14T00:48:02.255183] High prop at exactly tau (0.99) at rel_day 61: potential IF underweighting
[2026-01-14T00:48:15.065064] High prop at exactly tau (0.99) at rel_day 62: potential IF underweighting
[2026-01-14T00:48:27.834237] High prop at exactly tau (0.99) at rel_day 63: potential IF underweighting
[2026-01-14T00:48:40.613027] High prop at exactly tau (0.99) at rel_day 64: potential IF underweighting
[2026-01-14T00:48:53.570200] High prop at exactly tau (0.99) at rel_day 65: potential IF underweighting
[2026-01-14T00:49:06.322474] High prop at exactly tau (0.99) at rel_day 66: potential IF underweighting
[2026-01-14T00:49:19.076296] High prop at exactly tau (0.99) at rel_day 67: potential IF underweighting
[2026-01-14T00:49:31.870306] High prop at exactly tau (0.99) at rel_day 68: potential IF underweighting
[2026-01-14T00:49:44.649762] High prop at exactly tau (0.99) at rel_day 69: potential IF underweighting
[2026-01-14T00:49:57.389165] High prop at exactly tau (0.99) at rel_day 70: potential IF underweighting
[2026-01-14T00:50:10.165595] High prop at exactly tau (0.99) at rel_day 71: potential IF underweighting
[2026-01-14T00:50:22.911286] High prop at exactly tau (0.99) at rel_day 72: potential IF underweighting
[2026-01-14T00:50:35.699015] High prop at exactly tau (0.99) at rel_day 73: potential IF underweighting
[2026-01-14T00:50:48.506473] High prop at exactly tau (0.99) at rel_day 74: potential IF underweighting
[2026-01-14T00:51:01.315013] High prop at exactly tau (0.99) at rel_day 75: potential IF underweighting
[2026-01-14T00:51:14.061123] High prop at exactly tau (0.99) at rel_day 76: potential IF underweighting
[2026-01-14T00:51:26.817331] High prop at exactly tau (0.99) at rel_day 77: potential IF underweighting
[2026-01-14T00:51:39.601791] High prop at exactly tau (0.99) at rel_day 78: potential IF underweighting
[2026-01-14T00:51:52.378080] High prop at exactly tau (0.99) at rel_day 79: potential IF underweighting
[2026-01-14T00:52:05.127151] High prop at exactly tau (0.99) at rel_day 80: potential IF underweighting
[2026-01-14T00:52:17.869257] High prop at exactly tau (0.99) at rel_day 81: potential IF underweighting
[2026-01-14T00:52:30.610559] High prop at exactly tau (0.99) at rel_day 82: potential IF underweighting
[2026-01-14T00:52:43.338005] High prop at exactly tau (0.99) at rel_day 83: potential IF underweighting
[2026-01-14T00:52:56.070518] High prop at exactly tau (0.99) at rel_day 84: potential IF underweighting
[2026-01-14T00:53:08.832760] High prop at exactly tau (0.99) at rel_day 85: potential IF underweighting
[2026-01-14T00:53:21.533224] High prop at exactly tau (0.99) at rel_day 86: potential IF underweighting
[2026-01-14T00:53:34.271059] High prop at exactly tau (0.99) at rel_day 87: potential IF underweighting
[2026-01-14T00:53:46.990047] High prop at exactly tau (0.99) at rel_day 88: potential IF underweighting
[2026-01-14T00:53:59.681046] High prop at exactly tau (0.99) at rel_day 89: potential IF underweighting
[2026-01-14T00:54:12.362644] High prop at exactly tau (0.99) at rel_day 90: potential IF underweighting
[2026-01-14T00:54:34.541362] RMST conditions on survival to calendar_day — deliberate for definition, see method docs.
[2026-01-14T00:54:34.712835] High prop at exactly tau (1.00) at rel_day -30: potential IF underweighting
[2026-01-14T00:54:47.577654] High prop at exactly tau (1.00) at rel_day -29: potential IF underweighting
[2026-01-14T00:55:00.443192] High prop at exactly tau (1.00) at rel_day -28: potential IF underweighting
[2026-01-14T00:55:13.301846] High prop at exactly tau (1.00) at rel_day -27: potential IF underweighting
[2026-01-14T00:55:26.164960] High prop at exactly tau (1.00) at rel_day -26: potential IF underweighting
[2026-01-14T00:55:38.981393] High prop at exactly tau (1.00) at rel_day -25: potential IF underweighting
[2026-01-14T00:55:51.829212] High prop at exactly tau (1.00) at rel_day -24: potential IF underweighting
[2026-01-14T00:56:04.696262] High prop at exactly tau (1.00) at rel_day -23: potential IF underweighting
[2026-01-14T00:56:17.583041] High prop at exactly tau (1.00) at rel_day -22: potential IF underweighting
[2026-01-14T00:56:30.427809] High prop at exactly tau (1.00) at rel_day -21: potential IF underweighting
[2026-01-14T00:56:43.298492] High prop at exactly tau (1.00) at rel_day -20: potential IF underweighting
[2026-01-14T00:56:56.176116] High prop at exactly tau (1.00) at rel_day -19: potential IF underweighting
[2026-01-14T00:57:09.062307] High prop at exactly tau (1.00) at rel_day -18: potential IF underweighting
[2026-01-14T00:57:21.926169] High prop at exactly tau (1.00) at rel_day -17: potential IF underweighting
[2026-01-14T00:57:34.766994] High prop at exactly tau (1.00) at rel_day -16: potential IF underweighting
[2026-01-14T00:57:47.730687] High prop at exactly tau (1.00) at rel_day -15: potential IF underweighting
[2026-01-14T00:58:00.600372] High prop at exactly tau (1.00) at rel_day -14: potential IF underweighting
[2026-01-14T00:58:13.463861] High prop at exactly tau (1.00) at rel_day -13: potential IF underweighting
[2026-01-14T00:58:26.299695] High prop at exactly tau (1.00) at rel_day -12: potential IF underweighting
[2026-01-14T00:58:39.149560] High prop at exactly tau (1.00) at rel_day -11: potential IF underweighting
[2026-01-14T00:58:51.989222] High prop at exactly tau (1.00) at rel_day -10: potential IF underweighting
[2026-01-14T00:59:04.845811] High prop at exactly tau (1.00) at rel_day -9: potential IF underweighting
[2026-01-14T00:59:17.680573] High prop at exactly tau (1.00) at rel_day -8: potential IF underweighting
[2026-01-14T00:59:30.554875] High prop at exactly tau (1.00) at rel_day -7: potential IF underweighting
[2026-01-14T00:59:43.401882] High prop at exactly tau (1.00) at rel_day -6: potential IF underweighting
[2026-01-14T00:59:56.255849] High prop at exactly tau (1.00) at rel_day -5: potential IF underweighting
[2026-01-14T01:00:09.124245] High prop at exactly tau (1.00) at rel_day -4: potential IF underweighting
[2026-01-14T01:00:21.983769] High prop at exactly tau (1.00) at rel_day -3: potential IF underweighting
[2026-01-14T01:00:34.859921] High prop at exactly tau (1.00) at rel_day -2: potential IF underweighting
[2026-01-14T01:00:47.745548] High prop at exactly tau (1.00) at rel_day -1: potential IF underweighting
[2026-01-14T01:01:00.654366] High prop at exactly tau (1.00) at rel_day 0: potential IF underweighting
[2026-01-14T01:01:13.521423] High prop at exactly tau (1.00) at rel_day 1: potential IF underweighting
[2026-01-14T01:01:26.402092] High prop at exactly tau (1.00) at rel_day 2: potential IF underweighting
[2026-01-14T01:01:39.312842] High prop at exactly tau (1.00) at rel_day 3: potential IF underweighting
[2026-01-14T01:01:52.178073] High prop at exactly tau (1.00) at rel_day 4: potential IF underweighting
[2026-01-14T01:02:05.054155] High prop at exactly tau (1.00) at rel_day 5: potential IF underweighting
[2026-01-14T01:02:17.931240] High prop at exactly tau (1.00) at rel_day 6: potential IF underweighting
[2026-01-14T01:02:30.783486] High prop at exactly tau (1.00) at rel_day 7: potential IF underweighting
[2026-01-14T01:02:43.619272] High prop at exactly tau (1.00) at rel_day 8: potential IF underweighting
[2026-01-14T01:02:56.472564] High prop at exactly tau (1.00) at rel_day 9: potential IF underweighting
[2026-01-14T01:03:09.327782] High prop at exactly tau (1.00) at rel_day 10: potential IF underweighting
[2026-01-14T01:03:22.183974] High prop at exactly tau (1.00) at rel_day 11: potential IF underweighting
[2026-01-14T01:03:35.002109] High prop at exactly tau (1.00) at rel_day 12: potential IF underweighting
[2026-01-14T01:03:48.852168] High prop at exactly tau (1.00) at rel_day 13: potential IF underweighting
[2026-01-14T01:04:01.687524] High prop at exactly tau (1.00) at rel_day 14: potential IF underweighting
[2026-01-14T01:04:14.536232] High prop at exactly tau (1.00) at rel_day 15: potential IF underweighting
[2026-01-14T01:04:27.400673] High prop at exactly tau (1.00) at rel_day 16: potential IF underweighting
[2026-01-14T01:04:40.276153] High prop at exactly tau (1.00) at rel_day 17: potential IF underweighting
[2026-01-14T01:04:53.111022] High prop at exactly tau (1.00) at rel_day 18: potential IF underweighting
[2026-01-14T01:05:05.948768] High prop at exactly tau (1.00) at rel_day 19: potential IF underweighting
[2026-01-14T01:05:18.753278] High prop at exactly tau (1.00) at rel_day 20: potential IF underweighting
[2026-01-14T01:05:31.556453] High prop at exactly tau (1.00) at rel_day 21: potential IF underweighting
[2026-01-14T01:05:44.364031] High prop at exactly tau (1.00) at rel_day 22: potential IF underweighting
[2026-01-14T01:05:57.217663] High prop at exactly tau (1.00) at rel_day 23: potential IF underweighting
[2026-01-14T01:06:10.036764] High prop at exactly tau (1.00) at rel_day 24: potential IF underweighting
[2026-01-14T01:06:22.852983] High prop at exactly tau (1.00) at rel_day 25: potential IF underweighting
[2026-01-14T01:06:35.660441] High prop at exactly tau (1.00) at rel_day 26: potential IF underweighting
[2026-01-14T01:06:48.474043] High prop at exactly tau (1.00) at rel_day 27: potential IF underweighting
[2026-01-14T01:07:01.336653] High prop at exactly tau (1.00) at rel_day 28: potential IF underweighting
[2026-01-14T01:07:14.178162] High prop at exactly tau (1.00) at rel_day 29: potential IF underweighting
[2026-01-14T01:07:27.038358] High prop at exactly tau (1.00) at rel_day 30: potential IF underweighting
[2026-01-14T01:07:39.880605] High prop at exactly tau (1.00) at rel_day 31: potential IF underweighting
[2026-01-14T01:07:52.678837] High prop at exactly tau (1.00) at rel_day 32: potential IF underweighting
[2026-01-14T01:08:05.518735] High prop at exactly tau (1.00) at rel_day 33: potential IF underweighting
[2026-01-14T01:08:18.301069] High prop at exactly tau (1.00) at rel_day 34: potential IF underweighting
[2026-01-14T01:08:31.091306] High prop at exactly tau (1.00) at rel_day 35: potential IF underweighting
[2026-01-14T01:08:43.887728] High prop at exactly tau (1.00) at rel_day 36: potential IF underweighting
[2026-01-14T01:08:56.685103] High prop at exactly tau (1.00) at rel_day 37: potential IF underweighting
[2026-01-14T01:09:09.503512] High prop at exactly tau (1.00) at rel_day 38: potential IF underweighting
[2026-01-14T01:09:22.310140] High prop at exactly tau (1.00) at rel_day 39: potential IF underweighting
[2026-01-14T01:09:35.124832] High prop at exactly tau (1.00) at rel_day 40: potential IF underweighting
[2026-01-14T01:09:47.939495] High prop at exactly tau (1.00) at rel_day 41: potential IF underweighting
[2026-01-14T01:10:00.754629] High prop at exactly tau (1.00) at rel_day 42: potential IF underweighting
[2026-01-14T01:10:13.544028] High prop at exactly tau (1.00) at rel_day 43: potential IF underweighting
[2026-01-14T01:10:26.335271] High prop at exactly tau (1.00) at rel_day 44: potential IF underweighting
[2026-01-14T01:10:39.130559] High prop at exactly tau (1.00) at rel_day 45: potential IF underweighting
[2026-01-14T01:10:51.925585] High prop at exactly tau (1.00) at rel_day 46: potential IF underweighting
[2026-01-14T01:11:04.707772] High prop at exactly tau (1.00) at rel_day 47: potential IF underweighting
[2026-01-14T01:11:17.746019] High prop at exactly tau (1.00) at rel_day 48: potential IF underweighting
[2026-01-14T01:11:30.550307] High prop at exactly tau (1.00) at rel_day 49: potential IF underweighting
[2026-01-14T01:11:43.341573] High prop at exactly tau (1.00) at rel_day 50: potential IF underweighting
[2026-01-14T01:11:56.126047] High prop at exactly tau (0.99) at rel_day 51: potential IF underweighting
[2026-01-14T01:12:09.021056] High prop at exactly tau (0.99) at rel_day 52: potential IF underweighting
[2026-01-14T01:12:21.801184] High prop at exactly tau (0.99) at rel_day 53: potential IF underweighting
[2026-01-14T01:12:34.564689] High prop at exactly tau (0.99) at rel_day 54: potential IF underweighting
[2026-01-14T01:12:47.331545] High prop at exactly tau (0.99) at rel_day 55: potential IF underweighting
[2026-01-14T01:13:00.092646] High prop at exactly tau (0.99) at rel_day 56: potential IF underweighting
[2026-01-14T01:13:12.860294] High prop at exactly tau (0.99) at rel_day 57: potential IF underweighting
[2026-01-14T01:13:25.623061] High prop at exactly tau (0.99) at rel_day 58: potential IF underweighting
[2026-01-14T01:13:38.412289] High prop at exactly tau (0.99) at rel_day 59: potential IF underweighting
[2026-01-14T01:13:51.173339] High prop at exactly tau (0.99) at rel_day 60: potential IF underweighting
[2026-01-14T01:14:03.942527] High prop at exactly tau (0.99) at rel_day 61: potential IF underweighting
[2026-01-14T01:14:16.715935] High prop at exactly tau (0.99) at rel_day 62: potential IF underweighting
[2026-01-14T01:14:29.477091] High prop at exactly tau (0.99) at rel_day 63: potential IF underweighting
[2026-01-14T01:14:42.215776] High prop at exactly tau (0.99) at rel_day 64: potential IF underweighting
[2026-01-14T01:14:54.970562] High prop at exactly tau (0.99) at rel_day 65: potential IF underweighting
[2026-01-14T01:15:07.721150] High prop at exactly tau (0.99) at rel_day 66: potential IF underweighting
[2026-01-14T01:15:20.478181] High prop at exactly tau (0.99) at rel_day 67: potential IF underweighting
[2026-01-14T01:15:33.208380] High prop at exactly tau (0.99) at rel_day 68: potential IF underweighting
[2026-01-14T01:15:45.993907] High prop at exactly tau (0.99) at rel_day 69: potential IF underweighting
[2026-01-14T01:15:58.758298] High prop at exactly tau (0.99) at rel_day 70: potential IF underweighting
[2026-01-14T01:16:11.500561] High prop at exactly tau (0.99) at rel_day 71: potential IF underweighting
[2026-01-14T01:16:24.250369] High prop at exactly tau (0.99) at rel_day 72: potential IF underweighting
[2026-01-14T01:16:37.008794] High prop at exactly tau (0.99) at rel_day 73: potential IF underweighting
[2026-01-14T01:16:49.801834] High prop at exactly tau (0.99) at rel_day 74: potential IF underweighting
[2026-01-14T01:17:02.560528] High prop at exactly tau (0.99) at rel_day 75: potential IF underweighting
[2026-01-14T01:17:15.292024] High prop at exactly tau (0.99) at rel_day 76: potential IF underweighting
[2026-01-14T01:17:28.010205] High prop at exactly tau (0.99) at rel_day 77: potential IF underweighting
[2026-01-14T01:17:40.728732] High prop at exactly tau (0.99) at rel_day 78: potential IF underweighting
[2026-01-14T01:17:53.445845] High prop at exactly tau (0.99) at rel_day 79: potential IF underweighting
[2026-01-14T01:18:06.173650] High prop at exactly tau (0.99) at rel_day 80: potential IF underweighting
[2026-01-14T01:18:18.911025] High prop at exactly tau (0.99) at rel_day 81: potential IF underweighting
[2026-01-14T01:18:31.654938] High prop at exactly tau (0.99) at rel_day 82: potential IF underweighting
[2026-01-14T01:18:44.381170] High prop at exactly tau (0.99) at rel_day 83: potential IF underweighting
[2026-01-14T01:18:57.583166] High prop at exactly tau (0.99) at rel_day 84: potential IF underweighting
[2026-01-14T01:19:10.338999] High prop at exactly tau (0.99) at rel_day 85: potential IF underweighting
[2026-01-14T01:19:23.040213] High prop at exactly tau (0.99) at rel_day 86: potential IF underweighting
[2026-01-14T01:19:35.768057] High prop at exactly tau (0.99) at rel_day 87: potential IF underweighting
[2026-01-14T01:19:48.481064] High prop at exactly tau (0.99) at rel_day 88: potential IF underweighting
[2026-01-14T01:20:01.196682] High prop at exactly tau (0.99) at rel_day 89: potential IF underweighting
[2026-01-14T01:20:13.914349] High prop at exactly tau (0.99) at rel_day 90: potential IF underweighting
[2026-01-14T01:20:39.699613] RMST conditions on survival to calendar_day — deliberate for definition, see method docs.
[2026-01-14T01:20:39.959891] High prop at exactly tau (1.00) at rel_day -30: potential IF underweighting
[2026-01-14T01:20:56.980290] High prop at exactly tau (1.00) at rel_day -29: potential IF underweighting
[2026-01-14T01:21:14.769072] High prop at exactly tau (1.00) at rel_day -28: potential IF underweighting
[2026-01-14T01:21:32.668315] High prop at exactly tau (1.00) at rel_day -27: potential IF underweighting
[2026-01-14T01:21:45.800669] High prop at exactly tau (1.00) at rel_day -26: potential IF underweighting
[2026-01-14T01:21:58.810095] High prop at exactly tau (1.00) at rel_day -25: potential IF underweighting
[2026-01-14T01:22:11.645226] High prop at exactly tau (1.00) at rel_day -24: potential IF underweighting
[2026-01-14T01:22:24.492523] High prop at exactly tau (1.00) at rel_day -23: potential IF underweighting
[2026-01-14T01:22:37.331474] High prop at exactly tau (1.00) at rel_day -22: potential IF underweighting
[2026-01-14T01:22:50.198776] High prop at exactly tau (1.00) at rel_day -21: potential IF underweighting
[2026-01-14T01:23:03.068730] High prop at exactly tau (1.00) at rel_day -20: potential IF underweighting
[2026-01-14T01:23:15.934665] High prop at exactly tau (1.00) at rel_day -19: potential IF underweighting
[2026-01-14T01:23:28.779627] High prop at exactly tau (1.00) at rel_day -18: potential IF underweighting
[2026-01-14T01:23:41.648665] High prop at exactly tau (1.00) at rel_day -17: potential IF underweighting
[2026-01-14T01:23:54.545956] High prop at exactly tau (1.00) at rel_day -16: potential IF underweighting
[2026-01-14T01:24:07.409748] High prop at exactly tau (1.00) at rel_day -15: potential IF underweighting
[2026-01-14T01:24:20.274292] High prop at exactly tau (1.00) at rel_day -14: potential IF underweighting
[2026-01-14T01:24:33.174984] High prop at exactly tau (1.00) at rel_day -13: potential IF underweighting
[2026-01-14T01:24:46.038038] High prop at exactly tau (1.00) at rel_day -12: potential IF underweighting
[2026-01-14T01:24:58.896276] High prop at exactly tau (1.00) at rel_day -11: potential IF underweighting
[2026-01-14T01:25:11.767382] High prop at exactly tau (1.00) at rel_day -10: potential IF underweighting
[2026-01-14T01:25:24.683777] High prop at exactly tau (1.00) at rel_day -9: potential IF underweighting
[2026-01-14T01:25:37.556231] High prop at exactly tau (1.00) at rel_day -8: potential IF underweighting
[2026-01-14T01:25:50.599768] High prop at exactly tau (1.00) at rel_day -7: potential IF underweighting
[2026-01-14T01:26:03.493630] High prop at exactly tau (1.00) at rel_day -6: potential IF underweighting
[2026-01-14T01:26:16.383453] High prop at exactly tau (1.00) at rel_day -5: potential IF underweighting
[2026-01-14T01:26:29.282245] High prop at exactly tau (1.00) at rel_day -4: potential IF underweighting
[2026-01-14T01:26:42.171064] High prop at exactly tau (1.00) at rel_day -3: potential IF underweighting
[2026-01-14T01:26:55.046537] High prop at exactly tau (1.00) at rel_day -2: potential IF underweighting
[2026-01-14T01:27:07.919517] High prop at exactly tau (1.00) at rel_day -1: potential IF underweighting
[2026-01-14T01:27:20.827470] High prop at exactly tau (1.00) at rel_day 0: potential IF underweighting
[2026-01-14T01:27:33.701634] High prop at exactly tau (1.00) at rel_day 1: potential IF underweighting
[2026-01-14T01:27:46.597054] High prop at exactly tau (1.00) at rel_day 2: potential IF underweighting
[2026-01-14T01:27:59.468946] High prop at exactly tau (1.00) at rel_day 3: potential IF underweighting
[2026-01-14T01:28:12.348290] High prop at exactly tau (1.00) at rel_day 4: potential IF underweighting
[2026-01-14T01:28:25.196731] High prop at exactly tau (1.00) at rel_day 5: potential IF underweighting
[2026-01-14T01:28:38.050694] High prop at exactly tau (1.00) at rel_day 6: potential IF underweighting
[2026-01-14T01:28:50.891521] High prop at exactly tau (1.00) at rel_day 7: potential IF underweighting
[2026-01-14T01:29:03.776587] High prop at exactly tau (1.00) at rel_day 8: potential IF underweighting
[2026-01-14T01:29:16.666964] High prop at exactly tau (1.00) at rel_day 9: potential IF underweighting
[2026-01-14T01:29:29.539148] High prop at exactly tau (1.00) at rel_day 10: potential IF underweighting
[2026-01-14T01:29:42.404749] High prop at exactly tau (1.00) at rel_day 11: potential IF underweighting
[2026-01-14T01:29:55.266197] High prop at exactly tau (1.00) at rel_day 12: potential IF underweighting
[2026-01-14T01:30:08.164656] High prop at exactly tau (1.00) at rel_day 13: potential IF underweighting
[2026-01-14T01:30:20.988343] High prop at exactly tau (1.00) at rel_day 14: potential IF underweighting
[2026-01-14T01:30:33.840330] High prop at exactly tau (1.00) at rel_day 15: potential IF underweighting
[2026-01-14T01:30:46.733302] High prop at exactly tau (1.00) at rel_day 16: potential IF underweighting
[2026-01-14T01:30:59.875221] High prop at exactly tau (1.00) at rel_day 17: potential IF underweighting
[2026-01-14T01:31:13.066920] High prop at exactly tau (1.00) at rel_day 18: potential IF underweighting
[2026-01-14T01:31:26.069663] High prop at exactly tau (1.00) at rel_day 19: potential IF underweighting
[2026-01-14T01:31:38.979717] High prop at exactly tau (1.00) at rel_day 20: potential IF underweighting
[2026-01-14T01:31:51.837813] High prop at exactly tau (1.00) at rel_day 21: potential IF underweighting
[2026-01-14T01:32:04.708870] High prop at exactly tau (1.00) at rel_day 22: potential IF underweighting
[2026-01-14T01:32:17.677523] High prop at exactly tau (1.00) at rel_day 23: potential IF underweighting
[2026-01-14T01:32:30.520739] High prop at exactly tau (1.00) at rel_day 24: potential IF underweighting
[2026-01-14T01:32:43.343579] High prop at exactly tau (1.00) at rel_day 25: potential IF underweighting
[2026-01-14T01:32:56.152942] High prop at exactly tau (1.00) at rel_day 26: potential IF underweighting
[2026-01-14T01:33:09.012308] High prop at exactly tau (1.00) at rel_day 27: potential IF underweighting
[2026-01-14T01:33:21.885575] High prop at exactly tau (1.00) at rel_day 28: potential IF underweighting
[2026-01-14T01:33:34.740643] High prop at exactly tau (1.00) at rel_day 29: potential IF underweighting
[2026-01-14T01:33:47.591597] High prop at exactly tau (1.00) at rel_day 30: potential IF underweighting
[2026-01-14T01:34:02.009099] High prop at exactly tau (1.00) at rel_day 31: potential IF underweighting
[2026-01-14T01:34:14.819924] High prop at exactly tau (1.00) at rel_day 32: potential IF underweighting
[2026-01-14T01:34:27.677085] High prop at exactly tau (1.00) at rel_day 33: potential IF underweighting
[2026-01-14T01:34:40.471524] High prop at exactly tau (1.00) at rel_day 34: potential IF underweighting
[2026-01-14T01:34:53.283562] High prop at exactly tau (1.00) at rel_day 35: potential IF underweighting
[2026-01-14T01:35:06.087530] High prop at exactly tau (1.00) at rel_day 36: potential IF underweighting
[2026-01-14T01:35:18.902817] High prop at exactly tau (1.00) at rel_day 37: potential IF underweighting
[2026-01-14T01:35:31.711249] High prop at exactly tau (1.00) at rel_day 38: potential IF underweighting
[2026-01-14T01:35:44.520902] High prop at exactly tau (1.00) at rel_day 39: potential IF underweighting
[2026-01-14T01:35:57.337556] High prop at exactly tau (1.00) at rel_day 40: potential IF underweighting
[2026-01-14T01:36:10.154997] High prop at exactly tau (1.00) at rel_day 41: potential IF underweighting
[2026-01-14T01:36:22.971584] High prop at exactly tau (1.00) at rel_day 42: potential IF underweighting
[2026-01-14T01:36:35.826066] High prop at exactly tau (1.00) at rel_day 43: potential IF underweighting
[2026-01-14T01:36:48.646455] High prop at exactly tau (1.00) at rel_day 44: potential IF underweighting
[2026-01-14T01:37:01.480445] High prop at exactly tau (1.00) at rel_day 45: potential IF underweighting
[2026-01-14T01:37:14.273390] High prop at exactly tau (1.00) at rel_day 46: potential IF underweighting
[2026-01-14T01:37:27.066069] High prop at exactly tau (1.00) at rel_day 47: potential IF underweighting
[2026-01-14T01:37:39.845173] High prop at exactly tau (1.00) at rel_day 48: potential IF underweighting
[2026-01-14T01:37:52.617106] High prop at exactly tau (1.00) at rel_day 49: potential IF underweighting
[2026-01-14T01:38:05.408257] High prop at exactly tau (1.00) at rel_day 50: potential IF underweighting
[2026-01-14T01:38:18.222511] High prop at exactly tau (1.00) at rel_day 51: potential IF underweighting
[2026-01-14T01:38:30.992817] High prop at exactly tau (0.99) at rel_day 52: potential IF underweighting
[2026-01-14T01:38:43.788675] High prop at exactly tau (0.99) at rel_day 53: potential IF underweighting
[2026-01-14T01:38:56.574095] High prop at exactly tau (0.99) at rel_day 54: potential IF underweighting
[2026-01-14T01:39:09.368906] High prop at exactly tau (0.99) at rel_day 55: potential IF underweighting
[2026-01-14T01:39:22.183010] High prop at exactly tau (0.99) at rel_day 56: potential IF underweighting
[2026-01-14T01:39:34.959088] High prop at exactly tau (0.99) at rel_day 57: potential IF underweighting
[2026-01-14T01:39:47.741681] High prop at exactly tau (0.99) at rel_day 58: potential IF underweighting
[2026-01-14T01:40:00.507386] High prop at exactly tau (0.99) at rel_day 59: potential IF underweighting
[2026-01-14T01:40:14.400679] High prop at exactly tau (0.99) at rel_day 60: potential IF underweighting
[2026-01-14T01:40:27.851890] High prop at exactly tau (0.99) at rel_day 61: potential IF underweighting
[2026-01-14T01:40:40.753379] High prop at exactly tau (0.99) at rel_day 62: potential IF underweighting
[2026-01-14T01:40:53.674181] High prop at exactly tau (0.99) at rel_day 63: potential IF underweighting
[2026-01-14T01:41:06.584974] High prop at exactly tau (0.99) at rel_day 64: potential IF underweighting
[2026-01-14T01:41:19.601572] High prop at exactly tau (0.99) at rel_day 65: potential IF underweighting
[2026-01-14T01:41:32.520373] High prop at exactly tau (0.99) at rel_day 66: potential IF underweighting
[2026-01-14T01:41:45.442789] High prop at exactly tau (0.99) at rel_day 67: potential IF underweighting
[2026-01-14T01:41:58.359249] High prop at exactly tau (0.99) at rel_day 68: potential IF underweighting
[2026-01-14T01:42:11.248740] High prop at exactly tau (0.99) at rel_day 69: potential IF underweighting
[2026-01-14T01:42:24.152066] High prop at exactly tau (0.99) at rel_day 70: potential IF underweighting
[2026-01-14T01:42:37.038374] High prop at exactly tau (0.99) at rel_day 71: potential IF underweighting
[2026-01-14T01:42:49.926677] High prop at exactly tau (0.99) at rel_day 72: potential IF underweighting
[2026-01-14T01:43:02.815417] High prop at exactly tau (0.99) at rel_day 73: potential IF underweighting
[2026-01-14T01:43:15.736544] High prop at exactly tau (0.99) at rel_day 74: potential IF underweighting
[2026-01-14T01:43:28.582560] High prop at exactly tau (0.99) at rel_day 75: potential IF underweighting
[2026-01-14T01:43:41.467281] High prop at exactly tau (0.99) at rel_day 76: potential IF underweighting
[2026-01-14T01:43:54.369411] High prop at exactly tau (0.99) at rel_day 77: potential IF underweighting
[2026-01-14T01:44:07.238345] High prop at exactly tau (0.99) at rel_day 78: potential IF underweighting
[2026-01-14T01:44:20.401488] High prop at exactly tau (0.99) at rel_day 79: potential IF underweighting
[2026-01-14T01:44:33.310247] High prop at exactly tau (0.99) at rel_day 80: potential IF underweighting
[2026-01-14T01:44:46.196621] High prop at exactly tau (0.99) at rel_day 81: potential IF underweighting
[2026-01-14T01:44:59.051045] High prop at exactly tau (0.99) at rel_day 82: potential IF underweighting
[2026-01-14T01:45:11.941734] High prop at exactly tau (0.99) at rel_day 83: potential IF underweighting
[2026-01-14T01:45:24.953187] High prop at exactly tau (0.99) at rel_day 84: potential IF underweighting
[2026-01-14T01:45:37.684265] High prop at exactly tau (0.99) at rel_day 85: potential IF underweighting
[2026-01-14T01:45:50.426547] High prop at exactly tau (0.99) at rel_day 86: potential IF underweighting
[2026-01-14T01:46:03.174358] High prop at exactly tau (0.99) at rel_day 87: potential IF underweighting
[2026-01-14T01:46:15.944768] High prop at exactly tau (0.99) at rel_day 88: potential IF underweighting
[2026-01-14T01:46:28.679010] High prop at exactly tau (0.99) at rel_day 89: potential IF underweighting
[2026-01-14T01:46:41.381892] High prop at exactly tau (0.99) at rel_day 90: potential IF underweighting
[2026-01-14T01:47:08.233869] RMST conditions on survival to calendar_day — deliberate for definition, see method docs.
[2026-01-14T01:47:08.513240] High prop at exactly tau (1.00) at rel_day -30: potential IF underweighting
[2026-01-14T01:47:23.596658] High prop at exactly tau (1.00) at rel_day -29: potential IF underweighting
[2026-01-14T01:47:36.528117] High prop at exactly tau (1.00) at rel_day -28: potential IF underweighting
[2026-01-14T01:47:49.370136] High prop at exactly tau (1.00) at rel_day -27: potential IF underweighting
[2026-01-14T01:48:02.235475] High prop at exactly tau (1.00) at rel_day -26: potential IF underweighting
[2026-01-14T01:48:15.124030] High prop at exactly tau (1.00) at rel_day -25: potential IF underweighting
[2026-01-14T01:48:28.016160] High prop at exactly tau (1.00) at rel_day -24: potential IF underweighting
[2026-01-14T01:48:40.852069] High prop at exactly tau (1.00) at rel_day -23: potential IF underweighting
[2026-01-14T01:48:53.728959] High prop at exactly tau (1.00) at rel_day -22: potential IF underweighting
[2026-01-14T01:49:08.232474] High prop at exactly tau (1.00) at rel_day -21: potential IF underweighting
[2026-01-14T01:49:21.064446] High prop at exactly tau (1.00) at rel_day -20: potential IF underweighting
[2026-01-14T01:49:33.995537] High prop at exactly tau (1.00) at rel_day -19: potential IF underweighting
[2026-01-14T01:49:46.841354] High prop at exactly tau (1.00) at rel_day -18: potential IF underweighting
[2026-01-14T01:49:59.714464] High prop at exactly tau (1.00) at rel_day -17: potential IF underweighting
[2026-01-14T01:50:12.599704] High prop at exactly tau (1.00) at rel_day -16: potential IF underweighting
[2026-01-14T01:50:25.492042] High prop at exactly tau (1.00) at rel_day -15: potential IF underweighting
[2026-01-14T01:50:38.425281] High prop at exactly tau (1.00) at rel_day -14: potential IF underweighting
[2026-01-14T01:50:51.391051] High prop at exactly tau (1.00) at rel_day -13: potential IF underweighting
[2026-01-14T01:51:04.310565] High prop at exactly tau (1.00) at rel_day -12: potential IF underweighting
[2026-01-14T01:51:17.197247] High prop at exactly tau (1.00) at rel_day -11: potential IF underweighting
[2026-01-14T01:51:30.080399] High prop at exactly tau (1.00) at rel_day -10: potential IF underweighting
[2026-01-14T01:51:42.974531] High prop at exactly tau (1.00) at rel_day -9: potential IF underweighting
[2026-01-14T01:51:55.872904] High prop at exactly tau (1.00) at rel_day -8: potential IF underweighting
[2026-01-14T01:52:08.774340] High prop at exactly tau (1.00) at rel_day -7: potential IF underweighting
[2026-01-14T01:52:21.642486] High prop at exactly tau (1.00) at rel_day -6: potential IF underweighting
[2026-01-14T01:52:34.515908] High prop at exactly tau (1.00) at rel_day -5: potential IF underweighting
[2026-01-14T01:52:47.375117] High prop at exactly tau (1.00) at rel_day -4: potential IF underweighting
[2026-01-14T01:53:00.255042] High prop at exactly tau (1.00) at rel_day -3: potential IF underweighting
[2026-01-14T01:53:13.124079] High prop at exactly tau (1.00) at rel_day -2: potential IF underweighting
[2026-01-14T01:53:25.988200] High prop at exactly tau (1.00) at rel_day -1: potential IF underweighting
[2026-01-14T01:53:38.872404] High prop at exactly tau (1.00) at rel_day 0: potential IF underweighting
[2026-01-14T01:53:51.738854] High prop at exactly tau (1.00) at rel_day 1: potential IF underweighting
[2026-01-14T01:54:04.603421] High prop at exactly tau (1.00) at rel_day 2: potential IF underweighting
[2026-01-14T01:54:17.458089] High prop at exactly tau (1.00) at rel_day 3: potential IF underweighting
[2026-01-14T01:54:30.316029] High prop at exactly tau (1.00) at rel_day 4: potential IF underweighting
[2026-01-14T01:54:43.161340] High prop at exactly tau (1.00) at rel_day 5: potential IF underweighting
[2026-01-14T01:54:55.993297] High prop at exactly tau (1.00) at rel_day 6: potential IF underweighting
[2026-01-14T01:55:08.839342] High prop at exactly tau (1.00) at rel_day 7: potential IF underweighting
[2026-01-14T01:55:21.665765] High prop at exactly tau (1.00) at rel_day 8: potential IF underweighting
[2026-01-14T01:55:34.528004] High prop at exactly tau (1.00) at rel_day 9: potential IF underweighting
[2026-01-14T01:55:47.409714] High prop at exactly tau (1.00) at rel_day 10: potential IF underweighting
[2026-01-14T01:56:00.270684] High prop at exactly tau (1.00) at rel_day 11: potential IF underweighting
[2026-01-14T01:56:13.101724] High prop at exactly tau (1.00) at rel_day 12: potential IF underweighting
[2026-01-14T01:56:25.952288] High prop at exactly tau (1.00) at rel_day 13: potential IF underweighting
[2026-01-14T01:56:38.806684] High prop at exactly tau (1.00) at rel_day 14: potential IF underweighting
[2026-01-14T01:56:51.712356] High prop at exactly tau (1.00) at rel_day 15: potential IF underweighting
[2026-01-14T01:57:04.595628] High prop at exactly tau (1.00) at rel_day 16: potential IF underweighting
[2026-01-14T01:57:17.448020] High prop at exactly tau (1.00) at rel_day 17: potential IF underweighting
[2026-01-14T01:57:30.268594] High prop at exactly tau (1.00) at rel_day 18: potential IF underweighting
[2026-01-14T01:57:43.214447] High prop at exactly tau (1.00) at rel_day 19: potential IF underweighting
[2026-01-14T01:57:56.056611] High prop at exactly tau (1.00) at rel_day 20: potential IF underweighting
[2026-01-14T01:58:08.935084] High prop at exactly tau (1.00) at rel_day 21: potential IF underweighting
[2026-01-14T01:58:21.792480] High prop at exactly tau (1.00) at rel_day 22: potential IF underweighting
[2026-01-14T01:58:34.635056] High prop at exactly tau (1.00) at rel_day 23: potential IF underweighting
[2026-01-14T01:58:47.450948] High prop at exactly tau (1.00) at rel_day 24: potential IF underweighting
[2026-01-14T01:59:00.277362] High prop at exactly tau (1.00) at rel_day 25: potential IF underweighting
[2026-01-14T01:59:13.105455] High prop at exactly tau (1.00) at rel_day 26: potential IF underweighting
[2026-01-14T01:59:25.946729] High prop at exactly tau (1.00) at rel_day 27: potential IF underweighting
[2026-01-14T01:59:38.771792] High prop at exactly tau (1.00) at rel_day 28: potential IF underweighting
[2026-01-14T01:59:51.610005] High prop at exactly tau (1.00) at rel_day 29: potential IF underweighting
[2026-01-14T02:00:04.433831] High prop at exactly tau (1.00) at rel_day 30: potential IF underweighting
[2026-01-14T02:00:17.483316] High prop at exactly tau (1.00) at rel_day 31: potential IF underweighting
[2026-01-14T02:00:30.341502] High prop at exactly tau (1.00) at rel_day 32: potential IF underweighting
[2026-01-14T02:00:43.131744] High prop at exactly tau (1.00) at rel_day 33: potential IF underweighting
[2026-01-14T02:00:55.952690] High prop at exactly tau (1.00) at rel_day 34: potential IF underweighting
[2026-01-14T02:01:08.764669] High prop at exactly tau (1.00) at rel_day 35: potential IF underweighting
[2026-01-14T02:01:21.617707] High prop at exactly tau (1.00) at rel_day 36: potential IF underweighting
[2026-01-14T02:01:34.509811] High prop at exactly tau (1.00) at rel_day 37: potential IF underweighting
[2026-01-14T02:01:47.371424] High prop at exactly tau (1.00) at rel_day 38: potential IF underweighting
[2026-01-14T02:02:00.194655] High prop at exactly tau (1.00) at rel_day 39: potential IF underweighting
[2026-01-14T02:02:12.979137] High prop at exactly tau (1.00) at rel_day 40: potential IF underweighting
[2026-01-14T02:02:25.789330] High prop at exactly tau (1.00) at rel_day 41: potential IF underweighting
[2026-01-14T02:02:38.608057] High prop at exactly tau (1.00) at rel_day 42: potential IF underweighting
[2026-01-14T02:02:51.407705] High prop at exactly tau (1.00) at rel_day 43: potential IF underweighting
[2026-01-14T02:03:04.235674] High prop at exactly tau (1.00) at rel_day 44: potential IF underweighting
[2026-01-14T02:03:17.034513] High prop at exactly tau (1.00) at rel_day 45: potential IF underweighting
[2026-01-14T02:03:29.807877] High prop at exactly tau (1.00) at rel_day 46: potential IF underweighting
[2026-01-14T02:03:42.596777] High prop at exactly tau (1.00) at rel_day 47: potential IF underweighting
[2026-01-14T02:03:55.392362] High prop at exactly tau (1.00) at rel_day 48: potential IF underweighting
[2026-01-14T02:04:08.945837] High prop at exactly tau (1.00) at rel_day 49: potential IF underweighting
[2026-01-14T02:04:21.743137] High prop at exactly tau (1.00) at rel_day 50: potential IF underweighting
[2026-01-14T02:04:34.540319] High prop at exactly tau (1.00) at rel_day 51: potential IF underweighting
[2026-01-14T02:04:47.329488] High prop at exactly tau (0.99) at rel_day 52: potential IF underweighting
[2026-01-14T02:05:00.133737] High prop at exactly tau (0.99) at rel_day 53: potential IF underweighting
[2026-01-14T02:05:12.929126] High prop at exactly tau (0.99) at rel_day 54: potential IF underweighting
[2026-01-14T02:05:25.726996] High prop at exactly tau (0.99) at rel_day 55: potential IF underweighting
[2026-01-14T02:05:38.488609] High prop at exactly tau (0.99) at rel_day 56: potential IF underweighting
[2026-01-14T02:05:51.256508] High prop at exactly tau (0.99) at rel_day 57: potential IF underweighting
[2026-01-14T02:06:04.029902] High prop at exactly tau (0.99) at rel_day 58: potential IF underweighting
[2026-01-14T02:06:16.825580] High prop at exactly tau (0.99) at rel_day 59: potential IF underweighting
[2026-01-14T02:06:29.602408] High prop at exactly tau (0.99) at rel_day 60: potential IF underweighting
[2026-01-14T02:06:42.389791] High prop at exactly tau (0.99) at rel_day 61: potential IF underweighting
[2026-01-14T02:06:55.182357] High prop at exactly tau (0.99) at rel_day 62: potential IF underweighting
[2026-01-14T02:07:08.013021] High prop at exactly tau (0.99) at rel_day 63: potential IF underweighting
[2026-01-14T02:07:20.791184] High prop at exactly tau (0.99) at rel_day 64: potential IF underweighting
[2026-01-14T02:07:33.596908] High prop at exactly tau (0.99) at rel_day 65: potential IF underweighting
[2026-01-14T02:07:46.343715] High prop at exactly tau (0.99) at rel_day 66: potential IF underweighting
[2026-01-14T02:07:59.091043] High prop at exactly tau (0.99) at rel_day 67: potential IF underweighting
[2026-01-14T02:08:11.854301] High prop at exactly tau (0.99) at rel_day 68: potential IF underweighting
[2026-01-14T02:08:24.609928] High prop at exactly tau (0.99) at rel_day 69: potential IF underweighting
[2026-01-14T02:08:37.345515] High prop at exactly tau (0.99) at rel_day 70: potential IF underweighting
[2026-01-14T02:08:50.086240] High prop at exactly tau (0.99) at rel_day 71: potential IF underweighting
[2026-01-14T02:09:02.833283] High prop at exactly tau (0.99) at rel_day 72: potential IF underweighting
[2026-01-14T02:09:15.588551] High prop at exactly tau (0.99) at rel_day 73: potential IF underweighting
[2026-01-14T02:09:28.338736] High prop at exactly tau (0.99) at rel_day 74: potential IF underweighting
[2026-01-14T02:09:41.072811] High prop at exactly tau (0.99) at rel_day 75: potential IF underweighting
[2026-01-14T02:09:53.846890] High prop at exactly tau (0.99) at rel_day 76: potential IF underweighting
[2026-01-14T02:10:06.625685] High prop at exactly tau (0.99) at rel_day 77: potential IF underweighting
[2026-01-14T02:10:19.367449] High prop at exactly tau (0.99) at rel_day 78: potential IF underweighting
[2026-01-14T02:10:32.091591] High prop at exactly tau (0.99) at rel_day 79: potential IF underweighting
[2026-01-14T02:10:44.814901] High prop at exactly tau (0.99) at rel_day 80: potential IF underweighting
[2026-01-14T02:10:57.543438] High prop at exactly tau (0.99) at rel_day 81: potential IF underweighting
[2026-01-14T02:11:10.272805] High prop at exactly tau (0.99) at rel_day 82: potential IF underweighting
[2026-01-14T02:11:23.019637] High prop at exactly tau (0.99) at rel_day 83: potential IF underweighting
[2026-01-14T02:11:35.727887] High prop at exactly tau (0.99) at rel_day 84: potential IF underweighting
[2026-01-14T02:11:48.461419] High prop at exactly tau (0.99) at rel_day 85: potential IF underweighting
[2026-01-14T02:12:01.199692] High prop at exactly tau (0.99) at rel_day 86: potential IF underweighting
[2026-01-14T02:12:14.283220] High prop at exactly tau (0.99) at rel_day 87: potential IF underweighting
[2026-01-14T02:12:26.994419] High prop at exactly tau (0.99) at rel_day 88: potential IF underweighting
[2026-01-14T02:12:39.699782] High prop at exactly tau (0.99) at rel_day 89: potential IF underweighting
[2026-01-14T02:12:52.392179] High prop at exactly tau (0.99) at rel_day 90: potential IF underweighting
[2026-01-14T02:13:17.150460] RMST conditions on survival to calendar_day — deliberate for definition, see method docs.
[2026-01-14T02:13:17.401947] High prop at exactly tau (1.00) at rel_day -30: potential IF underweighting
[2026-01-14T02:13:32.070200] High prop at exactly tau (1.00) at rel_day -29: potential IF underweighting
[2026-01-14T02:13:45.064149] High prop at exactly tau (1.00) at rel_day -28: potential IF underweighting
[2026-01-14T02:13:57.919970] High prop at exactly tau (1.00) at rel_day -27: potential IF underweighting
[2026-01-14T02:14:10.792146] High prop at exactly tau (1.00) at rel_day -26: potential IF underweighting
[2026-01-14T02:14:23.662433] High prop at exactly tau (1.00) at rel_day -25: potential IF underweighting
[2026-01-14T02:14:36.567806] High prop at exactly tau (1.00) at rel_day -24: potential IF underweighting
[2026-01-14T02:14:49.471392] High prop at exactly tau (1.00) at rel_day -23: potential IF underweighting
[2026-01-14T02:15:02.335315] High prop at exactly tau (1.00) at rel_day -22: potential IF underweighting
[2026-01-14T02:15:15.198070] High prop at exactly tau (1.00) at rel_day -21: potential IF underweighting
[2026-01-14T02:15:28.085529] High prop at exactly tau (1.00) at rel_day -20: potential IF underweighting
[2026-01-14T02:15:40.962648] High prop at exactly tau (1.00) at rel_day -19: potential IF underweighting
[2026-01-14T02:15:53.838618] High prop at exactly tau (1.00) at rel_day -18: potential IF underweighting
[2026-01-14T02:16:06.709910] High prop at exactly tau (1.00) at rel_day -17: potential IF underweighting
[2026-01-14T02:16:19.564705] High prop at exactly tau (1.00) at rel_day -16: potential IF underweighting
[2026-01-14T02:16:32.437479] High prop at exactly tau (1.00) at rel_day -15: potential IF underweighting
[2026-01-14T02:16:45.330397] High prop at exactly tau (1.00) at rel_day -14: potential IF underweighting
[2026-01-14T02:16:58.232267] High prop at exactly tau (1.00) at rel_day -13: potential IF underweighting
[2026-01-14T02:17:11.090175] High prop at exactly tau (1.00) at rel_day -12: potential IF underweighting
[2026-01-14T02:17:23.952530] High prop at exactly tau (1.00) at rel_day -11: potential IF underweighting
[2026-01-14T02:17:36.797636] High prop at exactly tau (1.00) at rel_day -10: potential IF underweighting
[2026-01-14T02:17:49.662974] High prop at exactly tau (1.00) at rel_day -9: potential IF underweighting
[2026-01-14T02:18:02.520244] High prop at exactly tau (1.00) at rel_day -8: potential IF underweighting
[2026-01-14T02:18:15.410462] High prop at exactly tau (1.00) at rel_day -7: potential IF underweighting
[2026-01-14T02:18:28.307475] High prop at exactly tau (1.00) at rel_day -6: potential IF underweighting
[2026-01-14T02:18:41.189311] High prop at exactly tau (1.00) at rel_day -5: potential IF underweighting
[2026-01-14T02:18:54.070962] High prop at exactly tau (1.00) at rel_day -4: potential IF underweighting
[2026-01-14T02:19:07.198866] High prop at exactly tau (1.00) at rel_day -3: potential IF underweighting
[2026-01-14T02:19:21.410243] High prop at exactly tau (1.00) at rel_day -2: potential IF underweighting
[2026-01-14T02:19:34.297533] High prop at exactly tau (1.00) at rel_day -1: potential IF underweighting
[2026-01-14T02:19:47.170805] High prop at exactly tau (1.00) at rel_day 0: potential IF underweighting
[2026-01-14T02:20:00.051937] High prop at exactly tau (1.00) at rel_day 1: potential IF underweighting
[2026-01-14T02:20:12.926681] High prop at exactly tau (1.00) at rel_day 2: potential IF underweighting
[2026-01-14T02:20:25.788787] High prop at exactly tau (1.00) at rel_day 3: potential IF underweighting
[2026-01-14T02:20:38.701255] High prop at exactly tau (1.00) at rel_day 4: potential IF underweighting
[2026-01-14T02:20:51.631643] High prop at exactly tau (1.00) at rel_day 5: potential IF underweighting
[2026-01-14T02:21:04.553225] High prop at exactly tau (1.00) at rel_day 6: potential IF underweighting
[2026-01-14T02:21:17.409541] High prop at exactly tau (1.00) at rel_day 7: potential IF underweighting
[2026-01-14T02:21:30.375254] High prop at exactly tau (1.00) at rel_day 8: potential IF underweighting
[2026-01-14T02:21:43.279148] High prop at exactly tau (1.00) at rel_day 9: potential IF underweighting
[2026-01-14T02:21:56.142544] High prop at exactly tau (1.00) at rel_day 10: potential IF underweighting
[2026-01-14T02:22:08.995906] High prop at exactly tau (1.00) at rel_day 11: potential IF underweighting
[2026-01-14T02:22:21.827319] High prop at exactly tau (1.00) at rel_day 12: potential IF underweighting
[2026-01-14T02:22:34.668867] High prop at exactly tau (1.00) at rel_day 13: potential IF underweighting
[2026-01-14T02:22:47.544013] High prop at exactly tau (1.00) at rel_day 14: potential IF underweighting
[2026-01-14T02:23:00.438873] High prop at exactly tau (1.00) at rel_day 15: potential IF underweighting
[2026-01-14T02:23:13.304722] High prop at exactly tau (1.00) at rel_day 16: potential IF underweighting
[2026-01-14T02:23:26.165510] High prop at exactly tau (1.00) at rel_day 17: potential IF underweighting
[2026-01-14T02:23:39.017393] High prop at exactly tau (1.00) at rel_day 18: potential IF underweighting
[2026-01-14T02:23:51.892095] High prop at exactly tau (1.00) at rel_day 19: potential IF underweighting
[2026-01-14T02:24:04.771478] High prop at exactly tau (1.00) at rel_day 20: potential IF underweighting
[2026-01-14T02:24:17.657529] High prop at exactly tau (1.00) at rel_day 21: potential IF underweighting
[2026-01-14T02:24:30.530522] High prop at exactly tau (1.00) at rel_day 22: potential IF underweighting
[2026-01-14T02:24:43.383822] High prop at exactly tau (1.00) at rel_day 23: potential IF underweighting
[2026-01-14T02:24:56.220898] High prop at exactly tau (1.00) at rel_day 24: potential IF underweighting
[2026-01-14T02:25:09.065826] High prop at exactly tau (1.00) at rel_day 25: potential IF underweighting
[2026-01-14T02:25:21.921768] High prop at exactly tau (1.00) at rel_day 26: potential IF underweighting
[2026-01-14T02:25:34.759623] High prop at exactly tau (1.00) at rel_day 27: potential IF underweighting
[2026-01-14T02:25:47.593256] High prop at exactly tau (1.00) at rel_day 28: potential IF underweighting
[2026-01-14T02:26:00.447276] High prop at exactly tau (1.00) at rel_day 29: potential IF underweighting
[2026-01-14T02:26:13.294194] High prop at exactly tau (1.00) at rel_day 30: potential IF underweighting
[2026-01-14T02:26:26.152279] High prop at exactly tau (1.00) at rel_day 31: potential IF underweighting
[2026-01-14T02:26:38.968891] High prop at exactly tau (1.00) at rel_day 32: potential IF underweighting
[2026-01-14T02:26:51.816892] High prop at exactly tau (1.00) at rel_day 33: potential IF underweighting
[2026-01-14T02:27:04.641964] High prop at exactly tau (1.00) at rel_day 34: potential IF underweighting
[2026-01-14T02:27:17.466243] High prop at exactly tau (1.00) at rel_day 35: potential IF underweighting
[2026-01-14T02:27:30.293024] High prop at exactly tau (1.00) at rel_day 36: potential IF underweighting
[2026-01-14T02:27:43.147286] High prop at exactly tau (1.00) at rel_day 37: potential IF underweighting
[2026-01-14T02:27:55.980864] High prop at exactly tau (1.00) at rel_day 38: potential IF underweighting
[2026-01-14T02:28:08.785614] High prop at exactly tau (1.00) at rel_day 39: potential IF underweighting
[2026-01-14T02:28:21.592235] High prop at exactly tau (1.00) at rel_day 40: potential IF underweighting
[2026-01-14T02:28:34.415004] High prop at exactly tau (1.00) at rel_day 41: potential IF underweighting
[2026-01-14T02:28:47.216991] High prop at exactly tau (1.00) at rel_day 42: potential IF underweighting
[2026-01-14T02:29:00.017219] High prop at exactly tau (1.00) at rel_day 43: potential IF underweighting
[2026-01-14T02:29:12.836338] High prop at exactly tau (1.00) at rel_day 44: potential IF underweighting
[2026-01-14T02:29:25.675322] High prop at exactly tau (1.00) at rel_day 45: potential IF underweighting
[2026-01-14T02:29:38.468174] High prop at exactly tau (1.00) at rel_day 46: potential IF underweighting
[2026-01-14T02:29:51.264527] High prop at exactly tau (1.00) at rel_day 47: potential IF underweighting
[2026-01-14T02:30:04.067567] High prop at exactly tau (1.00) at rel_day 48: potential IF underweighting
[2026-01-14T02:30:16.858016] High prop at exactly tau (1.00) at rel_day 49: potential IF underweighting
[2026-01-14T02:30:29.671225] High prop at exactly tau (1.00) at rel_day 50: potential IF underweighting
[2026-01-14T02:30:42.489116] High prop at exactly tau (1.00) at rel_day 51: potential IF underweighting
[2026-01-14T02:30:55.302708] High prop at exactly tau (0.99) at rel_day 52: potential IF underweighting
[2026-01-14T02:31:08.095564] High prop at exactly tau (0.99) at rel_day 53: potential IF underweighting
[2026-01-14T02:31:20.879673] High prop at exactly tau (0.99) at rel_day 54: potential IF underweighting
[2026-01-14T02:31:33.700389] High prop at exactly tau (0.99) at rel_day 55: potential IF underweighting
[2026-01-14T02:31:46.504206] High prop at exactly tau (0.99) at rel_day 56: potential IF underweighting
[2026-01-14T02:31:59.298555] High prop at exactly tau (0.99) at rel_day 57: potential IF underweighting
[2026-01-14T02:32:12.160647] High prop at exactly tau (0.99) at rel_day 58: potential IF underweighting
[2026-01-14T02:32:25.018982] High prop at exactly tau (0.99) at rel_day 59: potential IF underweighting
[2026-01-14T02:32:37.798567] High prop at exactly tau (0.99) at rel_day 60: potential IF underweighting
[2026-01-14T02:32:50.570794] High prop at exactly tau (0.99) at rel_day 61: potential IF underweighting
[2026-01-14T02:33:03.396908] High prop at exactly tau (0.99) at rel_day 62: potential IF underweighting
[2026-01-14T02:33:16.178746] High prop at exactly tau (0.99) at rel_day 63: potential IF underweighting
[2026-01-14T02:33:28.965943] High prop at exactly tau (0.99) at rel_day 64: potential IF underweighting
[2026-01-14T02:33:41.744895] High prop at exactly tau (0.99) at rel_day 65: potential IF underweighting
[2026-01-14T02:33:54.525060] High prop at exactly tau (0.99) at rel_day 66: potential IF underweighting
[2026-01-14T02:34:07.399593] High prop at exactly tau (0.99) at rel_day 67: potential IF underweighting
[2026-01-14T02:34:21.175438] High prop at exactly tau (0.99) at rel_day 68: potential IF underweighting
[2026-01-14T02:34:33.954941] High prop at exactly tau (0.99) at rel_day 69: potential IF underweighting
[2026-01-14T02:34:46.702286] High prop at exactly tau (0.99) at rel_day 70: potential IF underweighting
[2026-01-14T02:34:59.459259] High prop at exactly tau (0.99) at rel_day 71: potential IF underweighting
[2026-01-14T02:35:12.236937] High prop at exactly tau (0.99) at rel_day 72: potential IF underweighting
[2026-01-14T02:35:24.973129] High prop at exactly tau (0.99) at rel_day 73: potential IF underweighting
[2026-01-14T02:35:37.718465] High prop at exactly tau (0.99) at rel_day 74: potential IF underweighting
[2026-01-14T02:35:50.479667] High prop at exactly tau (0.99) at rel_day 75: potential IF underweighting
[2026-01-14T02:36:03.227476] High prop at exactly tau (0.99) at rel_day 76: potential IF underweighting
[2026-01-14T02:36:15.965852] High prop at exactly tau (0.99) at rel_day 77: potential IF underweighting
[2026-01-14T02:36:28.742097] High prop at exactly tau (0.99) at rel_day 78: potential IF underweighting
[2026-01-14T02:36:41.475479] High prop at exactly tau (0.99) at rel_day 79: potential IF underweighting
[2026-01-14T02:36:54.213245] High prop at exactly tau (0.99) at rel_day 80: potential IF underweighting
[2026-01-14T02:37:06.951189] High prop at exactly tau (0.99) at rel_day 81: potential IF underweighting
[2026-01-14T02:37:19.680093] High prop at exactly tau (0.99) at rel_day 82: potential IF underweighting
[2026-01-14T02:37:32.403034] High prop at exactly tau (0.99) at rel_day 83: potential IF underweighting
[2026-01-14T02:37:45.123236] High prop at exactly tau (0.99) at rel_day 84: potential IF underweighting
[2026-01-14T02:37:57.854347] High prop at exactly tau (0.99) at rel_day 85: potential IF underweighting
[2026-01-14T02:38:10.581231] High prop at exactly tau (0.99) at rel_day 86: potential IF underweighting
[2026-01-14T02:38:23.308334] High prop at exactly tau (0.99) at rel_day 87: potential IF underweighting
[2026-01-14T02:38:36.022644] High prop at exactly tau (0.99) at rel_day 88: potential IF underweighting
[2026-01-14T02:38:48.731999] High prop at exactly tau (0.99) at rel_day 89: potential IF underweighting
[2026-01-14T02:39:01.460594] High prop at exactly tau (0.99) at rel_day 90: potential IF underweighting
[2026-01-14T02:39:24.328917] RMST conditions on survival to calendar_day — deliberate for definition, see method docs.
[2026-01-14T02:39:24.567655] High prop at exactly tau (1.00) at rel_day -30: potential IF underweighting
[2026-01-14T02:39:37.579329] High prop at exactly tau (1.00) at rel_day -29: potential IF underweighting
[2026-01-14T02:39:50.389840] High prop at exactly tau (1.00) at rel_day -28: potential IF underweighting
[2026-01-14T02:40:03.232711] High prop at exactly tau (1.00) at rel_day -27: potential IF underweighting
[2026-01-14T02:40:16.074836] High prop at exactly tau (1.00) at rel_day -26: potential IF underweighting
[2026-01-14T02:40:28.934674] High prop at exactly tau (1.00) at rel_day -25: potential IF underweighting
[2026-01-14T02:40:41.762586] High prop at exactly tau (1.00) at rel_day -24: potential IF underweighting
[2026-01-14T02:40:54.616103] High prop at exactly tau (1.00) at rel_day -23: potential IF underweighting
[2026-01-14T02:41:07.439007] High prop at exactly tau (1.00) at rel_day -22: potential IF underweighting
[2026-01-14T02:41:20.282925] High prop at exactly tau (1.00) at rel_day -21: potential IF underweighting
[2026-01-14T02:41:33.126348] High prop at exactly tau (1.00) at rel_day -20: potential IF underweighting
[2026-01-14T02:41:45.984243] High prop at exactly tau (1.00) at rel_day -19: potential IF underweighting
[2026-01-14T02:41:58.827211] High prop at exactly tau (1.00) at rel_day -18: potential IF underweighting
[2026-01-14T02:42:11.679231] High prop at exactly tau (1.00) at rel_day -17: potential IF underweighting
[2026-01-14T02:42:24.504187] High prop at exactly tau (1.00) at rel_day -16: potential IF underweighting
[2026-01-14T02:42:37.329572] High prop at exactly tau (1.00) at rel_day -15: potential IF underweighting
[2026-01-14T02:42:50.195521] High prop at exactly tau (1.00) at rel_day -14: potential IF underweighting
[2026-01-14T02:43:03.044359] High prop at exactly tau (1.00) at rel_day -13: potential IF underweighting
[2026-01-14T02:43:15.899576] High prop at exactly tau (1.00) at rel_day -12: potential IF underweighting
[2026-01-14T02:43:28.760316] High prop at exactly tau (1.00) at rel_day -11: potential IF underweighting
[2026-01-14T02:43:41.616236] High prop at exactly tau (1.00) at rel_day -10: potential IF underweighting
[2026-01-14T02:43:54.465510] High prop at exactly tau (1.00) at rel_day -9: potential IF underweighting
[2026-01-14T02:44:07.345573] High prop at exactly tau (1.00) at rel_day -8: potential IF underweighting
[2026-01-14T02:44:20.227425] High prop at exactly tau (1.00) at rel_day -7: potential IF underweighting
[2026-01-14T02:44:33.118229] High prop at exactly tau (1.00) at rel_day -6: potential IF underweighting
[2026-01-14T02:44:45.993305] High prop at exactly tau (1.00) at rel_day -5: potential IF underweighting
[2026-01-14T02:44:58.868312] High prop at exactly tau (1.00) at rel_day -4: potential IF underweighting
[2026-01-14T02:45:11.733003] High prop at exactly tau (1.00) at rel_day -3: potential IF underweighting
[2026-01-14T02:45:24.618043] High prop at exactly tau (1.00) at rel_day -2: potential IF underweighting
[2026-01-14T02:45:37.492188] High prop at exactly tau (1.00) at rel_day -1: potential IF underweighting
[2026-01-14T02:45:50.377425] High prop at exactly tau (1.00) at rel_day 0: potential IF underweighting
[2026-01-14T02:46:03.228947] High prop at exactly tau (1.00) at rel_day 1: potential IF underweighting
[2026-01-14T02:46:16.058670] High prop at exactly tau (1.00) at rel_day 2: potential IF underweighting
[2026-01-14T02:46:28.925550] High prop at exactly tau (1.00) at rel_day 3: potential IF underweighting
[2026-01-14T02:46:41.801940] High prop at exactly tau (1.00) at rel_day 4: potential IF underweighting
[2026-01-14T02:46:54.665304] High prop at exactly tau (1.00) at rel_day 5: potential IF underweighting
[2026-01-14T02:47:07.497832] High prop at exactly tau (1.00) at rel_day 6: potential IF underweighting
[2026-01-14T02:47:20.329097] High prop at exactly tau (1.00) at rel_day 7: potential IF underweighting
[2026-01-14T02:47:33.171894] High prop at exactly tau (1.00) at rel_day 8: potential IF underweighting
[2026-01-14T02:47:46.026378] High prop at exactly tau (1.00) at rel_day 9: potential IF underweighting
[2026-01-14T02:47:58.879487] High prop at exactly tau (1.00) at rel_day 10: potential IF underweighting
[2026-01-14T02:48:11.711265] High prop at exactly tau (1.00) at rel_day 11: potential IF underweighting
[2026-01-14T02:48:24.539079] High prop at exactly tau (1.00) at rel_day 12: potential IF underweighting
[2026-01-14T02:48:37.379781] High prop at exactly tau (1.00) at rel_day 13: potential IF underweighting
[2026-01-14T02:48:50.219100] High prop at exactly tau (1.00) at rel_day 14: potential IF underweighting
[2026-01-14T02:49:03.050953] High prop at exactly tau (1.00) at rel_day 15: potential IF underweighting
[2026-01-14T02:49:15.883999] High prop at exactly tau (1.00) at rel_day 16: potential IF underweighting
[2026-01-14T02:49:29.470195] High prop at exactly tau (1.00) at rel_day 17: potential IF underweighting
[2026-01-14T02:49:42.295126] High prop at exactly tau (1.00) at rel_day 18: potential IF underweighting
[2026-01-14T02:49:55.105157] High prop at exactly tau (1.00) at rel_day 19: potential IF underweighting
[2026-01-14T02:50:07.916699] High prop at exactly tau (1.00) at rel_day 20: potential IF underweighting
[2026-01-14T02:50:20.715913] High prop at exactly tau (1.00) at rel_day 21: potential IF underweighting
[2026-01-14T02:50:33.523237] High prop at exactly tau (1.00) at rel_day 22: potential IF underweighting
[2026-01-14T02:50:46.376303] High prop at exactly tau (1.00) at rel_day 23: potential IF underweighting
[2026-01-14T02:50:59.223889] High prop at exactly tau (1.00) at rel_day 24: potential IF underweighting
[2026-01-14T02:51:12.016700] High prop at exactly tau (1.00) at rel_day 25: potential IF underweighting
[2026-01-14T02:51:24.850784] High prop at exactly tau (1.00) at rel_day 26: potential IF underweighting
[2026-01-14T02:51:37.679304] High prop at exactly tau (1.00) at rel_day 27: potential IF underweighting
[2026-01-14T02:51:50.497443] High prop at exactly tau (1.00) at rel_day 28: potential IF underweighting
[2026-01-14T02:52:03.331534] High prop at exactly tau (1.00) at rel_day 29: potential IF underweighting
[2026-01-14T02:52:16.183609] High prop at exactly tau (1.00) at rel_day 30: potential IF underweighting
[2026-01-14T02:52:28.985644] High prop at exactly tau (1.00) at rel_day 31: potential IF underweighting
[2026-01-14T02:52:41.780009] High prop at exactly tau (1.00) at rel_day 32: potential IF underweighting
[2026-01-14T02:52:54.582077] High prop at exactly tau (1.00) at rel_day 33: potential IF underweighting
[2026-01-14T02:53:07.386806] High prop at exactly tau (1.00) at rel_day 34: potential IF underweighting
[2026-01-14T02:53:20.183711] High prop at exactly tau (1.00) at rel_day 35: potential IF underweighting
[2026-01-14T02:53:32.967930] High prop at exactly tau (1.00) at rel_day 36: potential IF underweighting
[2026-01-14T02:53:45.809197] High prop at exactly tau (1.00) at rel_day 37: potential IF underweighting
[2026-01-14T02:53:58.602116] High prop at exactly tau (1.00) at rel_day 38: potential IF underweighting
[2026-01-14T02:54:11.403897] High prop at exactly tau (1.00) at rel_day 39: potential IF underweighting
[2026-01-14T02:54:24.184885] High prop at exactly tau (1.00) at rel_day 40: potential IF underweighting
[2026-01-14T02:54:37.005163] High prop at exactly tau (1.00) at rel_day 41: potential IF underweighting
[2026-01-14T02:54:49.774047] High prop at exactly tau (1.00) at rel_day 42: potential IF underweighting
[2026-01-14T02:55:02.557427] High prop at exactly tau (1.00) at rel_day 43: potential IF underweighting
[2026-01-14T02:55:15.331462] High prop at exactly tau (1.00) at rel_day 44: potential IF underweighting
[2026-01-14T02:55:28.118648] High prop at exactly tau (1.00) at rel_day 45: potential IF underweighting
[2026-01-14T02:55:40.876999] High prop at exactly tau (1.00) at rel_day 46: potential IF underweighting
[2026-01-14T02:55:53.660429] High prop at exactly tau (1.00) at rel_day 47: potential IF underweighting
[2026-01-14T02:56:06.416942] High prop at exactly tau (1.00) at rel_day 48: potential IF underweighting
[2026-01-14T02:56:19.190921] High prop at exactly tau (1.00) at rel_day 49: potential IF underweighting
[2026-01-14T02:56:31.958445] High prop at exactly tau (1.00) at rel_day 50: potential IF underweighting
[2026-01-14T02:56:44.723865] High prop at exactly tau (1.00) at rel_day 51: potential IF underweighting
[2026-01-14T02:56:57.510927] High prop at exactly tau (0.99) at rel_day 52: potential IF underweighting
[2026-01-14T02:57:10.270336] High prop at exactly tau (0.99) at rel_day 53: potential IF underweighting
[2026-01-14T02:57:23.045317] High prop at exactly tau (0.99) at rel_day 54: potential IF underweighting
[2026-01-14T02:57:35.809281] High prop at exactly tau (0.99) at rel_day 55: potential IF underweighting
[2026-01-14T02:57:48.647586] High prop at exactly tau (0.99) at rel_day 56: potential IF underweighting
[2026-01-14T02:58:01.421855] High prop at exactly tau (0.99) at rel_day 57: potential IF underweighting
[2026-01-14T02:58:14.203539] High prop at exactly tau (0.99) at rel_day 58: potential IF underweighting
[2026-01-14T02:58:26.956706] High prop at exactly tau (0.99) at rel_day 59: potential IF underweighting
[2026-01-14T02:58:39.718832] High prop at exactly tau (0.99) at rel_day 60: potential IF underweighting
[2026-01-14T02:58:52.456570] High prop at exactly tau (0.99) at rel_day 61: potential IF underweighting
[2026-01-14T02:59:05.235180] High prop at exactly tau (0.99) at rel_day 62: potential IF underweighting
[2026-01-14T02:59:17.985411] High prop at exactly tau (0.99) at rel_day 63: potential IF underweighting
[2026-01-14T02:59:30.766189] High prop at exactly tau (0.99) at rel_day 64: potential IF underweighting
[2026-01-14T02:59:43.524081] High prop at exactly tau (0.99) at rel_day 65: potential IF underweighting
[2026-01-14T02:59:56.272026] High prop at exactly tau (0.99) at rel_day 66: potential IF underweighting
[2026-01-14T03:00:09.002372] High prop at exactly tau (0.99) at rel_day 67: potential IF underweighting
[2026-01-14T03:00:21.755933] High prop at exactly tau (0.99) at rel_day 68: potential IF underweighting
[2026-01-14T03:00:34.506739] High prop at exactly tau (0.99) at rel_day 69: potential IF underweighting
[2026-01-14T03:00:47.231666] High prop at exactly tau (0.99) at rel_day 70: potential IF underweighting
[2026-01-14T03:01:00.011868] High prop at exactly tau (0.99) at rel_day 71: potential IF underweighting
[2026-01-14T03:01:12.757838] High prop at exactly tau (0.99) at rel_day 72: potential IF underweighting
[2026-01-14T03:01:25.493901] High prop at exactly tau (0.99) at rel_day 73: potential IF underweighting
[2026-01-14T03:01:38.284864] High prop at exactly tau (0.99) at rel_day 74: potential IF underweighting
[2026-01-14T03:01:51.033066] High prop at exactly tau (0.99) at rel_day 75: potential IF underweighting
[2026-01-14T03:02:03.767651] High prop at exactly tau (0.99) at rel_day 76: potential IF underweighting
[2026-01-14T03:02:16.486478] High prop at exactly tau (0.99) at rel_day 77: potential IF underweighting
[2026-01-14T03:02:29.190056] High prop at exactly tau (0.99) at rel_day 78: potential IF underweighting
[2026-01-14T03:02:41.899666] High prop at exactly tau (0.99) at rel_day 79: potential IF underweighting
[2026-01-14T03:02:54.607478] High prop at exactly tau (0.99) at rel_day 80: potential IF underweighting
[2026-01-14T03:03:07.331368] High prop at exactly tau (0.99) at rel_day 81: potential IF underweighting
[2026-01-14T03:03:20.012234] High prop at exactly tau (0.99) at rel_day 82: potential IF underweighting
[2026-01-14T03:03:32.714007] High prop at exactly tau (0.99) at rel_day 83: potential IF underweighting
[2026-01-14T03:03:45.398698] High prop at exactly tau (0.99) at rel_day 84: potential IF underweighting
[2026-01-14T03:03:58.094642] High prop at exactly tau (0.99) at rel_day 85: potential IF underweighting
[2026-01-14T03:04:10.799908] High prop at exactly tau (0.99) at rel_day 86: potential IF underweighting
[2026-01-14T03:04:24.191912] High prop at exactly tau (0.99) at rel_day 87: potential IF underweighting
[2026-01-14T03:04:37.328717] High prop at exactly tau (0.99) at rel_day 88: potential IF underweighting
[2026-01-14T03:04:50.066734] High prop at exactly tau (0.99) at rel_day 89: potential IF underweighting
[2026-01-14T03:05:02.768028] High prop at exactly tau (0.99) at rel_day 90: potential IF underweighting
[2026-01-14T03:05:27.487356] RMST conditions on survival to calendar_day — deliberate for definition, see method docs.
[2026-01-14T03:05:27.754944] High prop at exactly tau (1.00) at rel_day -30: potential IF underweighting
[2026-01-14T03:05:41.612561] High prop at exactly tau (1.00) at rel_day -29: potential IF underweighting
[2026-01-14T03:05:54.480708] High prop at exactly tau (1.00) at rel_day -28: potential IF underweighting
[2026-01-14T03:06:07.347175] High prop at exactly tau (1.00) at rel_day -27: potential IF underweighting
[2026-01-14T03:06:20.198988] High prop at exactly tau (1.00) at rel_day -26: potential IF underweighting
[2026-01-14T03:06:33.065986] High prop at exactly tau (1.00) at rel_day -25: potential IF underweighting
[2026-01-14T03:06:45.919431] High prop at exactly tau (1.00) at rel_day -24: potential IF underweighting
[2026-01-14T03:06:58.800329] High prop at exactly tau (1.00) at rel_day -23: potential IF underweighting
[2026-01-14T03:07:11.667294] High prop at exactly tau (1.00) at rel_day -22: potential IF underweighting
[2026-01-14T03:07:24.512194] High prop at exactly tau (1.00) at rel_day -21: potential IF underweighting
[2026-01-14T03:07:37.362954] High prop at exactly tau (1.00) at rel_day -20: potential IF underweighting
[2026-01-14T03:07:50.220278] High prop at exactly tau (1.00) at rel_day -19: potential IF underweighting
[2026-01-14T03:08:03.073683] High prop at exactly tau (1.00) at rel_day -18: potential IF underweighting
[2026-01-14T03:08:15.911552] High prop at exactly tau (1.00) at rel_day -17: potential IF underweighting
[2026-01-14T03:08:28.745900] High prop at exactly tau (1.00) at rel_day -16: potential IF underweighting
[2026-01-14T03:08:41.593837] High prop at exactly tau (1.00) at rel_day -15: potential IF underweighting
[2026-01-14T03:08:54.428426] High prop at exactly tau (1.00) at rel_day -14: potential IF underweighting
[2026-01-14T03:09:07.267962] High prop at exactly tau (1.00) at rel_day -13: potential IF underweighting
[2026-01-14T03:09:20.116308] High prop at exactly tau (1.00) at rel_day -12: potential IF underweighting
[2026-01-14T03:09:33.011448] High prop at exactly tau (1.00) at rel_day -11: potential IF underweighting
[2026-01-14T03:09:45.872762] High prop at exactly tau (1.00) at rel_day -10: potential IF underweighting
[2026-01-14T03:09:58.704738] High prop at exactly tau (1.00) at rel_day -9: potential IF underweighting
[2026-01-14T03:10:11.535751] High prop at exactly tau (1.00) at rel_day -8: potential IF underweighting
[2026-01-14T03:10:24.390766] High prop at exactly tau (1.00) at rel_day -7: potential IF underweighting
[2026-01-14T03:10:37.236464] High prop at exactly tau (1.00) at rel_day -6: potential IF underweighting
[2026-01-14T03:10:50.177997] High prop at exactly tau (1.00) at rel_day -5: potential IF underweighting
[2026-01-14T03:11:03.049445] High prop at exactly tau (1.00) at rel_day -4: potential IF underweighting
[2026-01-14T03:11:15.915235] High prop at exactly tau (1.00) at rel_day -3: potential IF underweighting
[2026-01-14T03:11:28.811643] High prop at exactly tau (1.00) at rel_day -2: potential IF underweighting
[2026-01-14T03:11:41.703121] High prop at exactly tau (1.00) at rel_day -1: potential IF underweighting
[2026-01-14T03:11:54.565789] High prop at exactly tau (1.00) at rel_day 0: potential IF underweighting
[2026-01-14T03:12:07.749229] High prop at exactly tau (1.00) at rel_day 1: potential IF underweighting
[2026-01-14T03:12:20.629841] High prop at exactly tau (1.00) at rel_day 2: potential IF underweighting
[2026-01-14T03:12:33.502088] High prop at exactly tau (1.00) at rel_day 3: potential IF underweighting
[2026-01-14T03:12:46.355481] High prop at exactly tau (1.00) at rel_day 4: potential IF underweighting
[2026-01-14T03:12:59.184715] High prop at exactly tau (1.00) at rel_day 5: potential IF underweighting
[2026-01-14T03:13:12.064131] High prop at exactly tau (1.00) at rel_day 6: potential IF underweighting
[2026-01-14T03:13:24.907412] High prop at exactly tau (1.00) at rel_day 7: potential IF underweighting
[2026-01-14T03:13:37.839059] High prop at exactly tau (1.00) at rel_day 8: potential IF underweighting
[2026-01-14T03:13:50.710441] High prop at exactly tau (1.00) at rel_day 9: potential IF underweighting
[2026-01-14T03:14:03.589503] High prop at exactly tau (1.00) at rel_day 10: potential IF underweighting
[2026-01-14T03:14:16.498057] High prop at exactly tau (1.00) at rel_day 11: potential IF underweighting
[2026-01-14T03:14:29.494653] High prop at exactly tau (1.00) at rel_day 12: potential IF underweighting
[2026-01-14T03:14:42.328421] High prop at exactly tau (1.00) at rel_day 13: potential IF underweighting
[2026-01-14T03:14:55.144453] High prop at exactly tau (1.00) at rel_day 14: potential IF underweighting
[2026-01-14T03:15:08.001827] High prop at exactly tau (1.00) at rel_day 15: potential IF underweighting
[2026-01-14T03:15:20.841026] High prop at exactly tau (1.00) at rel_day 16: potential IF underweighting
[2026-01-14T03:15:33.693308] High prop at exactly tau (1.00) at rel_day 17: potential IF underweighting
[2026-01-14T03:15:46.516033] High prop at exactly tau (1.00) at rel_day 18: potential IF underweighting
[2026-01-14T03:15:59.336858] High prop at exactly tau (1.00) at rel_day 19: potential IF underweighting
[2026-01-14T03:16:12.165590] High prop at exactly tau (1.00) at rel_day 20: potential IF underweighting
[2026-01-14T03:16:24.984362] High prop at exactly tau (1.00) at rel_day 21: potential IF underweighting
[2026-01-14T03:16:37.795329] High prop at exactly tau (1.00) at rel_day 22: potential IF underweighting
[2026-01-14T03:16:50.655899] High prop at exactly tau (1.00) at rel_day 23: potential IF underweighting
[2026-01-14T03:17:03.476328] High prop at exactly tau (1.00) at rel_day 24: potential IF underweighting
[2026-01-14T03:17:16.278641] High prop at exactly tau (1.00) at rel_day 25: potential IF underweighting
[2026-01-14T03:17:29.069191] High prop at exactly tau (1.00) at rel_day 26: potential IF underweighting
[2026-01-14T03:17:41.874342] High prop at exactly tau (1.00) at rel_day 27: potential IF underweighting
[2026-01-14T03:17:54.669622] High prop at exactly tau (1.00) at rel_day 28: potential IF underweighting
[2026-01-14T03:18:07.485742] High prop at exactly tau (1.00) at rel_day 29: potential IF underweighting
[2026-01-14T03:18:20.338231] High prop at exactly tau (1.00) at rel_day 30: potential IF underweighting
[2026-01-14T03:18:33.164845] High prop at exactly tau (1.00) at rel_day 31: potential IF underweighting
[2026-01-14T03:18:45.943483] High prop at exactly tau (1.00) at rel_day 32: potential IF underweighting
[2026-01-14T03:18:58.724554] High prop at exactly tau (1.00) at rel_day 33: potential IF underweighting
[2026-01-14T03:19:11.511957] High prop at exactly tau (1.00) at rel_day 34: potential IF underweighting
[2026-01-14T03:19:24.282605] High prop at exactly tau (1.00) at rel_day 35: potential IF underweighting
[2026-01-14T03:19:38.513110] High prop at exactly tau (1.00) at rel_day 36: potential IF underweighting
[2026-01-14T03:19:51.325980] High prop at exactly tau (1.00) at rel_day 37: potential IF underweighting
[2026-01-14T03:20:04.153557] High prop at exactly tau (1.00) at rel_day 38: potential IF underweighting
[2026-01-14T03:20:16.948073] High prop at exactly tau (1.00) at rel_day 39: potential IF underweighting
[2026-01-14T03:20:29.723523] High prop at exactly tau (1.00) at rel_day 40: potential IF underweighting
[2026-01-14T03:20:42.555270] High prop at exactly tau (1.00) at rel_day 41: potential IF underweighting
[2026-01-14T03:20:55.390346] High prop at exactly tau (1.00) at rel_day 42: potential IF underweighting
[2026-01-14T03:21:08.280301] High prop at exactly tau (1.00) at rel_day 43: potential IF underweighting
[2026-01-14T03:21:21.078410] High prop at exactly tau (1.00) at rel_day 44: potential IF underweighting
[2026-01-14T03:21:34.029123] High prop at exactly tau (1.00) at rel_day 45: potential IF underweighting
[2026-01-14T03:21:46.844001] High prop at exactly tau (1.00) at rel_day 46: potential IF underweighting
[2026-01-14T03:21:59.642624] High prop at exactly tau (1.00) at rel_day 47: potential IF underweighting
[2026-01-14T03:22:12.469968] High prop at exactly tau (1.00) at rel_day 48: potential IF underweighting
[2026-01-14T03:22:25.266300] High prop at exactly tau (1.00) at rel_day 49: potential IF underweighting
[2026-01-14T03:22:38.063606] High prop at exactly tau (1.00) at rel_day 50: potential IF underweighting
[2026-01-14T03:22:50.908180] High prop at exactly tau (1.00) at rel_day 51: potential IF underweighting
[2026-01-14T03:23:03.724365] High prop at exactly tau (0.99) at rel_day 52: potential IF underweighting
[2026-01-14T03:23:16.504142] High prop at exactly tau (0.99) at rel_day 53: potential IF underweighting
[2026-01-14T03:23:29.265698] High prop at exactly tau (0.99) at rel_day 54: potential IF underweighting
[2026-01-14T03:23:42.046221] High prop at exactly tau (0.99) at rel_day 55: potential IF underweighting
[2026-01-14T03:23:54.828752] High prop at exactly tau (0.99) at rel_day 56: potential IF underweighting
[2026-01-14T03:24:07.610114] High prop at exactly tau (0.99) at rel_day 57: potential IF underweighting
[2026-01-14T03:24:20.380980] High prop at exactly tau (0.99) at rel_day 58: potential IF underweighting
[2026-01-14T03:24:33.196695] High prop at exactly tau (0.99) at rel_day 59: potential IF underweighting
[2026-01-14T03:24:45.969234] High prop at exactly tau (0.99) at rel_day 60: potential IF underweighting
[2026-01-14T03:24:58.750337] High prop at exactly tau (0.99) at rel_day 61: potential IF underweighting
[2026-01-14T03:25:11.528005] High prop at exactly tau (0.99) at rel_day 62: potential IF underweighting
[2026-01-14T03:25:24.282043] High prop at exactly tau (0.99) at rel_day 63: potential IF underweighting
[2026-01-14T03:25:37.024218] High prop at exactly tau (0.99) at rel_day 64: potential IF underweighting
[2026-01-14T03:25:49.789785] High prop at exactly tau (0.99) at rel_day 65: potential IF underweighting
[2026-01-14T03:26:02.546930] High prop at exactly tau (0.99) at rel_day 66: potential IF underweighting
[2026-01-14T03:26:15.305150] High prop at exactly tau (0.99) at rel_day 67: potential IF underweighting
[2026-01-14T03:26:28.056619] High prop at exactly tau (0.99) at rel_day 68: potential IF underweighting
[2026-01-14T03:26:40.790456] High prop at exactly tau (0.99) at rel_day 69: potential IF underweighting
[2026-01-14T03:26:53.550377] High prop at exactly tau (0.99) at rel_day 70: potential IF underweighting
[2026-01-14T03:27:06.311959] High prop at exactly tau (0.99) at rel_day 71: potential IF underweighting
[2026-01-14T03:27:19.080638] High prop at exactly tau (0.99) at rel_day 72: potential IF underweighting
[2026-01-14T03:27:31.835957] High prop at exactly tau (0.99) at rel_day 73: potential IF underweighting
[2026-01-14T03:27:44.605587] High prop at exactly tau (0.99) at rel_day 74: potential IF underweighting
[2026-01-14T03:27:57.343749] High prop at exactly tau (0.99) at rel_day 75: potential IF underweighting
[2026-01-14T03:28:10.109870] High prop at exactly tau (0.99) at rel_day 76: potential IF underweighting
[2026-01-14T03:28:22.869458] High prop at exactly tau (0.99) at rel_day 77: potential IF underweighting
[2026-01-14T03:28:35.575307] High prop at exactly tau (0.99) at rel_day 78: potential IF underweighting
[2026-01-14T03:28:48.298416] High prop at exactly tau (0.99) at rel_day 79: potential IF underweighting
[2026-01-14T03:29:01.011707] High prop at exactly tau (0.99) at rel_day 80: potential IF underweighting
[2026-01-14T03:29:13.716470] High prop at exactly tau (0.99) at rel_day 81: potential IF underweighting
[2026-01-14T03:29:26.453263] High prop at exactly tau (0.99) at rel_day 82: potential IF underweighting
[2026-01-14T03:29:39.185447] High prop at exactly tau (0.99) at rel_day 83: potential IF underweighting
[2026-01-14T03:29:51.910402] High prop at exactly tau (0.99) at rel_day 84: potential IF underweighting
[2026-01-14T03:30:04.610335] High prop at exactly tau (0.99) at rel_day 85: potential IF underweighting
[2026-01-14T03:30:17.319170] High prop at exactly tau (0.99) at rel_day 86: potential IF underweighting
[2026-01-14T03:30:30.007324] High prop at exactly tau (0.99) at rel_day 87: potential IF underweighting
[2026-01-14T03:30:42.691341] High prop at exactly tau (0.99) at rel_day 88: potential IF underweighting
[2026-01-14T03:30:55.389007] High prop at exactly tau (0.99) at rel_day 89: potential IF underweighting
[2026-01-14T03:31:08.085343] High prop at exactly tau (0.99) at rel_day 90: potential IF underweighting
[2026-01-14T03:31:38.717684] RMST conditions on survival to calendar_day — deliberate for definition, see method docs.
[2026-01-14T03:31:38.993114] High prop at exactly tau (1.00) at rel_day -30: potential IF underweighting
[2026-01-14T03:31:53.710718] High prop at exactly tau (1.00) at rel_day -29: potential IF underweighting
[2026-01-14T03:32:06.720836] High prop at exactly tau (1.00) at rel_day -28: potential IF underweighting
[2026-01-14T03:32:19.779960] High prop at exactly tau (1.00) at rel_day -27: potential IF underweighting
[2026-01-14T03:32:32.648574] High prop at exactly tau (1.00) at rel_day -26: potential IF underweighting
[2026-01-14T03:32:45.511756] High prop at exactly tau (1.00) at rel_day -25: potential IF underweighting
[2026-01-14T03:32:58.398931] High prop at exactly tau (1.00) at rel_day -24: potential IF underweighting
[2026-01-14T03:33:11.365419] High prop at exactly tau (1.00) at rel_day -23: potential IF underweighting
[2026-01-14T03:33:24.276826] High prop at exactly tau (1.00) at rel_day -22: potential IF underweighting
[2026-01-14T03:33:37.313571] High prop at exactly tau (1.00) at rel_day -21: potential IF underweighting
[2026-01-14T03:33:50.202242] High prop at exactly tau (1.00) at rel_day -20: potential IF underweighting
[2026-01-14T03:34:03.080661] High prop at exactly tau (1.00) at rel_day -19: potential IF underweighting
[2026-01-14T03:34:15.914303] High prop at exactly tau (1.00) at rel_day -18: potential IF underweighting
[2026-01-14T03:34:28.845396] High prop at exactly tau (1.00) at rel_day -17: potential IF underweighting
[2026-01-14T03:34:42.496510] High prop at exactly tau (1.00) at rel_day -16: potential IF underweighting
[2026-01-14T03:34:55.360834] High prop at exactly tau (1.00) at rel_day -15: potential IF underweighting
[2026-01-14T03:35:08.259685] High prop at exactly tau (1.00) at rel_day -14: potential IF underweighting
[2026-01-14T03:35:21.105173] High prop at exactly tau (1.00) at rel_day -13: potential IF underweighting
[2026-01-14T03:35:33.944576] High prop at exactly tau (1.00) at rel_day -12: potential IF underweighting
[2026-01-14T03:35:46.816915] High prop at exactly tau (1.00) at rel_day -11: potential IF underweighting
[2026-01-14T03:35:59.690673] High prop at exactly tau (1.00) at rel_day -10: potential IF underweighting
[2026-01-14T03:36:12.552491] High prop at exactly tau (1.00) at rel_day -9: potential IF underweighting
[2026-01-14T03:36:25.423463] High prop at exactly tau (1.00) at rel_day -8: potential IF underweighting
[2026-01-14T03:36:38.300382] High prop at exactly tau (1.00) at rel_day -7: potential IF underweighting
[2026-01-14T03:36:51.203468] High prop at exactly tau (1.00) at rel_day -6: potential IF underweighting
[2026-01-14T03:37:04.077967] High prop at exactly tau (1.00) at rel_day -5: potential IF underweighting
[2026-01-14T03:37:16.947658] High prop at exactly tau (1.00) at rel_day -4: potential IF underweighting
[2026-01-14T03:37:29.903495] High prop at exactly tau (1.00) at rel_day -3: potential IF underweighting
[2026-01-14T03:37:42.752991] High prop at exactly tau (1.00) at rel_day -2: potential IF underweighting
[2026-01-14T03:37:55.619985] High prop at exactly tau (1.00) at rel_day -1: potential IF underweighting
[2026-01-14T03:38:08.479735] High prop at exactly tau (1.00) at rel_day 0: potential IF underweighting
[2026-01-14T03:38:21.344378] High prop at exactly tau (1.00) at rel_day 1: potential IF underweighting
[2026-01-14T03:38:34.205411] High prop at exactly tau (1.00) at rel_day 2: potential IF underweighting
[2026-01-14T03:38:47.086789] High prop at exactly tau (1.00) at rel_day 3: potential IF underweighting
[2026-01-14T03:38:59.943004] High prop at exactly tau (1.00) at rel_day 4: potential IF underweighting
[2026-01-14T03:39:12.806647] High prop at exactly tau (1.00) at rel_day 5: potential IF underweighting
[2026-01-14T03:39:25.636349] High prop at exactly tau (1.00) at rel_day 6: potential IF underweighting
[2026-01-14T03:39:38.506033] High prop at exactly tau (1.00) at rel_day 7: potential IF underweighting
[2026-01-14T03:39:51.329372] High prop at exactly tau (1.00) at rel_day 8: potential IF underweighting
[2026-01-14T03:40:04.166957] High prop at exactly tau (1.00) at rel_day 9: potential IF underweighting
[2026-01-14T03:40:16.999891] High prop at exactly tau (1.00) at rel_day 10: potential IF underweighting
[2026-01-14T03:40:29.849875] High prop at exactly tau (1.00) at rel_day 11: potential IF underweighting
[2026-01-14T03:40:42.679526] High prop at exactly tau (1.00) at rel_day 12: potential IF underweighting
[2026-01-14T03:40:55.539817] High prop at exactly tau (1.00) at rel_day 13: potential IF underweighting
[2026-01-14T03:41:08.372894] High prop at exactly tau (1.00) at rel_day 14: potential IF underweighting
[2026-01-14T03:41:21.202014] High prop at exactly tau (1.00) at rel_day 15: potential IF underweighting
[2026-01-14T03:41:34.079290] High prop at exactly tau (1.00) at rel_day 16: potential IF underweighting
[2026-01-14T03:41:46.939129] High prop at exactly tau (1.00) at rel_day 17: potential IF underweighting
[2026-01-14T03:41:59.778766] High prop at exactly tau (1.00) at rel_day 18: potential IF underweighting
[2026-01-14T03:42:12.590867] High prop at exactly tau (1.00) at rel_day 19: potential IF underweighting
[2026-01-14T03:42:25.405337] High prop at exactly tau (1.00) at rel_day 20: potential IF underweighting
[2026-01-14T03:42:38.218036] High prop at exactly tau (1.00) at rel_day 21: potential IF underweighting
[2026-01-14T03:42:51.007672] High prop at exactly tau (1.00) at rel_day 22: potential IF underweighting
[2026-01-14T03:43:04.379245] High prop at exactly tau (1.00) at rel_day 23: potential IF underweighting
[2026-01-14T03:43:17.230102] High prop at exactly tau (1.00) at rel_day 24: potential IF underweighting
[2026-01-14T03:43:30.037515] High prop at exactly tau (1.00) at rel_day 25: potential IF underweighting
[2026-01-14T03:43:42.876892] High prop at exactly tau (1.00) at rel_day 26: potential IF underweighting
[2026-01-14T03:43:55.704744] High prop at exactly tau (1.00) at rel_day 27: potential IF underweighting
[2026-01-14T03:44:08.537489] High prop at exactly tau (1.00) at rel_day 28: potential IF underweighting
[2026-01-14T03:44:21.354681] High prop at exactly tau (1.00) at rel_day 29: potential IF underweighting
[2026-01-14T03:44:34.198663] High prop at exactly tau (1.00) at rel_day 30: potential IF underweighting
[2026-01-14T03:44:47.031359] High prop at exactly tau (1.00) at rel_day 31: potential IF underweighting
[2026-01-14T03:44:59.844559] High prop at exactly tau (1.00) at rel_day 32: potential IF underweighting
[2026-01-14T03:45:12.651377] High prop at exactly tau (1.00) at rel_day 33: potential IF underweighting
[2026-01-14T03:45:25.440291] High prop at exactly tau (1.00) at rel_day 34: potential IF underweighting
[2026-01-14T03:45:38.247941] High prop at exactly tau (1.00) at rel_day 35: potential IF underweighting
[2026-01-14T03:45:51.050478] High prop at exactly tau (1.00) at rel_day 36: potential IF underweighting
[2026-01-14T03:46:03.873964] High prop at exactly tau (1.00) at rel_day 37: potential IF underweighting
[2026-01-14T03:46:16.683094] High prop at exactly tau (1.00) at rel_day 38: potential IF underweighting
[2026-01-14T03:46:29.492572] High prop at exactly tau (1.00) at rel_day 39: potential IF underweighting
[2026-01-14T03:46:42.359396] High prop at exactly tau (1.00) at rel_day 40: potential IF underweighting
[2026-01-14T03:46:55.197574] High prop at exactly tau (1.00) at rel_day 41: potential IF underweighting
[2026-01-14T03:47:07.996498] High prop at exactly tau (1.00) at rel_day 42: potential IF underweighting
[2026-01-14T03:47:20.806196] High prop at exactly tau (1.00) at rel_day 43: potential IF underweighting
[2026-01-14T03:47:33.595387] High prop at exactly tau (1.00) at rel_day 44: potential IF underweighting
[2026-01-14T03:47:46.420402] High prop at exactly tau (1.00) at rel_day 45: potential IF underweighting
[2026-01-14T03:47:59.215997] High prop at exactly tau (1.00) at rel_day 46: potential IF underweighting
[2026-01-14T03:48:12.007328] High prop at exactly tau (1.00) at rel_day 47: potential IF underweighting
[2026-01-14T03:48:24.787936] High prop at exactly tau (1.00) at rel_day 48: potential IF underweighting
[2026-01-14T03:48:37.554091] High prop at exactly tau (1.00) at rel_day 49: potential IF underweighting
[2026-01-14T03:48:50.314463] High prop at exactly tau (1.00) at rel_day 50: potential IF underweighting
[2026-01-14T03:49:03.112338] High prop at exactly tau (1.00) at rel_day 51: potential IF underweighting
[2026-01-14T03:49:15.912901] High prop at exactly tau (1.00) at rel_day 52: potential IF underweighting
[2026-01-14T03:49:28.706250] High prop at exactly tau (0.99) at rel_day 53: potential IF underweighting
[2026-01-14T03:49:42.303757] High prop at exactly tau (0.99) at rel_day 54: potential IF underweighting
[2026-01-14T03:49:55.067402] High prop at exactly tau (0.99) at rel_day 55: potential IF underweighting
[2026-01-14T03:50:07.821332] High prop at exactly tau (0.99) at rel_day 56: potential IF underweighting
[2026-01-14T03:50:20.576239] High prop at exactly tau (0.99) at rel_day 57: potential IF underweighting
[2026-01-14T03:50:33.346998] High prop at exactly tau (0.99) at rel_day 58: potential IF underweighting
[2026-01-14T03:50:46.121989] High prop at exactly tau (0.99) at rel_day 59: potential IF underweighting
[2026-01-14T03:50:58.942789] High prop at exactly tau (0.99) at rel_day 60: potential IF underweighting
[2026-01-14T03:51:11.741505] High prop at exactly tau (0.99) at rel_day 61: potential IF underweighting
[2026-01-14T03:51:24.521974] High prop at exactly tau (0.99) at rel_day 62: potential IF underweighting
[2026-01-14T03:51:37.265138] High prop at exactly tau (0.99) at rel_day 63: potential IF underweighting
[2026-01-14T03:51:49.990035] High prop at exactly tau (0.99) at rel_day 64: potential IF underweighting
[2026-01-14T03:52:02.779554] High prop at exactly tau (0.99) at rel_day 65: potential IF underweighting
[2026-01-14T03:52:15.525007] High prop at exactly tau (0.99) at rel_day 66: potential IF underweighting
[2026-01-14T03:52:28.272365] High prop at exactly tau (0.99) at rel_day 67: potential IF underweighting
[2026-01-14T03:52:41.034907] High prop at exactly tau (0.99) at rel_day 68: potential IF underweighting
[2026-01-14T03:52:53.792526] High prop at exactly tau (0.99) at rel_day 69: potential IF underweighting
[2026-01-14T03:53:06.521178] High prop at exactly tau (0.99) at rel_day 70: potential IF underweighting
[2026-01-14T03:53:19.251763] High prop at exactly tau (0.99) at rel_day 71: potential IF underweighting
[2026-01-14T03:53:32.014446] High prop at exactly tau (0.99) at rel_day 72: potential IF underweighting
[2026-01-14T03:53:44.770947] High prop at exactly tau (0.99) at rel_day 73: potential IF underweighting
[2026-01-14T03:53:57.507720] High prop at exactly tau (0.99) at rel_day 74: potential IF underweighting
[2026-01-14T03:54:10.240148] High prop at exactly tau (0.99) at rel_day 75: potential IF underweighting
[2026-01-14T03:54:22.951340] High prop at exactly tau (0.99) at rel_day 76: potential IF underweighting
[2026-01-14T03:54:35.686419] High prop at exactly tau (0.99) at rel_day 77: potential IF underweighting
[2026-01-14T03:54:48.423191] High prop at exactly tau (0.99) at rel_day 78: potential IF underweighting
[2026-01-14T03:55:01.155639] High prop at exactly tau (0.99) at rel_day 79: potential IF underweighting
[2026-01-14T03:55:13.863231] High prop at exactly tau (0.99) at rel_day 80: potential IF underweighting
[2026-01-14T03:55:26.575810] High prop at exactly tau (0.99) at rel_day 81: potential IF underweighting
[2026-01-14T03:55:39.291477] High prop at exactly tau (0.99) at rel_day 82: potential IF underweighting
[2026-01-14T03:55:52.009468] High prop at exactly tau (0.99) at rel_day 83: potential IF underweighting
[2026-01-14T03:56:04.724285] High prop at exactly tau (0.99) at rel_day 84: potential IF underweighting
[2026-01-14T03:56:17.408174] High prop at exactly tau (0.99) at rel_day 85: potential IF underweighting
[2026-01-14T03:56:30.108325] High prop at exactly tau (0.99) at rel_day 86: potential IF underweighting
[2026-01-14T03:56:42.834287] High prop at exactly tau (0.99) at rel_day 87: potential IF underweighting
[2026-01-14T03:56:55.556167] High prop at exactly tau (0.99) at rel_day 88: potential IF underweighting
[2026-01-14T03:57:08.239510] High prop at exactly tau (0.99) at rel_day 89: potential IF underweighting
[2026-01-14T03:57:20.948448] High prop at exactly tau (0.99) at rel_day 90: potential IF underweighting
[2026-01-14T03:57:46.208895] RMST conditions on survival to calendar_day — deliberate for definition, see method docs.
[2026-01-14T03:57:46.474582] High prop at exactly tau (1.00) at rel_day -30: potential IF underweighting
[2026-01-14T03:58:00.736249] High prop at exactly tau (1.00) at rel_day -29: potential IF underweighting
[2026-01-14T03:58:13.586105] High prop at exactly tau (1.00) at rel_day -28: potential IF underweighting
[2026-01-14T03:58:26.417124] High prop at exactly tau (1.00) at rel_day -27: potential IF underweighting
[2026-01-14T03:58:39.256107] High prop at exactly tau (1.00) at rel_day -26: potential IF underweighting
[2026-01-14T03:58:52.109782] High prop at exactly tau (1.00) at rel_day -25: potential IF underweighting
[2026-01-14T03:59:04.983768] High prop at exactly tau (1.00) at rel_day -24: potential IF underweighting
[2026-01-14T03:59:17.852070] High prop at exactly tau (1.00) at rel_day -23: potential IF underweighting
[2026-01-14T03:59:30.751772] High prop at exactly tau (1.00) at rel_day -22: potential IF underweighting
[2026-01-14T03:59:43.661803] High prop at exactly tau (1.00) at rel_day -21: potential IF underweighting
[2026-01-14T03:59:56.498374] High prop at exactly tau (1.00) at rel_day -20: potential IF underweighting
[2026-01-14T04:00:09.366691] High prop at exactly tau (1.00) at rel_day -19: potential IF underweighting
[2026-01-14T04:00:22.204901] High prop at exactly tau (1.00) at rel_day -18: potential IF underweighting
[2026-01-14T04:00:35.077897] High prop at exactly tau (1.00) at rel_day -17: potential IF underweighting
[2026-01-14T04:00:47.977058] High prop at exactly tau (1.00) at rel_day -16: potential IF underweighting
[2026-01-14T04:01:00.851818] High prop at exactly tau (1.00) at rel_day -15: potential IF underweighting
[2026-01-14T04:01:13.712984] High prop at exactly tau (1.00) at rel_day -14: potential IF underweighting
[2026-01-14T04:01:26.573218] High prop at exactly tau (1.00) at rel_day -13: potential IF underweighting
[2026-01-14T04:01:39.455344] High prop at exactly tau (1.00) at rel_day -12: potential IF underweighting
[2026-01-14T04:01:52.363247] High prop at exactly tau (1.00) at rel_day -11: potential IF underweighting
[2026-01-14T04:02:05.224740] High prop at exactly tau (1.00) at rel_day -10: potential IF underweighting
[2026-01-14T04:02:18.102225] High prop at exactly tau (1.00) at rel_day -9: potential IF underweighting
[2026-01-14T04:02:30.963842] High prop at exactly tau (1.00) at rel_day -8: potential IF underweighting
[2026-01-14T04:02:43.832147] High prop at exactly tau (1.00) at rel_day -7: potential IF underweighting
[2026-01-14T04:02:56.693363] High prop at exactly tau (1.00) at rel_day -6: potential IF underweighting
[2026-01-14T04:03:09.560056] High prop at exactly tau (1.00) at rel_day -5: potential IF underweighting
[2026-01-14T04:03:22.462410] High prop at exactly tau (1.00) at rel_day -4: potential IF underweighting
[2026-01-14T04:03:35.328619] High prop at exactly tau (1.00) at rel_day -3: potential IF underweighting
[2026-01-14T04:03:48.213334] High prop at exactly tau (1.00) at rel_day -2: potential IF underweighting
[2026-01-14T04:04:01.096196] High prop at exactly tau (1.00) at rel_day -1: potential IF underweighting
[2026-01-14T04:04:13.972390] High prop at exactly tau (1.00) at rel_day 0: potential IF underweighting
[2026-01-14T04:04:26.849469] High prop at exactly tau (1.00) at rel_day 1: potential IF underweighting
[2026-01-14T04:04:39.711664] High prop at exactly tau (1.00) at rel_day 2: potential IF underweighting
[2026-01-14T04:04:54.511309] High prop at exactly tau (1.00) at rel_day 3: potential IF underweighting
[2026-01-14T04:05:07.382738] High prop at exactly tau (1.00) at rel_day 4: potential IF underweighting
[2026-01-14T04:05:20.244694] High prop at exactly tau (1.00) at rel_day 5: potential IF underweighting
[2026-01-14T04:05:33.055150] High prop at exactly tau (1.00) at rel_day 6: potential IF underweighting
[2026-01-14T04:05:45.929526] High prop at exactly tau (1.00) at rel_day 7: potential IF underweighting
[2026-01-14T04:05:58.775272] High prop at exactly tau (1.00) at rel_day 8: potential IF underweighting
[2026-01-14T04:06:11.628704] High prop at exactly tau (1.00) at rel_day 9: potential IF underweighting
[2026-01-14T04:06:24.455801] High prop at exactly tau (1.00) at rel_day 10: potential IF underweighting
[2026-01-14T04:06:37.292073] High prop at exactly tau (1.00) at rel_day 11: potential IF underweighting
[2026-01-14T04:06:50.154594] High prop at exactly tau (1.00) at rel_day 12: potential IF underweighting
[2026-01-14T04:07:03.012313] High prop at exactly tau (1.00) at rel_day 13: potential IF underweighting
[2026-01-14T04:07:15.837577] High prop at exactly tau (1.00) at rel_day 14: potential IF underweighting
[2026-01-14T04:07:28.666843] High prop at exactly tau (1.00) at rel_day 15: potential IF underweighting
[2026-01-14T04:07:41.519131] High prop at exactly tau (1.00) at rel_day 16: potential IF underweighting
[2026-01-14T04:07:54.358645] High prop at exactly tau (1.00) at rel_day 17: potential IF underweighting
[2026-01-14T04:08:07.187547] High prop at exactly tau (1.00) at rel_day 18: potential IF underweighting
[2026-01-14T04:08:20.008873] High prop at exactly tau (1.00) at rel_day 19: potential IF underweighting
[2026-01-14T04:08:32.825574] High prop at exactly tau (1.00) at rel_day 20: potential IF underweighting
[2026-01-14T04:08:45.664285] High prop at exactly tau (1.00) at rel_day 21: potential IF underweighting
[2026-01-14T04:08:58.467882] High prop at exactly tau (1.00) at rel_day 22: potential IF underweighting
[2026-01-14T04:09:11.307433] High prop at exactly tau (1.00) at rel_day 23: potential IF underweighting
[2026-01-14T04:09:24.137403] High prop at exactly tau (1.00) at rel_day 24: potential IF underweighting
[2026-01-14T04:09:36.946464] High prop at exactly tau (1.00) at rel_day 25: potential IF underweighting
[2026-01-14T04:09:49.749198] High prop at exactly tau (1.00) at rel_day 26: potential IF underweighting
[2026-01-14T04:10:02.584089] High prop at exactly tau (1.00) at rel_day 27: potential IF underweighting
[2026-01-14T04:10:15.422594] High prop at exactly tau (1.00) at rel_day 28: potential IF underweighting
[2026-01-14T04:10:28.237501] High prop at exactly tau (1.00) at rel_day 29: potential IF underweighting
[2026-01-14T04:10:41.080112] High prop at exactly tau (1.00) at rel_day 30: potential IF underweighting
[2026-01-14T04:10:53.883142] High prop at exactly tau (1.00) at rel_day 31: potential IF underweighting
[2026-01-14T04:11:06.706095] High prop at exactly tau (1.00) at rel_day 32: potential IF underweighting
[2026-01-14T04:11:19.501467] High prop at exactly tau (1.00) at rel_day 33: potential IF underweighting
[2026-01-14T04:11:32.306210] High prop at exactly tau (1.00) at rel_day 34: potential IF underweighting
[2026-01-14T04:11:45.093122] High prop at exactly tau (1.00) at rel_day 35: potential IF underweighting
[2026-01-14T04:11:57.941433] High prop at exactly tau (1.00) at rel_day 36: potential IF underweighting
[2026-01-14T04:12:11.529913] High prop at exactly tau (1.00) at rel_day 37: potential IF underweighting
[2026-01-14T04:12:24.335457] High prop at exactly tau (1.00) at rel_day 38: potential IF underweighting
[2026-01-14T04:12:37.132816] High prop at exactly tau (1.00) at rel_day 39: potential IF underweighting
[2026-01-14T04:12:49.922426] High prop at exactly tau (1.00) at rel_day 40: potential IF underweighting
[2026-01-14T04:13:02.712000] High prop at exactly tau (1.00) at rel_day 41: potential IF underweighting
[2026-01-14T04:13:15.519600] High prop at exactly tau (1.00) at rel_day 42: potential IF underweighting
[2026-01-14T04:13:28.301307] High prop at exactly tau (1.00) at rel_day 43: potential IF underweighting
[2026-01-14T04:13:41.115912] High prop at exactly tau (1.00) at rel_day 44: potential IF underweighting
[2026-01-14T04:13:53.916524] High prop at exactly tau (1.00) at rel_day 45: potential IF underweighting
[2026-01-14T04:14:06.713596] High prop at exactly tau (1.00) at rel_day 46: potential IF underweighting
[2026-01-14T04:14:19.498999] High prop at exactly tau (1.00) at rel_day 47: potential IF underweighting
[2026-01-14T04:14:32.300348] High prop at exactly tau (1.00) at rel_day 48: potential IF underweighting
[2026-01-14T04:14:45.069087] High prop at exactly tau (1.00) at rel_day 49: potential IF underweighting
[2026-01-14T04:14:57.854502] High prop at exactly tau (1.00) at rel_day 50: potential IF underweighting
[2026-01-14T04:15:10.638421] High prop at exactly tau (1.00) at rel_day 51: potential IF underweighting
[2026-01-14T04:15:23.447793] High prop at exactly tau (1.00) at rel_day 52: potential IF underweighting
[2026-01-14T04:15:36.238214] High prop at exactly tau (0.99) at rel_day 53: potential IF underweighting
[2026-01-14T04:15:49.012886] High prop at exactly tau (0.99) at rel_day 54: potential IF underweighting
[2026-01-14T04:16:01.777331] High prop at exactly tau (0.99) at rel_day 55: potential IF underweighting
[2026-01-14T04:16:14.563801] High prop at exactly tau (0.99) at rel_day 56: potential IF underweighting
[2026-01-14T04:16:27.326820] High prop at exactly tau (0.99) at rel_day 57: potential IF underweighting
[2026-01-14T04:16:40.127380] High prop at exactly tau (0.99) at rel_day 58: potential IF underweighting
[2026-01-14T04:16:52.917740] High prop at exactly tau (0.99) at rel_day 59: potential IF underweighting
[2026-01-14T04:17:05.693091] High prop at exactly tau (0.99) at rel_day 60: potential IF underweighting
[2026-01-14T04:17:18.473481] High prop at exactly tau (0.99) at rel_day 61: potential IF underweighting
[2026-01-14T04:17:31.209435] High prop at exactly tau (0.99) at rel_day 62: potential IF underweighting
[2026-01-14T04:17:43.996631] High prop at exactly tau (0.99) at rel_day 63: potential IF underweighting
[2026-01-14T04:17:56.776936] High prop at exactly tau (0.99) at rel_day 64: potential IF underweighting
[2026-01-14T04:18:09.532074] High prop at exactly tau (0.99) at rel_day 65: potential IF underweighting
[2026-01-14T04:18:22.258646] High prop at exactly tau (0.99) at rel_day 66: potential IF underweighting
[2026-01-14T04:18:35.037140] High prop at exactly tau (0.99) at rel_day 67: potential IF underweighting
[2026-01-14T04:18:47.774486] High prop at exactly tau (0.99) at rel_day 68: potential IF underweighting
[2026-01-14T04:19:00.501361] High prop at exactly tau (0.99) at rel_day 69: potential IF underweighting
[2026-01-14T04:19:13.231590] High prop at exactly tau (0.99) at rel_day 70: potential IF underweighting
[2026-01-14T04:19:25.967720] High prop at exactly tau (0.99) at rel_day 71: potential IF underweighting
[2026-01-14T04:19:38.736995] High prop at exactly tau (0.99) at rel_day 72: potential IF underweighting
[2026-01-14T04:19:51.974305] High prop at exactly tau (0.99) at rel_day 73: potential IF underweighting
[2026-01-14T04:20:04.709699] High prop at exactly tau (0.99) at rel_day 74: potential IF underweighting
[2026-01-14T04:20:17.439545] High prop at exactly tau (0.99) at rel_day 75: potential IF underweighting
[2026-01-14T04:20:30.171026] High prop at exactly tau (0.99) at rel_day 76: potential IF underweighting
[2026-01-14T04:20:42.987290] High prop at exactly tau (0.99) at rel_day 77: potential IF underweighting
[2026-01-14T04:20:55.801030] High prop at exactly tau (0.99) at rel_day 78: potential IF underweighting
[2026-01-14T04:21:08.581366] High prop at exactly tau (0.99) at rel_day 79: potential IF underweighting
[2026-01-14T04:21:21.308833] High prop at exactly tau (0.99) at rel_day 80: potential IF underweighting
[2026-01-14T04:21:34.153839] High prop at exactly tau (0.99) at rel_day 81: potential IF underweighting
[2026-01-14T04:21:46.921540] High prop at exactly tau (0.99) at rel_day 82: potential IF underweighting
[2026-01-14T04:21:59.701436] High prop at exactly tau (0.99) at rel_day 83: potential IF underweighting
[2026-01-14T04:22:12.449341] High prop at exactly tau (0.99) at rel_day 84: potential IF underweighting
[2026-01-14T04:22:25.168722] High prop at exactly tau (0.99) at rel_day 85: potential IF underweighting
[2026-01-14T04:22:37.905163] High prop at exactly tau (0.99) at rel_day 86: potential IF underweighting
[2026-01-14T04:22:50.656256] High prop at exactly tau (0.99) at rel_day 87: potential IF underweighting
[2026-01-14T04:23:03.383304] High prop at exactly tau (0.99) at rel_day 88: potential IF underweighting
[2026-01-14T04:23:16.103216] High prop at exactly tau (0.99) at rel_day 89: potential IF underweighting
[2026-01-14T04:23:28.814091] High prop at exactly tau (0.99) at rel_day 90: potential IF underweighting
[2026-01-14T04:23:53.697162] RMST conditions on survival to calendar_day — deliberate for definition, see method docs.
[2026-01-14T04:23:53.965640] High prop at exactly tau (1.00) at rel_day -30: potential IF underweighting
[2026-01-14T04:24:07.931651] High prop at exactly tau (1.00) at rel_day -29: potential IF underweighting
[2026-01-14T04:24:20.788258] High prop at exactly tau (1.00) at rel_day -28: potential IF underweighting
[2026-01-14T04:24:33.690714] High prop at exactly tau (1.00) at rel_day -27: potential IF underweighting
[2026-01-14T04:24:46.542879] High prop at exactly tau (1.00) at rel_day -26: potential IF underweighting
[2026-01-14T04:24:59.399652] High prop at exactly tau (1.00) at rel_day -25: potential IF underweighting
[2026-01-14T04:25:12.267948] High prop at exactly tau (1.00) at rel_day -24: potential IF underweighting
[2026-01-14T04:25:25.134108] High prop at exactly tau (1.00) at rel_day -23: potential IF underweighting
[2026-01-14T04:25:37.995321] High prop at exactly tau (1.00) at rel_day -22: potential IF underweighting
[2026-01-14T04:25:50.845761] High prop at exactly tau (1.00) at rel_day -21: potential IF underweighting
[2026-01-14T04:26:03.695854] High prop at exactly tau (1.00) at rel_day -20: potential IF underweighting
[2026-01-14T04:26:16.557394] High prop at exactly tau (1.00) at rel_day -19: potential IF underweighting
[2026-01-14T04:26:29.447601] High prop at exactly tau (1.00) at rel_day -18: potential IF underweighting
[2026-01-14T04:26:42.307974] High prop at exactly tau (1.00) at rel_day -17: potential IF underweighting
[2026-01-14T04:26:55.188470] High prop at exactly tau (1.00) at rel_day -16: potential IF underweighting
[2026-01-14T04:27:08.050285] High prop at exactly tau (1.00) at rel_day -15: potential IF underweighting
[2026-01-14T04:27:20.897980] High prop at exactly tau (1.00) at rel_day -14: potential IF underweighting
[2026-01-14T04:27:33.799843] High prop at exactly tau (1.00) at rel_day -13: potential IF underweighting
[2026-01-14T04:27:46.690276] High prop at exactly tau (1.00) at rel_day -12: potential IF underweighting
[2026-01-14T04:27:59.538927] High prop at exactly tau (1.00) at rel_day -11: potential IF underweighting
[2026-01-14T04:28:12.387358] High prop at exactly tau (1.00) at rel_day -10: potential IF underweighting
[2026-01-14T04:28:25.234119] High prop at exactly tau (1.00) at rel_day -9: potential IF underweighting
[2026-01-14T04:28:38.105770] High prop at exactly tau (1.00) at rel_day -8: potential IF underweighting
[2026-01-14T04:28:50.969694] High prop at exactly tau (1.00) at rel_day -7: potential IF underweighting
[2026-01-14T04:29:03.831923] High prop at exactly tau (1.00) at rel_day -6: potential IF underweighting
[2026-01-14T04:29:16.703120] High prop at exactly tau (1.00) at rel_day -5: potential IF underweighting
[2026-01-14T04:29:29.570769] High prop at exactly tau (1.00) at rel_day -4: potential IF underweighting
[2026-01-14T04:29:42.457215] High prop at exactly tau (1.00) at rel_day -3: potential IF underweighting
[2026-01-14T04:29:55.327584] High prop at exactly tau (1.00) at rel_day -2: potential IF underweighting
[2026-01-14T04:30:08.201111] High prop at exactly tau (1.00) at rel_day -1: potential IF underweighting
[2026-01-14T04:30:21.042314] High prop at exactly tau (1.00) at rel_day 0: potential IF underweighting
[2026-01-14T04:30:33.918252] High prop at exactly tau (1.00) at rel_day 1: potential IF underweighting
[2026-01-14T04:30:46.790380] High prop at exactly tau (1.00) at rel_day 2: potential IF underweighting
[2026-01-14T04:30:59.655133] High prop at exactly tau (1.00) at rel_day 3: potential IF underweighting
[2026-01-14T04:31:12.509840] High prop at exactly tau (1.00) at rel_day 4: potential IF underweighting
[2026-01-14T04:31:25.400297] High prop at exactly tau (1.00) at rel_day 5: potential IF underweighting
[2026-01-14T04:31:38.309178] High prop at exactly tau (1.00) at rel_day 6: potential IF underweighting
[2026-01-14T04:31:51.167836] High prop at exactly tau (1.00) at rel_day 7: potential IF underweighting
[2026-01-14T04:32:04.083890] High prop at exactly tau (1.00) at rel_day 8: potential IF underweighting
[2026-01-14T04:32:17.051152] High prop at exactly tau (1.00) at rel_day 9: potential IF underweighting
[2026-01-14T04:32:29.897197] High prop at exactly tau (1.00) at rel_day 10: potential IF underweighting
[2026-01-14T04:32:42.732351] High prop at exactly tau (1.00) at rel_day 11: potential IF underweighting
[2026-01-14T04:32:55.583460] High prop at exactly tau (1.00) at rel_day 12: potential IF underweighting
[2026-01-14T04:33:08.432719] High prop at exactly tau (1.00) at rel_day 13: potential IF underweighting
[2026-01-14T04:33:21.282531] High prop at exactly tau (1.00) at rel_day 14: potential IF underweighting
[2026-01-14T04:33:34.095934] High prop at exactly tau (1.00) at rel_day 15: potential IF underweighting
[2026-01-14T04:33:46.941308] High prop at exactly tau (1.00) at rel_day 16: potential IF underweighting
[2026-01-14T04:33:59.799826] High prop at exactly tau (1.00) at rel_day 17: potential IF underweighting
[2026-01-14T04:34:12.641805] High prop at exactly tau (1.00) at rel_day 18: potential IF underweighting
[2026-01-14T04:34:25.522146] High prop at exactly tau (1.00) at rel_day 19: potential IF underweighting
[2026-01-14T04:34:38.372915] High prop at exactly tau (1.00) at rel_day 20: potential IF underweighting
[2026-01-14T04:34:51.350663] High prop at exactly tau (1.00) at rel_day 21: potential IF underweighting
[2026-01-14T04:35:05.349082] High prop at exactly tau (1.00) at rel_day 22: potential IF underweighting
[2026-01-14T04:35:18.197304] High prop at exactly tau (1.00) at rel_day 23: potential IF underweighting
[2026-01-14T04:35:31.017746] High prop at exactly tau (1.00) at rel_day 24: potential IF underweighting
[2026-01-14T04:35:43.844275] High prop at exactly tau (1.00) at rel_day 25: potential IF underweighting
[2026-01-14T04:35:56.652792] High prop at exactly tau (1.00) at rel_day 26: potential IF underweighting
[2026-01-14T04:36:09.459903] High prop at exactly tau (1.00) at rel_day 27: potential IF underweighting
[2026-01-14T04:36:22.249034] High prop at exactly tau (1.00) at rel_day 28: potential IF underweighting
[2026-01-14T04:36:35.069570] High prop at exactly tau (1.00) at rel_day 29: potential IF underweighting
[2026-01-14T04:36:47.904567] High prop at exactly tau (1.00) at rel_day 30: potential IF underweighting
[2026-01-14T04:37:00.757623] High prop at exactly tau (1.00) at rel_day 31: potential IF underweighting
[2026-01-14T04:37:13.543262] High prop at exactly tau (1.00) at rel_day 32: potential IF underweighting
[2026-01-14T04:37:26.323509] High prop at exactly tau (1.00) at rel_day 33: potential IF underweighting
[2026-01-14T04:37:39.114996] High prop at exactly tau (1.00) at rel_day 34: potential IF underweighting
[2026-01-14T04:37:51.922663] High prop at exactly tau (1.00) at rel_day 35: potential IF underweighting
[2026-01-14T04:38:04.709543] High prop at exactly tau (1.00) at rel_day 36: potential IF underweighting
[2026-01-14T04:38:17.513742] High prop at exactly tau (1.00) at rel_day 37: potential IF underweighting
[2026-01-14T04:38:30.297062] High prop at exactly tau (1.00) at rel_day 38: potential IF underweighting
[2026-01-14T04:38:43.092024] High prop at exactly tau (1.00) at rel_day 39: potential IF underweighting
[2026-01-14T04:38:55.867588] High prop at exactly tau (1.00) at rel_day 40: potential IF underweighting
[2026-01-14T04:39:08.653354] High prop at exactly tau (1.00) at rel_day 41: potential IF underweighting
[2026-01-14T04:39:21.433100] High prop at exactly tau (1.00) at rel_day 42: potential IF underweighting
[2026-01-14T04:39:34.220802] High prop at exactly tau (1.00) at rel_day 43: potential IF underweighting
[2026-01-14T04:39:47.036312] High prop at exactly tau (1.00) at rel_day 44: potential IF underweighting
[2026-01-14T04:39:59.845202] High prop at exactly tau (1.00) at rel_day 45: potential IF underweighting
[2026-01-14T04:40:12.611685] High prop at exactly tau (1.00) at rel_day 46: potential IF underweighting
[2026-01-14T04:40:25.379401] High prop at exactly tau (1.00) at rel_day 47: potential IF underweighting
[2026-01-14T04:40:38.151216] High prop at exactly tau (1.00) at rel_day 48: potential IF underweighting
[2026-01-14T04:40:50.918512] High prop at exactly tau (1.00) at rel_day 49: potential IF underweighting
[2026-01-14T04:41:03.707049] High prop at exactly tau (1.00) at rel_day 50: potential IF underweighting
[2026-01-14T04:41:16.524531] High prop at exactly tau (1.00) at rel_day 51: potential IF underweighting
[2026-01-14T04:41:29.316376] High prop at exactly tau (1.00) at rel_day 52: potential IF underweighting
[2026-01-14T04:41:42.128972] High prop at exactly tau (0.99) at rel_day 53: potential IF underweighting
[2026-01-14T04:41:54.928541] High prop at exactly tau (0.99) at rel_day 54: potential IF underweighting
[2026-01-14T04:42:07.707693] High prop at exactly tau (0.99) at rel_day 55: potential IF underweighting
[2026-01-14T04:42:20.482406] High prop at exactly tau (0.99) at rel_day 56: potential IF underweighting
[2026-01-14T04:42:33.264211] High prop at exactly tau (0.99) at rel_day 57: potential IF underweighting
[2026-01-14T04:42:46.032730] High prop at exactly tau (0.99) at rel_day 58: potential IF underweighting
[2026-01-14T04:42:58.816290] High prop at exactly tau (0.99) at rel_day 59: potential IF underweighting
[2026-01-14T04:43:11.591954] High prop at exactly tau (0.99) at rel_day 60: potential IF underweighting
[2026-01-14T04:43:24.326358] High prop at exactly tau (0.99) at rel_day 61: potential IF underweighting
[2026-01-14T04:43:37.065326] High prop at exactly tau (0.99) at rel_day 62: potential IF underweighting
[2026-01-14T04:43:49.816758] High prop at exactly tau (0.99) at rel_day 63: potential IF underweighting
[2026-01-14T04:44:02.574184] High prop at exactly tau (0.99) at rel_day 64: potential IF underweighting
[2026-01-14T04:44:15.312551] High prop at exactly tau (0.99) at rel_day 65: potential IF underweighting
[2026-01-14T04:44:28.074569] High prop at exactly tau (0.99) at rel_day 66: potential IF underweighting
[2026-01-14T04:44:40.848136] High prop at exactly tau (0.99) at rel_day 67: potential IF underweighting
[2026-01-14T04:44:53.624853] High prop at exactly tau (0.99) at rel_day 68: potential IF underweighting
[2026-01-14T04:45:06.393350] High prop at exactly tau (0.99) at rel_day 69: potential IF underweighting
[2026-01-14T04:45:19.131632] High prop at exactly tau (0.99) at rel_day 70: potential IF underweighting
[2026-01-14T04:45:31.889451] High prop at exactly tau (0.99) at rel_day 71: potential IF underweighting
[2026-01-14T04:45:44.629382] High prop at exactly tau (0.99) at rel_day 72: potential IF underweighting
[2026-01-14T04:45:57.394711] High prop at exactly tau (0.99) at rel_day 73: potential IF underweighting
[2026-01-14T04:46:10.159833] High prop at exactly tau (0.99) at rel_day 74: potential IF underweighting
[2026-01-14T04:46:22.889584] High prop at exactly tau (0.99) at rel_day 75: potential IF underweighting
[2026-01-14T04:46:35.641417] High prop at exactly tau (0.99) at rel_day 76: potential IF underweighting
[2026-01-14T04:46:48.382953] High prop at exactly tau (0.99) at rel_day 77: potential IF underweighting
[2026-01-14T04:47:01.125542] High prop at exactly tau (0.99) at rel_day 78: potential IF underweighting
[2026-01-14T04:47:13.857806] High prop at exactly tau (0.99) at rel_day 79: potential IF underweighting
[2026-01-14T04:47:26.598216] High prop at exactly tau (0.99) at rel_day 80: potential IF underweighting
[2026-01-14T04:47:39.318388] High prop at exactly tau (0.99) at rel_day 81: potential IF underweighting
[2026-01-14T04:47:52.044286] High prop at exactly tau (0.99) at rel_day 82: potential IF underweighting
[2026-01-14T04:48:04.764439] High prop at exactly tau (0.99) at rel_day 83: potential IF underweighting
[2026-01-14T04:48:17.460355] High prop at exactly tau (0.99) at rel_day 84: potential IF underweighting
[2026-01-14T04:48:30.157132] High prop at exactly tau (0.99) at rel_day 85: potential IF underweighting
[2026-01-14T04:48:42.858699] High prop at exactly tau (0.99) at rel_day 86: potential IF underweighting
[2026-01-14T04:48:55.594685] High prop at exactly tau (0.99) at rel_day 87: potential IF underweighting
[2026-01-14T04:49:08.274561] High prop at exactly tau (0.99) at rel_day 88: potential IF underweighting
[2026-01-14T04:49:20.978814] High prop at exactly tau (0.99) at rel_day 89: potential IF underweighting
[2026-01-14T04:49:33.673369] High prop at exactly tau (0.99) at rel_day 90: potential IF underweighting
