age_group,sex,n_at_risk,n_vacc,calendar_day,hazard
"[60,80)",0,1097496,0,2020-12-27,0.0
"[60,80)",1,1295100,0,2020-12-27,0.0
,0,4239474,0,2020-12-27,0.0
,1,4179441,0,2020-12-27,0.0
"[60,80)",0,1097412,0,2020-12-28,0.0
"[60,80)",1,1295038,0,2020-12-28,0.0
,0,4239392,0,2020-12-28,0.0
,1,4179346,0,2020-12-28,0.0
"[60,80)",0,1097328,0,2020-12-29,0.0
"[60,80)",1,1294975,0,2020-12-29,0.0
,0,4239306,0,2020-12-29,0.0
,1,4179239,0,2020-12-29,0.0
"[60,80)",0,1097224,0,2020-12-30,0.0
"[60,80)",1,1294936,0,2020-12-30,0.0
,0,4239236,0,2020-12-30,0.0
,1,4179131,0,2020-12-30,0.0
"[60,80)",0,1097135,0,2020-12-31,0.0
"[60,80)",1,1294883,0,2020-12-31,0.0
,0,4239158,0,2020-12-31,0.0
,1,4179006,0,2020-12-31,0.0
"[60,80)",0,1128910,0,2021-01-01,0.0
"[60,80)",1,1312818,0,2021-01-01,0.0
,0,4207196,0,2021-01-01,0.0
,1,4160950,0,2021-01-01,0.0
"[60,80)",0,1128832,0,2021-01-02,0.0
"[60,80)",1,1312756,0,2021-01-02,0.0
,0,4207121,0,2021-01-02,0.0
,1,4160832,0,2021-01-02,0.0
"[60,80)",0,1128764,0,2021-01-03,0.0
"[60,80)",1,1312693,0,2021-01-03,0.0
,0,4207021,0,2021-01-03,0.0
,1,4160697,0,2021-01-03,0.0
"[60,80)",0,1128674,0,2021-01-04,0.0
"[60,80)",1,1312647,0,2021-01-04,0.0
,0,4206932,0,2021-01-04,0.0
,1,4160593,0,2021-01-04,0.0
"[60,80)",0,1128584,0,2021-01-05,0.0
"[60,80)",1,1312597,0,2021-01-05,0.0
,0,4206863,0,2021-01-05,0.0
,1,4160466,0,2021-01-05,0.0
"[60,80)",0,1128509,0,2021-01-06,0.0
"[60,80)",1,1312563,0,2021-01-06,0.0
,0,4206773,0,2021-01-06,0.0
,1,4160354,0,2021-01-06,0.0
"[60,80)",0,1128414,0,2021-01-07,0.0
"[60,80)",1,1312507,0,2021-01-07,0.0
,0,4206700,0,2021-01-07,0.0
,1,4160236,0,2021-01-07,0.0
"[60,80)",0,1128328,0,2021-01-08,0.0
"[60,80)",1,1312457,0,2021-01-08,0.0
,0,4206617,0,2021-01-08,0.0
,1,4160132,0,2021-01-08,0.0
"[60,80)",0,1128247,0,2021-01-09,0.0
"[60,80)",1,1312404,0,2021-01-09,0.0
,0,4206536,0,2021-01-09,0.0
,1,4160027,0,2021-01-09,0.0
"[60,80)",0,1128156,0,2021-01-10,0.0
"[60,80)",1,1312344,0,2021-01-10,0.0
,0,4206448,0,2021-01-10,0.0
,1,4159913,0,2021-01-10,0.0
"[60,80)",0,1128078,0,2021-01-11,0.0
"[60,80)",1,1312298,0,2021-01-11,0.0
,0,4206370,0,2021-01-11,0.0
,1,4159824,0,2021-01-11,0.0
"[60,80)",0,1127992,0,2021-01-12,0.0
"[60,80)",1,1312243,0,2021-01-12,0.0
,0,4206295,0,2021-01-12,0.0
,1,4159715,0,2021-01-12,0.0
"[60,80)",0,1127915,0,2021-01-13,0.0
"[60,80)",1,1312201,0,2021-01-13,0.0
,0,4206221,0,2021-01-13,0.0
,1,4159606,0,2021-01-13,0.0
"[60,80)",0,1127835,0,2021-01-14,0.0
"[60,80)",1,1312155,0,2021-01-14,0.0
,0,4206136,0,2021-01-14,0.0
,1,4159487,0,2021-01-14,0.0
"[60,80)",0,1127740,0,2021-01-15,0.0
"[60,80)",1,1312104,0,2021-01-15,0.0
,0,4206049,0,2021-01-15,0.0
,1,4159376,0,2021-01-15,0.0
"[60,80)",0,1127652,0,2021-01-16,0.0
"[60,80)",1,1312062,0,2021-01-16,0.0
,0,4205946,0,2021-01-16,0.0
,1,4159246,0,2021-01-16,0.0
"[60,80)",0,1127582,0,2021-01-17,0.0
"[60,80)",1,1312004,0,2021-01-17,0.0
,0,4205860,0,2021-01-17,0.0
,1,4159155,0,2021-01-17,0.0
"[60,80)",0,1127486,0,2021-01-18,0.0
"[60,80)",1,1311946,0,2021-01-18,0.0
,0,4205772,0,2021-01-18,0.0
,1,4159054,0,2021-01-18,0.0
"[60,80)",0,1127413,0,2021-01-19,0.0
"[60,80)",1,1311894,0,2021-01-19,0.0
,0,4205681,0,2021-01-19,0.0
,1,4158933,0,2021-01-19,0.0
"[60,80)",0,1127319,0,2021-01-20,0.0
"[60,80)",1,1311834,0,2021-01-20,0.0
,0,4205603,0,2021-01-20,0.0
,1,4158829,0,2021-01-20,0.0
"[60,80)",0,1127239,0,2021-01-21,0.0
"[60,80)",1,1311783,0,2021-01-21,0.0
,0,4205518,0,2021-01-21,0.0
,1,4158736,0,2021-01-21,0.0
"[60,80)",0,1127156,0,2021-01-22,0.0
"[60,80)",1,1311742,0,2021-01-22,0.0
,0,4205423,0,2021-01-22,0.0
,1,4158626,0,2021-01-22,0.0
"[60,80)",0,1127065,0,2021-01-23,0.0
"[60,80)",1,1311699,0,2021-01-23,0.0
,0,4205338,0,2021-01-23,0.0
,1,4158515,0,2021-01-23,0.0
"[60,80)",0,1126983,0,2021-01-24,0.0
"[60,80)",1,1311642,0,2021-01-24,0.0
,0,4205241,0,2021-01-24,0.0
,1,4158414,0,2021-01-24,0.0
"[60,80)",0,1126884,0,2021-01-25,0.0
"[60,80)",1,1311594,0,2021-01-25,0.0
,0,4205165,0,2021-01-25,0.0
,1,4158311,0,2021-01-25,0.0
"[60,80)",0,1126797,0,2021-01-26,0.0
"[60,80)",1,1311542,0,2021-01-26,0.0
,0,4205084,0,2021-01-26,0.0
,1,4158200,0,2021-01-26,0.0
"[60,80)",0,1126708,0,2021-01-27,0.0
"[60,80)",1,1311480,0,2021-01-27,0.0
,0,4204994,0,2021-01-27,0.0
,1,4158085,0,2021-01-27,0.0
"[60,80)",0,1126615,0,2021-01-28,0.0
"[60,80)",1,1311433,0,2021-01-28,0.0
,0,4204899,0,2021-01-28,0.0
,1,4157965,0,2021-01-28,0.0
"[60,80)",0,1126530,0,2021-01-29,0.0
"[60,80)",1,1311380,0,2021-01-29,0.0
,0,4204800,0,2021-01-29,0.0
,1,4157846,0,2021-01-29,0.0
"[60,80)",0,1126437,0,2021-01-30,0.0
"[60,80)",1,1311331,0,2021-01-30,0.0
,0,4204720,0,2021-01-30,0.0
,1,4157719,0,2021-01-30,0.0
"[60,80)",0,1126347,0,2021-01-31,0.0
"[60,80)",1,1311278,0,2021-01-31,0.0
,0,4204644,0,2021-01-31,0.0
,1,4157622,0,2021-01-31,0.0
"[60,80)",0,1126243,0,2021-02-01,0.0
"[60,80)",1,1311230,0,2021-02-01,0.0
,0,4204574,0,2021-02-01,0.0
,1,4157516,0,2021-02-01,0.0
"[60,80)",0,1126156,0,2021-02-02,0.0
"[60,80)",1,1311153,0,2021-02-02,0.0
,0,4204494,0,2021-02-02,0.0
,1,4157405,0,2021-02-02,0.0
"[60,80)",0,1126081,0,2021-02-03,0.0
"[60,80)",1,1311107,0,2021-02-03,0.0
,0,4204397,0,2021-02-03,0.0
,1,4157296,0,2021-02-03,0.0
"[60,80)",0,1125994,0,2021-02-04,0.0
"[60,80)",1,1311056,0,2021-02-04,0.0
,0,4204315,0,2021-02-04,0.0
,1,4157192,0,2021-02-04,0.0
"[60,80)",0,1125902,0,2021-02-05,0.0
"[60,80)",1,1311003,0,2021-02-05,0.0
,0,4204255,0,2021-02-05,0.0
,1,4157073,0,2021-02-05,0.0
"[60,80)",0,1125795,0,2021-02-06,0.0
"[60,80)",1,1310941,0,2021-02-06,0.0
,0,4204146,0,2021-02-06,0.0
,1,4156953,0,2021-02-06,0.0
"[60,80)",0,1125701,0,2021-02-07,0.0
"[60,80)",1,1310885,0,2021-02-07,0.0
,0,4204063,0,2021-02-07,0.0
,1,4156804,0,2021-02-07,0.0
"[60,80)",0,1125634,0,2021-02-08,0.0
"[60,80)",1,1310827,0,2021-02-08,0.0
,0,4203970,0,2021-02-08,0.0
,1,4156695,0,2021-02-08,0.0
"[60,80)",0,1125566,0,2021-02-09,0.0
"[60,80)",1,1310763,0,2021-02-09,0.0
,0,4203897,0,2021-02-09,0.0
,1,4156585,0,2021-02-09,0.0
"[60,80)",0,1125482,0,2021-02-10,0.0
"[60,80)",1,1310710,0,2021-02-10,0.0
,0,4203798,0,2021-02-10,0.0
,1,4156475,0,2021-02-10,0.0
"[60,80)",0,1125419,0,2021-02-11,0.0
"[60,80)",1,1310661,0,2021-02-11,0.0
,0,4203702,0,2021-02-11,0.0
,1,4156384,0,2021-02-11,0.0
"[60,80)",0,1125334,0,2021-02-12,0.0
"[60,80)",1,1310613,0,2021-02-12,0.0
,0,4203610,0,2021-02-12,0.0
,1,4156267,0,2021-02-12,0.0
"[60,80)",0,1125249,0,2021-02-13,0.0
"[60,80)",1,1310565,0,2021-02-13,0.0
,0,4203523,0,2021-02-13,0.0
,1,4156150,0,2021-02-13,0.0
"[60,80)",0,1125154,0,2021-02-14,0.0
"[60,80)",1,1310516,0,2021-02-14,0.0
,0,4203427,0,2021-02-14,0.0
,1,4156029,0,2021-02-14,0.0
"[60,80)",0,1125067,0,2021-02-15,0.0
"[60,80)",1,1310464,0,2021-02-15,0.0
,0,4203330,0,2021-02-15,0.0
,1,4155929,0,2021-02-15,0.0
"[60,80)",0,1124984,0,2021-02-16,0.0
"[60,80)",1,1310415,0,2021-02-16,0.0
,0,4203243,0,2021-02-16,0.0
,1,4155818,0,2021-02-16,0.0
"[60,80)",0,1124907,0,2021-02-17,0.0
"[60,80)",1,1310349,0,2021-02-17,0.0
,0,4203163,0,2021-02-17,0.0
,1,4155720,0,2021-02-17,0.0
"[60,80)",0,1124835,0,2021-02-18,0.0
"[60,80)",1,1310298,0,2021-02-18,0.0
,0,4203077,0,2021-02-18,0.0
,1,4155606,0,2021-02-18,0.0
"[60,80)",0,1124739,0,2021-02-19,0.0
"[60,80)",1,1310239,0,2021-02-19,0.0
,0,4202995,0,2021-02-19,0.0
,1,4155484,0,2021-02-19,0.0
"[60,80)",0,1124658,0,2021-02-20,0.0
"[60,80)",1,1310180,0,2021-02-20,0.0
,0,4202909,0,2021-02-20,0.0
,1,4155368,0,2021-02-20,0.0
"[60,80)",0,1124563,0,2021-02-21,0.0
"[60,80)",1,1310128,0,2021-02-21,0.0
,0,4202821,0,2021-02-21,0.0
,1,4155267,0,2021-02-21,0.0
"[60,80)",0,1124485,0,2021-02-22,0.0
"[60,80)",1,1310088,0,2021-02-22,0.0
,0,4202738,0,2021-02-22,0.0
,1,4155160,0,2021-02-22,0.0
"[60,80)",0,1124397,0,2021-02-23,0.0
"[60,80)",1,1310042,0,2021-02-23,0.0
,0,4202656,0,2021-02-23,0.0
,1,4155054,0,2021-02-23,0.0
"[60,80)",0,1124295,0,2021-02-24,0.0
"[60,80)",1,1309993,0,2021-02-24,0.0
,0,4202586,0,2021-02-24,0.0
,1,4154947,0,2021-02-24,0.0
"[60,80)",0,1124208,0,2021-02-25,0.0
"[60,80)",1,1309938,0,2021-02-25,0.0
,0,4202483,0,2021-02-25,0.0
,1,4154827,0,2021-02-25,0.0
"[60,80)",0,1124120,0,2021-02-26,0.0
"[60,80)",1,1309887,0,2021-02-26,0.0
,0,4202409,0,2021-02-26,0.0
,1,4154714,0,2021-02-26,0.0
"[60,80)",0,1124011,0,2021-02-27,0.0
"[60,80)",1,1309829,0,2021-02-27,0.0
,0,4202318,0,2021-02-27,0.0
,1,4154591,0,2021-02-27,0.0
"[60,80)",0,1123940,0,2021-02-28,0.0
"[60,80)",1,1309780,0,2021-02-28,0.0
,0,4202216,0,2021-02-28,0.0
,1,4154479,0,2021-02-28,0.0
"[60,80)",0,1123855,0,2021-03-01,0.0
"[60,80)",1,1309728,0,2021-03-01,0.0
,0,4202145,0,2021-03-01,0.0
,1,4154377,0,2021-03-01,0.0
"[60,80)",0,1123758,0,2021-03-02,0.0
"[60,80)",1,1309678,0,2021-03-02,0.0
,0,4202061,0,2021-03-02,0.0
,1,4154271,0,2021-03-02,0.0
"[60,80)",0,1123692,0,2021-03-03,0.0
"[60,80)",1,1309638,0,2021-03-03,0.0
,0,4201984,0,2021-03-03,0.0
,1,4154171,0,2021-03-03,0.0
"[60,80)",0,1123608,0,2021-03-04,0.0
"[60,80)",1,1309574,0,2021-03-04,0.0
,0,4201912,0,2021-03-04,0.0
,1,4154068,0,2021-03-04,0.0
"[60,80)",0,1123516,0,2021-03-05,0.0
"[60,80)",1,1309528,0,2021-03-05,0.0
,0,4201842,0,2021-03-05,0.0
,1,4153945,0,2021-03-05,0.0
"[60,80)",0,1123431,0,2021-03-06,0.0
"[60,80)",1,1309488,0,2021-03-06,0.0
,0,4201754,0,2021-03-06,0.0
,1,4153846,0,2021-03-06,0.0
"[60,80)",0,1123331,0,2021-03-07,0.0
"[60,80)",1,1309425,0,2021-03-07,0.0
,0,4201674,0,2021-03-07,0.0
,1,4153746,0,2021-03-07,0.0
"[60,80)",0,1123257,0,2021-03-08,0.0
"[60,80)",1,1309385,0,2021-03-08,0.0
,0,4201592,0,2021-03-08,0.0
,1,4153659,0,2021-03-08,0.0
"[60,80)",0,1123175,0,2021-03-09,0.0
"[60,80)",1,1309321,0,2021-03-09,0.0
,0,4201520,0,2021-03-09,0.0
,1,4153530,0,2021-03-09,0.0
"[60,80)",0,1123093,0,2021-03-10,0.0
"[60,80)",1,1309259,0,2021-03-10,0.0
,0,4201441,0,2021-03-10,0.0
,1,4153412,0,2021-03-10,0.0
"[60,80)",0,1123009,0,2021-03-11,0.0
"[60,80)",1,1309207,0,2021-03-11,0.0
,0,4201358,0,2021-03-11,0.0
,1,4153293,0,2021-03-11,0.0
"[60,80)",0,1122917,0,2021-03-12,0.0
"[60,80)",1,1309153,0,2021-03-12,0.0
,0,4201266,0,2021-03-12,0.0
,1,4153185,0,2021-03-12,0.0
"[60,80)",0,1122841,0,2021-03-13,0.0
"[60,80)",1,1309095,0,2021-03-13,0.0
,0,4201180,0,2021-03-13,0.0
,1,4153071,0,2021-03-13,0.0
"[60,80)",0,1122742,0,2021-03-14,0.0
"[60,80)",1,1309061,0,2021-03-14,0.0
,0,4201094,0,2021-03-14,0.0
,1,4152944,0,2021-03-14,0.0
"[60,80)",0,1122666,0,2021-03-15,0.0
"[60,80)",1,1309014,0,2021-03-15,0.0
,0,4201014,0,2021-03-15,0.0
,1,4152842,0,2021-03-15,0.0
"[60,80)",0,1122583,0,2021-03-16,0.0
"[60,80)",1,1308961,0,2021-03-16,0.0
,0,4200911,0,2021-03-16,0.0
,1,4152746,0,2021-03-16,0.0
"[60,80)",0,1122492,0,2021-03-17,0.0
"[60,80)",1,1308901,0,2021-03-17,0.0
,0,4200839,0,2021-03-17,0.0
,1,4152635,0,2021-03-17,0.0
"[60,80)",0,1122413,0,2021-03-18,0.0
"[60,80)",1,1308841,0,2021-03-18,0.0
,0,4200759,0,2021-03-18,0.0
,1,4152529,0,2021-03-18,0.0
"[60,80)",0,1122320,0,2021-03-19,0.0
"[60,80)",1,1308774,0,2021-03-19,0.0
,0,4200671,0,2021-03-19,0.0
,1,4152397,0,2021-03-19,0.0
"[60,80)",0,1122228,0,2021-03-20,0.0
"[60,80)",1,1308717,0,2021-03-20,0.0
,0,4200599,0,2021-03-20,0.0
,1,4152298,0,2021-03-20,0.0
"[60,80)",0,1122134,0,2021-03-21,0.0
"[60,80)",1,1308673,0,2021-03-21,0.0
,0,4200514,0,2021-03-21,0.0
,1,4152202,0,2021-03-21,0.0
"[60,80)",0,1122052,0,2021-03-22,0.0
"[60,80)",1,1308623,0,2021-03-22,0.0
,0,4200433,0,2021-03-22,0.0
,1,4152085,0,2021-03-22,0.0
"[60,80)",0,1121965,0,2021-03-23,0.0
"[60,80)",1,1308573,0,2021-03-23,0.0
,0,4200359,0,2021-03-23,0.0
,1,4151986,0,2021-03-23,0.0
"[60,80)",0,1121876,0,2021-03-24,0.0
"[60,80)",1,1308513,0,2021-03-24,0.0
,0,4200273,0,2021-03-24,0.0
,1,4151880,0,2021-03-24,0.0
"[60,80)",0,1121802,0,2021-03-25,0.0
"[60,80)",1,1308458,0,2021-03-25,0.0
,0,4200210,0,2021-03-25,0.0
,1,4151775,0,2021-03-25,0.0
"[60,80)",0,1121727,0,2021-03-26,0.0
"[60,80)",1,1308398,0,2021-03-26,0.0
,0,4200134,0,2021-03-26,0.0
,1,4151670,0,2021-03-26,0.0
"[60,80)",0,1121633,0,2021-03-27,0.0
"[60,80)",1,1308342,0,2021-03-27,0.0
,0,4200051,0,2021-03-27,0.0
,1,4151576,0,2021-03-27,0.0
"[60,80)",0,1121540,0,2021-03-28,0.0
"[60,80)",1,1308276,0,2021-03-28,0.0
,0,4199953,0,2021-03-28,0.0
,1,4151484,0,2021-03-28,0.0
"[60,80)",0,1121467,0,2021-03-29,0.0
"[60,80)",1,1308214,0,2021-03-29,0.0
,0,4199866,0,2021-03-29,0.0
,1,4151375,0,2021-03-29,0.0
"[60,80)",0,1121375,0,2021-03-30,0.0
"[60,80)",1,1308160,0,2021-03-30,0.0
,0,4199796,0,2021-03-30,0.0
,1,4151261,0,2021-03-30,0.0
"[60,80)",0,1121285,0,2021-03-31,0.0
"[60,80)",1,1308097,0,2021-03-31,0.0
,0,4199721,0,2021-03-31,0.0
,1,4151144,0,2021-03-31,0.0
"[60,80)",0,1121204,0,2021-04-01,0.0
"[60,80)",1,1308054,0,2021-04-01,0.0
,0,4199635,0,2021-04-01,0.0
,1,4151032,0,2021-04-01,0.0
"[60,80)",0,1121124,0,2021-04-02,0.0
"[60,80)",1,1308007,0,2021-04-02,0.0
,0,4199551,0,2021-04-02,0.0
,1,4150932,0,2021-04-02,0.0
"[60,80)",0,1121059,0,2021-04-03,0.0
"[60,80)",1,1307963,0,2021-04-03,0.0
,0,4199461,0,2021-04-03,0.0
,1,4150832,0,2021-04-03,0.0
"[60,80)",0,1120982,0,2021-04-04,0.0
"[60,80)",1,1307914,0,2021-04-04,0.0
,0,4199373,0,2021-04-04,0.0
,1,4150725,0,2021-04-04,0.0
"[60,80)",0,1120880,0,2021-04-05,0.0
"[60,80)",1,1307878,0,2021-04-05,0.0
,0,4199278,0,2021-04-05,0.0
,1,4150614,0,2021-04-05,0.0
"[60,80)",0,1120793,0,2021-04-06,0.0
"[60,80)",1,1307826,0,2021-04-06,0.0
,0,4199195,0,2021-04-06,0.0
,1,4150501,0,2021-04-06,0.0
"[60,80)",0,1120714,0,2021-04-07,0.0
"[60,80)",1,1307779,0,2021-04-07,0.0
,0,4199124,0,2021-04-07,0.0
,1,4150390,0,2021-04-07,0.0
"[60,80)",0,1120614,0,2021-04-08,0.0
"[60,80)",1,1307730,0,2021-04-08,0.0
,0,4199049,0,2021-04-08,0.0
,1,4150288,0,2021-04-08,0.0
"[60,80)",0,1120538,0,2021-04-09,0.0
"[60,80)",1,1307678,0,2021-04-09,0.0
,0,4198978,0,2021-04-09,0.0
,1,4150178,0,2021-04-09,0.0
"[60,80)",0,1120461,0,2021-04-10,0.0
"[60,80)",1,1307631,0,2021-04-10,0.0
,0,4198891,0,2021-04-10,0.0
,1,4150078,0,2021-04-10,0.0
"[60,80)",0,1120380,0,2021-04-11,0.0
"[60,80)",1,1307577,0,2021-04-11,0.0
,0,4198806,0,2021-04-11,0.0
,1,4149990,0,2021-04-11,0.0
"[60,80)",0,1120286,0,2021-04-12,0.0
"[60,80)",1,1307525,0,2021-04-12,0.0
,0,4198725,0,2021-04-12,0.0
,1,4149897,0,2021-04-12,0.0
"[60,80)",0,1120200,0,2021-04-13,0.0
"[60,80)",1,1307478,0,2021-04-13,0.0
,0,4198649,0,2021-04-13,0.0
,1,4149808,0,2021-04-13,0.0
"[60,80)",0,1120123,0,2021-04-14,0.0
"[60,80)",1,1307431,0,2021-04-14,0.0
,0,4198588,0,2021-04-14,0.0
,1,4149706,0,2021-04-14,0.0
"[60,80)",0,1120050,0,2021-04-15,0.0
"[60,80)",1,1307383,0,2021-04-15,0.0
,0,4198507,0,2021-04-15,0.0
,1,4149616,0,2021-04-15,0.0
"[60,80)",0,1119979,0,2021-04-16,0.0
"[60,80)",1,1307345,0,2021-04-16,0.0
,0,4198419,0,2021-04-16,0.0
,1,4149523,0,2021-04-16,0.0
"[60,80)",0,1119889,0,2021-04-17,0.0
"[60,80)",1,1307310,0,2021-04-17,0.0
,0,4198344,0,2021-04-17,0.0
,1,4149425,0,2021-04-17,0.0
"[60,80)",0,1119818,0,2021-04-18,0.0
"[60,80)",1,1307267,0,2021-04-18,0.0
,0,4198264,0,2021-04-18,0.0
,1,4149335,0,2021-04-18,0.0
"[60,80)",0,1119749,0,2021-04-19,0.0
"[60,80)",1,1307211,0,2021-04-19,0.0
,0,4198200,0,2021-04-19,0.0
,1,4149242,0,2021-04-19,0.0
"[60,80)",0,1119670,0,2021-04-20,0.0
"[60,80)",1,1307170,0,2021-04-20,0.0
,0,4198117,0,2021-04-20,0.0
,1,4149152,0,2021-04-20,0.0
"[60,80)",0,1119593,0,2021-04-21,0.0
"[60,80)",1,1307123,0,2021-04-21,0.0
,0,4198042,0,2021-04-21,0.0
,1,4149059,0,2021-04-21,0.0
"[60,80)",0,1119521,0,2021-04-22,0.0
"[60,80)",1,1307082,0,2021-04-22,0.0
,0,4197964,0,2021-04-22,0.0
,1,4148953,0,2021-04-22,0.0
"[60,80)",0,1119455,0,2021-04-23,0.0
"[60,80)",1,1307036,0,2021-04-23,0.0
,0,4197898,0,2021-04-23,0.0
,1,4148864,0,2021-04-23,0.0
"[60,80)",0,1119365,0,2021-04-24,0.0
"[60,80)",1,1306977,0,2021-04-24,0.0
,0,4197837,0,2021-04-24,0.0
,1,4148754,0,2021-04-24,0.0
"[60,80)",0,1119283,0,2021-04-25,0.0
"[60,80)",1,1306929,0,2021-04-25,0.0
,0,4197772,0,2021-04-25,0.0
,1,4148667,0,2021-04-25,0.0
"[60,80)",0,1119205,0,2021-04-26,0.0
"[60,80)",1,1306873,0,2021-04-26,0.0
,0,4197690,0,2021-04-26,0.0
,1,4148555,0,2021-04-26,0.0
"[60,80)",0,1119121,0,2021-04-27,0.0
"[60,80)",1,1306823,0,2021-04-27,0.0
,0,4197610,0,2021-04-27,0.0
,1,4148437,0,2021-04-27,0.0
"[60,80)",0,1119034,0,2021-04-28,0.0
"[60,80)",1,1306782,0,2021-04-28,0.0
,0,4197532,0,2021-04-28,0.0
,1,4148346,0,2021-04-28,0.0
"[60,80)",0,1118954,0,2021-04-29,0.0
"[60,80)",1,1306732,0,2021-04-29,0.0
,0,4197465,0,2021-04-29,0.0
,1,4148260,0,2021-04-29,0.0
"[60,80)",0,1118891,0,2021-04-30,0.0
"[60,80)",1,1306677,0,2021-04-30,0.0
,0,4197397,0,2021-04-30,0.0
,1,4148157,0,2021-04-30,0.0
"[60,80)",0,1118821,0,2021-05-01,0.0
"[60,80)",1,1306626,0,2021-05-01,0.0
,0,4197331,0,2021-05-01,0.0
,1,4148071,0,2021-05-01,0.0
"[60,80)",0,1118757,0,2021-05-02,0.0
"[60,80)",1,1306584,0,2021-05-02,0.0
,0,4197257,0,2021-05-02,0.0
,1,4147981,0,2021-05-02,0.0
"[60,80)",0,1118677,0,2021-05-03,0.0
"[60,80)",1,1306543,0,2021-05-03,0.0
,0,4197205,0,2021-05-03,0.0
,1,4147889,0,2021-05-03,0.0
"[60,80)",0,1118599,0,2021-05-04,0.0
"[60,80)",1,1306493,0,2021-05-04,0.0
,0,4197124,0,2021-05-04,0.0
,1,4147799,0,2021-05-04,0.0
"[60,80)",0,1118525,0,2021-05-05,0.0
"[60,80)",1,1306447,0,2021-05-05,0.0
,0,4197041,0,2021-05-05,0.0
,1,4147700,0,2021-05-05,0.0
"[60,80)",0,1118447,0,2021-05-06,0.0
"[60,80)",1,1306408,0,2021-05-06,0.0
,0,4196960,0,2021-05-06,0.0
,1,4147597,0,2021-05-06,0.0
"[60,80)",0,1118363,0,2021-05-07,0.0
"[60,80)",1,1306363,0,2021-05-07,0.0
,0,4196881,0,2021-05-07,0.0
,1,4147493,0,2021-05-07,0.0
"[60,80)",0,1118292,0,2021-05-08,0.0
"[60,80)",1,1306324,0,2021-05-08,0.0
,0,4196816,0,2021-05-08,0.0
,1,4147417,0,2021-05-08,0.0
"[60,80)",0,1118204,0,2021-05-09,0.0
"[60,80)",1,1306273,0,2021-05-09,0.0
,0,4196753,0,2021-05-09,0.0
,1,4147312,0,2021-05-09,0.0
"[60,80)",0,1118138,0,2021-05-10,0.0
"[60,80)",1,1306220,0,2021-05-10,0.0
,0,4196682,0,2021-05-10,0.0
,1,4147232,0,2021-05-10,0.0
"[60,80)",0,1118075,0,2021-05-11,0.0
"[60,80)",1,1306169,0,2021-05-11,0.0
,0,4196602,0,2021-05-11,0.0
,1,4147144,0,2021-05-11,0.0
"[60,80)",0,1117995,0,2021-05-12,0.0
"[60,80)",1,1306123,0,2021-05-12,0.0
,0,4196541,0,2021-05-12,0.0
,1,4147030,0,2021-05-12,0.0
"[60,80)",0,1117910,0,2021-05-13,0.0
"[60,80)",1,1306075,0,2021-05-13,0.0
,0,4196458,0,2021-05-13,0.0
,1,4146943,0,2021-05-13,0.0
"[60,80)",0,1117837,0,2021-05-14,0.0
"[60,80)",1,1306032,0,2021-05-14,0.0
,0,4196380,0,2021-05-14,0.0
,1,4146857,0,2021-05-14,0.0
"[60,80)",0,1117771,0,2021-05-15,0.0
"[60,80)",1,1305986,0,2021-05-15,0.0
,0,4196314,0,2021-05-15,0.0
,1,4146750,0,2021-05-15,0.0
"[60,80)",0,1117707,0,2021-05-16,0.0
"[60,80)",1,1305947,0,2021-05-16,0.0
,0,4196257,0,2021-05-16,0.0
,1,4146655,0,2021-05-16,0.0
"[60,80)",0,1117634,0,2021-05-17,0.0
"[60,80)",1,1305888,0,2021-05-17,0.0
,0,4196196,0,2021-05-17,0.0
,1,4146564,0,2021-05-17,0.0
"[60,80)",0,1117559,0,2021-05-18,0.0
"[60,80)",1,1305849,0,2021-05-18,0.0
,0,4196129,0,2021-05-18,0.0
,1,4146488,0,2021-05-18,0.0
"[60,80)",0,1117472,0,2021-05-19,0.0
"[60,80)",1,1305799,0,2021-05-19,0.0
,0,4196050,0,2021-05-19,0.0
,1,4146404,0,2021-05-19,0.0
"[60,80)",0,1117421,0,2021-05-20,0.0
"[60,80)",1,1305748,0,2021-05-20,0.0
,0,4195987,0,2021-05-20,0.0
,1,4146311,0,2021-05-20,0.0
"[60,80)",0,1117352,0,2021-05-21,0.0
"[60,80)",1,1305705,0,2021-05-21,0.0
,0,4195930,0,2021-05-21,0.0
,1,4146224,0,2021-05-21,0.0
"[60,80)",0,1117285,0,2021-05-22,0.0
"[60,80)",1,1305655,0,2021-05-22,0.0
,0,4195861,0,2021-05-22,0.0
,1,4146149,0,2021-05-22,0.0
"[60,80)",0,1117216,0,2021-05-23,0.0
"[60,80)",1,1305617,0,2021-05-23,0.0
,0,4195787,0,2021-05-23,0.0
,1,4146052,0,2021-05-23,0.0
"[60,80)",0,1117142,0,2021-05-24,0.0
"[60,80)",1,1305561,0,2021-05-24,0.0
,0,4195703,0,2021-05-24,0.0
,1,4145960,0,2021-05-24,0.0
"[60,80)",0,1117062,0,2021-05-25,0.0
"[60,80)",1,1305510,0,2021-05-25,0.0
,0,4195632,0,2021-05-25,0.0
,1,4145866,0,2021-05-25,0.0
"[60,80)",0,1116979,0,2021-05-26,0.0
"[60,80)",1,1305464,0,2021-05-26,0.0
,0,4195565,0,2021-05-26,0.0
,1,4145782,0,2021-05-26,0.0
"[60,80)",0,1116904,0,2021-05-27,0.0
"[60,80)",1,1305421,0,2021-05-27,0.0
,0,4195498,0,2021-05-27,0.0
,1,4145705,0,2021-05-27,0.0
"[60,80)",0,1116813,0,2021-05-28,0.0
"[60,80)",1,1305373,0,2021-05-28,0.0
,0,4195418,0,2021-05-28,0.0
,1,4145609,0,2021-05-28,0.0
"[60,80)",0,1116717,0,2021-05-29,0.0
"[60,80)",1,1305324,0,2021-05-29,0.0
,0,4195350,0,2021-05-29,0.0
,1,4145512,0,2021-05-29,0.0
"[60,80)",0,1116637,0,2021-05-30,0.0
"[60,80)",1,1305281,0,2021-05-30,0.0
,0,4195274,0,2021-05-30,0.0
,1,4145418,0,2021-05-30,0.0
"[60,80)",0,1116547,0,2021-05-31,0.0
"[60,80)",1,1305225,0,2021-05-31,0.0
,0,4195202,0,2021-05-31,0.0
,1,4145307,0,2021-05-31,0.0
"[60,80)",0,1116465,0,2021-06-01,0.0
"[60,80)",1,1305171,0,2021-06-01,0.0
,0,4195149,0,2021-06-01,0.0
,1,4145211,0,2021-06-01,0.0
"[60,80)",0,1116379,0,2021-06-02,0.0
"[60,80)",1,1305121,0,2021-06-02,0.0
,0,4195067,0,2021-06-02,0.0
,1,4145115,0,2021-06-02,0.0
"[60,80)",0,1116301,0,2021-06-03,0.0
"[60,80)",1,1305083,0,2021-06-03,0.0
,0,4194998,0,2021-06-03,0.0
,1,4145011,0,2021-06-03,0.0
"[60,80)",0,1116240,0,2021-06-04,0.0
"[60,80)",1,1305030,0,2021-06-04,0.0
,0,4194922,0,2021-06-04,0.0
,1,4144938,0,2021-06-04,0.0
"[60,80)",0,1116161,0,2021-06-05,0.0
"[60,80)",1,1304969,0,2021-06-05,0.0
,0,4194840,0,2021-06-05,0.0
,1,4144861,0,2021-06-05,0.0
"[60,80)",0,1116105,0,2021-06-06,0.0
"[60,80)",1,1304925,0,2021-06-06,0.0
,0,4194772,0,2021-06-06,0.0
,1,4144775,0,2021-06-06,0.0
"[60,80)",0,1116026,0,2021-06-07,0.0
"[60,80)",1,1304879,0,2021-06-07,0.0
,0,4194703,0,2021-06-07,0.0
,1,4144659,0,2021-06-07,0.0
"[60,80)",0,1115952,0,2021-06-08,0.0
"[60,80)",1,1304843,0,2021-06-08,0.0
,0,4194630,0,2021-06-08,0.0
,1,4144568,0,2021-06-08,0.0
"[60,80)",0,1115865,0,2021-06-09,0.0
"[60,80)",1,1304802,0,2021-06-09,0.0
,0,4194561,0,2021-06-09,0.0
,1,4144473,0,2021-06-09,0.0
"[60,80)",0,1115772,0,2021-06-10,0.0
"[60,80)",1,1304764,0,2021-06-10,0.0
,0,4194478,0,2021-06-10,0.0
,1,4144396,0,2021-06-10,0.0
"[60,80)",0,1115702,0,2021-06-11,0.0
"[60,80)",1,1304711,0,2021-06-11,0.0
,0,4194407,0,2021-06-11,0.0
,1,4144308,0,2021-06-11,0.0
"[60,80)",0,1115629,0,2021-06-12,0.0
"[60,80)",1,1304656,0,2021-06-12,0.0
,0,4194332,0,2021-06-12,0.0
,1,4144204,0,2021-06-12,0.0
"[60,80)",0,1115540,0,2021-06-13,0.0
"[60,80)",1,1304607,0,2021-06-13,0.0
,0,4194264,0,2021-06-13,0.0
,1,4144097,0,2021-06-13,0.0
"[60,80)",0,1115466,0,2021-06-14,0.0
"[60,80)",1,1304556,0,2021-06-14,0.0
,0,4194196,0,2021-06-14,0.0
,1,4144001,0,2021-06-14,0.0
"[60,80)",0,1115397,0,2021-06-15,0.0
"[60,80)",1,1304504,0,2021-06-15,0.0
,0,4194121,0,2021-06-15,0.0
,1,4143911,0,2021-06-15,0.0
"[60,80)",0,1115333,0,2021-06-16,0.0
"[60,80)",1,1304454,0,2021-06-16,0.0
,0,4194056,0,2021-06-16,0.0
,1,4143811,0,2021-06-16,0.0
"[60,80)",0,1115276,0,2021-06-17,0.0
"[60,80)",1,1304407,0,2021-06-17,0.0
,0,4193978,0,2021-06-17,0.0
,1,4143727,0,2021-06-17,0.0
"[60,80)",0,1115201,0,2021-06-18,0.0
"[60,80)",1,1304368,0,2021-06-18,0.0
,0,4193909,0,2021-06-18,0.0
,1,4143643,0,2021-06-18,0.0
"[60,80)",0,1115113,0,2021-06-19,0.0
"[60,80)",1,1304329,0,2021-06-19,0.0
,0,4193845,0,2021-06-19,0.0
,1,4143545,0,2021-06-19,0.0
"[60,80)",0,1115035,0,2021-06-20,0.0
"[60,80)",1,1304280,0,2021-06-20,0.0
,0,4193777,0,2021-06-20,0.0
,1,4143444,0,2021-06-20,0.0
"[60,80)",0,1114956,0,2021-06-21,0.0
"[60,80)",1,1304236,0,2021-06-21,0.0
,0,4193708,0,2021-06-21,0.0
,1,4143374,0,2021-06-21,0.0
"[60,80)",0,1114868,0,2021-06-22,0.0
"[60,80)",1,1304183,0,2021-06-22,0.0
,0,4193624,0,2021-06-22,0.0
,1,4143270,0,2021-06-22,0.0
"[60,80)",0,1114784,0,2021-06-23,0.0
"[60,80)",1,1304132,0,2021-06-23,0.0
,0,4193542,0,2021-06-23,0.0
,1,4143161,0,2021-06-23,0.0
"[60,80)",0,1114708,0,2021-06-24,0.0
"[60,80)",1,1304078,0,2021-06-24,0.0
,0,4193455,0,2021-06-24,0.0
,1,4143065,0,2021-06-24,0.0
"[60,80)",0,1114626,0,2021-06-25,0.0
"[60,80)",1,1304024,0,2021-06-25,0.0
,0,4193386,0,2021-06-25,0.0
,1,4142946,0,2021-06-25,0.0
"[60,80)",0,1114553,0,2021-06-26,0.0
"[60,80)",1,1303972,0,2021-06-26,0.0
,0,4193309,0,2021-06-26,0.0
,1,4142847,0,2021-06-26,0.0
"[60,80)",0,1114480,0,2021-06-27,0.0
"[60,80)",1,1303920,0,2021-06-27,0.0
,0,4193236,0,2021-06-27,0.0
,1,4142756,0,2021-06-27,0.0
"[60,80)",0,1114406,0,2021-06-28,0.0
"[60,80)",1,1303880,0,2021-06-28,0.0
,0,4193161,0,2021-06-28,0.0
,1,4142656,0,2021-06-28,0.0
"[60,80)",0,1114327,0,2021-06-29,0.0
"[60,80)",1,1303826,0,2021-06-29,0.0
,0,4193080,0,2021-06-29,0.0
,1,4142571,0,2021-06-29,0.0
"[60,80)",0,1114253,0,2021-06-30,0.0
"[60,80)",1,1303781,0,2021-06-30,0.0
,0,4193002,0,2021-06-30,0.0
,1,4142459,0,2021-06-30,0.0
"[60,80)",0,1114184,0,2021-07-01,0.0
"[60,80)",1,1303723,0,2021-07-01,0.0
,0,4192921,0,2021-07-01,0.0
,1,4142367,0,2021-07-01,0.0
"[60,80)",0,1114103,0,2021-07-02,0.0
"[60,80)",1,1303684,0,2021-07-02,0.0
,0,4192834,0,2021-07-02,0.0
,1,4142277,0,2021-07-02,0.0
"[60,80)",0,1114046,0,2021-07-03,0.0
"[60,80)",1,1303638,0,2021-07-03,0.0
,0,4192766,0,2021-07-03,0.0
,1,4142175,0,2021-07-03,0.0
"[60,80)",0,1113966,0,2021-07-04,0.0
"[60,80)",1,1303607,0,2021-07-04,0.0
,0,4192700,0,2021-07-04,0.0
,1,4142101,0,2021-07-04,0.0
"[60,80)",0,1113882,0,2021-07-05,0.0
"[60,80)",1,1303559,0,2021-07-05,0.0
,0,4192633,0,2021-07-05,0.0
,1,4142002,0,2021-07-05,0.0
"[60,80)",0,1113802,0,2021-07-06,0.0
"[60,80)",1,1303503,0,2021-07-06,0.0
,0,4192548,0,2021-07-06,0.0
,1,4141910,0,2021-07-06,0.0
"[60,80)",0,1113736,0,2021-07-07,0.0
"[60,80)",1,1303453,0,2021-07-07,0.0
,0,4192472,0,2021-07-07,0.0
,1,4141824,0,2021-07-07,0.0
"[60,80)",0,1113663,0,2021-07-08,0.0
"[60,80)",1,1303416,0,2021-07-08,0.0
,0,4192386,0,2021-07-08,0.0
,1,4141731,0,2021-07-08,0.0
"[60,80)",0,1113586,0,2021-07-09,0.0
"[60,80)",1,1303364,0,2021-07-09,0.0
,0,4192314,0,2021-07-09,0.0
,1,4141642,0,2021-07-09,0.0
"[60,80)",0,1113499,0,2021-07-10,0.0
"[60,80)",1,1303311,0,2021-07-10,0.0
,0,4192240,0,2021-07-10,0.0
,1,4141547,0,2021-07-10,0.0
"[60,80)",0,1113423,0,2021-07-11,0.0
"[60,80)",1,1303256,0,2021-07-11,0.0
,0,4192169,0,2021-07-11,0.0
,1,4141464,0,2021-07-11,0.0
"[60,80)",0,1113349,0,2021-07-12,0.0
"[60,80)",1,1303203,0,2021-07-12,0.0
,0,4192092,0,2021-07-12,0.0
,1,4141373,0,2021-07-12,0.0
"[60,80)",0,1113271,0,2021-07-13,0.0
"[60,80)",1,1303155,0,2021-07-13,0.0
,0,4192041,0,2021-07-13,0.0
,1,4141284,0,2021-07-13,0.0
"[60,80)",0,1113189,0,2021-07-14,0.0
"[60,80)",1,1303113,0,2021-07-14,0.0
,0,4191971,0,2021-07-14,0.0
,1,4141198,0,2021-07-14,0.0
"[60,80)",0,1113119,0,2021-07-15,0.0
"[60,80)",1,1303069,0,2021-07-15,0.0
,0,4191902,0,2021-07-15,0.0
,1,4141117,0,2021-07-15,0.0
"[60,80)",0,1113037,0,2021-07-16,0.0
"[60,80)",1,1303013,0,2021-07-16,0.0
,0,4191832,0,2021-07-16,0.0
,1,4141028,0,2021-07-16,0.0
"[60,80)",0,1112966,0,2021-07-17,0.0
"[60,80)",1,1302971,0,2021-07-17,0.0
,0,4191754,0,2021-07-17,0.0
,1,4140929,0,2021-07-17,0.0
"[60,80)",0,1112898,0,2021-07-18,0.0
"[60,80)",1,1302930,0,2021-07-18,0.0
,0,4191674,0,2021-07-18,0.0
,1,4140850,0,2021-07-18,0.0
"[60,80)",0,1112803,0,2021-07-19,0.0
"[60,80)",1,1302895,0,2021-07-19,0.0
,0,4191611,0,2021-07-19,0.0
,1,4140769,0,2021-07-19,0.0
"[60,80)",0,1112696,0,2021-07-20,0.0
"[60,80)",1,1302838,0,2021-07-20,0.0
,0,4191518,0,2021-07-20,0.0
,1,4140678,0,2021-07-20,0.0
"[60,80)",0,1112612,0,2021-07-21,0.0
"[60,80)",1,1302789,0,2021-07-21,0.0
,0,4191433,0,2021-07-21,0.0
,1,4140572,0,2021-07-21,0.0
"[60,80)",0,1112533,0,2021-07-22,0.0
"[60,80)",1,1302755,0,2021-07-22,0.0
,0,4191350,0,2021-07-22,0.0
,1,4140481,0,2021-07-22,0.0
"[60,80)",0,1112447,0,2021-07-23,0.0
"[60,80)",1,1302690,0,2021-07-23,0.0
,0,4191261,0,2021-07-23,0.0
,1,4140379,0,2021-07-23,0.0
"[60,80)",0,1112356,0,2021-07-24,0.0
"[60,80)",1,1302638,0,2021-07-24,0.0
,0,4191176,0,2021-07-24,0.0
,1,4140262,0,2021-07-24,0.0
"[60,80)",0,1112276,0,2021-07-25,0.0
"[60,80)",1,1302593,0,2021-07-25,0.0
,0,4191075,0,2021-07-25,0.0
,1,4140151,0,2021-07-25,0.0
"[60,80)",0,1112202,0,2021-07-26,0.0
"[60,80)",1,1302547,0,2021-07-26,0.0
,0,4191017,0,2021-07-26,0.0
,1,4140043,0,2021-07-26,0.0
"[60,80)",0,1112128,0,2021-07-27,0.0
"[60,80)",1,1302486,0,2021-07-27,0.0
,0,4190944,0,2021-07-27,0.0
,1,4139945,0,2021-07-27,0.0
"[60,80)",0,1112046,0,2021-07-28,0.0
"[60,80)",1,1302442,0,2021-07-28,0.0
,0,4190863,0,2021-07-28,0.0
,1,4139858,0,2021-07-28,0.0
"[60,80)",0,1111967,0,2021-07-29,0.0
"[60,80)",1,1302390,0,2021-07-29,0.0
,0,4190783,0,2021-07-29,0.0
,1,4139752,0,2021-07-29,0.0
"[60,80)",0,1111894,0,2021-07-30,0.0
"[60,80)",1,1302339,0,2021-07-30,0.0
,0,4190697,0,2021-07-30,0.0
,1,4139630,0,2021-07-30,0.0
"[60,80)",0,1111825,0,2021-07-31,0.0
"[60,80)",1,1302287,0,2021-07-31,0.0
,0,4190628,0,2021-07-31,0.0
,1,4139528,0,2021-07-31,0.0
"[60,80)",0,1111757,0,2021-08-01,0.0
"[60,80)",1,1302233,0,2021-08-01,0.0
,0,4190543,0,2021-08-01,0.0
,1,4139432,0,2021-08-01,0.0
"[60,80)",0,1111683,0,2021-08-02,0.0
"[60,80)",1,1302171,0,2021-08-02,0.0
,0,4190458,0,2021-08-02,0.0
,1,4139339,0,2021-08-02,0.0
"[60,80)",0,1111602,0,2021-08-03,0.0
"[60,80)",1,1302115,0,2021-08-03,0.0
,0,4190394,0,2021-08-03,0.0
,1,4139222,0,2021-08-03,0.0
"[60,80)",0,1111520,0,2021-08-04,0.0
"[60,80)",1,1302061,0,2021-08-04,0.0
,0,4190314,0,2021-08-04,0.0
,1,4139133,0,2021-08-04,0.0
"[60,80)",0,1111451,0,2021-08-05,0.0
"[60,80)",1,1301993,0,2021-08-05,0.0
,0,4190244,0,2021-08-05,0.0
,1,4139038,0,2021-08-05,0.0
"[60,80)",0,1111366,0,2021-08-06,0.0
"[60,80)",1,1301936,0,2021-08-06,0.0
,0,4190167,0,2021-08-06,0.0
,1,4138929,0,2021-08-06,0.0
"[60,80)",0,1111292,0,2021-08-07,0.0
"[60,80)",1,1301895,0,2021-08-07,0.0
,0,4190084,0,2021-08-07,0.0
,1,4138818,0,2021-08-07,0.0
"[60,80)",0,1111209,0,2021-08-08,0.0
"[60,80)",1,1301841,0,2021-08-08,0.0
,0,4190017,0,2021-08-08,0.0
,1,4138723,0,2021-08-08,0.0
"[60,80)",0,1111119,0,2021-08-09,0.0
"[60,80)",1,1301792,0,2021-08-09,0.0
,0,4189945,0,2021-08-09,0.0
,1,4138632,0,2021-08-09,0.0
"[60,80)",0,1111035,0,2021-08-10,0.0
"[60,80)",1,1301741,0,2021-08-10,0.0
,0,4189871,0,2021-08-10,0.0
,1,4138529,0,2021-08-10,0.0
"[60,80)",0,1110950,0,2021-08-11,0.0
"[60,80)",1,1301676,0,2021-08-11,0.0
,0,4189783,0,2021-08-11,0.0
,1,4138435,0,2021-08-11,0.0
"[60,80)",0,1110865,0,2021-08-12,0.0
"[60,80)",1,1301623,0,2021-08-12,0.0
,0,4189714,0,2021-08-12,0.0
,1,4138337,0,2021-08-12,0.0
"[60,80)",0,1110806,0,2021-08-13,0.0
"[60,80)",1,1301579,0,2021-08-13,0.0
,0,4189620,0,2021-08-13,0.0
,1,4138248,0,2021-08-13,0.0
"[60,80)",0,1110728,0,2021-08-14,0.0
"[60,80)",1,1301533,0,2021-08-14,0.0
,0,4189548,0,2021-08-14,0.0
,1,4138156,0,2021-08-14,0.0
"[60,80)",0,1110655,0,2021-08-15,0.0
"[60,80)",1,1301496,0,2021-08-15,0.0
,0,4189461,0,2021-08-15,0.0
,1,4138069,0,2021-08-15,0.0
"[60,80)",0,1110568,0,2021-08-16,0.0
"[60,80)",1,1301447,0,2021-08-16,0.0
,0,4189389,0,2021-08-16,0.0
,1,4137963,0,2021-08-16,0.0
"[60,80)",0,1110487,0,2021-08-17,0.0
"[60,80)",1,1301404,0,2021-08-17,0.0
,0,4189298,0,2021-08-17,0.0
,1,4137875,0,2021-08-17,0.0
"[60,80)",0,1110392,0,2021-08-18,0.0
"[60,80)",1,1301357,0,2021-08-18,0.0
,0,4189200,0,2021-08-18,0.0
,1,4137772,0,2021-08-18,0.0
"[60,80)",0,1110325,0,2021-08-19,0.0
"[60,80)",1,1301304,0,2021-08-19,0.0
,0,4189133,0,2021-08-19,0.0
,1,4137673,0,2021-08-19,0.0
"[60,80)",0,1110263,0,2021-08-20,0.0
"[60,80)",1,1301262,0,2021-08-20,0.0
,0,4189060,0,2021-08-20,0.0
,1,4137575,0,2021-08-20,0.0
"[60,80)",0,1110187,0,2021-08-21,0.0
"[60,80)",1,1301221,0,2021-08-21,0.0
,0,4188997,0,2021-08-21,0.0
,1,4137469,0,2021-08-21,0.0
"[60,80)",0,1110113,0,2021-08-22,0.0
"[60,80)",1,1301163,0,2021-08-22,0.0
,0,4188933,0,2021-08-22,0.0
,1,4137370,0,2021-08-22,0.0
"[60,80)",0,1110047,0,2021-08-23,0.0
"[60,80)",1,1301107,0,2021-08-23,0.0
,0,4188863,0,2021-08-23,0.0
,1,4137273,0,2021-08-23,0.0
"[60,80)",0,1109973,0,2021-08-24,0.0
"[60,80)",1,1301065,0,2021-08-24,0.0
,0,4188780,0,2021-08-24,0.0
,1,4137187,0,2021-08-24,0.0
"[60,80)",0,1109885,0,2021-08-25,0.0
"[60,80)",1,1301022,0,2021-08-25,0.0
,0,4188703,0,2021-08-25,0.0
,1,4137071,0,2021-08-25,0.0
"[60,80)",0,1109811,0,2021-08-26,0.0
"[60,80)",1,1300968,0,2021-08-26,0.0
,0,4188625,0,2021-08-26,0.0
,1,4136998,0,2021-08-26,0.0
"[60,80)",0,1109733,0,2021-08-27,0.0
"[60,80)",1,1300927,0,2021-08-27,0.0
,0,4188551,0,2021-08-27,0.0
,1,4136913,0,2021-08-27,0.0
"[60,80)",0,1109652,0,2021-08-28,0.0
"[60,80)",1,1300882,0,2021-08-28,0.0
,0,4188476,0,2021-08-28,0.0
,1,4136813,0,2021-08-28,0.0
"[60,80)",0,1109565,0,2021-08-29,0.0
"[60,80)",1,1300830,0,2021-08-29,0.0
,0,4188408,0,2021-08-29,0.0
,1,4136717,0,2021-08-29,0.0
"[60,80)",0,1109503,0,2021-08-30,0.0
"[60,80)",1,1300786,0,2021-08-30,0.0
,0,4188335,0,2021-08-30,0.0
,1,4136630,0,2021-08-30,0.0
"[60,80)",0,1109409,0,2021-08-31,0.0
"[60,80)",1,1300736,0,2021-08-31,0.0
,0,4188263,0,2021-08-31,0.0
,1,4136546,0,2021-08-31,0.0
"[60,80)",0,1109342,0,2021-09-01,0.0
"[60,80)",1,1300692,0,2021-09-01,0.0
,0,4188203,0,2021-09-01,0.0
,1,4136450,0,2021-09-01,0.0
"[60,80)",0,1109251,0,2021-09-02,0.0
"[60,80)",1,1300640,0,2021-09-02,0.0
,0,4188117,0,2021-09-02,0.0
,1,4136356,0,2021-09-02,0.0
"[60,80)",0,1109182,0,2021-09-03,0.0
"[60,80)",1,1300595,0,2021-09-03,0.0
,0,4188039,0,2021-09-03,0.0
,1,4136269,0,2021-09-03,0.0
"[60,80)",0,1109107,0,2021-09-04,0.0
"[60,80)",1,1300542,0,2021-09-04,0.0
,0,4187972,0,2021-09-04,0.0
,1,4136181,0,2021-09-04,0.0
"[60,80)",0,1109022,0,2021-09-05,0.0
"[60,80)",1,1300501,0,2021-09-05,0.0
,0,4187896,0,2021-09-05,0.0
,1,4136076,0,2021-09-05,0.0
"[60,80)",0,1108937,0,2021-09-06,0.0
"[60,80)",1,1300444,0,2021-09-06,0.0
,0,4187815,0,2021-09-06,0.0
,1,4135993,0,2021-09-06,0.0
"[60,80)",0,1108866,0,2021-09-07,0.0
"[60,80)",1,1300394,0,2021-09-07,0.0
,0,4187735,0,2021-09-07,0.0
,1,4135901,0,2021-09-07,0.0
"[60,80)",0,1108784,0,2021-09-08,0.0
"[60,80)",1,1300343,0,2021-09-08,0.0
,0,4187660,0,2021-09-08,0.0
,1,4135789,0,2021-09-08,0.0
"[60,80)",0,1108709,0,2021-09-09,0.0
"[60,80)",1,1300289,0,2021-09-09,0.0
,0,4187576,0,2021-09-09,0.0
,1,4135701,0,2021-09-09,0.0
"[60,80)",0,1108626,0,2021-09-10,0.0
"[60,80)",1,1300244,0,2021-09-10,0.0
,0,4187487,0,2021-09-10,0.0
,1,4135612,0,2021-09-10,0.0
"[60,80)",0,1108549,0,2021-09-11,0.0
"[60,80)",1,1300191,0,2021-09-11,0.0
,0,4187408,0,2021-09-11,0.0
,1,4135521,0,2021-09-11,0.0
"[60,80)",0,1108469,0,2021-09-12,0.0
"[60,80)",1,1300132,0,2021-09-12,0.0
,0,4187318,0,2021-09-12,0.0
,1,4135401,0,2021-09-12,0.0
"[60,80)",0,1108381,0,2021-09-13,0.0
"[60,80)",1,1300086,0,2021-09-13,0.0
,0,4187207,0,2021-09-13,0.0
,1,4135297,0,2021-09-13,0.0
"[60,80)",0,1108303,0,2021-09-14,0.0
"[60,80)",1,1300036,0,2021-09-14,0.0
,0,4187129,0,2021-09-14,0.0
,1,4135200,0,2021-09-14,0.0
"[60,80)",0,1108237,0,2021-09-15,0.0
"[60,80)",1,1299975,0,2021-09-15,0.0
,0,4187051,0,2021-09-15,0.0
,1,4135110,0,2021-09-15,0.0
"[60,80)",0,1108155,0,2021-09-16,0.0
"[60,80)",1,1299925,0,2021-09-16,0.0
,0,4186969,0,2021-09-16,0.0
,1,4135006,0,2021-09-16,0.0
"[60,80)",0,1108057,0,2021-09-17,0.0
"[60,80)",1,1299865,0,2021-09-17,0.0
,0,4186875,0,2021-09-17,0.0
,1,4134897,0,2021-09-17,0.0
"[60,80)",0,1107968,0,2021-09-18,0.0
"[60,80)",1,1299810,0,2021-09-18,0.0
,0,4186781,0,2021-09-18,0.0
,1,4134793,0,2021-09-18,0.0
"[60,80)",0,1107869,0,2021-09-19,0.0
"[60,80)",1,1299752,0,2021-09-19,0.0
,0,4186681,0,2021-09-19,0.0
,1,4134686,0,2021-09-19,0.0
"[60,80)",0,1107792,0,2021-09-20,0.0
"[60,80)",1,1299698,0,2021-09-20,0.0
,0,4186599,0,2021-09-20,0.0
,1,4134586,0,2021-09-20,0.0
"[60,80)",0,1107712,0,2021-09-21,0.0
"[60,80)",1,1299654,0,2021-09-21,0.0
,0,4186517,0,2021-09-21,0.0
,1,4134479,0,2021-09-21,0.0
"[60,80)",0,1107624,0,2021-09-22,0.0
"[60,80)",1,1299607,0,2021-09-22,0.0
,0,4186413,0,2021-09-22,0.0
,1,4134360,0,2021-09-22,0.0
"[60,80)",0,1107548,0,2021-09-23,0.0
"[60,80)",1,1299551,0,2021-09-23,0.0
,0,4186319,0,2021-09-23,0.0
,1,4134245,0,2021-09-23,0.0
"[60,80)",0,1107462,0,2021-09-24,0.0
"[60,80)",1,1299495,0,2021-09-24,0.0
,0,4186249,0,2021-09-24,0.0
,1,4134144,0,2021-09-24,0.0
"[60,80)",0,1107379,0,2021-09-25,0.0
"[60,80)",1,1299431,0,2021-09-25,0.0
,0,4186159,0,2021-09-25,0.0
,1,4134048,0,2021-09-25,0.0
"[60,80)",0,1107296,0,2021-09-26,0.0
"[60,80)",1,1299379,0,2021-09-26,0.0
,0,4186067,0,2021-09-26,0.0
,1,4133923,0,2021-09-26,0.0
"[60,80)",0,1107207,0,2021-09-27,0.0
"[60,80)",1,1299329,0,2021-09-27,0.0
,0,4185972,0,2021-09-27,0.0
,1,4133799,0,2021-09-27,0.0
"[60,80)",0,1107114,0,2021-09-28,0.0
"[60,80)",1,1299271,0,2021-09-28,0.0
,0,4185890,0,2021-09-28,0.0
,1,4133686,0,2021-09-28,0.0
"[60,80)",0,1107033,0,2021-09-29,0.0
"[60,80)",1,1299209,0,2021-09-29,0.0
,0,4185800,0,2021-09-29,0.0
,1,4133580,0,2021-09-29,0.0
"[60,80)",0,1106952,0,2021-09-30,0.0
"[60,80)",1,1299156,0,2021-09-30,0.0
,0,4185712,0,2021-09-30,0.0
,1,4133462,0,2021-09-30,0.0
"[60,80)",0,1106854,0,2021-10-01,0.0
"[60,80)",1,1299106,0,2021-10-01,0.0
,0,4185617,0,2021-10-01,0.0
,1,4133356,0,2021-10-01,0.0
"[60,80)",0,1106739,0,2021-10-02,0.0
"[60,80)",1,1299040,0,2021-10-02,0.0
,0,4185525,0,2021-10-02,0.0
,1,4133234,0,2021-10-02,0.0
"[60,80)",0,1106645,0,2021-10-03,0.0
"[60,80)",1,1298977,0,2021-10-03,0.0
,0,4185434,0,2021-10-03,0.0
,1,4133116,0,2021-10-03,0.0
"[60,80)",0,1106552,0,2021-10-04,0.0
"[60,80)",1,1298922,0,2021-10-04,0.0
,0,4185350,0,2021-10-04,0.0
,1,4133006,0,2021-10-04,0.0
"[60,80)",0,1106444,0,2021-10-05,0.0
"[60,80)",1,1298857,0,2021-10-05,0.0
,0,4185269,0,2021-10-05,0.0
,1,4132881,0,2021-10-05,0.0
"[60,80)",0,1106340,0,2021-10-06,0.0
"[60,80)",1,1298794,0,2021-10-06,0.0
,0,4185160,0,2021-10-06,0.0
,1,4132757,0,2021-10-06,0.0
"[60,80)",0,1106235,0,2021-10-07,0.0
"[60,80)",1,1298744,0,2021-10-07,0.0
,0,4185057,0,2021-10-07,0.0
,1,4132637,0,2021-10-07,0.0
"[60,80)",0,1106150,0,2021-10-08,0.0
"[60,80)",1,1298674,0,2021-10-08,0.0
,0,4184962,0,2021-10-08,0.0
,1,4132511,0,2021-10-08,0.0
"[60,80)",0,1106063,0,2021-10-09,0.0
"[60,80)",1,1298621,0,2021-10-09,0.0
,0,4184853,0,2021-10-09,0.0
,1,4132382,0,2021-10-09,0.0
"[60,80)",0,1105950,0,2021-10-10,0.0
"[60,80)",1,1298542,0,2021-10-10,0.0
,0,4184732,0,2021-10-10,0.0
,1,4132247,0,2021-10-10,0.0
"[60,80)",0,1105826,0,2021-10-11,0.0
"[60,80)",1,1298473,0,2021-10-11,0.0
,0,4184642,0,2021-10-11,0.0
,1,4132096,0,2021-10-11,0.0
"[60,80)",0,1105712,0,2021-10-12,0.0
"[60,80)",1,1298408,0,2021-10-12,0.0
,0,4184517,0,2021-10-12,0.0
,1,4131954,0,2021-10-12,0.0
"[60,80)",0,1105613,0,2021-10-13,0.0
"[60,80)",1,1298338,0,2021-10-13,0.0
,0,4184401,0,2021-10-13,0.0
,1,4131829,0,2021-10-13,0.0
"[60,80)",0,1105490,0,2021-10-14,0.0
"[60,80)",1,1298274,0,2021-10-14,0.0
,0,4184270,0,2021-10-14,0.0
,1,4131693,0,2021-10-14,0.0
"[60,80)",0,1105385,0,2021-10-15,0.0
"[60,80)",1,1298197,0,2021-10-15,0.0
,0,4184144,0,2021-10-15,0.0
,1,4131546,0,2021-10-15,0.0
"[60,80)",0,1105259,0,2021-10-16,0.0
"[60,80)",1,1298127,0,2021-10-16,0.0
,0,4184017,0,2021-10-16,0.0
,1,4131389,0,2021-10-16,0.0
"[60,80)",0,1105127,0,2021-10-17,0.0
"[60,80)",1,1298052,0,2021-10-17,0.0
,0,4183891,0,2021-10-17,0.0
,1,4131194,0,2021-10-17,0.0
"[60,80)",0,1105004,0,2021-10-18,0.0
"[60,80)",1,1297991,0,2021-10-18,0.0
,0,4183748,0,2021-10-18,0.0
,1,4131012,0,2021-10-18,0.0
"[60,80)",0,1104882,0,2021-10-19,0.0
"[60,80)",1,1297918,0,2021-10-19,0.0
,0,4183619,0,2021-10-19,0.0
,1,4130842,0,2021-10-19,0.0
"[60,80)",0,1104734,0,2021-10-20,0.0
"[60,80)",1,1297826,0,2021-10-20,0.0
,0,4183458,0,2021-10-20,0.0
,1,4130641,0,2021-10-20,0.0
"[60,80)",0,1104582,0,2021-10-21,0.0
"[60,80)",1,1297749,0,2021-10-21,0.0
,0,4183309,0,2021-10-21,0.0
,1,4130440,0,2021-10-21,0.0
"[60,80)",0,1104435,0,2021-10-22,0.0
"[60,80)",1,1297687,0,2021-10-22,0.0
,0,4183159,0,2021-10-22,0.0
,1,4130244,0,2021-10-22,0.0
"[60,80)",0,1104302,0,2021-10-23,0.0
"[60,80)",1,1297593,0,2021-10-23,0.0
,0,4182986,0,2021-10-23,0.0
,1,4130041,0,2021-10-23,0.0
"[60,80)",0,1104142,0,2021-10-24,0.0
"[60,80)",1,1297484,0,2021-10-24,0.0
,0,4182852,0,2021-10-24,0.0
,1,4129860,0,2021-10-24,0.0
"[60,80)",0,1103963,0,2021-10-25,0.0
"[60,80)",1,1297389,0,2021-10-25,0.0
,0,4182696,0,2021-10-25,0.0
,1,4129675,0,2021-10-25,0.0
"[60,80)",0,1103786,0,2021-10-26,0.0
"[60,80)",1,1297283,0,2021-10-26,0.0
,0,4182536,0,2021-10-26,0.0
,1,4129489,0,2021-10-26,0.0
"[60,80)",0,1103632,0,2021-10-27,0.0
"[60,80)",1,1297187,0,2021-10-27,0.0
,0,4182394,0,2021-10-27,0.0
,1,4129263,0,2021-10-27,0.0
"[60,80)",0,1103478,0,2021-10-28,0.0
"[60,80)",1,1297105,0,2021-10-28,0.0
,0,4182233,0,2021-10-28,0.0
,1,4129038,0,2021-10-28,0.0
"[60,80)",0,1103295,0,2021-10-29,0.0
"[60,80)",1,1297021,0,2021-10-29,0.0
,0,4182061,0,2021-10-29,0.0
,1,4128822,0,2021-10-29,0.0
"[60,80)",0,1103133,0,2021-10-30,0.0
"[60,80)",1,1296943,0,2021-10-30,0.0
,0,4181857,0,2021-10-30,0.0
,1,4128628,0,2021-10-30,0.0
"[60,80)",0,1103002,0,2021-10-31,0.0
"[60,80)",1,1296852,0,2021-10-31,0.0
,0,4181686,0,2021-10-31,0.0
,1,4128419,0,2021-10-31,0.0
"[60,80)",0,1102860,0,2021-11-01,0.0
"[60,80)",1,1296764,0,2021-11-01,0.0
,0,4181536,0,2021-11-01,0.0
,1,4128232,0,2021-11-01,0.0
"[60,80)",0,1102717,0,2021-11-02,0.0
"[60,80)",1,1296681,0,2021-11-02,0.0
,0,4181383,0,2021-11-02,0.0
,1,4128008,0,2021-11-02,0.0
"[60,80)",0,1102575,0,2021-11-03,0.0
"[60,80)",1,1296613,0,2021-11-03,0.0
,0,4181219,0,2021-11-03,0.0
,1,4127805,0,2021-11-03,0.0
"[60,80)",0,1102429,0,2021-11-04,0.0
"[60,80)",1,1296512,0,2021-11-04,0.0
,0,4181059,0,2021-11-04,0.0
,1,4127616,0,2021-11-04,0.0
"[60,80)",0,1102274,0,2021-11-05,0.0
"[60,80)",1,1296437,0,2021-11-05,0.0
,0,4180924,0,2021-11-05,0.0
,1,4127428,0,2021-11-05,0.0
"[60,80)",0,1102109,0,2021-11-06,0.0
"[60,80)",1,1296357,0,2021-11-06,0.0
,0,4180795,0,2021-11-06,0.0
,1,4127234,0,2021-11-06,0.0
"[60,80)",0,1101974,0,2021-11-07,0.0
"[60,80)",1,1296279,0,2021-11-07,0.0
,0,4180667,0,2021-11-07,0.0
,1,4127026,0,2021-11-07,0.0
"[60,80)",0,1101835,0,2021-11-08,0.0
"[60,80)",1,1296196,0,2021-11-08,0.0
,0,4180531,0,2021-11-08,0.0
,1,4126831,0,2021-11-08,0.0
"[60,80)",0,1101684,0,2021-11-09,0.0
"[60,80)",1,1296100,0,2021-11-09,0.0
,0,4180391,0,2021-11-09,0.0
,1,4126659,0,2021-11-09,0.0
"[60,80)",0,1101547,0,2021-11-10,0.0
"[60,80)",1,1296005,0,2021-11-10,0.0
,0,4180242,0,2021-11-10,0.0
,1,4126479,0,2021-11-10,0.0
"[60,80)",0,1101428,0,2021-11-11,0.0
"[60,80)",1,1295930,0,2021-11-11,0.0
,0,4180090,0,2021-11-11,0.0
,1,4126316,0,2021-11-11,0.0
"[60,80)",0,1101277,0,2021-11-12,0.0
"[60,80)",1,1295847,0,2021-11-12,0.0
,0,4179955,0,2021-11-12,0.0
,1,4126140,0,2021-11-12,0.0
"[60,80)",0,1101160,0,2021-11-13,0.0
"[60,80)",1,1295765,0,2021-11-13,0.0
,0,4179826,0,2021-11-13,0.0
,1,4125979,0,2021-11-13,0.0
"[60,80)",0,1101036,0,2021-11-14,0.0
"[60,80)",1,1295682,0,2021-11-14,0.0
,0,4179681,0,2021-11-14,0.0
,1,4125800,0,2021-11-14,0.0
"[60,80)",0,1100917,0,2021-11-15,0.0
"[60,80)",1,1295609,0,2021-11-15,0.0
,0,4179557,0,2021-11-15,0.0
,1,4125634,0,2021-11-15,0.0
"[60,80)",0,1100783,0,2021-11-16,0.0
"[60,80)",1,1295532,0,2021-11-16,0.0
,0,4179454,0,2021-11-16,0.0
,1,4125498,0,2021-11-16,0.0
"[60,80)",0,1100665,0,2021-11-17,0.0
"[60,80)",1,1295456,0,2021-11-17,0.0
,0,4179343,0,2021-11-17,0.0
,1,4125352,0,2021-11-17,0.0
"[60,80)",0,1100543,0,2021-11-18,0.0
"[60,80)",1,1295389,0,2021-11-18,0.0
,0,4179219,0,2021-11-18,0.0
,1,4125189,0,2021-11-18,0.0
"[60,80)",0,1100422,0,2021-11-19,0.0
"[60,80)",1,1295310,0,2021-11-19,0.0
,0,4179087,0,2021-11-19,0.0
,1,4125046,0,2021-11-19,0.0
"[60,80)",0,1100296,0,2021-11-20,0.0
"[60,80)",1,1295244,0,2021-11-20,0.0
,0,4178971,0,2021-11-20,0.0
,1,4124891,0,2021-11-20,0.0
"[60,80)",0,1100193,0,2021-11-21,0.0
"[60,80)",1,1295189,0,2021-11-21,0.0
,0,4178853,0,2021-11-21,0.0
,1,4124750,0,2021-11-21,0.0
"[60,80)",0,1100072,0,2021-11-22,0.0
"[60,80)",1,1295118,0,2021-11-22,0.0
,0,4178728,0,2021-11-22,0.0
,1,4124621,0,2021-11-22,0.0
"[60,80)",0,1099954,0,2021-11-23,0.0
"[60,80)",1,1295032,0,2021-11-23,0.0
,0,4178594,0,2021-11-23,0.0
,1,4124446,0,2021-11-23,0.0
"[60,80)",0,1099844,0,2021-11-24,0.0
"[60,80)",1,1294964,0,2021-11-24,0.0
,0,4178495,0,2021-11-24,0.0
,1,4124290,0,2021-11-24,0.0
"[60,80)",0,1099734,0,2021-11-25,0.0
"[60,80)",1,1294902,0,2021-11-25,0.0
,0,4178385,0,2021-11-25,0.0
,1,4124150,0,2021-11-25,0.0
"[60,80)",0,1099602,0,2021-11-26,0.0
"[60,80)",1,1294823,0,2021-11-26,0.0
,0,4178282,0,2021-11-26,0.0
,1,4124018,0,2021-11-26,0.0
"[60,80)",0,1099465,0,2021-11-27,0.0
"[60,80)",1,1294754,0,2021-11-27,0.0
,0,4178172,0,2021-11-27,0.0
,1,4123870,0,2021-11-27,0.0
"[60,80)",0,1099357,0,2021-11-28,0.0
"[60,80)",1,1294687,0,2021-11-28,0.0
,0,4178069,0,2021-11-28,0.0
,1,4123721,0,2021-11-28,0.0
"[60,80)",0,1099247,0,2021-11-29,0.0
"[60,80)",1,1294619,0,2021-11-29,0.0
,0,4177961,0,2021-11-29,0.0
,1,4123563,0,2021-11-29,0.0
"[60,80)",0,1099143,0,2021-11-30,0.0
"[60,80)",1,1294547,0,2021-11-30,0.0
,0,4177834,0,2021-11-30,0.0
,1,4123417,0,2021-11-30,0.0
"[60,80)",0,1099006,0,2021-12-01,0.0
"[60,80)",1,1294479,0,2021-12-01,0.0
,0,4177732,0,2021-12-01,0.0
,1,4123268,0,2021-12-01,0.0
"[60,80)",0,1098888,0,2021-12-02,0.0
"[60,80)",1,1294428,0,2021-12-02,0.0
,0,4177615,0,2021-12-02,0.0
,1,4123140,0,2021-12-02,0.0
"[60,80)",0,1098773,0,2021-12-03,0.0
"[60,80)",1,1294365,0,2021-12-03,0.0
,0,4177503,0,2021-12-03,0.0
,1,4122983,0,2021-12-03,0.0
"[60,80)",0,1098664,0,2021-12-04,0.0
"[60,80)",1,1294312,0,2021-12-04,0.0
,0,4177398,0,2021-12-04,0.0
,1,4122829,0,2021-12-04,0.0
"[60,80)",0,1098557,0,2021-12-05,0.0
"[60,80)",1,1294251,0,2021-12-05,0.0
,0,4177302,0,2021-12-05,0.0
,1,4122678,0,2021-12-05,0.0
"[60,80)",0,1098442,0,2021-12-06,0.0
"[60,80)",1,1294180,0,2021-12-06,0.0
,0,4177168,0,2021-12-06,0.0
,1,4122504,0,2021-12-06,0.0
"[60,80)",0,1098328,0,2021-12-07,0.0
"[60,80)",1,1294100,0,2021-12-07,0.0
,0,4177048,0,2021-12-07,0.0
,1,4122379,0,2021-12-07,0.0
"[60,80)",0,1098215,0,2021-12-08,0.0
"[60,80)",1,1294045,0,2021-12-08,0.0
,0,4176920,0,2021-12-08,0.0
,1,4122232,0,2021-12-08,0.0
"[60,80)",0,1098114,0,2021-12-09,0.0
"[60,80)",1,1293974,0,2021-12-09,0.0
,0,4176799,0,2021-12-09,0.0
,1,4122080,0,2021-12-09,0.0
"[60,80)",0,1098000,0,2021-12-10,0.0
"[60,80)",1,1293896,0,2021-12-10,0.0
,0,4176663,0,2021-12-10,0.0
,1,4121934,0,2021-12-10,0.0
"[60,80)",0,1097868,0,2021-12-11,0.0
"[60,80)",1,1293834,0,2021-12-11,0.0
,0,4176549,0,2021-12-11,0.0
,1,4121805,0,2021-12-11,0.0
"[60,80)",0,1097753,0,2021-12-12,0.0
"[60,80)",1,1293768,0,2021-12-12,0.0
,0,4176433,0,2021-12-12,0.0
,1,4121658,0,2021-12-12,0.0
"[60,80)",0,1097649,0,2021-12-13,0.0
"[60,80)",1,1293691,0,2021-12-13,0.0
,0,4176304,0,2021-12-13,0.0
,1,4121504,0,2021-12-13,0.0
"[60,80)",0,1097532,0,2021-12-14,0.0
"[60,80)",1,1293618,0,2021-12-14,0.0
,0,4176196,0,2021-12-14,0.0
,1,4121349,0,2021-12-14,0.0
"[60,80)",0,1097411,0,2021-12-15,0.0
"[60,80)",1,1293545,0,2021-12-15,0.0
,0,4176056,0,2021-12-15,0.0
,1,4121182,0,2021-12-15,0.0
"[60,80)",0,1097299,0,2021-12-16,0.0
"[60,80)",1,1293484,0,2021-12-16,0.0
,0,4175927,0,2021-12-16,0.0
,1,4121015,0,2021-12-16,0.0
"[60,80)",0,1097185,0,2021-12-17,0.0
"[60,80)",1,1293420,0,2021-12-17,0.0
,0,4175809,0,2021-12-17,0.0
,1,4120868,0,2021-12-17,0.0
"[60,80)",0,1097069,0,2021-12-18,0.0
"[60,80)",1,1293336,0,2021-12-18,0.0
,0,4175698,0,2021-12-18,0.0
,1,4120695,0,2021-12-18,0.0
"[60,80)",0,1096954,0,2021-12-19,0.0
"[60,80)",1,1293265,0,2021-12-19,0.0
,0,4175581,0,2021-12-19,0.0
,1,4120539,0,2021-12-19,0.0
"[60,80)",0,1096834,0,2021-12-20,0.0
"[60,80)",1,1293195,0,2021-12-20,0.0
,0,4175461,0,2021-12-20,0.0
,1,4120392,0,2021-12-20,0.0
"[60,80)",0,1096716,0,2021-12-21,0.0
"[60,80)",1,1293129,0,2021-12-21,0.0
,0,4175349,0,2021-12-21,0.0
,1,4120246,0,2021-12-21,0.0
"[60,80)",0,1096588,0,2021-12-22,0.0
"[60,80)",1,1293065,0,2021-12-22,0.0
,0,4175218,0,2021-12-22,0.0
,1,4120110,0,2021-12-22,0.0
"[60,80)",0,1096465,110,2021-12-23,0.00010032239971180111
"[60,80)",1,1292991,157,2021-12-23,0.00012142389235501252
,0,4175088,339,2021-12-23,8.119589335602027e-05
,1,4119967,684,2021-12-23,0.0001660207472535581
"[60,80)",0,1096239,170,2021-12-24,0.00015507567236706593
"[60,80)",1,1292752,280,2021-12-24,0.00021659220020545317
,0,4174608,592,2021-12-24,0.0001418097220146179
,1,4119127,1257,2021-12-24,0.0003051617490793559
"[60,80)",0,1095940,232,2021-12-25,0.00021169042100844938
"[60,80)",1,1292400,391,2021-12-25,0.0003025379139585268
,0,4173892,760,2021-12-25,0.00018208425134143386
,1,4117704,2081,2021-12-25,0.0005053787256199086
"[60,80)",0,1095561,250,2021-12-26,0.0002281935921413778
"[60,80)",1,1291940,418,2021-12-26,0.00032354443704816013
,0,4173020,794,2021-12-26,0.0001902698764923245
,1,4115457,2052,2021-12-26,0.0004986080525200482
"[60,80)",0,1095192,118,2021-12-27,0.00010774366503772854
"[60,80)",1,1291444,154,2021-12-27,0.00011924636298592893
,0,4172101,295,2021-12-27,7.070778008490207e-05
,1,4113256,745,2021-12-27,0.00018112171963038527
"[60,80)",0,1094944,20,2021-12-28,1.826577432270509e-05
"[60,80)",1,1291209,32,2021-12-28,2.4782974715944514e-05
,0,4171646,53,2021-12-28,1.2704817235211233e-05
,1,4112349,167,2021-12-28,4.0609393803881916e-05
"[60,80)",0,1094791,73,2021-12-29,6.66793936011531e-05
"[60,80)",1,1291092,144,2021-12-29,0.00011153349257837551
,0,4171458,361,2021-12-29,8.6540485365069e-05
,1,4112017,712,2021-12-29,0.0001731510351246116
"[60,80)",0,1094575,47,2021-12-30,4.293904026677021e-05
"[60,80)",1,1290866,108,2021-12-30,8.366476458439528e-05
,0,4170950,286,2021-12-30,6.856951054316163e-05
,1,4111167,487,2021-12-30,0.00011845784907302476
"[60,80)",0,1094401,279,2021-12-31,0.0002549339775822573
"[60,80)",1,1290664,400,2021-12-31,0.0003099179956983382
,0,4170550,872,2021-12-31,0.00020908513265636427
,1,4110508,2056,2021-12-31,0.0005001814860839585
"[60,80)",0,1126423,310,2022-01-01,0.0002752074487115409
"[60,80)",1,1307786,561,2022-01-01,0.0004289692656137931
,0,4137082,1157,2022-01-01,0.0002796657160771771
,1,4090664,2488,2022-01-01,0.0006082142165672858
"[60,80)",0,1125955,424,2022-01-02,0.0003765692234591969
"[60,80)",1,1307133,748,2022-01-02,0.0005722447524467671
,0,4135776,1304,2022-01-02,0.0003152975402923176
,1,4087998,3363,2022-01-02,0.0008226520658767446
"[60,80)",0,1125393,597,2022-01-03,0.0005304813518477546
"[60,80)",1,1306309,1132,2022-01-03,0.0008665637303272044
,0,4134299,1627,2022-01-03,0.00039353709056843736
,1,4084455,4635,2022-01-03,0.0011347903208628813
"[60,80)",0,1124641,716,2022-01-04,0.0006366476057693077
"[60,80)",1,1305092,1287,2022-01-04,0.0009861373757558854
,0,4132526,2020,2022-01-04,0.0004888051521030963
,1,4079654,6014,2022-01-04,0.0014741446210879648
"[60,80)",0,1123775,236,2022-01-05,0.00021000645146937777
"[60,80)",1,1303714,319,2022-01-05,0.00024468556754012
,0,4130385,460,2022-01-05,0.00011136976335135829
,1,4073474,1014,2022-01-05,0.00024892757385956064
"[60,80)",0,1123399,195,2022-01-06,0.00017358035746871771
"[60,80)",1,1303311,276,2022-01-06,0.00021176833464921265
,0,4129769,448,2022-01-06,0.00010848064383262115
,1,4072303,855,2022-01-06,0.00020995490757932304
"[60,80)",0,1123049,717,2022-01-07,0.0006384405310899168
"[60,80)",1,1302948,1284,2022-01-07,0.000985457593088903
,0,4129184,2464,2022-01-07,0.0005967280702434185
,1,4071300,5389,2022-01-07,0.0013236558347456586
"[60,80)",0,1122181,1073,2022-01-08,0.0009561737366788423
"[60,80)",1,1301580,1844,2022-01-08,0.0014167396548809908
,0,4126570,3028,2022-01-08,0.0007337813244413642
,1,4065756,7501,2022-01-08,0.0018449213381226026
"[60,80)",0,1120963,1193,2022-01-09,0.0010642634948700358
"[60,80)",1,1299645,2042,2022-01-09,0.00157119828876347
,0,4123400,2989,2022-01-09,0.0007248872289857885
,1,4058087,7309,2022-01-09,0.001801094949418285
"[60,80)",0,1119607,1364,2022-01-10,0.001218284630231858
"[60,80)",1,1297524,2345,2022-01-10,0.0018072883430287224
,0,4120270,3118,2022-01-10,0.0007567465238928517
,1,4050597,8412,2022-01-10,0.0020767309115174875
"[60,80)",0,1118082,1174,2022-01-11,0.0010500124320040928
"[60,80)",1,1295114,2240,2022-01-11,0.0017295774734888204
,0,4116996,2840,2022-01-11,0.0006898233566415902
,1,4042032,7755,2022-01-11,0.0019185894619339976
"[60,80)",0,1116776,265,2022-01-12,0.0002372901996461242
"[60,80)",1,1292810,447,2022-01-12,0.00034575846412079116
,0,4114027,825,2022-01-12,0.00020053344326617206
,1,4034124,1864,2022-01-12,0.00046205818165232404
"[60,80)",0,1116375,106,2022-01-13,9.495017355279364e-05
"[60,80)",1,1292275,255,2022-01-13,0.0001973264204600414
,0,4113069,768,2022-01-13,0.00018672188577434514
,1,4032094,1492,2022-01-13,0.0003700310558235994
"[60,80)",0,1116148,778,2022-01-14,0.0006970401774675043
"[60,80)",1,1291938,1597,2022-01-14,0.0012361274302636813
,0,4112147,2874,2022-01-14,0.0006989049759164738
,1,4030451,7230,2022-01-14,0.0017938439147380776
"[60,80)",0,1115219,772,2022-01-15,0.0006922407168457495
"[60,80)",1,1290263,1543,2022-01-15,0.0011958802197691478
,0,4109149,3018,2022-01-15,0.000734458643383338
,1,4023063,7264,2022-01-15,0.0018055894227855742
"[60,80)",0,1114292,801,2022-01-16,0.0007188420988394424
"[60,80)",1,1288641,1620,2022-01-16,0.0012571383341054645
,0,4106014,3110,2022-01-16,0.000757425571369216
,1,4015657,8160,2022-01-16,0.002032046063695181
"[60,80)",0,1113333,858,2022-01-17,0.0007706589133709322
"[60,80)",1,1286957,1513,2022-01-17,0.001175641454998108
,0,4102756,3989,2022-01-17,0.0009722732719177061
,1,4007356,9287,2022-01-17,0.0023174881393118055
"[60,80)",0,1112338,567,2022-01-18,0.0005097371482409124
"[60,80)",1,1285349,1227,2022-01-18,0.0009546045470918794
,0,4098635,4147,2022-01-18,0.0010118002700899202
,1,3997943,8929,2022-01-18,0.0022333985251915796
"[60,80)",0,1111617,97,2022-01-19,8.726027039888739e-05
"[60,80)",1,1284045,216,2022-01-19,0.0001682184035606229
,0,4094365,984,2022-01-19,0.00024033030763012092
,1,3988859,2021,2022-01-19,0.0005066611780461531
"[60,80)",0,1111399,58,2022-01-20,5.2186478483424945e-05
"[60,80)",1,1283761,113,2022-01-20,8.802261480135321e-05
,0,4093242,766,2022-01-20,0.00018713772603720964
,1,3986693,1319,2022-01-20,0.00033085065742458725
"[60,80)",0,1111213,323,2022-01-21,0.0002906733452542402
"[60,80)",1,1283560,757,2022-01-21,0.0005897659634142541
,0,4092352,2782,2022-01-21,0.0006798046697840264
,1,3985225,5794,2022-01-21,0.0014538702331737857
"[60,80)",0,1110761,471,2022-01-22,0.0004240336129914536
"[60,80)",1,1282725,943,2022-01-22,0.0007351536767428716
,0,4089462,2827,2022-01-22,0.0006912889763983624
,1,3979282,6304,2022-01-22,0.0015842053918269678
"[60,80)",0,1110158,357,2022-01-23,0.0003215758477622104
"[60,80)",1,1281708,707,2022-01-23,0.0005516076984773443
,0,4086523,2500,2022-01-23,0.0006117670205208682
,1,3972839,5462,2022-01-23,0.0013748354765949489
"[60,80)",0,1109661,256,2022-01-24,0.00023070108798993566
"[60,80)",1,1280914,624,2022-01-24,0.00048715214292294407
,0,4083909,2015,2022-01-24,0.0004933998284486751
,1,3967257,4206,2022-01-24,0.001060178354969189
"[60,80)",0,1109244,267,2022-01-25,0.00024070447980786914
"[60,80)",1,1280215,452,2022-01-25,0.0003530656959963756
,0,4081779,1765,2022-01-25,0.0004324094959575224
,1,3962908,3732,2022-01-25,0.0009417326872084843
"[60,80)",0,1108865,23,2022-01-26,2.0741929811113165e-05
"[60,80)",1,1279690,55,2022-01-26,4.2979159015073966e-05
,0,4079898,214,2022-01-26,5.245229169944935e-05
,1,3959038,452,2022-01-26,0.00011416914917209686
"[60,80)",0,1108718,18,2022-01-27,1.6234966871648155e-05
"[60,80)",1,1279562,38,2022-01-27,2.9697662168773376e-05
,0,4079564,214,2022-01-27,5.245658604694031e-05
,1,3958447,449,2022-01-27,0.00011342832176356031
"[60,80)",0,1108564,161,2022-01-28,0.00014523293197325548
"[60,80)",1,1279451,320,2022-01-28,0.00025010727257237673
,0,4079238,1184,2022-01-28,0.0002902502869408453
,1,3957869,2317,2022-01-28,0.000585416040803776
"[60,80)",0,1108276,192,2022-01-29,0.0001732420444004923
"[60,80)",1,1279059,343,2022-01-29,0.0002681658938328881
,0,4077945,1140,2022-01-29,0.0002795525687570578
,1,3955411,2482,2022-01-29,0.0006274948418761034
"[60,80)",0,1107970,207,2022-01-30,0.00018682816321741562
"[60,80)",1,1278641,367,2022-01-30,0.0002870234882191327
,0,4076707,1308,2022-01-30,0.00032084719358050506
,1,3952799,2547,2022-01-30,0.0006443535327751297
"[60,80)",0,1107642,210,2022-01-31,0.0001895919439674552
"[60,80)",1,1278204,351,2022-01-31,0.00027460405381300637
,0,4075288,1462,2022-01-31,0.0003587476516997081
,1,3950127,2879,2022-01-31,0.0007288373259897719
"[60,80)",0,1107284,248,2022-02-01,0.00022397144725291794
"[60,80)",1,1277769,460,2022-02-01,0.0003600024730604671
,0,4073722,1468,2022-02-01,0.0003603584142462348
,1,3947130,3287,2022-02-01,0.000832756965187364
"[60,80)",0,1106911,19,2022-02-02,1.7164884981719397e-05
"[60,80)",1,1277224,32,2022-02-02,2.505433659248495e-05
,0,4072157,308,2022-02-02,7.563559067098837e-05
,1,3943706,499,2022-02-02,0.0001265307302319189
"[60,80)",0,1106772,22,2022-02-03,1.987762610546707e-05
"[60,80)",1,1277120,30,2022-02-03,2.3490353294913554e-05
,0,4071750,274,2022-02-03,6.729293301406029e-05
,1,3943082,528,2022-02-03,0.00013390540698874636
"[60,80)",0,1106598,148,2022-02-04,0.0001337432382852671
"[60,80)",1,1277015,299,2022-02-04,0.00023413977126345421
,0,4071346,1174,2022-02-04,0.0002883567252697265
,1,3942415,2471,2022-02-04,0.0006267731834421287
"[60,80)",0,1106331,267,2022-02-05,0.00024133826133408538
"[60,80)",1,1276635,392,2022-02-05,0.00030705722465700845
,0,4070071,1533,2022-02-05,0.0003766519060724002
,1,3939822,2929,2022-02-05,0.0007434346018678001
"[60,80)",0,1105928,280,2022-02-06,0.0002531810389103088
"[60,80)",1,1276181,417,2022-02-06,0.0003267561576296779
,0,4068434,1633,2022-02-06,0.00040138293997149765
,1,3936773,3191,2022-02-06,0.0008105623565290658
"[60,80)",0,1105511,399,2022-02-07,0.0003609190681956127
"[60,80)",1,1275673,601,2022-02-07,0.00047112386951828566
,0,4066708,1816,2022-02-07,0.00044655283831541385
,1,3933444,3567,2022-02-07,0.0009068388923294701
"[60,80)",0,1104980,379,2022-02-08,0.00034299263335082987
"[60,80)",1,1275002,719,2022-02-08,0.0005639206840459859
,0,4064767,1764,2022-02-08,0.0004339732142088341
,1,3929753,3974,2022-02-08,0.0010112594862832346
"[60,80)",0,1104465,57,2022-02-09,5.16086974236395e-05
"[60,80)",1,1274206,136,2022-02-09,0.00010673313420278981
,0,4062898,506,2022-02-09,0.00012454164490469612
,1,3925665,919,2022-02-09,0.0002341004645072873
"[60,80)",0,1104249,33,2022-02-10,2.9884564079297334e-05
"[60,80)",1,1273993,79,2022-02-10,6.200975986524258e-05
,0,4062294,304,2022-02-10,7.48345639188104e-05
,1,3924625,589,2022-02-10,0.00015007803293308277
"[60,80)",0,1104103,236,2022-02-11,0.00021374817385696806
"[60,80)",1,1273840,565,2022-02-11,0.00044354079005212585
,0,4061883,1846,2022-02-11,0.0004544690233569012
,1,3923915,3749,2022-02-11,0.0009554233463263093
"[60,80)",0,1103721,361,2022-02-12,0.0003270754112678838
"[60,80)",1,1273195,674,2022-02-12,0.0005293768825670852
,0,4059914,2572,2022-02-12,0.000633510956143406
,1,3920031,5107,2022-02-12,0.0013027958197269359
"[60,80)",0,1103225,528,2022-02-13,0.0004785968410795622
"[60,80)",1,1272455,759,2022-02-13,0.0005964847479871586
,0,4057224,3040,2022-02-13,0.0007492807890321066
,1,3914812,5375,2022-02-13,0.0013729905803905782
"[60,80)",0,1102566,689,2022-02-14,0.000624905901324728
"[60,80)",1,1271598,1054,2022-02-14,0.0008288783090253366
,0,4054081,3760,2022-02-14,0.0009274605021458624
,1,3909321,6821,2022-02-14,0.0017448042767529196
"[60,80)",0,1101742,590,2022-02-15,0.0005355155744266807
"[60,80)",1,1270454,914,2022-02-15,0.0007194278580727834
,0,4050193,3490,2022-02-15,0.0008616873319370213
,1,3902380,6866,2022-02-15,0.0017594391115165616
"[60,80)",0,1101017,95,2022-02-16,8.628386301028957e-05
"[60,80)",1,1269455,183,2022-02-16,0.00014415635055988594
,0,4046587,584,2022-02-16,0.00014431915092891863
,1,3895393,1148,2022-02-16,0.0002947071065743559
"[60,80)",0,1100766,39,2022-02-17,3.542987337908329e-05
"[60,80)",1,1269180,74,2022-02-17,5.830536251753101e-05
,0,4045884,375,2022-02-17,9.26867898338163e-05
,1,3894144,650,2022-02-17,0.00016691729941162935
"[60,80)",0,1100566,491,2022-02-18,0.0004461340801006028
"[60,80)",1,1269026,697,2022-02-18,0.0005492401258918257
,0,4045391,3334,2022-02-18,0.0008241477770628352
,1,3893392,5599,2022-02-18,0.0014380776454053432
"[60,80)",0,1099946,590,2022-02-19,0.0005363899682348043
"[60,80)",1,1268253,844,2022-02-19,0.0006654823603807758
,0,4041950,4089,2022-02-19,0.0010116404210838827
,1,3887680,7441,2022-02-19,0.0019139949790106183
"[60,80)",0,1099219,882,2022-02-20,0.0008023878772110016
"[60,80)",1,1267322,1321,2022-02-20,0.0010423554550461525
,0,4037754,4196,2022-02-20,0.0010391915901761227
,1,3880129,7478,2022-02-20,0.001927255511350267
"[60,80)",0,1098182,967,2022-02-21,0.0008805462118300974
"[60,80)",1,1265922,1707,2022-02-21,0.0013484243105025427
,0,4033428,5462,2022-02-21,0.0013541830919009835
,1,3872524,9841,2022-02-21,0.002541236671483508
"[60,80)",0,1097044,1129,2022-02-22,0.0010291291871611348
"[60,80)",1,1264131,1850,2022-02-22,0.0014634559234762852
,0,4027848,4650,2022-02-22,0.0011544626311618513
,1,3862563,8542,2022-02-22,0.0022114849647759793
"[60,80)",0,1095755,171,2022-02-23,0.00015605678276622056
"[60,80)",1,1262196,264,2022-02-23,0.00020915927478775087
,0,4023068,927,2022-02-23,0.00023042116116356968
,1,3853909,1649,2022-02-23,0.0004278772539777146
"[60,80)",0,1095442,118,2022-02-24,0.00010771907595290303
"[60,80)",1,1261847,227,2022-02-24,0.0001798950268931178
,0,4022031,675,2022-02-24,0.00016782565823087887
,1,3852122,1338,2022-02-24,0.00034734102398626006
"[60,80)",0,1095131,1835,2022-02-25,0.0016755986270135719
"[60,80)",1,1261529,3136,2022-02-25,0.002485872302578855
,0,4021234,4880,2022-02-25,0.0012135578282686358
,1,3850665,9744,2022-02-25,0.0025304720093801978
"[60,80)",0,1093159,3108,2022-02-26,0.0028431362683745
"[60,80)",1,1258275,6004,2022-02-26,0.004771611929029823
,0,4016243,5483,2022-02-26,0.0013652062387659312
,1,3840805,12624,2022-02-26,0.003286810968013216
"[60,80)",0,1089868,4046,2022-02-27,0.0037123761776655523
"[60,80)",1,1252177,6933,2022-02-27,0.005536757183688888
,0,4010634,6302,2022-02-27,0.0015713226387648437
,1,3828067,13672,2022-02-27,0.003571515336591549
"[60,80)",0,1085678,4917,2022-02-28,0.004528967152323249
"[60,80)",1,1245135,8312,2022-02-28,0.006675581362663486
,0,4004198,6447,2022-02-28,0.0016100602417762559
,1,3814260,13595,2022-02-28,0.00356425623843157
"[60,80)",0,1080602,4607,2022-03-01,0.0042633643098939295
"[60,80)",1,1236739,7052,2022-03-01,0.005702092357401198
,0,3997627,5431,2022-03-01,0.0013585559633252427
,1,3800526,11756,2022-03-01,0.0030932560387693705
"[60,80)",0,1075841,2138,2022-03-02,0.001987282507359359
"[60,80)",1,1229616,3366,2022-03-02,0.0027374399812624428
,0,3992074,2276,2022-03-02,0.0005701297120243763
,1,3788651,4384,2022-03-02,0.0011571401007904923
"[60,80)",0,1073558,2091,2022-03-03,0.0019477289536289609
"[60,80)",1,1226156,3186,2022-03-03,0.0025983643190589127
,0,3989686,2236,2022-03-03,0.0005604451077102308
,1,3784136,4031,2022-03-03,0.0010652365559800177
"[60,80)",0,1071289,5583,2022-03-04,0.00521147888198236
"[60,80)",1,1222872,8386,2022-03-04,0.006857626963410725
,0,3987344,5413,2022-03-04,0.0013575452732445458
,1,3779970,10351,2022-03-04,0.0027383815215464673
"[60,80)",0,1065521,6802,2022-03-05,0.0063837315266428345
"[60,80)",1,1214397,10205,2022-03-05,0.008403347504975721
,0,3981814,6450,2022-03-05,0.001619864714926413
,1,3769506,12905,2022-03-05,0.0034235255229730366
"[60,80)",0,1058534,8742,2022-03-06,0.008258591599325104
"[60,80)",1,1204097,12795,2022-03-06,0.01062622031281533
,0,3975234,6362,2022-03-06,0.0016004089319018703
,1,3756489,13418,2022-03-06,0.0035719524268539053
"[60,80)",0,1049634,9685,2022-03-07,0.009227025801374574
"[60,80)",1,1191200,14240,2022-03-07,0.011954331766286097
,0,3968752,6841,2022-03-07,0.0017237156667889552
,1,3742949,14070,2022-03-07,0.00375906805035281
"[60,80)",0,1039782,9192,2022-03-08,0.008840314604407462
"[60,80)",1,1176876,12668,2022-03-08,0.010764090694346728
,0,3961796,5484,2022-03-08,0.0013842206918276458
,1,3728767,11404,2022-03-08,0.003058383642635756
"[60,80)",0,1030453,4081,2022-03-09,0.003960394117926776
"[60,80)",1,1164127,5898,2022-03-09,0.005066457525682335
,0,3956209,2281,2022-03-09,0.0005765620572623943
,1,3717245,4837,2022-03-09,0.001301232498799514
"[60,80)",0,1026201,2954,2022-03-10,0.0028785783681754356
"[60,80)",1,1158125,4211,2022-03-10,0.003636049649217485
,0,3953801,1617,2022-03-10,0.00040897354216866253
,1,3712291,3335,2022-03-10,0.0008983670730554259
"[60,80)",0,1023046,7481,2022-03-11,0.007312476662828455
"[60,80)",1,1153813,10224,2022-03-11,0.008861054607635727
,0,3952073,3620,2022-03-11,0.000915974983255623
,1,3708827,7062,2022-03-11,0.0019041060691156531
"[60,80)",0,1015406,9687,2022-03-12,0.009540026353990424
"[60,80)",1,1143497,13465,2022-03-12,0.011775282313814552
,0,3948323,4956,2022-03-12,0.0012552164551886966
,1,3701666,10770,2022-03-12,0.002909500749122152
"[60,80)",0,1005566,9940,2022-03-13,0.009884980200205656
"[60,80)",1,1129952,13254,2022-03-13,0.01172970179264252
,0,3943269,4879,2022-03-13,0.0012372982923559107
,1,3690786,9389,2022-03-13,0.0025439025725143643
"[60,80)",0,995487,10166,2022-03-14,0.010212087149304813
"[60,80)",1,1116605,13475,2022-03-14,0.012067830611541234
,0,3938290,4759,2022-03-14,0.0012083924749066218
,1,3681295,9599,2022-03-14,0.0026075063258989024
"[60,80)",0,985165,8602,2022-03-15,0.008731532281394488
"[60,80)",1,1103042,11716,2022-03-15,0.010621535716681686
,0,3933440,4496,2022-03-15,0.0011430198503091442
,1,3671572,9686,2022-03-15,0.0026381070560511956
"[60,80)",0,976402,3908,2022-03-16,0.0040024498106312765
"[60,80)",1,1091242,5575,2022-03-16,0.005108857613618244
,0,3928833,1848,2022-03-16,0.0004703686819979368
,1,3661781,3852,2022-03-16,0.0010519471262754381
"[60,80)",0,972339,1932,2022-03-17,0.0019869613375581973
"[60,80)",1,1085572,2820,2022-03-17,0.0025977088576345005
,0,3926898,878,2022-03-17,0.00022358614865983277
,1,3657829,1823,2022-03-17,0.0004983830572724969
"[60,80)",0,970252,6754,2022-03-18,0.006961078152892239
"[60,80)",1,1082650,8838,2022-03-18,0.0081633030065118
,0,3925922,3039,2022-03-18,0.0007740856797460571
,1,3655909,5941,2022-03-18,0.0016250404482168457
"[60,80)",0,963354,7409,2022-03-19,0.007690838466441204
"[60,80)",1,1073716,9286,2022-03-19,0.008648469427669886
,0,3922782,3528,2022-03-19,0.0008993617284875886
,1,3649868,6427,2022-03-19,0.001760885599150435
"[60,80)",0,955782,7433,2022-03-20,0.0077768779910063176
"[60,80)",1,1064345,9425,2022-03-20,0.008855211421108757
,0,3919162,3930,2022-03-20,0.0010027653870904034
,1,3643360,6105,2022-03-20,0.0016756510473848315
"[60,80)",0,948220,7026,2022-03-21,0.007409672860728523
"[60,80)",1,1054837,9020,2022-03-21,0.008551084195946862
,0,3915150,4072,2022-03-21,0.0010400623220055425
,1,3637152,6232,2022-03-21,0.001713428528694979
"[60,80)",0,941047,6126,2022-03-22,0.006509770500304448
"[60,80)",1,1045721,7794,2022-03-22,0.007453230833080716
,0,3910984,3905,2022-03-22,0.000998469950273384
,1,3630839,6991,2022-03-22,0.001925450288487041
"[60,80)",0,934779,2303,2022-03-23,0.002463683929570519
"[60,80)",1,1037847,3206,2022-03-23,0.003089087312484403
,0,3906994,1189,2022-03-23,0.0003043260368457182
,1,3623764,1766,2022-03-23,0.00048733857944391524
"[60,80)",0,932360,1461,2022-03-24,0.0015669912909176712
"[60,80)",1,1034577,1843,2022-03-24,0.0017814043807275824
,0,3905726,853,2022-03-24,0.00021839729668696677
,1,3621919,1391,2022-03-24,0.000384050554416043
"[60,80)",0,930765,5275,2022-03-25,0.005667381132724157
"[60,80)",1,1032641,6545,2022-03-25,0.006338117506471271
,0,3904784,2834,2022-03-25,0.0007257763809726736
,1,3620423,4493,2022-03-25,0.0012410152073390318
"[60,80)",0,925350,6517,2022-03-26,0.007042740584643648
"[60,80)",1,1026025,8160,2022-03-26,0.007953022587168929
,0,3901864,3649,2022-03-26,0.0009351940508433918
,1,3615820,6392,2022-03-26,0.001767787113296569
"[60,80)",0,918680,6215,2022-03-27,0.0067651412896764926
"[60,80)",1,1017786,7585,2022-03-27,0.007452450711642722
,0,3898132,3537,2022-03-27,0.0009073576779852503
,1,3609345,5829,2022-03-27,0.0016149744621253995
"[60,80)",0,912332,7037,2022-03-28,0.007713200896164993
"[60,80)",1,1010135,8617,2022-03-28,0.008530542947229826
,0,3894524,4230,2022-03-28,0.0010861404371882162
,1,3603425,5815,2022-03-28,0.0016137424811117202
"[60,80)",0,905179,1739,2022-03-29,0.001921166973604116
"[60,80)",1,1001438,2129,2022-03-29,0.0021259428941182578
,0,3890207,1434,2022-03-29,0.00036861791673296565
,1,3597533,1694,2022-03-29,0.0004708782379480605
"[60,80)",0,903328,963,2022-03-30,0.0010660579545857098
"[60,80)",1,999240,1151,2022-03-30,0.0011518754253232457
,0,3888696,754,2022-03-30,0.0001938953314941564
,1,3595754,792,2022-03-30,0.0002202597841787842
"[60,80)",0,902233,683,2022-03-31,0.0007570106613258437
"[60,80)",1,998015,940,2022-03-31,0.0009418696111781887
,0,3887860,323,2022-03-31,8.307912321945749e-05
,1,3594878,600,2022-03-31,0.00016690413415976842
"[60,80)",0,901446,671,2022-04-01,0.0007443596177696723
"[60,80)",1,996994,857,2022-04-01,0.0008595839092311488
,0,3887452,362,2022-04-01,9.312012084007726e-05
,1,3594200,551,2022-04-01,0.00015330254298592176
"[60,80)",0,900646,4723,2022-04-02,0.005244013741247949
"[60,80)",1,996067,5745,2022-04-02,0.005767684302361187
,0,3887026,2175,2022-04-02,0.0005595537565223387
,1,3593559,3566,2022-04-02,0.0009923310011050327
"[60,80)",0,895812,6715,2022-04-03,0.007495992462704228
"[60,80)",1,990262,8068,2022-04-03,0.008147338785089199
,0,3884780,3315,2022-04-03,0.0008533301757113659
,1,3589915,5403,2022-04-03,0.0015050495624548213
"[60,80)",0,888975,11560,2022-04-04,0.013003740262662055
"[60,80)",1,982136,13911,2022-04-04,0.014164026163382668
,0,3881398,5529,2022-04-04,0.001424486744209174
,1,3584438,7807,2022-04-04,0.0021780262345170985
"[60,80)",0,877290,11100,2022-04-05,0.012652600622371165
"[60,80)",1,968142,13763,2022-04-05,0.014215889817815982
,0,3875813,6096,2022-04-05,0.0015728313001685066
,1,3576557,8635,2022-04-05,0.002414333114221303
"[60,80)",0,866079,4305,2022-04-06,0.004970678194483413
"[60,80)",1,954314,5317,2022-04-06,0.005571541442334494
,0,3869665,2255,2022-04-06,0.0005827377822111217
,1,3567839,3694,2022-04-06,0.001035360620252203
"[60,80)",0,861671,3002,2022-04-07,0.003483928320669954
"[60,80)",1,948934,3659,2022-04-07,0.003855905679425545
,0,3867355,1084,2022-04-07,0.0002802949302559501
,1,3564083,2046,2022-04-07,0.0005740607050958128
"[60,80)",0,858561,12382,2022-04-08,0.014421805788988785
"[60,80)",1,945209,14628,2022-04-08,0.015475942357721944
,0,3866197,4817,2022-04-08,0.001245927199260669
,1,3561966,6489,2022-04-08,0.0018217467544608791
"[60,80)",0,846077,11529,2022-04-09,0.013626419344811406
"[60,80)",1,930519,13426,2022-04-09,0.014428507101950632
,0,3861316,4672,2022-04-09,0.0012099501827874228
,1,3555402,6668,2022-04-09,0.0018754559962558383
"[60,80)",0,834467,12939,2022-04-10,0.015505706037506575
"[60,80)",1,917052,14881,2022-04-10,0.016226996942376223
,0,3856562,4534,2022-04-10,0.001175658526947058
,1,3548652,6531,2022-04-10,0.0018404171499487693
"[60,80)",0,821426,15714,2022-04-11,0.01913014684219881
"[60,80)",1,902120,17882,2022-04-11,0.019822196603556066
,0,3851971,6057,2022-04-11,0.0015724417447587223
,1,3542053,8151,2022-04-11,0.002301207802367723
"[60,80)",0,805607,12938,2022-04-12,0.016059939896252144
"[60,80)",1,884186,15232,2022-04-12,0.017227144514841898
,0,3845853,6071,2022-04-12,0.0015785834767995553
,1,3533848,10454,2022-04-12,0.002958248345712662
"[60,80)",0,792584,4594,2022-04-13,0.005796231061944223
"[60,80)",1,868905,5668,2022-04-13,0.006523152703690277
,0,3839725,2551,2022-04-13,0.0006643704952828653
,1,3523325,3912,2022-04-13,0.0011103148304513492
"[60,80)",0,787893,3704,2022-04-14,0.004701145967790043
"[60,80)",1,863194,4283,2022-04-14,0.004961804646464178
,0,3837114,1742,2022-04-14,0.00045398703296279443
,1,3519334,3274,2022-04-14,0.0009302896513942695
"[60,80)",0,784084,13786,2022-04-15,0.017582299855627714
"[60,80)",1,858872,16406,2022-04-15,0.019101798638213843
,0,3835304,6506,2022-04-15,0.0016963453223003966
,1,3516005,7263,2022-04-15,0.002065696721136631
"[60,80)",0,770214,13731,2022-04-16,0.017827512873045674
"[60,80)",1,842418,16111,2022-04-16,0.01912471006080117
,0,3828732,5717,2022-04-16,0.0014931836440889568
,1,3508681,6994,2022-04-16,0.0019933416574490527
"[60,80)",0,756411,15908,2022-04-17,0.021030894579798547
"[60,80)",1,826255,18682,2022-04-17,0.022610453189390683
,0,3822975,5822,2022-04-17,0.0015228977432496943
,1,3501629,7328,2022-04-17,0.002092740264602561
"[60,80)",0,740410,18305,2022-04-18,0.024722788725165788
"[60,80)",1,807520,21647,2022-04-18,0.02680676639587874
,0,3817087,6400,2022-04-18,0.0016766712417086642
,1,3494244,8160,2022-04-18,0.002335269088249132
"[60,80)",0,722011,14748,2022-04-19,0.020426281594047736
"[60,80)",1,785822,17918,2022-04-19,0.022801601380465296
,0,3810630,7453,2022-04-19,0.001955844571632512
,1,3486016,9881,2022-04-19,0.00283446777065854
"[60,80)",0,707200,5616,2022-04-20,0.007941176470588234
"[60,80)",1,767849,7111,2022-04-20,0.009260935418291878
,0,3803131,2454,2022-04-20,0.0006452578152054189
,1,3476062,2700,2022-04-20,0.0007767410362646005
"[60,80)",0,701499,4928,2022-04-21,0.007024956557315121
"[60,80)",1,760696,6188,2022-04-21,0.008134655631158833
,0,3800629,1668,2022-04-21,0.00043887472310504395
,1,3473293,1920,2022-04-21,0.0005527895285540264
"[60,80)",0,696491,17777,2022-04-22,0.025523660750820902
"[60,80)",1,754459,21655,2022-04-22,0.028702686295743043
,0,3798906,4773,2022-04-22,0.0012564143466566428
,1,3471308,5397,2022-04-22,0.0015547453582338416
"[60,80)",0,678637,18080,2022-04-23,0.02664163610295342
"[60,80)",1,732744,21570,2022-04-23,0.029437293242933413
,0,3794078,4438,2022-04-23,0.001169717649452647
,1,3465854,4902,2022-04-23,0.0014143700225110463
"[60,80)",0,660472,21696,2022-04-24,0.03284923509247932
"[60,80)",1,711127,25612,2022-04-24,0.03601607026593
,0,3789578,5408,2022-04-24,0.0014270718269949847
,1,3460891,6038,2022-04-24,0.001744637435851057
"[60,80)",0,638687,23536,2022-04-25,0.03685060131175365
"[60,80)",1,685477,27752,2022-04-25,0.04048567639760342
,0,3784118,7118,2022-04-25,0.0018810195665145749
,1,3454784,7216,2022-04-25,0.0020886978751783036
"[60,80)",0,615080,20853,2022-04-26,0.033902906938934774
"[60,80)",1,657672,23794,2022-04-26,0.03617912880584851
,0,3776954,8543,2022-04-26,0.002261875574868002
,1,3447514,9108,2022-04-26,0.002641903702203965
"[60,80)",0,594146,6174,2022-04-27,0.010391385282405335
"[60,80)",1,633833,6903,2022-04-27,0.010890881352028058
,0,3768349,3095,2022-04-27,0.0008213145863082214
,1,3438339,3231,2022-04-27,0.0009396979180935911
"[60,80)",0,587888,6217,2022-04-28,0.010575143564760634
"[60,80)",1,626888,6725,2022-04-28,0.010727594083791682
,0,3765195,3156,2022-04-28,0.000838203599016784
,1,3435057,2853,2022-04-28,0.0008305539034723442
"[60,80)",0,581608,21764,2022-04-29,0.03742039311701352
"[60,80)",1,620122,23319,2022-04-29,0.03760389084728489
,0,3761994,12144,2022-04-29,0.003228075323884089
,1,3432148,10040,2022-04-29,0.002925281776893071
"[60,80)",0,559763,20228,2022-04-30,0.036136722148480696
"[60,80)",1,596748,21319,2022-04-30,0.035725297780637724
,0,3749795,13504,2022-04-30,0.0036012635357399536
,1,3422057,11514,2022-04-30,0.0033646429618209165
"[60,80)",0,539464,21626,2022-05-01,0.04008793913959041
"[60,80)",1,575377,23156,2022-05-01,0.0402449176800602
,0,3736253,15496,2022-05-01,0.004147470741408572
,1,3410496,12930,2022-05-01,0.003791237403591736
"[60,80)",0,517764,20670,2022-05-02,0.03992166315155167
"[60,80)",1,552189,22038,2022-05-02,0.03991024812156707
,0,3720719,20533,2022-05-02,0.005518557031584487
,1,3397511,17204,2022-05-02,0.0050637069313388535
"[60,80)",0,497034,18337,2022-05-03,0.03689284837656981
"[60,80)",1,530101,19011,2022-05-03,0.035862977055315874
,0,3700134,21050,2022-05-03,0.00568898315574517
,1,3380256,18951,2022-05-03,0.005606380108488825
"[60,80)",0,478629,5659,2022-05-04,0.011823353787589135
"[60,80)",1,511054,6105,2022-05-04,0.011945900041874244
,0,3679040,9446,2022-05-04,0.0025675176132904237
,1,3361237,8334,2022-05-04,0.0024794443236225237
"[60,80)",0,472912,4751,2022-05-05,0.010046266535845992
"[60,80)",1,504910,4823,2022-05-05,0.009552197421322612
,0,3669543,8128,2022-05-05,0.0022149897139780075
,1,3352848,6539,2022-05-05,0.001950282267493188
"[60,80)",0,468095,13775,2022-05-06,0.029427787094500047
"[60,80)",1,500044,14321,2022-05-06,0.02863947972578413
,0,3661362,25504,2022-05-06,0.006965713851839835
,1,3346250,19201,2022-05-06,0.005738064998132238
"[60,80)",0,454246,13942,2022-05-07,0.03069262029825249
"[60,80)",1,485681,14918,2022-05-07,0.03071563433611774
,0,3635806,26130,2022-05-07,0.007186852103770113
,1,3327003,21161,2022-05-07,0.006360378995750831
"[60,80)",0,440234,12552,2022-05-08,0.028512109469055094
"[60,80)",1,470715,13106,2022-05-08,0.027842749859256662
,0,3609640,29973,2022-05-08,0.008303598142751077
,1,3305788,24327,2022-05-08,0.007358911097747345
"[60,80)",0,427611,11577,2022-05-09,0.02707367209917425
"[60,80)",1,457564,12243,2022-05-09,0.026756912694180485
,0,3579617,33000,2022-05-09,0.009218863358845374
,1,3281413,27240,2022-05-09,0.008301301908659471
"[60,80)",0,415980,9546,2022-05-10,0.022948218664358862
"[60,80)",1,445287,9795,2022-05-10,0.02199704909417971
,0,3546571,31709,2022-05-10,0.008940748683728593
,1,3254128,28514,2022-05-10,0.008762408854230687
"[60,80)",0,406376,3493,2022-05-11,0.008595487922515108
"[60,80)",1,435460,3743,2022-05-11,0.008595508198227162
,0,3514820,13211,2022-05-11,0.003758656204300647
,1,3225568,11533,2022-05-11,0.0035754943005386957
"[60,80)",0,402835,2731,2022-05-12,0.006779450643563742
"[60,80)",1,431682,2883,2022-05-12,0.006678527249225124
,0,3501570,11036,2022-05-12,0.003151729081526287
,1,3213998,9165,2022-05-12,0.0028515885821957573
"[60,80)",0,400052,7234,2022-05-13,0.018082649255596772
"[60,80)",1,428769,7461,2022-05-13,0.017400978149073276
,0,3490481,32622,2022-05-13,0.00934598985068247
,1,3204790,25233,2022-05-13,0.007873526814549472
"[60,80)",0,392761,7535,2022-05-14,0.019184695018089882
"[60,80)",1,421271,7906,2022-05-14,0.018767016955831283
,0,3457821,30997,2022-05-14,0.00896431596661597
,1,3179487,25559,2022-05-14,0.008038718195734092
"[60,80)",0,385167,7394,2022-05-15,0.01919686785212648
"[60,80)",1,413330,7683,2022-05-15,0.01858805312946072
,0,3426783,34241,2022-05-15,0.009992170499270016
,1,3153895,28190,2022-05-15,0.008938154250537827
"[60,80)",0,377718,6994,2022-05-16,0.018516459369159
"[60,80)",1,405623,7216,2022-05-16,0.017789918224558273
,0,3392497,32854,2022-05-16,0.009684312174778636
,1,3125659,28437,2022-05-16,0.009097921430328773
"[60,80)",0,370677,5413,2022-05-17,0.01460301016788201
"[60,80)",1,398370,5734,2022-05-17,0.014393654140623038
,0,3359605,30134,2022-05-17,0.008969506831904346
,1,3097163,27591,2022-05-17,0.00890847527237023
"[60,80)",0,365217,2549,2022-05-18,0.006979412239846447
"[60,80)",1,392607,2674,2022-05-18,0.006810882128948287
,0,3329439,14348,2022-05-18,0.004309434712574701
,1,3069532,12915,2022-05-18,0.004207481792012593
"[60,80)",0,362609,1637,2022-05-19,0.004514504604132826
"[60,80)",1,389903,1816,2022-05-19,0.004657568677337697
,0,3315058,10631,2022-05-19,0.00320688205153575
,1,3056563,8374,2022-05-19,0.002739678521267188
"[60,80)",0,360916,3966,2022-05-20,0.010988706513426948
"[60,80)",1,388063,4067,2022-05-20,0.010480257071661045
,0,3304398,22379,2022-05-20,0.006772489270360289
,1,3048155,16818,2022-05-20,0.005517435957160971
"[60,80)",0,356898,4385,2022-05-21,0.012286423572000963
"[60,80)",1,383967,4546,2022-05-21,0.011839559128779296
,0,3281988,23864,2022-05-21,0.007271202697877018
,1,3031299,19135,2022-05-21,0.006312475278750133
"[60,80)",0,352472,5431,2022-05-22,0.015408316121564266
"[60,80)",1,379391,5755,2022-05-22,0.015169047236228587
,0,3258081,30560,2022-05-22,0.00937975452421226
,1,3012107,26050,2022-05-22,0.008648431148030267
"[60,80)",0,346985,4912,2022-05-23,0.014156231537386342
"[60,80)",1,373605,5325,2022-05-23,0.014253021239009114
,0,3227479,27345,2022-05-23,0.008472557063887944
,1,2986010,23869,2022-05-23,0.007993610202243127
"[60,80)",0,342016,3972,2022-05-24,0.011613491766467065
"[60,80)",1,368245,4208,2022-05-24,0.011427174842835612
,0,3200099,27536,2022-05-24,0.00860473379104834
,1,2962095,26073,2022-05-24,0.008802215999149252
"[60,80)",0,338001,1405,2022-05-25,0.004156792435525338
"[60,80)",1,364008,1537,2022-05-25,0.0042224346717654555
,0,3172531,13493,2022-05-25,0.004253071128382985
,1,2935975,12853,2022-05-25,0.004377762072224729
"[60,80)",0,336563,979,2022-05-26,0.002908816477152866
"[60,80)",1,362444,1013,2022-05-26,0.0027949145247265785
,0,3159003,10839,2022-05-26,0.003431145839367674
,1,2923086,9598,2022-05-26,0.003283516119607839
"[60,80)",0,335545,3248,2022-05-27,0.009679774694899343
"[60,80)",1,361403,3410,2022-05-27,0.00943545017611918
,0,3148130,27081,2022-05-27,0.00860224958943881
,1,2913448,22017,2022-05-27,0.00755702521548351
"[60,80)",0,332251,3837,2022-05-28,0.011548497972918065
"[60,80)",1,357956,3962,2022-05-28,0.01106839946809105
,0,3121015,28119,2022-05-28,0.00900956900239185
,1,2891396,23218,2022-05-28,0.008030031168335295
"[60,80)",0,328372,4123,2022-05-29,0.012555881743875848
"[60,80)",1,353962,4257,2022-05-29,0.012026714732089886
,0,3092850,29654,2022-05-29,0.00958792052637535
,1,2868138,24973,2022-05-29,0.008707042687625212
"[60,80)",0,324204,4028,2022-05-30,0.012424276073089782
"[60,80)",1,349683,4129,2022-05-30,0.011807837384145068
,0,3063161,26525,2022-05-30,0.008659355482783961
,1,2843123,23602,2022-05-30,0.00830143472512445
"[60,80)",0,320113,3295,2022-05-31,0.010293240199554533
"[60,80)",1,345523,3435,2022-05-31,0.009941451075615806
,0,3036602,29251,2022-05-31,0.009632806670087157
,1,2819474,27178,2022-05-31,0.009639386637365693
"[60,80)",0,316772,1282,2022-06-01,0.004047074867728208
"[60,80)",1,342063,1469,2022-06-01,0.004294530539695904
,0,3007305,16135,2022-06-01,0.005365268903553181
,1,2792255,15333,2022-06-01,0.0054912606477560254
"[60,80)",0,315437,776,2022-06-02,0.0024600791917244965
"[60,80)",1,340571,902,2022-06-02,0.0026484932657213915
,0,2991133,13180,2022-06-02,0.004406357056005199
,1,2776881,12114,2022-06-02,0.004362448372832685
"[60,80)",0,314616,3251,2022-06-03,0.010333231622040837
"[60,80)",1,339643,3330,2022-06-03,0.009804412279952775
,0,2977915,31318,2022-06-03,0.010516754171962598
,1,2764718,25832,2022-06-03,0.009343448409566545
"[60,80)",0,311316,3506,2022-06-04,0.011261868969150317
"[60,80)",1,336284,3618,2022-06-04,0.010758763426151705
,0,2946558,30310,2022-06-04,0.010286578441693664
,1,2738842,26602,2022-06-04,0.009712864049842963
"[60,80)",0,307766,3285,2022-06-05,0.010673693650370736
"[60,80)",1,332638,3355,2022-06-05,0.010086039478351842
,0,2916211,27799,2022-06-05,0.009532574974856071
,1,2712204,24826,2022-06-05,0.009153441260318177
"[60,80)",0,304446,2871,2022-06-06,0.00943024378707554
"[60,80)",1,329261,2985,2022-06-06,0.009065756345270166
,0,2888380,25089,2022-06-06,0.00868618395086519
,1,2687344,22959,2022-06-06,0.008543379634315517
"[60,80)",0,301543,2241,2022-06-07,0.007431775899291311
"[60,80)",1,326247,2415,2022-06-07,0.00740236691831649
,0,2863258,24681,2022-06-07,0.008619900826261552
,1,2664351,22817,2022-06-07,0.008563811599898061
"[60,80)",0,299265,1051,2022-06-08,0.0035119375804053264
"[60,80)",1,323815,1155,2022-06-08,0.0035668514429535382
,0,2838544,15113,2022-06-08,0.005324208467439645
,1,2641487,14741,2022-06-08,0.005580568823545223
"[60,80)",0,298179,546,2022-06-09,0.001831114867244172
"[60,80)",1,322624,525,2022-06-09,0.0016272812933941679
,0,2823393,11847,2022-06-09,0.0041960152199853155
,1,2626707,11122,2022-06-09,0.00423419894186904
"[60,80)",0,297608,1977,2022-06-10,0.0066429665869197066
"[60,80)",1,322070,2086,2022-06-10,0.006476852858074332
,0,2811522,21017,2022-06-10,0.007475310525757934
,1,2615531,18028,2022-06-10,0.006892673036565042
"[60,80)",0,295599,2274,2022-06-11,0.007692854170683933
"[60,80)",1,319962,2262,2022-06-11,0.007069589513754759
,0,2790469,21397,2022-06-11,0.00766788665274547
,1,2597464,18762,2022-06-11,0.007223199243569882
"[60,80)",0,293285,2011,2022-06-12,0.006856811633735104
"[60,80)",1,317670,2195,2022-06-12,0.006909686152296408
,0,2769045,20351,2022-06-12,0.007349465248849332
,1,2578665,18277,2022-06-12,0.0070877760391520415
"[60,80)",0,291234,1913,2022-06-13,0.006568601193541963
"[60,80)",1,315437,2030,2022-06-13,0.006435516442268979
,0,2748668,18298,2022-06-13,0.006657042611184763
,1,2560339,17219,2022-06-13,0.006725281300640267
"[60,80)",0,289278,1672,2022-06-14,0.005779907217278881
"[60,80)",1,313381,1704,2022-06-14,0.005437470682651469
,0,2730334,20238,2022-06-14,0.007412279962817736
,1,2543060,18843,2022-06-14,0.007409577438204368
"[60,80)",0,287575,580,2022-06-15,0.0020168651656089715
"[60,80)",1,311647,664,2022-06-15,0.0021306157286930406
,0,2710065,10519,2022-06-15,0.0038814567178278012
,1,2524176,10042,2022-06-15,0.003978327977129962
"[60,80)",0,286944,393,2022-06-16,0.001369605219136835
"[60,80)",1,310964,421,2022-06-16,0.0013538544654686717
,0,2699506,8515,2022-06-16,0.003154280820268597
,1,2514076,8092,2022-06-16,0.003218677557878123
"[60,80)",0,286517,1392,2022-06-17,0.004858350464370351
"[60,80)",1,310521,1337,2022-06-17,0.004305666927518589
,0,2690954,15593,2022-06-17,0.005794599238782974
,1,2505953,14221,2022-06-17,0.005674886959172818
"[60,80)",0,285090,1568,2022-06-18,0.005500017538321232
"[60,80)",1,309157,1570,2022-06-18,0.005078325899138625
,0,2675325,15388,2022-06-18,0.005751824544681487
,1,2491691,14480,2022-06-18,0.005811314484821754
"[60,80)",0,283483,1569,2022-06-19,0.005534723422568549
"[60,80)",1,307570,1638,2022-06-19,0.005325616932730761
,0,2659908,14954,2022-06-19,0.005621998956354881
,1,2477162,13578,2022-06-19,0.005481272520731386
"[60,80)",0,281877,1502,2022-06-20,0.0053285652962107586
"[60,80)",1,305906,1523,2022-06-20,0.0049786535733199085
,0,2644913,13870,2022-06-20,0.00524402882060771
,1,2463534,12999,2022-06-20,0.005276566103816712
"[60,80)",0,280336,1301,2022-06-21,0.004640859539980595
"[60,80)",1,304358,1305,2022-06-21,0.0042877138107097566
,0,2631002,14647,2022-06-21,0.005567080526734681
,1,2450503,13869,2022-06-21,0.005659654364838566
"[60,80)",0,279004,414,2022-06-22,0.0014838496939111984
"[60,80)",1,303027,522,2022-06-22,0.0017226187765446643
,0,2616328,7509,2022-06-22,0.0028700529902978525
,1,2436596,7459,2022-06-22,0.003061237890893689
"[60,80)",0,278557,341,2022-06-23,0.0012241659696220163
"[60,80)",1,302486,356,2022-06-23,0.0011769139728780836
,0,2608787,6722,2022-06-23,0.0025766764400466575
,1,2429115,6557,2022-06-23,0.0026993370013358776
"[60,80)",0,278177,1192,2022-06-24,0.0042850415383011535
"[60,80)",1,302108,1248,2022-06-24,0.004130973029512625
,0,2602035,13547,2022-06-24,0.005206309676849081
,1,2422519,12462,2022-06-24,0.005144232098902011
"[60,80)",0,276955,1481,2022-06-25,0.005347439114657616
"[60,80)",1,300835,1626,2022-06-25,0.00540495620522878
,0,2588448,13704,2022-06-25,0.0052942921781700845
,1,2410012,12494,2022-06-25,0.0051842065516686225
"[60,80)",0,275446,1309,2022-06-26,0.004752292645382398
"[60,80)",1,299183,1440,2022-06-26,0.004813107696627148
,0,2574712,12619,2022-06-26,0.004901130689568387
,1,2397485,12167,2022-06-26,0.005074901407099523
"[60,80)",0,274111,1437,2022-06-27,0.005242401800730361
"[60,80)",1,297721,1436,2022-06-27,0.004823307727704797
,0,2562061,11106,2022-06-27,0.004334791404263989
,1,2385287,10057,2022-06-27,0.004216264122514398
"[60,80)",0,272646,1318,2022-06-28,0.004834107230621392
"[60,80)",1,296259,1526,2022-06-28,0.005150898369332239
,0,2550928,12302,2022-06-28,0.004822558692366073
,1,2375195,11637,2022-06-28,0.004899387208208168
"[60,80)",0,271281,258,2022-06-29,0.0009510433830603692
"[60,80)",1,294706,298,2022-06-29,0.0010111772410470096
,0,2538596,3349,2022-06-29,0.0013192331509227935
,1,2363517,3225,2022-06-29,0.0013644919837682572
"[60,80)",0,270996,253,2022-06-30,0.0009335931157655464
"[60,80)",1,294393,266,2022-06-30,0.0009035540926584532
,0,2535221,3674,2022-06-30,0.001449183325635122
,1,2360255,3407,2022-06-30,0.0014434880976843603
"[60,80)",0,270705,276,2022-07-01,0.0010195600376793927
"[60,80)",1,294109,325,2022-07-01,0.0011050324879551458
,0,2531511,3553,2022-07-01,0.001403509603552977
,1,2356812,3297,2022-07-01,0.0013989236307350777
"[60,80)",0,270392,187,2022-07-02,0.0006915885085357555
"[60,80)",1,293762,222,2022-07-02,0.0007557138091380097
,0,2527924,2672,2022-07-02,0.0010569938020288585
,1,2353484,2432,2022-07-02,0.0010333616034780776
"[60,80)",0,270172,1434,2022-07-03,0.0053077298905882175
"[60,80)",1,293522,1475,2022-07-03,0.0050251769884369826
,0,2525214,12127,2022-07-03,0.004802365264884481
,1,2351005,10812,2022-07-03,0.00459888430692406
"[60,80)",0,268697,1539,2022-07-04,0.005727641172026484
"[60,80)",1,292026,1744,2022-07-04,0.0059720709799812345
,0,2513055,12065,2022-07-04,0.004800929545911252
,1,2340146,11298,2022-07-04,0.004827903900013076
"[60,80)",0,267129,1312,2022-07-05,0.004911484713378181
"[60,80)",1,290258,1378,2022-07-05,0.004747500499555568
,0,2500958,13209,2022-07-05,0.005281576100038465
,1,2328813,12072,2022-07-05,0.005183756703522353
"[60,80)",0,265786,350,2022-07-06,0.001316848893470687
"[60,80)",1,288856,419,2022-07-06,0.0014505497548951726
,0,2487723,4458,2022-07-06,0.0017920001543580213
,1,2316692,4178,2022-07-06,0.0018034335164104681
"[60,80)",0,265398,289,2022-07-07,0.001088930587268932
"[60,80)",1,288419,321,2022-07-07,0.0011129641251096496
,0,2483236,4047,2022-07-07,0.0016297283061295826
,1,2312480,3911,2022-07-07,0.0016912578703383381
"[60,80)",0,265085,1448,2022-07-08,0.005462398853198031
"[60,80)",1,288079,1444,2022-07-08,0.00501251392847101
,0,2479161,12857,2022-07-08,0.005186028660502485
,1,2308534,11830,2022-07-08,0.005124464270398444
"[60,80)",0,263613,1480,2022-07-09,0.005614290645757227
"[60,80)",1,286617,1556,2022-07-09,0.005428847556146355
,0,2466268,12169,2022-07-09,0.004934175847880279
,1,2296654,11034,2022-07-09,0.0048043806337393444
"[60,80)",0,262099,1559,2022-07-10,0.0059481341019996265
"[60,80)",1,285038,1609,2022-07-10,0.005644861386902799
,0,2454075,11987,2022-07-10,0.004884528793944765
,1,2285588,10714,2022-07-10,0.004687633991778046
"[60,80)",0,260500,1748,2022-07-11,0.006710172744721689
"[60,80)",1,283410,1775,2022-07-11,0.006263011185208708
,0,2442058,13273,2022-07-11,0.005435169844450869
,1,2274832,12420,2022-07-11,0.00545974384042426
"[60,80)",0,258718,1474,2022-07-12,0.00569732295394986
"[60,80)",1,281611,1461,2022-07-12,0.005188007570726996
,0,2428747,12965,2022-07-12,0.0053381434953908334
,1,2262369,12086,2022-07-12,0.005342187768661965
"[60,80)",0,257207,359,2022-07-13,0.0013957629457985203
"[60,80)",1,280128,401,2022-07-13,0.0014314884624171808
,0,2415751,4217,2022-07-13,0.0017456269292654748
,1,2250248,3844,2022-07-13,0.0017082561566547332
"[60,80)",0,256822,356,2022-07-14,0.001386174081659671
"[60,80)",1,279702,310,2022-07-14,0.0011083224288707266
,0,2411508,4085,2022-07-14,0.0016939607913388636
,1,2246368,3708,2022-07-14,0.0016506645393809028
"[60,80)",0,256425,1235,2022-07-15,0.004816223067173638
"[60,80)",1,279370,1312,2022-07-15,0.004696280917779289
,0,2407397,10852,2022-07-15,0.004507773333604719
,1,2242631,9987,2022-07-15,0.0044532515603324845
"[60,80)",0,255153,1306,2022-07-16,0.0051184975289336205
"[60,80)",1,278043,1298,2022-07-16,0.0046683426664221005
,0,2396519,9786,2022-07-16,0.00408342266428933
,1,2232603,9059,2022-07-16,0.00405759555102273
"[60,80)",0,253815,1405,2022-07-17,0.005535527845084018
"[60,80)",1,276728,1430,2022-07-17,0.005167529126073256
,0,2386707,10832,2022-07-17,0.004538470788412654
,1,2223500,9822,2022-07-17,0.004417360017989656
"[60,80)",0,252376,1275,2022-07-18,0.005051985925761562
"[60,80)",1,275286,1226,2022-07-18,0.004453550126050725
,0,2375838,10521,2022-07-18,0.004428332234773583
,1,2213647,9374,2022-07-18,0.004234640843820176
"[60,80)",0,251076,1271,2022-07-19,0.005062212238525387
"[60,80)",1,274042,1309,2022-07-19,0.004776640077068479
,0,2365285,10679,2022-07-19,0.004514889326233414
,1,2204244,10009,2022-07-19,0.0045407858658115885
"[60,80)",0,249764,314,2022-07-20,0.0012571867843244023
"[60,80)",1,272703,335,2022-07-20,0.0012284426647304943
,0,2354585,3617,2022-07-20,0.001536151805944572
,1,2194200,3115,2022-07-20,0.001419651809315468
"[60,80)",0,249414,278,2022-07-21,0.0011146126520564202
"[60,80)",1,272348,231,2022-07-21,0.0008481795350066826
,0,2350941,3197,2022-07-21,0.0013598810008417907
,1,2191048,2964,2022-07-21,0.0013527773010906196
"[60,80)",0,249104,1180,2022-07-22,0.004736977326739032
"[60,80)",1,272095,1260,2022-07-22,0.004630735588673073
,0,2347715,11065,2022-07-22,0.0047130933695103535
,1,2188044,10080,2022-07-22,0.004606854341137564
"[60,80)",0,247879,1326,2022-07-23,0.005349384175343615
"[60,80)",1,270812,1281,2022-07-23,0.004730218749538425
,0,2336627,10468,2022-07-23,0.0044799619280270235
,1,2177929,9701,2022-07-23,0.004454231519943947
"[60,80)",0,246523,1282,2022-07-24,0.0052003261358980705
"[60,80)",1,269508,1231,2022-07-24,0.00456758240942755
,0,2326144,9718,2022-07-24,0.004177729323722005
,1,2168201,9090,2022-07-24,0.0041924157400536205
"[60,80)",0,245206,1099,2022-07-25,0.004481945792517312
"[60,80)",1,268261,1058,2022-07-25,0.0039439202865865705
,0,2316395,9977,2022-07-25,0.0043071237850193945
,1,2159070,9228,2022-07-25,0.004274062443552085
"[60,80)",0,244072,1166,2022-07-26,0.004777278835753384
"[60,80)",1,267171,1165,2022-07-26,0.004360503198326165
,0,2306390,10864,2022-07-26,0.004710391564306123
,1,2149808,10130,2022-07-26,0.004712048703884254
"[60,80)",0,242883,392,2022-07-27,0.0016139458092991276
"[60,80)",1,265984,364,2022-07-27,0.0013685033686236766
,0,2295499,4258,2022-07-27,0.0018549343737461876
,1,2139637,3970,2022-07-27,0.0018554549206243863
"[60,80)",0,242457,243,2022-07-28,0.0010022395723777824
"[60,80)",1,265594,229,2022-07-28,0.0008622182730031552
,0,2291214,3333,2022-07-28,0.0014546873404230247
,1,2135639,2958,2022-07-28,0.0013850655471266445
"[60,80)",0,242192,923,2022-07-29,0.003811025962872432
"[60,80)",1,265341,883,2022-07-29,0.0033277932924048676
,0,2287859,8801,2022-07-29,0.0038468279732273712
,1,2132644,8077,2022-07-29,0.003787317526975904
"[60,80)",0,241241,999,2022-07-30,0.004141087128638996
"[60,80)",1,264435,1066,2022-07-30,0.004031236409703708
,0,2279026,8069,2022-07-30,0.0035405475848015776
,1,2124536,7562,2022-07-30,0.0035593654332051797
"[60,80)",0,240218,947,2022-07-31,0.003942252454020931
"[60,80)",1,263350,977,2022-07-31,0.003709891779001329
,0,2270938,7464,2022-07-31,0.0032867475906431616
,1,2116933,6773,2022-07-31,0.0031994399444857254
"[60,80)",0,239239,896,2022-08-01,0.0037452087661292684
"[60,80)",1,262362,892,2022-08-01,0.003399882604950412
,0,2263446,7464,2022-08-01,0.0032976267160780507
,1,2110131,6827,2022-08-01,0.0032353441563580648
"[60,80)",0,238307,882,2022-08-02,0.0037011082343363813
"[60,80)",1,261455,915,2022-08-02,0.0034996462106289803
,0,2255967,7718,2022-08-02,0.0034211493341879556
,1,2103277,7340,2022-08-02,0.003489792357354737
"[60,80)",0,237394,252,2022-08-03,0.0010615264075755917
"[60,80)",1,260526,256,2022-08-03,0.0009826274536898429
,0,2248219,2697,2022-08-03,0.0011996162295577076
,1,2095901,2428,2022-08-03,0.0011584516635089158
"[60,80)",0,237107,162,2022-08-04,0.000683235838671992
"[60,80)",1,260254,125,2022-08-04,0.00048030001460112046
,0,2245497,2192,2022-08-04,0.0009761758755411385
,1,2093431,1920,2022-08-04,0.0009171546614146825
"[60,80)",0,236920,658,2022-08-05,0.0027773087962181327
"[60,80)",1,260109,648,2022-08-05,0.0024912632780872634
,0,2243280,5884,2022-08-05,0.0026229449734317604
,1,2091477,5470,2022-08-05,0.002615376597495454
"[60,80)",0,236231,628,2022-08-06,0.0026584148566445556
"[60,80)",1,259441,684,2022-08-06,0.002636437571548059
,0,2237357,5541,2022-08-06,0.0024765828609381517
,1,2085972,5041,2022-08-06,0.002416619206777464
"[60,80)",0,235575,647,2022-08-07,0.002746471399766529
"[60,80)",1,258729,665,2022-08-07,0.0025702569097395345
,0,2231789,5274,2022-08-07,0.0023631266217370907
,1,2080911,4826,2022-08-07,0.0023191765529616596
"[60,80)",0,234890,654,2022-08-08,0.002784282004342458
"[60,80)",1,258048,671,2022-08-08,0.0026002914186507935
,0,2226488,5232,2022-08-08,0.002349889152782319
,1,2076044,4892,2022-08-08,0.0023564047775480675
"[60,80)",0,234200,558,2022-08-09,0.0023825789923142614
"[60,80)",1,257363,582,2022-08-09,0.0022613973259559455
,0,2221224,4954,2022-08-09,0.002230301851591735
,1,2071121,4659,2022-08-09,0.002249506426712877
"[60,80)",0,233614,154,2022-08-10,0.0006592070680695506
"[60,80)",1,256762,143,2022-08-10,0.0005569359952017821
,0,2216248,1645,2022-08-10,0.0007422454526749714
,1,2066430,1411,2022-08-10,0.0006828201294019154
"[60,80)",0,233428,74,2022-08-11,0.00031701423993693985
"[60,80)",1,256592,79,2022-08-11,0.0003078817733990148
,0,2214578,1300,2022-08-11,0.0005870192876475789
,1,2064978,1154,2022-08-11,0.0005588437261801337
"[60,80)",0,233321,477,2022-08-12,0.002044393775099541
"[60,80)",1,256491,554,2022-08-12,0.002159919841241993
,0,2213250,4613,2022-08-12,0.0020842652208290973
,1,2063785,4178,2022-08-12,0.0020244356849187296
"[60,80)",0,232813,562,2022-08-13,0.0024139545472117107
"[60,80)",1,255914,574,2022-08-13,0.0022429409879881524
,0,2208618,4339,2022-08-13,0.0019645769435909697
,1,2059570,4150,2022-08-13,0.002014983710191933
"[60,80)",0,232226,626,2022-08-14,0.002695649927226064
"[60,80)",1,255319,625,2022-08-14,0.0024479180946188886
,0,2204251,4237,2022-08-14,0.0019221948861540723
,1,2055393,3927,2022-08-14,0.001910583523442962
"[60,80)",0,231568,601,2022-08-15,0.0025953499619982036
"[60,80)",1,254667,586,2022-08-15,0.0023010441085810096
,0,2199988,4352,2022-08-15,0.001978192608323318
,1,2051438,4164,2022-08-15,0.0020297956847830645
"[60,80)",0,230940,606,2022-08-16,0.0026240581969342687
"[60,80)",1,254062,655,2022-08-16,0.0025781108548307108
,0,2195613,5102,2022-08-16,0.0023237246272453296
,1,2047241,5054,2022-08-16,0.002468688346902001
"[60,80)",0,230306,151,2022-08-17,0.0006556494403098486
"[60,80)",1,253382,120,2022-08-17,0.0004735932307740881
,0,2190488,1310,2022-08-17,0.0005980402540438478
,1,2042157,1157,2022-08-17,0.0005665578111771034
"[60,80)",0,230126,103,2022-08-18,0.00044758089046869975
"[60,80)",1,253247,89,2022-08-18,0.0003514355550115105
,0,2189144,1159,2022-08-18,0.0005294306815814766
,1,2040963,1009,2022-08-18,0.0004943744693068909
"[60,80)",0,229994,580,2022-08-19,0.0025218049166499997
"[60,80)",1,253143,635,2022-08-19,0.002508463595675172
,0,2187958,4716,2022-08-19,0.0021554344279003526
,1,2039926,4624,2022-08-19,0.0022667488918715678
"[60,80)",0,229391,580,2022-08-20,0.0025284339838964913
"[60,80)",1,252477,638,2022-08-20,0.002526962852061772
,0,2183220,4478,2022-08-20,0.002051098835664752
,1,2035273,4201,2022-08-20,0.00206409656100189
"[60,80)",0,228787,544,2022-08-21,0.0023777574774790527
"[60,80)",1,251817,562,2022-08-21,0.002231779427123665
,0,2178719,3946,2022-08-21,0.0018111560049735647
,1,2031047,3841,2022-08-21,0.001891142844060231
"[60,80)",0,228214,523,2022-08-22,0.0022917086594161622
"[60,80)",1,251237,507,2022-08-22,0.002018014862460545
,0,2174752,3826,2022-08-22,0.0017592810582539985
,1,2027174,3617,2022-08-22,0.0017842572961176495
"[60,80)",0,227668,545,2022-08-23,0.0023938366393169
"[60,80)",1,250711,554,2022-08-23,0.002209715568921986
,0,2170898,4561,2022-08-23,0.0021009738826973908
,1,2023522,4690,2022-08-23,0.0023177410475398834
"[60,80)",0,227088,115,2022-08-24,0.0005064116113577115
"[60,80)",1,250137,126,2022-08-24,0.0005037239592703198
,0,2166324,1278,2022-08-24,0.0005899394550399664
,1,2018787,1233,2022-08-24,0.000610762799641567
"[60,80)",0,226947,74,2022-08-25,0.0003260673196825691
"[60,80)",1,249993,79,2022-08-25,0.00031600884824775096
,0,2165031,1177,2022-08-25,0.000543641176500475
,1,2017525,1091,2022-08-25,0.0005407615766843038
"[60,80)",0,226848,439,2022-08-26,0.001935216532656228
"[60,80)",1,249900,476,2022-08-26,0.0019047619047619048
,0,2163830,3965,2022-08-26,0.0018323990331957686
,1,2016406,3667,2022-08-26,0.0018185821704557515
"[60,80)",0,226390,460,2022-08-27,0.002031891868015372
"[60,80)",1,249409,436,2022-08-27,0.001748132585431961
,0,2159839,3537,2022-08-27,0.0016376220634963996
,1,2012705,3266,2022-08-27,0.0016226918500227307
"[60,80)",0,225902,378,2022-08-28,0.001673291958459863
"[60,80)",1,248954,397,2022-08-28,0.0015946721081002916
,0,2156280,2775,2022-08-28,0.001286938616506205
,1,2009410,2411,2022-08-28,0.0011998546837131297
"[60,80)",0,225499,474,2022-08-29,0.0021020048869396317
"[60,80)",1,248537,476,2022-08-29,0.0019152077960223226
,0,2153472,3107,2022-08-29,0.0014427863468854019
,1,2006968,2807,2022-08-29,0.0013986271828947945
"[60,80)",0,224998,474,2022-08-30,0.0021066853927590467
"[60,80)",1,248035,517,2022-08-30,0.002084383252363578
,0,2150340,4401,2022-08-30,0.002046653087418734
,1,2004125,4187,2022-08-30,0.002089191043472837
"[60,80)",0,224497,108,2022-08-31,0.00048107547094170525
"[60,80)",1,247501,97,2022-08-31,0.0003919176084137034
,0,2145917,960,2022-08-31,0.00044736119803328835
,1,1999904,924,2022-08-31,0.0004620221770644991
"[60,80)",0,224362,88,2022-09-01,0.00039222328201745396
"[60,80)",1,247382,68,2022-09-01,0.00027487852794463624
,0,2144923,1009,2022-09-01,0.0004704131570224199
,1,1998951,894,2022-09-01,0.00044723457453434324
"[60,80)",0,224240,401,2022-09-02,0.0017882625758116305
"[60,80)",1,247293,369,2022-09-02,0.0014921570768278924
,0,2143891,2876,2022-09-02,0.001341486111000979
,1,1998033,2614,2022-09-02,0.00130828669996942
"[60,80)",0,223814,347,2022-09-03,0.0015503945240244131
"[60,80)",1,246911,350,2022-09-03,0.0014175148130297962
,0,2140991,1977,2022-09-03,0.0009234041619044639
,1,1995388,1733,2022-09-03,0.0008685027673815819
"[60,80)",0,223438,397,2022-09-04,0.001776779240773727
"[60,80)",1,246542,403,2022-09-04,0.001634609924475343
,0,2138983,2534,2022-09-04,0.0011846751470208038
,1,1993617,2360,2022-09-04,0.0011837780275750056
"[60,80)",0,223012,493,2022-09-05,0.002210643373450756
"[60,80)",1,246110,522,2022-09-05,0.0021210028036243956
,0,2136419,2932,2022-09-05,0.0013723899665749088
,1,1991227,2762,2022-09-05,0.001387084445922037
"[60,80)",0,222502,465,2022-09-06,0.0020898688551114148
"[60,80)",1,245573,533,2022-09-06,0.0021704340460881287
,0,2133469,3297,2022-09-06,0.0015453704740964129
,1,1988431,3428,2022-09-06,0.001723972317872735
"[60,80)",0,222010,124,2022-09-07,0.0005585333993964235
"[60,80)",1,245024,88,2022-09-07,0.00035914849157633535
,0,2130145,848,2022-09-07,0.0003980949653662075
,1,1984971,829,2022-09-07,0.0004176383433309605
"[60,80)",0,221861,58,2022-09-08,0.0002614249462501296
"[60,80)",1,244913,65,2022-09-08,0.00026540036666081423
,0,2129273,528,2022-09-08,0.0002479719603827222
,1,1984114,475,2022-09-08,0.00023940156664385213
"[60,80)",0,221770,394,2022-09-09,0.001776615412364161
"[60,80)",1,244823,422,2022-09-09,0.0017236942607516451
,0,2128701,2493,2022-09-09,0.0011711367636882775
,1,1983609,2151,2022-09-09,0.001084387094432421
"[60,80)",0,221349,419,2022-09-10,0.0018929383010539917
"[60,80)",1,244382,467,2022-09-10,0.0019109427044545016
,0,2126182,2345,2022-09-10,0.0011029159309974405
,1,1981426,2193,2022-09-10,0.0011067786533536957
"[60,80)",0,220904,384,2022-09-11,0.0017383116647955673
"[60,80)",1,243902,415,2022-09-11,0.001701503062705513
,0,2123800,2262,2022-09-11,0.0010650720406817967
,1,1979195,2171,2022-09-11,0.0010969106126480716
"[60,80)",0,220482,480,2022-09-12,0.0021770484665414864
"[60,80)",1,243467,453,2022-09-12,0.0018606217680424862
,0,2121512,2266,2022-09-12,0.0010681061431658176
,1,1977003,2180,2022-09-12,0.0011026791562784679
"[60,80)",0,219973,390,2022-09-13,0.00177294486141481
"[60,80)",1,242988,425,2022-09-13,0.0017490575666288047
,0,2119218,2895,2022-09-13,0.0013660699371183143
,1,1974797,2871,2022-09-13,0.0014538203167211616
"[60,80)",0,219552,82,2022-09-14,0.0003734878297624253
"[60,80)",1,242547,84,2022-09-14,0.0003463246298655518
,0,2116294,771,2022-09-14,0.00036431611108853496
,1,1971891,807,2022-09-14,0.0004092518298425217
"[60,80)",0,219450,47,2022-09-15,0.00021417179311916155
"[60,80)",1,242442,23,2022-09-15,9.486805091527045e-05
,0,2115495,492,2022-09-15,0.0002325696822729432
,1,1971062,394,2022-09-15,0.000199892240832607
"[60,80)",0,219381,287,2022-09-16,0.0013082263277129742
"[60,80)",1,242401,329,2022-09-16,0.0013572551268352852
,0,2114970,1812,2022-09-16,0.0008567497411310799
,1,1970635,1613,2022-09-16,0.0008185178889038305
"[60,80)",0,219063,314,2022-09-17,0.001433377612832838
"[60,80)",1,242056,353,2022-09-17,0.0014583402187923456
,0,2113138,1938,2022-09-17,0.0009171194687710883
,1,1968994,1653,2022-09-17,0.0008395150010614557
"[60,80)",0,218720,326,2022-09-18,0.0014904901243599123
"[60,80)",1,241682,337,2022-09-18,0.0013943942867073263
,0,2111176,1860,2022-09-18,0.0008810255516356761
,1,1967305,1686,2022-09-18,0.0008570099704926283
"[60,80)",0,218367,407,2022-09-19,0.0018638347369336942
"[60,80)",1,241326,423,2022-09-19,0.0017528156932945477
,0,2109286,2033,2022-09-19,0.0009638332592166259
,1,1965585,2119,2022-09-19,0.0010780505549238522
"[60,80)",0,217939,371,2022-09-20,0.0017023111971698503
"[60,80)",1,240878,404,2022-09-20,0.0016771975854997134
,0,2107226,2384,2022-09-20,0.0011313451903118127
,1,1963439,2606,2022-09-20,0.0013272630318538034
"[60,80)",0,217538,69,2022-09-21,0.00031718596291222683
"[60,80)",1,240455,75,2022-09-21,0.00031190867314050445
,0,2104807,681,2022-09-21,0.00032354510413543856
,1,1960789,686,2022-09-21,0.0003498591638365984
"[60,80)",0,217444,24,2022-09-22,0.00011037324552528467
"[60,80)",1,240364,23,2022-09-22,9.568820622056548e-05
,0,2104106,386,2022-09-22,0.0001834508337507711
,1,1960070,320,2022-09-22,0.000163259475426898
"[60,80)",0,217390,244,2022-09-23,0.0011224067344404065
"[60,80)",1,240329,273,2022-09-23,0.0011359428117289215
,0,2103698,1693,2022-09-23,0.0008047733087163651
,1,1959717,1691,2022-09-23,0.0008628796913023666
"[60,80)",0,217118,17,2022-09-24,7.829843679473835e-05
"[60,80)",1,240039,13,2022-09-24,5.4157866013439484e-05
,0,2101978,224,2022-09-24,0.00010656629136936732
,1,1957996,138,2022-09-24,7.048022570015465e-05
"[60,80)",0,217077,264,2022-09-25,0.001216158321701516
"[60,80)",1,240006,270,2022-09-25,0.0011249718757031075
,0,2101733,1746,2022-09-25,0.0008307430106488312
,1,1957839,1508,2022-09-25,0.0007702369806710358
"[60,80)",0,216788,366,2022-09-26,0.0016882853294462794
"[60,80)",1,239716,344,2022-09-26,0.0014350314538870998
,0,2099961,1946,2022-09-26,0.0009266838765100876
,1,1956304,1875,2022-09-26,0.0009584399970556723
"[60,80)",0,216397,241,2022-09-27,0.0011136938127608053
"[60,80)",1,239352,262,2022-09-27,0.0010946221464621143
,0,2097994,1911,2022-09-27,0.0009108700978172483
,1,1954402,1923,2022-09-27,0.000983932681198648
"[60,80)",0,216131,42,2022-09-28,0.00019432658896687658
"[60,80)",1,239076,44,2022-09-28,0.0001840418946276498
,0,2096057,490,2022-09-28,0.00023377226859765742
,1,1952448,499,2022-09-28,0.00025557658897957847
"[60,80)",0,216058,31,2022-09-29,0.00014347999148376826
"[60,80)",1,239011,30,2022-09-29,0.00012551723560840297
,0,2095540,374,2022-09-29,0.00017847428347824427
,1,1951912,293,2022-09-29,0.000150109226235609
"[60,80)",0,216007,214,2022-09-30,0.0009907086344424023
"[60,80)",1,238960,215,2022-09-30,0.0008997321727485771
,0,2095142,1397,2022-09-30,0.0006667805809821005
,1,1951589,1268,2022-09-30,0.0006497269660773862
"[60,80)",0,215770,205,2022-10-01,0.0009500857394447792
"[60,80)",1,238724,225,2022-10-01,0.0009425110169065531
,0,2093723,1388,2022-10-01,0.0006629339220135615
,1,1950287,1363,2022-10-01,0.0006988714994254692
"[60,80)",0,215534,269,2022-10-02,0.0012480629506249595
"[60,80)",1,238481,280,2022-10-02,0.0011740977268629366
,0,2092311,1515,2022-10-02,0.0007240797376680618
,1,1948888,1471,2022-10-02,0.0007547893978514927
"[60,80)",0,215245,267,2022-10-03,0.0012404469325652163
"[60,80)",1,238184,267,2022-10-03,0.0011209820978739125
,0,2090774,1457,2022-10-03,0.000696871110890034
,1,1947394,1304,2022-10-03,0.0006696128261666617
"[60,80)",0,214954,268,2022-10-04,0.0012467783804907097
"[60,80)",1,237900,300,2022-10-04,0.0012610340479192938
,0,2089284,2135,2022-10-04,0.0010218811803469514
,1,1946065,2109,2022-10-04,0.001083725363746843
"[60,80)",0,214665,59,2022-10-05,0.0002748468544010435
"[60,80)",1,237590,40,2022-10-05,0.00016835725409318573
,0,2087117,611,2022-10-05,0.00029274832220714026
,1,1943927,540,2022-10-05,0.0002777882091251369
"[60,80)",0,214577,24,2022-10-06,0.00011184796133788803
"[60,80)",1,237537,34,2022-10-06,0.00014313559571771977
,0,2086482,457,2022-10-06,0.0002190289683783517
,1,1943345,443,2022-10-06,0.0002279574650924051
"[60,80)",0,214521,209,2022-10-07,0.0009742635919094168
"[60,80)",1,237480,215,2022-10-07,0.0009053393970018527
,0,2086006,1335,2022-10-07,0.0006399789837613122
,1,1942874,1176,2022-10-07,0.0006052888658760167
"[60,80)",0,214288,196,2022-10-08,0.0009146569103262898
"[60,80)",1,237243,192,2022-10-08,0.0008092967969550208
,0,2084643,1390,2022-10-08,0.000666780834895951
,1,1941674,1179,2022-10-08,0.0006072080071113894
"[60,80)",0,214073,220,2022-10-09,0.0010276868171137882
"[60,80)",1,237027,238,2022-10-09,0.0010041050175718378
,0,2083221,1620,2022-10-09,0.00077764193045289
,1,1940460,1473,2022-10-09,0.0007590983581212702
"[60,80)",0,213834,290,2022-10-10,0.001356192186462396
"[60,80)",1,236762,226,2022-10-10,0.0009545450705772041
,0,2081577,1630,2022-10-10,0.0007830601510297241
,1,1938959,1539,2022-10-10,0.0007937248802063375
"[60,80)",0,213509,279,2022-10-11,0.001306736484176311
"[60,80)",1,236514,291,2022-10-11,0.0012303711408204166
,0,2079915,2311,2022-10-11,0.0011111030979631378
,1,1937390,2371,2022-10-11,0.0012238114163900919
"[60,80)",0,213203,66,2022-10-12,0.0003095641243322092
"[60,80)",1,236199,53,2022-10-12,0.00022438706345073435
,0,2077577,693,2022-10-12,0.00033356164416529447
,1,1934989,611,2022-10-12,0.00031576406894302756
"[60,80)",0,213099,47,2022-10-13,0.0002205547656253666
"[60,80)",1,236121,52,2022-10-13,0.0002202260705316342
,0,2076867,683,2022-10-13,0.00032886073109159134
,1,1934344,551,2022-10-13,0.0002848510916362343
"[60,80)",0,213025,300,2022-10-14,0.0014082854125102688
"[60,80)",1,236041,319,2022-10-14,0.001351460127689681
,0,2076164,1889,2022-10-14,0.0009098510522290147
,1,1933767,1625,2022-10-14,0.0008403287469483139
"[60,80)",0,212693,226,2022-10-15,0.0010625643533167524
"[60,80)",1,235695,258,2022-10-15,0.0010946350155921847
,0,2074243,1647,2022-10-15,0.0007940246152451761
,1,1932103,1467,2022-10-15,0.0007592762911708123
"[60,80)",0,212446,329,2022-10-16,0.0015486288280315938
"[60,80)",1,235419,350,2022-10-16,0.0014867109281748712
,0,2072561,2191,2022-10-16,0.0010571462070356433
,1,1930601,2037,2022-10-16,0.0010551118537698882
"[60,80)",0,212088,513,2022-10-17,0.0024188072875410208
"[60,80)",1,235054,531,2022-10-17,0.002259055366001004
,0,2070349,3455,2022-10-17,0.001668800767406848
,1,1928529,3280,2022-10-17,0.0017007781578602136
"[60,80)",0,211548,570,2022-10-18,0.0026944239605195984
"[60,80)",1,234500,576,2022-10-18,0.0024562899786780383
,0,2066866,4592,2022-10-18,0.0022217211952782617
,1,1925203,4746,2022-10-18,0.0024651945794807095
"[60,80)",0,210940,124,2022-10-19,0.0005878448848013653
"[60,80)",1,233907,155,2022-10-19,0.000662656525884219
,0,2062239,1735,2022-10-19,0.0008413185862550363
,1,1920425,1674,2022-10-19,0.0008716820495463244
"[60,80)",0,210790,117,2022-10-20,0.000555054793870677
"[60,80)",1,233735,82,2022-10-20,0.0003508246518493165
,0,2060482,1375,2022-10-20,0.0006673195883293326
,1,1918719,1119,2022-10-20,0.0005832016048207163
"[60,80)",0,210650,667,2022-10-21,0.0031663897460242106
"[60,80)",1,233629,609,2022-10-21,0.002606696942588463
,0,2059081,4708,2022-10-21,0.0022864569193732543
,1,1917573,4531,2022-10-21,0.0023628826647016828
"[60,80)",0,209947,725,2022-10-22,0.0034532524875325677
"[60,80)",1,232995,668,2022-10-22,0.00286701431361188
,0,2054351,5430,2022-10-22,0.0026431705195460757
,1,1913009,5192,2022-10-22,0.002714048914563392
"[60,80)",0,209182,843,2022-10-23,0.00402998345937987
"[60,80)",1,232308,825,2022-10-23,0.0035513197995764244
,0,2048882,6416,2022-10-23,0.003131463891039113
,1,1907782,6516,2022-10-23,0.003415484578426676
"[60,80)",0,208309,198,2022-10-24,0.0009505110196870994
"[60,80)",1,231459,178,2022-10-24,0.0007690346886489616
,0,2042436,1558,2022-10-24,0.0007628145998209981
,1,1901210,1517,2022-10-24,0.0007979129080953708
"[60,80)",0,208075,734,2022-10-25,0.0035275741919980775
"[60,80)",1,231264,648,2022-10-25,0.002801992528019925
,0,2040851,6625,2022-10-25,0.003246194847149547
,1,1899654,6421,2022-10-25,0.003380089216246748
"[60,80)",0,207311,177,2022-10-26,0.0008537897168987656
"[60,80)",1,230587,178,2022-10-26,0.0007719429109186555
,0,2034191,2195,2022-10-26,0.00107905304860753
,1,1893190,1994,2022-10-26,0.0010532487494651884
"[60,80)",0,207099,168,2022-10-27,0.0008112062346993467
"[60,80)",1,230392,129,2022-10-27,0.0005599152748359318
,0,2031963,1937,2022-10-27,0.0009532653891827754
,1,1891147,1542,2022-10-27,0.0008153781805433422
"[60,80)",0,206901,979,2022-10-28,0.00473173160110391
"[60,80)",1,230235,902,2022-10-28,0.003917736226029926
,0,2029991,7224,2022-10-28,0.003558636466861183
,1,1889567,6106,2022-10-28,0.0032314281525873388
"[60,80)",0,205890,1065,2022-10-29,0.005172665015299432
"[60,80)",1,229321,920,2022-10-29,0.004011843660196842
,0,2022742,7327,2022-10-29,0.0036223107049737436
,1,1883433,6126,2022-10-29,0.0032525712356107172
"[60,80)",0,204778,1177,2022-10-30,0.005747687739893934
"[60,80)",1,228378,1014,2022-10-30,0.004440007356225206
,0,2015386,7951,2022-10-30,0.003945149961347354
,1,1877256,7053,2022-10-30,0.0037570794819672968
"[60,80)",0,203572,1235,2022-10-31,0.006066649637474702
"[60,80)",1,227340,1074,2022-10-31,0.00472420163631565
,0,2007402,8424,2022-10-31,0.004196468868716879
,1,1870166,7603,2022-10-31,0.0040654145140057085
"[60,80)",0,202295,1204,2022-11-01,0.0059517041943696085
"[60,80)",1,226242,1167,2022-11-01,0.0051581934388840265
,0,1998948,10632,2022-11-01,0.005318797687583669
,1,1862513,9782,2022-11-01,0.005252043878351453
"[60,80)",0,201047,260,2022-11-02,0.001293229941257517
"[60,80)",1,225047,229,2022-11-02,0.0010175652197096606
,0,1988281,3180,2022-11-02,0.0015993715174062418
,1,1852685,2848,2022-11-02,0.001537228400942416
"[60,80)",0,200758,138,2022-11-03,0.0006873947738072705
"[60,80)",1,224795,120,2022-11-03,0.0005338197023955159
,0,1985069,2062,2022-11-03,0.0010387548241396142
,1,1849792,1711,2022-11-03,0.0009249688613638722
"[60,80)",0,200585,1032,2022-11-04,0.005144951018271555
"[60,80)",1,224656,957,2022-11-04,0.004259846164803077
,0,1982978,7825,2022-11-04,0.003946085130546078
,1,1848038,6450,2022-11-04,0.0034901879723252443
"[60,80)",0,199515,986,2022-11-05,0.0049419843119564945
"[60,80)",1,223671,920,2022-11-05,0.004113184096284275
,0,1975116,7022,2022-11-05,0.003555234224217717
,1,1841539,5885,2022-11-05,0.0031956966428623016
"[60,80)",0,198486,1016,2022-11-06,0.005118748929395524
"[60,80)",1,222719,952,2022-11-06,0.004274444479366376
,0,1968065,7322,2022-11-06,0.0037204055760353444
,1,1835602,6456,2022-11-06,0.003517102291237425
"[60,80)",0,197434,973,2022-11-07,0.004928229180384331
"[60,80)",1,221734,930,2022-11-07,0.004194214689673212
,0,1960706,7078,2022-11-07,0.003609924180371764
,1,1829099,6489,2022-11-07,0.0035476483230268015
"[60,80)",0,196416,1081,2022-11-08,0.00550362495927012
"[60,80)",1,220771,957,2022-11-08,0.00433480846669173
,0,1953597,9360,2022-11-08,0.004791162148590523
,1,1822559,8394,2022-11-08,0.0046056122188636965
"[60,80)",0,195284,199,2022-11-09,0.0010190286966674177
"[60,80)",1,219784,176,2022-11-09,0.0008007862264769046
,0,1944195,2699,2022-11-09,0.0013882352336056826
,1,1814122,2319,2022-11-09,0.00127830432572892
"[60,80)",0,195054,136,2022-11-10,0.0006972428148102577
"[60,80)",1,219576,130,2022-11-10,0.0005920501329835684
,0,1941457,2084,2022-11-10,0.00107342063203048
,1,1811757,1556,2022-11-10,0.0008588348216675857
"[60,80)",0,194878,871,2022-11-11,0.0044694629460482966
"[60,80)",1,219411,845,2022-11-11,0.0038512198567984286
,0,1939332,7099,2022-11-11,0.0036605387834573967
,1,1810152,6276,2022-11-11,0.003467112154117444
"[60,80)",0,193964,999,2022-11-12,0.005150440287888474
"[60,80)",1,218534,1027,2022-11-12,0.004699497561020253
,0,1932202,7893,2022-11-12,0.004084976622527044
,1,1803818,7598,2022-11-12,0.004212176616487916
"[60,80)",0,192924,169,2022-11-13,0.0008759926188550932
"[60,80)",1,217469,190,2022-11-13,0.0008736877440002943
,0,1924273,1981,2022-11-13,0.0010294797048028008
,1,1796174,1915,2022-11-13,0.0010661550607012462
"[60,80)",0,192713,1110,2022-11-14,0.005759860517972322
"[60,80)",1,217252,1145,2022-11-14,0.005270377257746764
,0,1922247,8860,2022-11-14,0.004609189141665977
,1,1794206,8295,2022-11-14,0.004623214948562205
"[60,80)",0,191540,1202,2022-11-15,0.006275451602798371
"[60,80)",1,216071,1192,2022-11-15,0.005516705157101138
,0,1913354,11416,2022-11-15,0.0059664860762827995
,1,1785851,10794,2022-11-15,0.006044177257789144
"[60,80)",0,190296,296,2022-11-16,0.0015554714760163113
"[60,80)",1,214850,305,2022-11-16,0.0014195950663253433
,0,1901895,4224,2022-11-16,0.002220942796526622
,1,1775005,3748,2022-11-16,0.0021115433477652177
"[60,80)",0,189954,240,2022-11-17,0.0012634637859692346
"[60,80)",1,214506,213,2022-11-17,0.0009929792173645493
,0,1897631,3515,2022-11-17,0.0018523095375233647
,1,1771202,2791,2022-11-17,0.001575766061691439
"[60,80)",0,189657,994,2022-11-18,0.005241040404519739
"[60,80)",1,214262,955,2022-11-18,0.004457159925698444
,0,1894081,8984,2022-11-18,0.004743197360619741
,1,1768362,7564,2022-11-18,0.004277404739527314
"[60,80)",0,188617,1048,2022-11-19,0.005556233001267118
"[60,80)",1,213278,1074,2022-11-19,0.00503568112979304
,0,1885052,9145,2022-11-19,0.0048513250562849195
,1,1760747,7764,2022-11-19,0.004409492107611145
"[60,80)",0,187520,1053,2022-11-20,0.005615401023890785
"[60,80)",1,212170,1124,2022-11-20,0.005297638685959372
,0,1875871,9102,2022-11-20,0.004852146016437164
,1,1752932,7716,2022-11-20,0.00440176800925535
"[60,80)",0,186423,1178,2022-11-21,0.006318962788926259
"[60,80)",1,211013,1257,2022-11-21,0.005956978953903314
,0,1866718,8767,2022-11-21,0.004696477989712426
,1,1745156,7921,2022-11-21,0.004538849249006965
"[60,80)",0,185205,1124,2022-11-22,0.006068950622283416
"[60,80)",1,209718,1137,2022-11-22,0.005421566103052671
,0,1857909,10215,2022-11-22,0.005498116430890856
,1,1737165,9164,2022-11-22,0.005275261705134515
"[60,80)",0,184032,313,2022-11-23,0.001700791166753608
"[60,80)",1,208557,297,2022-11-23,0.001424071117248522
,0,1847658,3828,2022-11-23,0.002071811991180186
,1,1727936,3022,2022-11-23,0.0017489073669395164
"[60,80)",0,183666,120,2022-11-24,0.0006533599033027343
"[60,80)",1,208233,111,2022-11-24,0.0005330567201164081
,0,1843790,1794,2022-11-24,0.0009729958400902489
,1,1724856,1300,2022-11-24,0.0007536861048110683
"[60,80)",0,183485,969,2022-11-25,0.0052810856473281195
"[60,80)",1,208086,1006,2022-11-25,0.004834539565372009
,0,1841956,7005,2022-11-25,0.003803022439189644
,1,1723503,6216,2022-11-25,0.0036066081695245093
"[60,80)",0,182449,826,2022-11-26,0.0045272925584683935
"[60,80)",1,207046,948,2022-11-26,0.004578692657670276
,0,1834908,5992,2022-11-26,0.0032655588182077793
,1,1717227,5434,2022-11-26,0.003164404007158052
"[60,80)",0,181573,998,2022-11-27,0.005496411911462607
"[60,80)",1,206072,1002,2022-11-27,0.00486237819791141
,0,1828860,6277,2022-11-27,0.003432192732084468
,1,1711728,5752,2022-11-27,0.003360346971014086
"[60,80)",0,180527,754,2022-11-28,0.004176660554930841
"[60,80)",1,205043,812,2022-11-28,0.003960144945206615
,0,1822538,4899,2022-11-28,0.0026880097973265853
,1,1705917,4172,2022-11-28,0.002445605501322749
"[60,80)",0,179724,615,2022-11-29,0.0034219136008546438
"[60,80)",1,204187,636,2022-11-29,0.0031147918329766343
,0,1817603,4549,2022-11-29,0.00250274674942768
,1,1701694,3826,2022-11-29,0.002248347822816558
"[60,80)",0,179058,129,2022-11-30,0.0007204369533894045
"[60,80)",1,203512,129,2022-11-30,0.000633869255866976
,0,1813014,1247,2022-11-30,0.000687804948003711
,1,1697820,1052,2022-11-30,0.000619618098502786
"[60,80)",0,178880,56,2022-12-01,0.00031305903398926656
"[60,80)",1,203346,51,2022-12-01,0.0002508040482724027
,0,1811723,742,2022-12-01,0.000409554882286089
,1,1696721,513,2022-12-01,0.0003023478815904324
"[60,80)",0,178765,556,2022-12-02,0.003110228512292675
"[60,80)",1,203253,565,2022-12-02,0.002779786768214983
,0,1810948,3718,2022-12-02,0.002053068337688327
,1,1696150,3302,2022-12-02,0.0019467617840403266
"[60,80)",0,178156,604,2022-12-03,0.0033902871640584657
"[60,80)",1,202647,668,2022-12-03,0.0032963725098323687
,0,1807189,3476,2022-12-03,0.0019234291488051333
,1,1692793,3128,2022-12-03,0.0018478337280458982
"[60,80)",0,177507,574,2022-12-04,0.003233675291678638
"[60,80)",1,201952,655,2022-12-04,0.003243344953256219
,0,1803670,3542,2022-12-04,0.0019637738610721474
,1,1689603,3471,2022-12-04,0.0020543287387628927
"[60,80)",0,176877,525,2022-12-05,0.002968164317576621
"[60,80)",1,201262,527,2022-12-05,0.002618477407558307
,0,1800092,3104,2022-12-05,0.0017243563106774543
,1,1686080,2955,2022-12-05,0.0017525858796735624
"[60,80)",0,176303,434,2022-12-06,0.0024616711003216055
"[60,80)",1,200695,448,2022-12-06,0.002232242955728842
,0,1796955,3045,2022-12-06,0.0016945332520847767
,1,1683048,2981,2022-12-06,0.001771191314805044
"[60,80)",0,175827,76,2022-12-07,0.0004322430570958954
"[60,80)",1,200221,67,2022-12-07,0.00033463023359188096
,0,1793872,794,2022-12-07,0.0004426179794322003
,1,1680016,715,2022-12-07,0.00042559118484585863
"[60,80)",0,175711,31,2022-12-08,0.00017642606325158925
"[60,80)",1,200117,41,2022-12-08,0.00020488014511510765
,0,1793034,664,2022-12-08,0.00037032203516497734
,1,1679240,572,2022-12-08,0.0003406302851289869
"[60,80)",0,175631,429,2022-12-09,0.002442621177354795
"[60,80)",1,200051,491,2022-12-09,0.002454374134595678
,0,1792333,2850,2022-12-09,0.0015901063027908319
,1,1678611,2584,2022-12-09,0.0015393679655381742
"[60,80)",0,175157,459,2022-12-10,0.002620506174460627
"[60,80)",1,199521,507,2022-12-10,0.0025410859007322538
,0,1789445,2738,2022-12-10,0.001530083349865461
,1,1675963,2491,2022-12-10,0.001486309661967478
"[60,80)",0,174647,433,2022-12-11,0.00247928678992482
"[60,80)",1,198970,501,2022-12-11,0.0025179675327938887
,0,1786664,2668,2022-12-11,0.0014932858108743447
,1,1673411,2592,2022-12-11,0.001548932091398945
"[60,80)",0,174175,481,2022-12-12,0.0027615903545284916
"[60,80)",1,198432,504,2022-12-12,0.0025399129172714078
,0,1783954,2995,2022-12-12,0.0016788549480535933
,1,1670775,2941,2022-12-12,0.001760260956741632
"[60,80)",0,173664,493,2022-12-13,0.0028388151833425466
"[60,80)",1,197904,482,2022-12-13,0.0024355242946074865
,0,1780922,3623,2022-12-13,0.0020343395162730317
,1,1667783,3745,2022-12-13,0.0022454959668014363
"[60,80)",0,173130,77,2022-12-14,0.0004447524981227979
"[60,80)",1,197391,73,2022-12-14,0.0003698243587600245
,0,1777249,1240,2022-12-14,0.0006977075243817833
,1,1663983,1222,2022-12-14,0.000734382502705857
"[60,80)",0,173001,32,2022-12-15,0.00018497002907497643
"[60,80)",1,197280,26,2022-12-15,0.00013179237631792375
,0,1775969,903,2022-12-15,0.0005084548210019432
,1,1662715,813,2022-12-15,0.000488959322553775
"[60,80)",0,172911,306,2022-12-16,0.0017696965490917292
"[60,80)",1,197219,347,2022-12-16,0.0017594653659130206
,0,1775037,2743,2022-12-16,0.0015453199003739077
,1,1661857,2455,2022-12-16,0.0014772630858130393
"[60,80)",0,172565,285,2022-12-17,0.0016515515892562224
"[60,80)",1,196844,283,2022-12-17,0.0014376866960638883
,0,1772264,3179,2022-12-17,0.001793750818162531
,1,1659355,2913,2022-12-17,0.0017555013845741267
"[60,80)",0,172236,219,2022-12-18,0.00127151118233122
"[60,80)",1,196530,204,2022-12-18,0.0010380094642039384
,0,1769048,2435,2022-12-18,0.0013764465407382954
,1,1656384,2177,2022-12-18,0.00131430875932151
"[60,80)",0,171973,79,2022-12-19,0.00045937443668482846
"[60,80)",1,196299,59,2022-12-19,0.0003005618979210286
,0,1766586,1525,2022-12-19,0.0008632469633519115
,1,1654168,1208,2022-12-19,0.0007302764894496811
"[60,80)",0,171863,0,2022-12-20,0.0
"[60,80)",1,196211,2,2022-12-20,1.0193108439384132e-05
,0,1765020,33,2022-12-20,1.8696671992385357e-05
,1,1652922,14,2022-12-20,8.469849151986604e-06
"[60,80)",0,171825,0,2022-12-21,0.0
"[60,80)",1,196184,0,2022-12-21,0.0
,0,1764956,0,2022-12-21,0.0
,1,1652860,3,2022-12-21,1.8150357562043972e-06
"[60,80)",0,171786,1,2022-12-22,5.821196139382721e-06
"[60,80)",1,196157,1,2022-12-22,5.097957248530514e-06
,0,1764908,53,2022-12-22,3.0029893909484235e-05
,1,1652807,48,2022-12-22,2.9041503333420054e-05
"[60,80)",0,171751,115,2022-12-23,0.0006695739762796141
"[60,80)",1,196125,135,2022-12-23,0.0006883365200764819
,0,1764820,1859,2022-12-23,0.0010533652157160504
,1,1652712,1750,2022-12-23,0.001058865670485844
"[60,80)",0,171589,142,2022-12-24,0.0008275588761517347
"[60,80)",1,195966,184,2022-12-24,0.0009389383872712613
,0,1762926,2495,2022-12-24,0.0014152607653412565
,1,1650926,2416,2022-12-24,0.0014634211345632693
"[60,80)",0,171394,109,2022-12-25,0.0006359615855864266
"[60,80)",1,195753,121,2022-12-25,0.0006181259035621421
,0,1760402,2041,2022-12-25,0.0011593942747167977
,1,1648467,2007,2022-12-25,0.001217494799713916
"[60,80)",0,171260,108,2022-12-26,0.0006306201097746117
"[60,80)",1,195605,100,2022-12-26,0.0005112343753994018
,0,1758329,2054,2022-12-26,0.001168154537632036
,1,1646408,2033,2022-12-26,0.0012348093546678588
"[60,80)",0,171120,11,2022-12-27,6.428237494156147e-05
"[60,80)",1,195478,12,2022-12-27,6.138798227933578e-05
,0,1756250,255,2022-12-27,0.00014519572953736656
,1,1644335,231,2022-12-27,0.00014048232264106766
"[60,80)",0,171072,0,2022-12-28,0.0
"[60,80)",1,195438,2,2022-12-28,1.023342441081059e-05
,0,1755958,4,2022-12-28,2.277958812226716e-06
,1,1644069,3,2022-12-28,1.8247409324061217e-06
"[60,80)",0,171025,7,2022-12-29,4.09296886420114e-05
"[60,80)",1,195404,8,2022-12-29,4.094082004462549e-05
,0,1755912,424,2022-12-29,0.00024146995977019348
,1,1644030,413,2022-12-29,0.0002512119608522959
"[60,80)",0,170972,148,2022-12-30,0.0008656388180520787
"[60,80)",1,195380,170,2022-12-30,0.0008700992936841028
,0,1755449,1981,2022-12-30,0.0011284862163469288
,1,1643572,1837,2022-12-30,0.0011176875731638163
"[60,80)",0,170788,167,2022-12-31,0.0009778204557697261
"[60,80)",1,195181,210,2022-12-31,0.0010759243983789405
,0,1753437,2369,2022-12-31,0.0013510608022985714
,1,1641686,2339,2022-12-31,0.0014247547947658686
"[60,80)",0,182824,230,2023-01-01,0.0012580405198442217
"[60,80)",1,203825,257,2023-01-01,0.0012608855635962222
,0,1738806,2706,2023-01-01,0.0015562403166310675
,1,1630422,2630,2023-01-01,0.0016130793132084823
"[60,80)",0,182552,233,2023-01-02,0.0012763486568210703
"[60,80)",1,203540,301,2023-01-02,0.001478824801021912
,0,1736078,3029,2023-01-02,0.001744737275629321
,1,1627756,3027,2023-01-02,0.0018596153231811156
"[60,80)",0,182292,233,2023-01-03,0.0012781690913479472
"[60,80)",1,203212,282,2023-01-03,0.0013877133240162982
,0,1733028,3648,2023-01-03,0.0021049861860281543
,1,1624685,3720,2023-01-03,0.002289674613848223
"[60,80)",0,182028,26,2023-01-04,0.00014283516821587887
"[60,80)",1,202910,33,2023-01-04,0.000162633679956631
,0,1729348,1197,2023-01-04,0.0006921683779088998
,1,1620921,1224,2023-01-04,0.0007551262522973051
"[60,80)",0,181975,19,2023-01-05,0.0001044099464212117
"[60,80)",1,202860,15,2023-01-05,7.394262052647145e-05
,0,1728127,553,2023-01-05,0.00031999962965684816
,1,1619663,496,2023-01-05,0.0003062365442687769
"[60,80)",0,181916,164,2023-01-06,0.0009015149849381033
"[60,80)",1,202820,222,2023-01-06,0.0010945666107878907
,0,1727549,2047,2023-01-06,0.0011849157390036403
,1,1619126,2072,2023-01-06,0.0012797027532137708
"[60,80)",0,181704,228,2023-01-07,0.0012547880068683134
"[60,80)",1,202585,250,2023-01-07,0.0012340499049781574
,0,1725478,2532,2023-01-07,0.0014674194628966583
,1,1617021,2431,2023-01-07,0.0015033818361047876
"[60,80)",0,181437,207,2023-01-08,0.0011408918798260553
"[60,80)",1,202317,227,2023-01-08,0.0011220016113327104
,0,1722908,2711,2023-01-08,0.0015735024737246561
,1,1614549,2785,2023-01-08,0.0017249399058189006
"[60,80)",0,181205,202,2023-01-09,0.0011147595265031318
"[60,80)",1,202070,218,2023-01-09,0.0010788340674023854
,0,1720173,2741,2023-01-09,0.001593444380303609
,1,1611729,2732,2023-01-09,0.0016950740478082853
"[60,80)",0,180974,193,2023-01-10,0.0010664515344745655
"[60,80)",1,201830,216,2023-01-10,0.0010702076004558293
,0,1717404,2844,2023-01-10,0.001655987758267711
,1,1608956,3036,2023-01-10,0.001886937865298989
"[60,80)",0,180759,29,2023-01-11,0.0001604346118312228
"[60,80)",1,201594,41,2023-01-11,0.0002033790688214927
,0,1714526,632,2023-01-11,0.0003686149991309551
,1,1605885,577,2023-01-11,0.0003593034370456166
"[60,80)",0,180690,16,2023-01-12,8.854944933311196e-05
"[60,80)",1,201534,10,2023-01-12,4.96194190558417e-05
,0,1713868,328,2023-01-12,0.00019137996625177668
,1,1605275,334,2023-01-12,0.00020806403887184437
"[60,80)",0,180640,144,2023-01-13,0.0007971656333038087
"[60,80)",1,201501,172,2023-01-13,0.0008535937786909246
,0,1713509,1625,2023-01-13,0.0009483463465905344
,1,1604918,1615,2023-01-13,0.001006281940884207
"[60,80)",0,180476,159,2023-01-14,0.0008810035683414969
"[60,80)",1,201315,172,2023-01-14,0.0008543824354866751
,0,1711857,1798,2023-01-14,0.0010503213761429838
,1,1603279,1724,2023-01-14,0.0010752963146152354
"[60,80)",0,180283,128,2023-01-15,0.0007099948414437302
"[60,80)",1,201122,161,2023-01-15,0.0008005091437038215
,0,1710026,1878,2023-01-15,0.0010982289158176543
,1,1601523,1899,2023-01-15,0.0011857463177238165
"[60,80)",0,180127,157,2023-01-16,0.0008716072548812782
"[60,80)",1,200944,168,2023-01-16,0.0008360538259415558
,0,1708127,1633,2023-01-16,0.0009560179073335882
,1,1599602,1635,2023-01-16,0.0010221292546520946
"[60,80)",0,179937,141,2023-01-17,0.0007836075959919305
"[60,80)",1,200759,161,2023-01-17,0.0008019565747986392
,0,1706465,1812,2023-01-17,0.0010618442218269931
,1,1597942,1888,2023-01-17,0.001181519729752394
"[60,80)",0,179770,18,2023-01-18,0.00010012794125827446
"[60,80)",1,200578,14,2023-01-18,6.979828296223913e-05
,0,1704622,366,2023-01-18,0.00021471035807352012
,1,1596018,385,2023-01-18,0.0002412253495887891
"[60,80)",0,179728,15,2023-01-19,8.345944983530669e-05
"[60,80)",1,200541,8,2023-01-19,3.9892091891433675e-05
,0,1704237,265,2023-01-19,0.00015549480500658065
,1,1595595,277,2023-01-19,0.00017360295062343514
"[60,80)",0,179686,86,2023-01-20,0.00047861269102768164
"[60,80)",1,200524,108,2023-01-20,0.0005385888970896251
,0,1703948,1052,2023-01-20,0.0006173897325505238
,1,1595282,1028,2023-01-20,0.0006444001750160786
"[60,80)",0,179565,95,2023-01-21,0.0005290563305766714
"[60,80)",1,200395,107,2023-01-21,0.000533945457721001
,0,1702869,1087,2023-01-21,0.0006383344813958091
,1,1594230,1066,2023-01-21,0.0006686613600296068
"[60,80)",0,179447,84,2023-01-22,0.00046810478860053384
"[60,80)",1,200269,102,2023-01-22,0.0005093149713635161
,0,1701761,1099,2023-01-22,0.0006458016137401198
,1,1593115,1101,2023-01-22,0.0006910988848890381
"[60,80)",0,179334,89,2023-01-23,0.0004962806829714387
"[60,80)",1,200148,108,2023-01-23,0.0005396006954853409
,0,1700643,1096,2023-01-23,0.0006444621240319103
,1,1591978,1037,2023-01-23,0.0006513909111809334
"[60,80)",0,179214,96,2023-01-24,0.0005356724363051994
"[60,80)",1,200014,109,2023-01-24,0.0005449618526703131
,0,1699522,1336,2023-01-24,0.000786103386716971
,1,1590918,1370,2023-01-24,0.0008611380347698625
"[60,80)",0,179083,14,2023-01-25,7.81760412769498e-05
"[60,80)",1,199894,13,2023-01-25,6.503446826818214e-05
,0,1698161,278,2023-01-25,0.00016370650368251302
,1,1589523,298,2023-01-25,0.0001874776269358795
"[60,80)",0,179040,6,2023-01-26,3.351206434316354e-05
"[60,80)",1,199866,2,2023-01-26,1.0006704492009646e-05
,0,1697861,110,2023-01-26,6.478740014641953e-05
,1,1589198,110,2023-01-26,6.921730331903262e-05
"[60,80)",0,178997,67,2023-01-27,0.0003743079492952396
"[60,80)",1,199846,63,2023-01-27,0.0003152427369074187
,0,1697727,699,2023-01-27,0.0004117269737714014
,1,1589053,712,2023-01-27,0.0004480656088878093
"[60,80)",0,178902,55,2023-01-28,0.00030743088394763615
"[60,80)",1,199770,64,2023-01-28,0.0003203684236872403
,0,1696992,746,2023-01-28,0.0004396013652391997
,1,1588300,724,2023-01-28,0.00045583328086633507
"[60,80)",0,178816,60,2023-01-29,0.00033554044380816036
"[60,80)",1,199693,54,2023-01-29,0.00027041508715878874
,0,1696220,746,2023-01-29,0.000439801440850833
,1,1587533,707,2023-01-29,0.00044534507314178667
"[60,80)",0,178718,61,2023-01-30,0.00034131984467149364
"[60,80)",1,199612,60,2023-01-30,0.0003005831312746729
,0,1695445,632,2023-01-30,0.00037276349277033465
,1,1586774,623,2023-01-30,0.0003926204992015246
"[60,80)",0,178619,54,2023-01-31,0.0003023194620952978
"[60,80)",1,199530,53,2023-01-31,0.0002656242169097379
,0,1694786,745,2023-01-31,0.00043958352263943646
,1,1586114,759,2023-01-31,0.0004785280250978177
"[60,80)",0,178535,6,2023-02-01,3.360685579858291e-05
"[60,80)",1,199462,6,2023-02-01,3.008091766852834e-05
,0,1694006,92,2023-02-01,5.4309134678389566e-05
,1,1585308,75,2023-02-01,4.7309418737557626e-05
"[60,80)",0,178499,3,2023-02-02,1.6806816844912295e-05
"[60,80)",1,199439,1,2023-02-02,5.01406445078445e-06
,0,1693888,39,2023-02-02,2.3023954358257453e-05
,1,1585201,50,2023-02-02,3.1541741394308984e-05
"[60,80)",0,178468,32,2023-02-03,0.00017930385279153686
"[60,80)",1,199417,24,2023-02-03,0.00012035082264801897
,0,1693821,352,2023-02-03,0.00020781416690429509
,1,1585102,299,2023-02-03,0.00018863139406801583
"[60,80)",0,178408,33,2023-02-04,0.00018496928388861487
"[60,80)",1,199374,43,2023-02-04,0.0002156750629470242
,0,1693445,375,2023-02-04,0.00022144208994091924
,1,1584767,345,2023-02-04,0.00021769761737845374
"[60,80)",0,178353,24,2023-02-05,0.00013456459941800812
"[60,80)",1,199313,37,2023-02-05,0.0001856376653805823
,0,1693045,401,2023-02-05,0.0002368513536261588
,1,1584379,359,2023-02-05,0.00022658719914868855
"[60,80)",0,178300,35,2023-02-06,0.0001962983735277622
"[60,80)",1,199254,19,2023-02-06,9.5355676673994e-05
,0,1692627,390,2023-02-06,0.00023041107107472586
,1,1583985,367,2023-02-06,0.00023169411326496146
"[60,80)",0,178227,24,2023-02-07,0.0001346597316904846
"[60,80)",1,199213,28,2023-02-07,0.00014055307635545873
,0,1692208,423,2023-02-07,0.0002499692709170504
,1,1583577,482,2023-02-07,0.00030437421104246903
"[60,80)",0,178165,4,2023-02-08,2.2451098700642663e-05
"[60,80)",1,199161,2,2023-02-08,1.00421267215971e-05
,0,1691756,54,2023-02-08,3.19194966650037e-05
,1,1583054,54,2023-02-08,3.411128110601407e-05
"[60,80)",0,178132,0,2023-02-09,0.0
"[60,80)",1,199139,2,2023-02-09,1.0043236131546306e-05
,0,1691676,21,2023-02-09,1.2413724613933165e-05
,1,1582953,17,2023-02-09,1.0739421827432652e-05
"[60,80)",0,178101,13,2023-02-10,7.299229089112358e-05
"[60,80)",1,199117,17,2023-02-10,8.537693918650843e-05
,0,1691616,224,2023-02-10,0.00013241775911317934
,1,1582897,204,2023-02-10,0.0001288776212223537
"[60,80)",0,178056,9,2023-02-11,5.054589567327133e-05
"[60,80)",1,199078,29,2023-02-11,0.00014567154582625905
,0,1691363,265,2023-02-11,0.0001566783712307766
,1,1582665,253,2023-02-11,0.00015985695014421878
"[60,80)",0,178023,14,2023-02-12,7.86415238480421e-05
"[60,80)",1,199029,19,2023-02-12,9.546347517195986e-05
,0,1691074,288,2023-02-12,0.0001703059712348484
,1,1582369,275,2023-02-12,0.00017379005781837232
"[60,80)",0,177979,17,2023-02-13,9.551688682372639e-05
"[60,80)",1,198989,32,2023-02-13,0.00016081290925629054
,0,1690755,276,2023-02-13,0.0001632406824170267
,1,1582054,271,2023-02-13,0.00017129630214897848
"[60,80)",0,177936,20,2023-02-14,0.0001123999640320115
"[60,80)",1,198939,18,2023-02-14,9.047999638080014e-05
,0,1690451,302,2023-02-14,0.00017865054946875124
,1,1581743,296,2023-02-14,0.00018713533108728788
"[60,80)",0,177896,0,2023-02-15,0.0
"[60,80)",1,198905,1,2023-02-15,5.027525703225158e-06
,0,1690120,37,2023-02-15,2.1891936667218896e-05
,1,1581402,42,2023-02-15,2.6558711826594375e-05
"[60,80)",0,177866,0,2023-02-16,0.0
"[60,80)",1,198889,1,2023-02-16,5.027930151994328e-06
,0,1690059,16,2023-02-16,9.467125112200225e-06
,1,1581321,25,2023-02-16,1.580956681154554e-05
"[60,80)",0,177838,12,2023-02-17,6.747714211810749e-05
"[60,80)",1,198868,8,2023-02-17,4.02276887181447e-05
,0,1690015,200,2023-02-17,0.0001183421448922051
,1,1581253,146,2023-02-17,9.233184063524306e-05
"[60,80)",0,177804,19,2023-02-18,0.0001068592382623563
"[60,80)",1,198837,9,2023-02-18,4.526320554021636e-05
,0,1689781,180,2023-02-18,0.00010652267956616863
,1,1581062,193,2023-02-18,0.00012206984925322346
"[60,80)",0,177761,14,2023-02-19,7.875743273271416e-05
"[60,80)",1,198803,19,2023-02-19,9.557199841048677e-05
,0,1689568,193,2023-02-19,0.00011423038315119604
,1,1580840,229,2023-02-19,0.0001448596948457782
"[60,80)",0,177715,16,2023-02-20,9.003179247671834e-05
"[60,80)",1,198769,10,2023-02-20,5.030965593226308e-05
,0,1689348,196,2023-02-20,0.00011602109216099939
,1,1580576,185,2023-02-20,0.00011704593768347742
"[60,80)",0,177675,14,2023-02-21,7.879555367947094e-05
"[60,80)",1,198743,15,2023-02-21,7.54743563295311e-05
,0,1689123,278,2023-02-21,0.00016458244899868155
,1,1580352,274,2023-02-21,0.0001733790952901632
"[60,80)",0,177642,2,2023-02-22,1.1258598754798978e-05
"[60,80)",1,198708,0,2023-02-22,0.0
,0,1688824,31,2023-02-22,1.8355968413523258e-05
,1,1580048,27,2023-02-22,1.70880884631353e-05
"[60,80)",0,177609,1,2023-02-23,5.630345309077806e-06
"[60,80)",1,198694,0,2023-02-23,0.0
,0,1688758,16,2023-02-23,9.474418477958357e-06
,1,1579993,14,2023-02-23,8.86079875037421e-06
"[60,80)",0,177581,7,2023-02-24,3.941863149773906e-05
"[60,80)",1,198681,8,2023-02-24,4.0265551310895355e-05
,0,1688706,106,2023-02-24,6.276995522015082e-05
,1,1579948,126,2023-02-24,7.97494601088137e-05
"[60,80)",0,177546,13,2023-02-25,7.322046117625855e-05
"[60,80)",1,198650,13,2023-02-25,6.544173168890007e-05
,0,1688575,150,2023-02-25,8.883229942407059e-05
,1,1579783,127,2023-02-25,8.039078784871087e-05
"[60,80)",0,177507,12,2023-02-26,6.760296777028511e-05
"[60,80)",1,198622,11,2023-02-26,5.538157907986024e-05
,0,1688396,181,2023-02-26,0.00010720233878781992
,1,1579619,168,2023-02-26,0.00010635476023015676
"[60,80)",0,177463,16,2023-02-27,9.015963891064617e-05
"[60,80)",1,198593,22,2023-02-27,0.0001107793326048753
,0,1688186,153,2023-02-27,9.062982396489487e-05
,1,1579432,146,2023-02-27,9.243829427287785e-05
"[60,80)",0,177421,29,2023-02-28,0.00016345302979917822
"[60,80)",1,198548,30,2023-02-28,0.00015109696395833753
,0,1688000,280,2023-02-28,0.00016587677725118482
,1,1579243,292,2023-02-28,0.00018489871413075758
"[60,80)",0,177362,0,2023-03-01,0.0
"[60,80)",1,198500,2,2023-03-01,1.0075566750629723e-05
,0,1687696,33,2023-03-01,1.9553284477773248e-05
,1,1578920,45,2023-03-01,2.8500494008562815e-05
"[60,80)",0,177345,0,2023-03-02,0.0
"[60,80)",1,198475,0,2023-03-02,0.0
,0,1687637,8,2023-03-02,4.740355894069637e-06
,1,1578846,5,2023-03-02,3.1668699797193645e-06
"[60,80)",0,177323,17,2023-03-03,9.587024807836547e-05
"[60,80)",1,198452,21,2023-03-03,0.00010581903936468264
,0,1687597,153,2023-03-03,9.066145531190208e-05
,1,1578800,146,2023-03-03,9.247529769445149e-05
"[60,80)",0,177281,14,2023-03-04,7.897067367625409e-05
"[60,80)",1,198422,28,2023-03-04,0.00014111338460452973
,0,1687419,155,2023-03-04,9.185626095237757e-05
,1,1578615,139,2023-03-04,8.80518682516003e-05
"[60,80)",0,177241,21,2023-03-05,0.0001184827438346658
"[60,80)",1,198377,21,2023-03-05,0.00010585904615958503
,0,1687245,170,2023-03-05,0.00010075596608672718
,1,1578443,176,2023-03-05,0.0001115022842129871
"[60,80)",0,177188,15,2023-03-06,8.465584576833645e-05
"[60,80)",1,198339,24,2023-03-06,0.0001210049460771709
,0,1687043,192,2023-03-06,0.0001138085988323949
,1,1578226,183,2023-03-06,0.00011595297504920081
"[60,80)",0,177143,39,2023-03-07,0.00022016111277329615
"[60,80)",1,198300,42,2023-03-07,0.00021180030257186082
,0,1686824,312,2023-03-07,0.00018496298369005896
,1,1578007,356,2023-03-07,0.00022560102711838414
"[60,80)",0,177078,1,2023-03-08,5.6472289047764265e-06
"[60,80)",1,198241,2,2023-03-08,1.008873038372486e-05
,0,1686492,41,2023-03-08,2.4310817958223343e-05
,1,1577620,29,2023-03-08,1.8382119902131058e-05
"[60,80)",0,177044,0,2023-03-09,0.0
"[60,80)",1,198223,0,2023-03-09,0.0
,0,1686435,12,2023-03-09,7.115601846498679e-06
,1,1577555,2,2023-03-09,1.2677846414229615e-06
"[60,80)",0,177026,15,2023-03-10,8.473331601007762e-05
"[60,80)",1,198199,20,2023-03-10,0.00010090868268760186
,0,1686393,112,2023-03-10,6.641393791364172e-05
,1,1577522,120,2023-03-10,7.606866972378198e-05
"[60,80)",0,176994,7,2023-03-11,3.954936325525159e-05
"[60,80)",1,198159,15,2023-03-11,7.569678894221307e-05
,0,1686261,124,2023-03-11,7.353547285977675e-05
,1,1577372,140,2023-03-11,8.875522070887528e-05
"[60,80)",0,176960,14,2023-03-12,7.911392405063291e-05
"[60,80)",1,198125,13,2023-03-12,6.561514195583596e-05
,0,1686119,158,2023-03-12,9.370631610224426e-05
,1,1577210,135,2023-03-12,8.559418213173895e-05
"[60,80)",0,176925,23,2023-03-13,0.00012999858697188075
"[60,80)",1,198099,12,2023-03-13,6.0575772719700755e-05
,0,1685932,134,2023-03-13,7.94812602169008e-05
,1,1577041,126,2023-03-13,7.989646432781392e-05
"[60,80)",0,176868,32,2023-03-14,0.00018092588823303256
"[60,80)",1,198072,45,2023-03-14,0.0002271901126862959
,0,1685776,299,2023-03-14,0.00017736638794240754
,1,1576880,320,2023-03-14,0.0002029323727867688
"[60,80)",0,176813,2,2023-03-15,1.1311385475049911e-05
"[60,80)",1,198013,3,2023-03-15,1.515052042037644e-05
,0,1685459,21,2023-03-15,1.2459513995890733e-05
,1,1576533,30,2023-03-15,1.9029097392823366e-05
"[60,80)",0,176793,0,2023-03-16,0.0
"[60,80)",1,197997,0,2023-03-16,0.0
,0,1685422,8,2023-03-16,4.7465857215581615e-06
,1,1576475,9,2023-03-16,5.708939247371509e-06
"[60,80)",0,176770,12,2023-03-17,6.788482208519545e-05
"[60,80)",1,197981,10,2023-03-17,5.0509897414398354e-05
,0,1685394,72,2023-03-17,4.271998120320827e-05
,1,1576435,92,2023-03-17,5.8359526399756414e-05
"[60,80)",0,176738,6,2023-03-18,3.3948556620534354e-05
"[60,80)",1,197956,12,2023-03-18,6.0619531613085736e-05
,0,1685299,112,2023-03-18,6.645705005461939e-05
,1,1576303,107,2023-03-18,6.788035041486314e-05
"[60,80)",0,176689,11,2023-03-19,6.225628080978442e-05
"[60,80)",1,197920,19,2023-03-19,9.59983831851253e-05
,0,1685165,145,2023-03-19,8.604498669269775e-05
,1,1576153,164,2023-03-19,0.00010405081232596074
"[60,80)",0,176658,9,2023-03-20,5.094589545902252e-05
"[60,80)",1,197885,15,2023-03-20,7.580160194052102e-05
,0,1684990,138,2023-03-20,8.189959584329877e-05
,1,1575954,149,2023-03-20,9.454590679677199e-05
"[60,80)",0,176623,15,2023-03-21,8.492665168183079e-05
"[60,80)",1,197850,35,2023-03-21,0.00017690169320192065
,0,1684829,212,2023-03-21,0.0001258287933078075
,1,1575771,235,2023-03-21,0.00014913334488323495
"[60,80)",0,176593,1,2023-03-22,5.662738613648333e-06
"[60,80)",1,197801,4,2023-03-22,2.0222344679753893e-05
,0,1684597,26,2023-03-22,1.5433958388860958e-05
,1,1575506,22,2023-03-22,1.3963767830779445e-05
"[60,80)",0,176566,0,2023-03-23,0.0
"[60,80)",1,197785,0,2023-03-23,0.0
,0,1684545,7,2023-03-23,4.155424758614344e-06
,1,1575452,9,2023-03-23,5.712646275481576e-06
"[60,80)",0,176541,9,2023-03-24,5.097965911601271e-05
"[60,80)",1,197773,11,2023-03-24,5.561932114090397e-05
,0,1684514,66,2023-03-24,3.9180440174436066e-05
,1,1575408,69,2023-03-24,4.379817799579537e-05
"[60,80)",0,176500,10,2023-03-25,5.6657223796033995e-05
"[60,80)",1,197742,6,2023-03-25,3.0342567588069303e-05
,0,1684427,127,2023-03-25,7.539655918600213e-05
,1,1575299,122,2023-03-25,7.744561508640581e-05
"[60,80)",0,176467,10,2023-03-26,5.6667818912317885e-05
"[60,80)",1,197714,13,2023-03-26,6.575154010338166e-05
,0,1684273,142,2023-03-26,8.43093726492083e-05
,1,1575146,139,2023-03-26,8.824578800949245e-05
"[60,80)",0,176436,6,2023-03-27,3.400666530640005e-05
"[60,80)",1,197684,14,2023-03-27,7.082009672001781e-05
,0,1684115,139,2023-03-27,8.25359313348554e-05
,1,1574970,142,2023-03-27,9.016044750058732e-05
"[60,80)",0,176406,25,2023-03-28,0.00014171853565071482
"[60,80)",1,197659,30,2023-03-28,0.00015177654445282026
,0,1683948,266,2023-03-28,0.00015796212234582067
,1,1574795,287,2023-03-28,0.00018224594312275566
"[60,80)",0,176358,0,2023-03-29,0.0
"[60,80)",1,197612,1,2023-03-29,5.060421431896848e-06
,0,1683657,25,2023-03-29,1.4848630095084687e-05
,1,1574473,31,2023-03-29,1.9689127727182364e-05
"[60,80)",0,176341,0,2023-03-30,0.0
"[60,80)",1,197600,1,2023-03-30,5.060728744939271e-06
,0,1683615,7,2023-03-30,4.157720143857117e-06
,1,1574408,5,2023-03-30,3.175796870950859e-06
"[60,80)",0,176322,1,2023-03-31,5.6714420208482205e-06
"[60,80)",1,197575,6,2023-03-31,3.0368214602049853e-05
,0,1683582,91,2023-03-31,5.4051421314791914e-05
,1,1574369,82,2023-03-31,5.208435887647686e-05
