rel_day,rmst_real,real_lower,real_upper,rmst_sim0,rmst_sim1,rmst_sim2,rmst_sim3,rmst_sim4,rmst_sim5,rmst_sim6,rmst_sim7,rmst_sim8,rmst_sim9,rmst_sim10,rmst_sim11,rmst_sim12,rmst_sim13,rmst_sim14,rmst_sim15,rmst_sim16,rmst_sim17,rmst_sim18,rmst_sim19,rmst_sim20,rmst_sim21,rmst_sim22,rmst_sim23,rmst_sim24,rmst_sim25,rmst_sim26,rmst_sim27,rmst_sim28,rmst_sim29,rmst_placebo,placebo_lower,placebo_upper,rmst_diff
-60,30.0,30.0,30.0,30.0,30.0,30.0,30.0,30.0,30.0,30.0,30.0,30.0,30.0,30.0,30.0,30.0,30.0,30.0,30.0,30.0,30.0,30.0,30.0,30.0,30.0,30.0,30.0,30.0,30.0,30.0,30.0,30.0,30.0,30.0,30.0,30.0,0.0
-59,30.0,30.0,30.0,30.0,30.0,30.0,30.0,30.0,30.0,30.0,30.0,30.0,30.0,30.0,30.0,30.0,30.0,30.0,30.0,30.0,30.0,30.0,30.0,30.0,30.0,30.0,30.0,30.0,30.0,30.0,30.0,30.0,30.0,30.0,30.0,30.0,0.0
-58,30.0,30.0,30.0,30.0,30.0,30.0,30.0,30.0,30.0,30.0,30.0,30.0,30.0,30.0,30.0,30.0,30.0,30.0,30.0,30.0,30.0,30.0,30.0,30.0,30.0,30.0,30.0,30.0,30.0,30.0,30.0,30.0,30.0,30.0,30.0,30.0,0.0
-57,30.0,30.0,30.0,30.0,30.0,30.0,30.0,30.0,30.0,30.0,30.0,30.0,30.0,30.0,30.0,30.0,30.0,30.0,30.0,30.0,30.0,30.0,30.0,30.0,30.0,30.0,30.0,30.0,30.0,30.0,30.0,30.0,30.0,30.0,30.0,30.0,0.0
-56,30.0,30.0,30.0,30.0,30.0,30.0,30.0,30.0,30.0,30.0,30.0,30.0,30.0,30.0,30.0,30.0,30.0,30.0,30.0,30.0,30.0,30.0,30.0,30.0,30.0,30.0,30.0,30.0,30.0,30.0,30.0,30.0,30.0,30.0,30.0,30.0,0.0
-55,30.0,30.0,30.0,30.0,30.0,30.0,30.0,30.0,30.0,30.0,30.0,30.0,30.0,30.0,30.0,30.0,30.0,30.0,30.0,30.0,30.0,30.0,30.0,30.0,30.0,30.0,30.0,30.0,30.0,30.0,30.0,30.0,30.0,30.0,30.0,30.0,0.0
-54,30.0,30.0,30.0,30.0,30.0,30.0,30.0,30.0,30.0,30.0,30.0,30.0,30.0,30.0,30.0,30.0,30.0,30.0,30.0,30.0,30.0,30.0,30.0,30.0,30.0,30.0,30.0,30.0,30.0,30.0,30.0,30.0,30.0,30.0,30.0,30.0,0.0
-53,30.0,30.0,30.0,30.0,30.0,30.0,30.0,30.0,30.0,30.0,30.0,30.0,30.0,30.0,30.0,30.0,30.0,30.0,30.0,30.0,30.0,30.0,30.0,30.0,30.0,30.0,30.0,30.0,30.0,30.0,30.0,30.0,30.0,30.0,30.0,30.0,0.0
-52,30.0,30.0,30.0,30.0,30.0,30.0,30.0,30.0,30.0,30.0,30.0,30.0,30.0,30.0,30.0,30.0,30.0,30.0,30.0,30.0,30.0,30.0,30.0,30.0,30.0,30.0,30.0,30.0,30.0,30.0,30.0,30.0,30.0,30.0,30.0,30.0,0.0
-51,30.0,30.0,30.0,30.0,30.0,30.0,30.0,30.0,30.0,30.0,30.0,30.0,30.0,30.0,30.0,30.0,30.0,30.0,30.0,30.0,30.0,30.0,30.0,30.0,30.0,30.0,30.0,30.0,30.0,30.0,30.0,30.0,30.0,30.0,30.0,30.0,0.0
-50,30.0,30.0,30.0,30.0,30.0,30.0,30.0,30.0,30.0,30.0,30.0,30.0,30.0,30.0,30.0,30.0,30.0,30.0,30.0,30.0,30.0,30.0,30.0,30.0,30.0,30.0,30.0,30.0,30.0,30.0,30.0,30.0,30.0,30.0,30.0,30.0,0.0
-49,30.0,30.0,30.0,30.0,30.0,30.0,30.0,30.0,30.0,30.0,30.0,30.0,30.0,30.0,30.0,30.0,30.0,30.0,30.0,30.0,30.0,30.0,30.0,30.0,30.0,30.0,30.0,30.0,30.0,30.0,30.0,30.0,30.0,30.0,30.0,30.0,0.0
-48,30.0,30.0,30.0,30.0,30.0,30.0,30.0,30.0,30.0,30.0,30.0,30.0,30.0,30.0,30.0,30.0,30.0,30.0,30.0,30.0,30.0,30.0,30.0,30.0,30.0,30.0,30.0,30.0,30.0,30.0,30.0,30.0,30.0,30.0,30.0,30.0,0.0
-47,30.0,30.0,30.0,30.0,30.0,30.0,30.0,30.0,30.0,30.0,30.0,30.0,30.0,30.0,30.0,30.0,30.0,30.0,30.0,30.0,30.0,30.0,30.0,30.0,30.0,30.0,30.0,30.0,30.0,30.0,30.0,30.0,30.0,30.0,30.0,30.0,0.0
-46,30.0,30.0,30.0,30.0,30.0,30.0,30.0,30.0,30.0,30.0,30.0,30.0,30.0,30.0,30.0,30.0,30.0,30.0,30.0,30.0,30.0,30.0,30.0,30.0,30.0,30.0,30.0,30.0,30.0,30.0,30.0,30.0,30.0,30.0,30.0,30.0,0.0
-45,30.0,30.0,30.0,30.0,30.0,30.0,30.0,30.0,30.0,30.0,30.0,30.0,30.0,30.0,30.0,30.0,30.0,30.0,30.0,30.0,30.0,30.0,30.0,30.0,30.0,30.0,30.0,30.0,30.0,30.0,30.0,30.0,30.0,30.0,30.0,30.0,0.0
-44,30.0,30.0,30.0,30.0,30.0,30.0,30.0,30.0,30.0,30.0,30.0,30.0,30.0,30.0,30.0,30.0,30.0,30.0,30.0,30.0,30.0,30.0,30.0,30.0,30.0,30.0,30.0,30.0,30.0,30.0,30.0,30.0,30.0,30.0,30.0,30.0,0.0
-43,30.0,30.0,30.0,30.0,30.0,30.0,30.0,30.0,30.0,30.0,30.0,30.0,30.0,30.0,30.0,30.0,30.0,30.0,30.0,30.0,30.0,30.0,30.0,30.0,30.0,30.0,30.0,30.0,30.0,30.0,30.0,30.0,30.0,30.0,30.0,30.0,0.0
-42,30.0,30.0,30.0,30.0,30.0,30.0,30.0,30.0,30.0,30.0,30.0,30.0,30.0,30.0,30.0,30.0,30.0,30.0,30.0,30.0,30.0,30.0,30.0,30.0,30.0,30.0,30.0,30.0,30.0,30.0,30.0,30.0,30.0,30.0,30.0,30.0,0.0
-41,30.0,30.0,30.0,30.0,30.0,30.0,30.0,30.0,30.0,30.0,30.0,30.0,30.0,30.0,30.0,30.0,30.0,30.0,30.0,30.0,30.0,30.0,30.0,30.0,30.0,30.0,30.0,30.0,30.0,30.0,30.0,30.0,30.0,30.0,30.0,30.0,0.0
-40,30.0,30.0,30.0,30.0,30.0,30.0,30.0,30.0,30.0,30.0,30.0,30.0,30.0,30.0,30.0,30.0,30.0,30.0,30.0,30.0,30.0,30.0,30.0,30.0,30.0,30.0,30.0,30.0,30.0,30.0,30.0,30.0,30.0,30.0,30.0,30.0,0.0
-39,30.0,30.0,30.0,30.0,30.0,30.0,30.0,30.0,30.0,30.0,30.0,30.0,30.0,30.0,30.0,30.0,30.0,30.0,30.0,30.0,30.0,30.0,30.0,30.0,30.0,30.0,30.0,30.0,30.0,30.0,30.0,30.0,30.0,30.0,30.0,30.0,0.0
-38,30.0,30.0,30.0,30.0,30.0,30.0,30.0,30.0,30.0,30.0,30.0,30.0,30.0,30.0,30.0,30.0,30.0,30.0,30.0,30.0,30.0,30.0,30.0,30.0,30.0,30.0,30.0,30.0,30.0,30.0,30.0,30.0,30.0,30.0,30.0,30.0,0.0
-37,30.0,30.0,30.0,30.0,30.0,30.0,30.0,30.0,30.0,30.0,30.0,30.0,30.0,30.0,30.0,30.0,30.0,30.0,30.0,30.0,30.0,30.0,30.0,30.0,30.0,30.0,30.0,30.0,30.0,30.0,30.0,30.0,30.0,30.0,30.0,30.0,0.0
-36,30.0,30.0,30.0,30.0,30.0,30.0,30.0,30.0,30.0,30.0,30.0,30.0,30.0,30.0,30.0,30.0,30.0,30.0,30.0,30.0,30.0,30.0,30.0,30.0,30.0,30.0,30.0,30.0,30.0,30.0,30.0,30.0,30.0,30.0,30.0,30.0,0.0
-35,30.0,30.0,30.0,30.0,30.0,30.0,30.0,30.0,30.0,30.0,30.0,30.0,30.0,30.0,30.0,30.0,30.0,30.0,30.0,30.0,30.0,30.0,30.0,30.0,30.0,30.0,30.0,30.0,30.0,30.0,30.0,30.0,30.0,30.0,30.0,30.0,0.0
-34,30.0,30.0,30.0,30.0,30.0,30.0,30.0,30.0,30.0,30.0,30.0,30.0,30.0,30.0,30.0,30.0,30.0,30.0,30.0,30.0,30.0,30.0,30.0,30.0,30.0,30.0,30.0,30.0,30.0,30.0,30.0,30.0,30.0,30.0,30.0,30.0,0.0
-33,30.0,30.0,30.0,30.0,30.0,30.0,30.0,30.0,30.0,30.0,30.0,30.0,30.0,30.0,30.0,30.0,30.0,30.0,30.0,30.0,30.0,30.0,30.0,30.0,30.0,30.0,30.0,30.0,30.0,30.0,30.0,30.0,30.0,30.0,30.0,30.0,0.0
-32,30.0,30.0,30.0,30.0,30.0,30.0,30.0,30.0,30.0,30.0,30.0,30.0,30.0,30.0,30.0,30.0,30.0,30.0,30.0,30.0,30.0,30.0,30.0,30.0,30.0,30.0,30.0,30.0,30.0,30.0,30.0,30.0,30.0,30.0,30.0,30.0,0.0
-31,30.0,30.0,30.0,30.0,30.0,30.0,30.0,30.0,30.0,30.0,30.0,30.0,30.0,30.0,30.0,30.0,30.0,30.0,30.0,30.0,30.0,30.0,30.0,30.0,30.0,30.0,30.0,30.0,30.0,30.0,30.0,30.0,30.0,30.0,30.0,30.0,0.0
-30,30.0,30.0,30.0,30.0,30.0,30.0,30.0,30.0,30.0,30.0,30.0,30.0,30.0,30.0,30.0,30.0,30.0,30.0,30.0,30.0,30.0,30.0,30.0,30.0,30.0,30.0,30.0,30.0,30.0,30.0,30.0,30.0,30.0,30.0,30.0,30.0,0.0
-29,29.999997267209547,29.999995971179942,29.999998563239153,30.0,30.0,30.0,30.0,30.0,30.0,30.0,30.0,30.0,30.0,30.0,30.0,30.0,30.0,30.0,30.0,30.0,30.0,30.0,30.0,30.0,30.0,30.0,30.0,30.0,30.0,30.0,30.0,30.0,30.0,30.0,30.0,30.0,-2.7327904525975555e-06
-28,29.999984284244935,29.99998064372628,29.99998792476359,29.99990292978965,29.999894457382275,29.999922140019958,29.99986776496843,29.999855951592508,29.999872727181476,29.99988764171696,29.999939684175818,29.999882756451463,29.99988740619272,29.999897293621032,29.999874235606317,29.999853269501497,29.99989903859433,29.99989394919794,29.999869609606442,29.999884770872566,29.999839010375503,29.99987213786001,29.999903914635368,29.999872396529167,29.999890348979672,29.999874301167928,29.99987990020088,29.999874474521917,29.999935337798853,29.99988576842475,29.999924385467033,29.999856598045493,29.999868280491125,29.999885416032306,29.99984934824185,29.99993653305252,9.886821262838907e-05
-27,29.999960337092112,29.99995409901876,29.999966575165466,29.999719398998216,29.999692602109597,29.99970321843841,29.99962195053979,29.999587485198784,29.99964702620234,29.99960459009407,29.999740516559267,29.99965746738396,29.999637006892783,29.999700827674133,29.999640929362243,29.9995767693216,29.999677054066197,29.9997221386222,29.999630451423787,29.999692379158816,29.99957233286305,29.999623547734785,29.99963394021466,29.999646505867872,29.999662018035234,29.999615766228526,29.99959166820175,29.99966149996176,29.999755475276586,29.99965285045615,29.999694690148754,29.999565942819864,29.999627462130483,29.999651850399523,29.999570575601172,29.99974463020653,0.00030848669258887185
-26,29.99992636278947,29.999916513781205,29.999936211797735,29.999423008057942,29.999293619412015,29.999392882915107,29.999255172096856,29.999169539105303,29.99926524538662,29.99915856631633,29.999421795706173,29.999292052476388,29.99928009417712,29.999355202200448,29.999245275683375,29.999185880376135,29.999302861619352,29.999404312256097,29.99926837772937,29.99941191462649,29.999160710930326,29.999272592536776,29.99922511034206,29.99929100429536,29.999322092348134,29.999217747104638,29.999190253670726,29.999328929733977,29.99943404580919,29.99929349094605,29.999397571139095,29.99915194510306,29.999265230342814,29.99928921748144,29.99915674548268,29.999426043439534,0.0006371453080298295
-25,29.999878721050507,29.99986392413423,29.999893517966782,29.998944888259345,29.998789242436427,29.998898960604794,29.998749057461232,29.998660438005324,29.998790229529913,29.998635892212647,29.998972747576367,29.99884333907358,29.99879362221345,29.998884167539146,29.998763597633793,29.998708203482813,29.998829450248266,29.998995705724766,29.99880450801426,29.999015263527884,29.998625407011204,29.998825387514128,29.998707503415506,29.998881182218412,29.99889739325634,29.998697463462097,29.99869767155281,29.998866192171615,29.9990192905848,29.998829647667566,29.998963040028006,29.998608692808375,29.998790116838432,29.998816276735774,29.998620810605427,29.999016370968537,0.0010624443147335683
-24,29.99981550961079,29.999796754446123,29.99983426477546,29.99833501837982,29.99812985864662,29.998349714994912,29.998151362943577,29.998042130000808,29.99817679740885,29.998004278035204,29.99838332666848,29.998264271402054,29.998193999313784,29.998300356901904,29.998130916364243,29.998023365601707,29.99820006957485,29.998453506100354,29.99821137411642,29.998495619263824,29.998005903888274,29.998193167727166,29.998095185418837,29.998341857855454,29.998298783171744,29.998060946568366,29.998080924929546,29.998313381206717,29.998454159698547,29.998228189906573,29.99841723834205,29.997982214069523,29.998190420215458,29.998216944623866,29.997998210444642,29.998465561078998,0.0015985649869243446
-23,29.999735323796365,29.999708313068496,29.999762334524235,29.997643037274624,29.997352058740105,29.99764839551307,29.997444234723915,29.99728696792676,29.997433203701153,29.997268750544862,29.997712130341654,29.9976439473901,29.997464714714795,29.997579640458643,29.997374568991667,29.99723052572205,29.997434606706346,29.997815973751305,29.997468854501626,29.997818428047303,29.997247661336782,29.997461092837742,29.997326799736797,29.997716972949625,29.997606130774983,29.997345512487392,29.997322531500043,29.99767521037052,29.99773013521263,29.997522486212862,29.997767527439233,29.99719557799541,29.997519729952863,29.99750191359523,29.997220915097223,29.997816648682704,0.002233410201135655
-22,29.999636196913283,29.99960551241526,29.999666881411304,29.996802311742698,29.996481526662937,29.996906370339346,29.996661800856018,29.996498888631297,29.996600222964442,29.996450064180582,29.996865045713385,29.99688781796308,29.996604046929352,29.996688760756353,29.99649495936353,29.99633750598064,29.996612982495733,29.997086679230147,29.996620334347803,29.997034463302487,29.99640947905978,29.99663820224791,29.99647071223769,29.996953562350026,29.996766474537843,29.996523737295867,29.996492126701064,29.996926479231746,29.996960148077584,29.99665925269282,29.997053931096943,29.996301186434078,29.996707518001987,29.99668321971417,29.996327518105335,29.997062936833576,0.002952977199111473
-21,29.99951778071967,29.999478663224018,29.999556898215324,29.995866818559346,29.995384828772828,29.99600844472617,29.995818667180373,29.995518485056238,29.995651083029202,29.995462004878174,29.995958164488282,29.99601606650272,29.995599260488174,29.99566542951447,29.995426426190345,29.995302738659625,29.995574636408474,29.996166442743693,29.99564316433789,29.996070767840678,29.99540238352539,29.995648859593082,29.995460011256,29.996067824994935,29.995809423621807,29.995556623822473,29.995534473526362,29.99608763538403,29.996034013079,29.99574699520014,29.99614263171854,29.995291724907112,29.995783757769118,29.99572332625916,29.995299709877685,29.996149179750457,0.0037944544605110764
-20,29.999379380261846,29.999335368510653,29.99942339201304,29.994829355438814,29.99434951576383,29.995014622526433,29.994829713081987,29.994466419771086,29.994573899278567,29.994462341804198,29.99487488953831,29.995006439661605,29.994529444077028,29.994569259741183,29.99432292812254,29.994104430537277,29.99448834168368,29.995108030045813,29.994676815155998,29.994998557163466,29.99437638685764,29.99457612687261,29.99431665173102,29.995132129799863,29.99472698728922,29.994493088861873,29.994484580529132,29.995094856543293,29.99497597603862,29.994661563687817,29.995239105796124,29.994240780989244,29.99472766792979,29.994675030210605,29.994203284614954,29.995161548198833,0.00470435005124159
-19,29.99921750720491,29.999165784295588,29.999269230114233,29.99366674390732,29.99316125775618,29.993920690085567,29.993752091451686,29.99330899266512,29.99340586869339,29.99327893389056,29.99369782243233,29.993887446478535,29.99331229063088,29.993320611761224,29.992999476018728,29.992869764670488,29.99326832931268,29.993931172205514,29.99350886802281,29.993739458742155,29.993227209401006,29.99335861663699,29.993044061022932,29.99403345444881,29.993513381376083,29.993245076190192,29.99326675892993,29.993917395631325,29.993807790671976,29.99346655607563,29.99414064831087,29.993018346058452,29.993518188146663,29.993486243387533,29.992963805397963,29.994062932760876,0.005731263817377652
-18,29.999033755437104,29.998969544336685,29.999097966537523,29.99231573747275,29.991840993542393,29.992714667362087,29.99246363288455,29.99198755024589,29.99207859954895,29.992039239321407,29.9924020263369,29.99264607377329,29.991950046911,29.991900359527808,29.99169119518306,29.991505787559525,29.992033332116627,29.99269786904498,29.992305979712224,29.992400002915833,29.99190643562295,29.992011342698365,29.991662761241436,29.992957310200406,29.992175532566375,29.99191603667822,29.99202175226442,29.992673681666773,29.992566100106675,29.992254560625,29.992977420905046,29.991700738576224,29.992190826781158,29.99219958644642,29.991619593478912,29.992962840644182,0.006834168990682343
-17,29.998827000604877,29.99875641613953,29.998897585070225,29.99087756577416,29.990441446208592,29.991429146824885,29.9911785473464,29.99058679212194,29.990686900219906,29.99067924897896,29.990982776385092,29.99133790084202,29.990528320703167,29.99037164266368,29.99014763508199,29.98998650993851,29.99062176036361,29.99133599484141,29.991007748128485,29.990999791937828,29.990502474863643,29.990541818274323,29.990147024801033,29.99160449490231,29.990726739564078,29.990428819356797,29.990696174486704,29.991231895234595,29.991175901789333,29.990876234431962,29.991629760970536,29.990251647431457,29.99079718261356,29.99079366323603,29.99010288321384,29.991611443071072,0.008033337368846816
-16,29.99859505089759,29.998518503691365,29.99867159810381,29.98934548425002,29.98900558453456,29.98998762737556,29.989687648440135,29.989144149354434,29.989193803601964,29.989107937800703,29.989474869100327,29.9899408680098,29.989041437171558,29.988784466788662,29.988568800096292,29.98849921838879,29.989077394132394,29.989952358669257,29.989635046887706,29.98943278564818,29.98896581045791,29.989016881367423,29.988410727785887,29.990154980011077,29.989184887511257,29.988796624838116,29.98920765545504,29.98979213751165,29.989604708465777,29.989414512392134,29.990216114313892,29.988705574387694,29.98933581565686,29.98928953034684,29.98847488347299,29.990171791944352,0.009305520550746849
-15,29.998336671650158,29.998251494483576,29.99842184881674,29.987679418252277,29.98744994900925,29.988473591508033,29.988154337009068,29.987548077452423,29.987601582739494,29.98755736655498,29.987917149413832,29.988413197568935,29.987317730315493,29.987004713524996,29.986931009495372,29.986743844654452,29.987405859693027,29.988327881199815,29.987992719817054,29.987805898772702,29.987452432229293,29.987292579653126,29.9867488523327,29.988654513203613,29.987494427777175,29.98717476357461,29.987717419087662,29.988233216923685,29.988002475172458,29.98782551780644,29.988721467434576,29.987053909386802,29.987654488049266,29.987678346320422,29.986747475221183,29.988672925617127,0.010658325329735874
-14,29.998044217134982,29.997941770160065,29.9981466641099,29.98586911985448,29.98574244631846,29.986860072061173,29.98647938454611,29.985721719288964,29.985903800051794,29.985781082420313,29.986230894974554,29.98671186816131,29.985531922606896,29.98508078689166,29.985131711739754,29.984844509292525,29.985626180190646,29.986677342149797,29.986156648539183,29.985898445548216,29.98565126305452,29.985414850238374,29.984857095828364,29.986997370486517,29.985693161044527,29.985336016601334,29.986054359877585,29.986420826354383,29.986301711659063,29.986149856472085,29.987044030338026,29.985224907963687,29.986105487861824,29.985916629080535,29.984853634531007,29.987010201945683,0.012127588054447358
-13,29.997733548455525,29.997617164002584,29.997849932908466,29.98401124524773,29.9838866808357,29.985012802206693,29.984780164945246,29.983922328953987,29.983967829576372,29.983975521478364,29.984340956536403,29.984931462014696,29.983590898654306,29.983215836656854,29.983134176590465,29.982988702291852,29.98372535763346,29.984816379211267,29.984342864434147,29.98389596282972,29.983716895419153,29.983514528563816,29.98304456697527,29.98529979049839,29.983863283561103,29.98339585174259,29.984249299440506,29.984581513419847,29.984411396765633,29.984450909451237,29.98527178935598,29.983318976053912,29.98421201473987,29.984062332869488,29.98302920418733,29.985279489670145,0.013671215586036567
-12,29.99739658016951,29.997271291080988,29.997521869258033,29.98187233916331,29.9819379770429,29.98312792005967,29.982807515956956,29.981778239051813,29.981995344804968,29.982049096805156,29.98242779942818,29.982998099468677,29.98156760062312,29.981026112352428,29.981034032047493,29.980893056421035,29.981743192147437,29.98281779678901,29.982423238577333,29.98186386832811,29.9817308072918,29.98141832931404,29.98087203196202,29.983343567798336,29.98168948629013,29.981210950899804,29.982383749354934,29.98262566408635,29.98239655019739,29.982572116976783,29.983404732485262,29.981280851765952,29.982451006455957,29.982058102464872,29.980887274694805,29.98336038808724,0.015338477704638365
-11,29.997034963807224,29.996905469152868,29.99716445846158,29.979752966431988,29.979849478817012,29.981108876943143,29.980839405812663,29.979588549510353,29.979963116171966,29.979989789100497,29.980288836139017,29.980953585285604,29.97941435001257,29.97869313027697,29.97885712643026,29.978789408832576,29.979773296355404,29.98086484820193,29.980254853231756,29.979651043975487,29.979422648058964,29.97928207009194,29.978736427677056,29.981471876158043,29.979454751740317,29.979089078796665,29.9803675779326,29.98051859486186,29.980332461813255,29.980650796974416,29.981462089255086,29.97916547857337,29.98029089101355,29.979962580149206,29.978724520892033,29.9814647806534,0.017072383658017998
-10,29.996634119798824,29.99649235186861,29.996775887729036,29.97749339947357,29.977779572593693,29.978902655144193,29.978775882675983,29.977358842213647,29.97771863328914,29.97788213569847,29.978163915278778,29.978914680968362,29.97714334135284,29.976410307686457,29.9766374492386,29.976533904802466,29.977640645763714,29.97864412734974,29.978002352871062,29.977387604501672,29.97730780342541,29.977003018186892,29.976460164885847,29.979484782631832,29.977302971236604,29.976904376650854,29.97836470221949,29.978393809374968,29.978178022396534,29.978440196585197,29.97941166437305,29.976887150737845,29.978298872516596,29.97779423287078,29.976446454156015,29.979431771894216,0.01883988692804195
-9,29.99620143540091,29.99604743728228,29.99635543351954,29.97502365624554,29.975435890681172,29.976502158737638,29.97654565265861,29.97499780765863,29.975352856068856,29.97570672306232,29.975946277276623,29.976777247748117,29.974690492914323,29.97397494737083,29.974176257713296,29.973993617452205,29.975272916155543,29.976326156916638,29.975650998854945,29.975003400392076,29.97492395211076,29.974645171545436,29.974006709327536,29.977419280332725,29.97485561921792,29.97459577194894,29.976212031899824,29.976119469553698,29.975724492501808,29.976399131111314,29.977135772540567,29.97439779815486,29.976184274092134,29.975466551074835,29.973988483179827,29.977213737183412,0.02073488432607462
-8,29.995738921648627,29.99557341528121,29.995904428016043,29.972480177678268,29.973157429164804,29.974160565265,29.974224272429492,29.97258092311952,29.97285169304719,29.97319655998133,29.97370008812536,29.97439409860965,29.972241240641317,29.971363835206393,29.971737589197268,29.9715641759109,29.97265247589866,29.973995131182043,29.973234691869912,29.972503547080922,29.972489880442104,29.971964638139113,29.97152993423038,29.975187777547053,29.97253332949025,29.972029754478076,29.973698354611678,29.973666122360907,29.97328990438423,29.973935339895295,29.974758344631695,29.971977114768524,29.973602661465648,29.97302338836176,29.97148425699878,29.974876438683417,0.02271553328686693
-7,29.995253321973443,29.995072763143877,29.99543388080301,29.96989400193043,29.970533726704815,29.971743605225026,29.97197292367166,29.97004885683564,29.97041879690766,29.970603710713597,29.971051804249747,29.971824240142755,29.96948113163511,29.968670951034717,29.96891227196186,29.968763580049902,29.97024376853106,29.971633302142994,29.970767942885722,29.96997569064374,29.96998984979207,29.96943917200936,29.96881258676569,29.97269406588747,29.969928021639667,29.9696892442323,29.97139004334891,29.971225686338354,29.970844281454482,29.971584444403604,29.972351243415748,29.96948364943295,29.97131240721924,29.97050950004022,29.968738107070727,29.97244551959547,0.024743821933224552
-6,29.994722861016964,29.99451617290036,29.994929549133566,29.967042190661076,29.96792320959231,29.969257715448325,29.96926162849346,29.96717732689433,29.96768759354652,29.968007741780553,29.968276597722202,29.969272609537985,29.9669927023335,29.966078875048886,29.96633624488743,29.96608356313679,29.967651363462302,29.96895874589275,29.968042684225573,29.967081720253884,29.967178392085238,29.966863200245303,29.966328155170267,29.97047823901105,29.967114909121076,29.966908725910017,29.969013004712238,29.968489087316254,29.96830631611078,29.969091867412182,29.969782431889588,29.96670151226579,29.968696161563088,29.967869483857687,29.96608227391262,29.96997377884799,0.02685337715927716
-5,29.994170229966645,29.993968701810164,29.994371758123126,29.964285931962507,29.965181051511443,29.96645727946657,29.966625968892984,29.9643835842318,29.96483183349735,29.965273694576936,29.965592633499035,29.96665687463091,29.964106050566762,29.96298206660248,29.96345859374612,29.963304605420472,29.964703502195285,29.96641242596732,29.964963482624103,29.964432166034495,29.964346909122735,29.96399579146313,29.96347216135079,29.967731348238765,29.964258243446203,29.964260259011752,29.966269899316583,29.965675636538982,29.965427455316735,29.96641166939864,29.967002447785,29.96375431219968,29.965964411442407,29.965074076335274,29.963215907245523,29.967202895409784,0.029096153631371635
-4,29.99358325774635,29.993372147917377,29.993794367575326,29.961384582327984,29.962086227309083,29.96365897272856,29.964022154986505,29.961527564493093,29.961744501337712,29.962440668474652,29.96265796008727,29.96369890726949,29.961124767044918,29.960072374472887,29.96067279162573,29.960403239269375,29.961885794255554,29.963515223847608,29.962098730012762,29.96132513816105,29.96150115426,29.961124181637114,29.960537691627092,29.965127625868064,29.961439497010385,29.96140808791263,29.963562059299942,29.962795028852838,29.96258706218797,29.963795355024285,29.964284044019653,29.961095956338536,29.963157191333885,29.96222448443589,29.96031225145034,29.964516029027966,0.031358773310461885
-3,29.99297552616418,29.99273383556381,29.99321721676455,29.958302966779314,29.95921082639119,29.96055987943374,29.961002186250518,29.95827882310303,29.958535114208026,29.959695260217078,29.95970152633573,29.96069895015254,29.958062559701283,29.95687817541899,29.957427649702854,29.957393171044508,29.958917944267995,29.960774162488974,29.95933478865536,29.958446200862085,29.958498066853373,29.957985715978577,29.957507695469673,29.962230600516165,29.958401317324594,29.95840002877835,29.96083256857205,29.959855267666946,29.959678847338218,29.96102763615979,29.96131394969741,29.957925056738215,29.96019628617882,29.95923577407618,29.95725154724749,29.961566028672568,0.03373975208799962
-2,29.992353214047284,29.992104674840668,29.9926017532539,29.95502291367935,29.956155901549646,29.957589587418056,29.958161911719912,29.955414485697766,29.95551618159134,29.956486908371055,29.956532378073618,29.957710062999244,29.955134348475077,29.954009827617313,29.954142568878453,29.95435664945275,29.955639251576358,29.957739006457576,29.95595944943779,29.955245621414523,29.955643943833785,29.95480571264588,29.954628033976576,29.959184207561346,29.955068089858422,29.95542400251994,29.958031604258952,29.95698710358054,29.956605678450178,29.958107852734067,29.958426075664303,29.954750714772175,29.95710725469455,29.95618624429869,29.954106065031638,29.95863456193599,0.03616696974859579
-1,29.991672842198277,29.991381746549123,29.99196393784743,29.95194207154263,29.95280672369746,29.954572673347634,29.954878457700033,29.952151056949745,29.952029430096307,29.953479439482102,29.953132029122767,29.954502298497605,29.95194196358377,29.950391926484734,29.951014534705223,29.950864309963922,29.95213367435658,29.954659264979746,29.952608098747145,29.952022375721608,29.95246722004833,29.951711839710637,29.950977051264392,29.956122177617846,29.951951682149218,29.95222864902594,29.9547748267512,29.95362920408536,29.95358397567831,29.955010568244905,29.95533257277737,29.951560787499886,29.954147662526132,29.952954284878615,29.950734404507145,29.9555497141085,0.038718557319661784
0,29.99107018538165,29.990789219656488,29.99135115110681,29.9482759150151,29.94927455324229,29.951272523723855,29.95190636038752,29.948547269710634,29.948650541696036,29.950235527637464,29.94970814479518,29.951251036418615,29.94854232464495,29.946910150909833,29.94728625212619,29.94762493817675,29.949064488491178,29.95143283245617,29.949277246920385,29.94847438724355,29.949079198677875,29.94803426871182,29.947673028458194,29.95297427869973,29.948455076031465,29.94867075877643,29.951739083532285,29.95033328564571,29.949989553975115,29.951900421702447,29.951910114731884,29.948011558169547,29.95070795213059,29.949573769094627,29.94718282429169,29.95220275982304,0.041496416287021276
1,29.99066040796417,29.990350453188082,29.99097036274026,29.947705402365106,29.949236485460144,29.95026436376805,29.95251141337668,29.949692398952564,29.948973093185813,29.950380645943127,29.948101967518536,29.951132719948824,29.948354653757306,29.94651995525208,29.947643547812596,29.94847822731679,29.94844030545223,29.951261140821387,29.949581150229278,29.948467231831224,29.950581539646702,29.948802824685767,29.94704473720638,29.95361970410904,29.947741772217196,29.94890276925016,29.951980787149115,29.95049246388581,29.948611028774703,29.952073264706076,29.9509569971989,29.949051924871842,29.951391687662582,29.949599873478537,29.946900422168948,29.95281619332808,0.04106053448563429
2,29.990234882243932,29.989914869636063,29.9905548948518,29.94712434255165,29.948496440998472,29.950873985455353,29.95242892601566,29.95011506770883,29.94862415441731,29.952226850917942,29.948657242292782,29.951292434662854,29.948994339706744,29.94601027931167,29.947178089142106,29.94903530783254,29.94857088779061,29.949789931913916,29.949655952428742,29.947242460478076,29.950364363189273,29.94875941969921,29.948788364589163,29.95312698923203,29.947998854905915,29.94958334798367,29.95411086653614,29.94969328846022,29.948853479877503,29.95209472884045,29.952284697339223,29.950281860347847,29.9512990619953,29.94978520055404,29.946817975160656,29.95339755549066,0.040449681689892714
3,29.98980241603854,29.989489485030894,29.990115347046185,29.94639227310948,29.950568266904497,29.95078281938173,29.952505710187083,29.951466649572758,29.94931438088539,29.95374328599984,29.948803807387836,29.951764180761813,29.948943117976093,29.946788701089893,29.948438613564164,29.94887329423718,29.949574806390313,29.950526220606456,29.94952332383203,29.946240027158115,29.951275029492606,29.94844990540895,29.949563202170612,29.952995336945243,29.94801430196002,29.950471887836464,29.954069480488766,29.949969165763182,29.949444314261175,29.952964500453273,29.950960906947486,29.950099230713725,29.951427567613017,29.9501318103033,29.946350405472856,29.953832989484294,0.03967060573523895
4,29.98945975288699,29.989114408662356,29.989805097111624,29.948682585601553,29.950594638565683,29.95196963633769,29.95364350044365,29.950506231548765,29.94934452134803,29.953257435340607,29.949439903357707,29.951211311017875,29.948830272038776,29.946437659800917,29.948005771322702,29.9486848125298,29.94906138829032,29.950080418402358,29.949501862339147,29.946223283514932,29.951493916905637,29.94845915648345,29.948889892097565,29.9522456623132,29.947134489489375,29.950991512798616,29.953941936873065,29.95040016458738,29.9494578690895,29.952540642130515,29.951655457005696,29.951293252914724,29.95111359236653,29.950169759228526,29.94637870632227,29.95372557046174,0.039289993658464084
5,29.9891084250806,29.988761637898964,29.98945521226224,29.94898043312022,29.951315090616276,29.95141435996317,29.952971285949552,29.950452438819454,29.949746910822803,29.953218026711255,29.950068675507087,29.95144586510607,29.949761970800008,29.947147046725878,29.948371968783704,29.95070000803956,29.95048988231366,29.950462296319067,29.949664520522624,29.947018770408103,29.95118278123556,29.950300379002552,29.949154600842885,29.951655438257905,29.947877396092153,29.95070632817164,29.954661567319825,29.94994291018697,29.95077833404929,29.953280518627057,29.951927196390862,29.95050605668753,29.95128900406879,29.950549735382058,29.94711177073849,29.953660307017568,0.0385586896985437
6,29.988861281025528,29.98850645116793,29.989216110883127,29.948379532024816,29.952354524854783,29.95127302481164,29.952561255985014,29.950819420578792,29.949900425483346,29.9527304387534,29.94944799835736,29.950320302733665,29.950005874017826,29.947513398422156,29.948695182670562,29.95081062620869,29.9506003118153,29.95020843301006,29.95116255301519,29.947556038183624,29.950937308973085,29.94941408732266,29.949460104685482,29.952058505888512,29.947721471343637,29.9502772139122,29.95505080746343,29.949663974993708,29.951211311073653,29.954110478657153,29.9518058224959,29.951220580151737,29.950823397661164,29.950603146851613,29.94754431224922,29.95436906907888,0.03825813417391544
7,29.988578723375127,29.988223241969262,29.988934204780993,29.94943055766899,29.95282228365755,29.951251375501567,29.9517722261342,29.95069884654302,29.949950203125457,29.95281806216592,29.949904707205267,29.949871745196507,29.950260766667313,29.94950238681677,29.94950875271227,29.951165971392,29.95054157933995,29.950632721401732,29.951192430940143,29.947398117468335,29.951133490302865,29.94962537985342,29.950274327740686,29.952658334644607,29.94811386899556,29.950302075608562,29.955479964640563,29.94899742228355,29.951133997457813,29.95471418215482,29.951312017210487,29.95176580803778,29.951191388790974,29.950847499721952,29.947917037325574,29.954924772338398,0.03773122365317505
8,29.98837948213016,29.98804999413404,29.98870897012628,29.947988211871156,29.952171383737436,29.950489193513132,29.95040358658255,29.950904119733167,29.949898582772622,29.953243027744694,29.950290097728352,29.951221633160106,29.950704814854173,29.949544952113076,29.95044996707873,29.951544491598963,29.95079551729101,29.951842270575227,29.95082465077925,29.948864500107096,29.950972004158192,29.950623624360304,29.950850391313057,29.95119363334789,29.948763241177453,29.95045468712895,29.955284606340108,29.948624075917213,29.951029754146475,29.954562882525362,29.95149174643454,29.95164908316739,29.95203346128117,29.950957139751292,29.948449213304546,29.954761356574416,0.03742234237886777
9,29.988113020560842,29.987781953878972,29.988444087242712,29.948801318313443,29.952069656394016,29.95089576735541,29.95123638797267,29.950388259980244,29.950057342121163,29.953415775780655,29.950370477388848,29.950969503648885,29.951108370153378,29.94957597135155,29.950510787671757,29.95274805806239,29.95032037113211,29.95246086542227,29.950339445210503,29.950066263302947,29.951317058610755,29.950223997506352,29.951514014327234,29.95135986630087,29.94881986100348,29.95108943775831,29.95554607738043,29.950235870112664,29.951633491192307,29.95478940999704,29.951110155812504,29.950930623778163,29.951476155889612,29.951179354697736,29.948814761763717,29.954997493527472,0.03693366586310631
10,29.98796045516278,29.98759496894123,29.988325941384332,29.94931619241591,29.951552374647193,29.950798261687893,29.95143671783347,29.950925052483804,29.950246641982424,29.95278911330186,29.951268648034294,29.95040897007236,29.95070989944284,29.95009091578846,29.950153936682256,29.952079998818288,29.950121035893517,29.952189280768664,29.948775460419164,29.950425871526132,29.950880438325857,29.95155420893391,29.95183183001294,29.950403288351783,29.94869697823695,29.95239306535456,29.956127861176707,29.950901770527253,29.95166625589755,29.954724441171432,29.951588228715323,29.950273430469544,29.95287869972104,29.951240295623112,29.948753877819055,29.95511038167288,0.03672015953966934
11,29.987783103515508,29.987430999743356,29.98813520728766,29.949446240451792,29.950993167769095,29.949902654291837,29.951515685773895,29.950901651816118,29.949489775036653,29.953623724502915,29.951231063734824,29.950489388695186,29.95089037174853,29.95126464400074,29.950593567021237,29.95201076678694,29.950529779393182,29.95131349734595,29.948755637385986,29.950822818830215,29.950974370152252,29.951791754640848,29.952334944975483,29.95053168535861,29.949822399351586,29.95307141033285,29.955744885681476,29.9520289034044,29.952551051750312,29.95478749969922,29.95215499748551,29.950977535506073,29.952737358932136,29.9514427743952,29.949256324608694,29.95505078084434,0.03634032912030705
12,29.987674758474785,29.98733585017751,29.988013666772062,29.950780153297263,29.95012713516992,29.950040454079343,29.951698633080152,29.951258993727556,29.94945419593604,29.953404972333132,29.95062025055616,29.950370651990337,29.951557762650378,29.952443741670212,29.9510821488536,29.95084051769811,29.95050161370017,29.95168171365858,29.948072182034473,29.950747079124504,29.950931434212556,29.952427525723408,29.9539399185509,29.951818880487274,29.94933599751631,29.953921335070117,29.955461658298717,29.951812200995676,29.95306392947828,29.95508858705209,29.952311155560697,29.952036264881535,29.95229168290562,29.95163742567643,29.948988448258806,29.95519118164491,0.03603733279835453
13,29.987615451280824,29.987242839372993,29.987988063188656,29.95070539937945,29.94915060802889,29.950362123443465,29.951469557299987,29.94975035723243,29.948859447563002,29.953740962726535,29.95023439199512,29.94993828345779,29.950956816222327,29.95267388205802,29.949773439815097,29.952438326524426,29.950586851840303,29.951294814005134,29.94878860338126,29.950880906530994,29.951104614041984,29.952496220796746,29.954538594506435,29.95190024186993,29.949548553433026,29.95384902733463,29.954894248241864,29.951408771094332,29.953762995637067,29.95428409652956,29.95264709525675,29.951767606748593,29.95196034607477,29.951525572768997,29.948839965413022,29.95463639928368,0.03608987851182732
14,29.9875735602613,29.98719476130532,29.987952359217278,29.951114336996373,29.94933886415005,29.95068210736136,29.9517052748314,29.95088758503829,29.949537044729503,29.953669603937136,29.95050045416849,29.950175408066084,29.9521252071592,29.953041871458638,29.95045596613551,29.952771824875665,29.95077013016578,29.95222948422455,29.950703474063655,29.950742039267315,29.951026142013387,29.95196853668558,29.954245754321988,29.95195113776632,29.949269893589882,29.953506142996538,29.954632836690166,29.952010523417538,29.953283262926647,29.953609269519873,29.95281854366276,29.9515493215971,29.95159856182489,29.951730686788054,29.949319897246003,29.954352201973236,0.03584287347324633
15,29.987523791360047,29.987144807970985,29.98790277474911,29.95125886797617,29.949522404719634,29.951519180337115,29.950622753342444,29.95197185521549,29.949449098486845,29.952889495343868,29.950687127899474,29.951627258462445,29.952652199812196,29.952919824945262,29.950942340886268,29.952281115140806,29.95054172863813,29.952340203354396,29.95192760308899,29.952462646372975,29.952092057254177,29.953803863501186,29.95341493324362,29.951218626296164,29.948792212711002,29.954651552545258,29.954129965960387,29.952665908097103,29.95383039156642,29.95382366643038,29.953569489908,29.952415708627807,29.95067977405609,29.952023461807332,29.949268454898487,29.954273402271227,0.03550032955271476
16,29.98743306399956,29.98706400193575,29.98780212606337,29.951967298915775,29.95054182195631,29.95208915177215,29.950378710075093,29.952137164915147,29.949692764057193,29.95368902747527,29.949919873312513,29.952232173418235,29.952333959358487,29.9534879998887,29.95181236378483,29.953208607530105,29.950351747373837,29.952632144304566,29.95101705483879,29.952918082043205,29.953168356533638,29.953463324608627,29.953717492373446,29.951206808010816,29.949729161128896,29.954242915525302,29.9549359597756,29.95244764754254,29.95479038157858,29.953587915991594,29.95300049486892,29.95265404873827,29.95003359226965,29.952246268132207,29.94971915193418,29.95483041558276,0.03518679586735374
17,29.987345593687873,29.98696717057583,29.987724016799916,29.951960621738618,29.951318973489883,29.952599723553018,29.950281807842813,29.953704094083804,29.950437585558685,29.954114634345284,29.950053316194428,29.95170139051633,29.952920826468315,29.954147746060563,29.951562504044123,29.953313384083366,29.94997039158304,29.952520530473993,29.95248279895148,29.953179506355568,29.95282655851068,29.953822482584105,29.953039605093934,29.951220799691995,29.949978124349133,29.954797721109887,29.955645759111505,29.95319168337111,29.955463617462048,29.95373528084359,29.953792855387523,29.952845712051666,29.9501162300625,29.952558208832436,29.949975997838457,29.955513706415648,0.034787384855437864
18,29.98724525178422,29.986866933489562,29.987623570078878,29.951995999201706,29.95193865033537,29.954325057771282,29.95082382069917,29.954226429289655,29.950789124471534,29.954370882483946,29.950509080502524,29.95163802100626,29.953887621279993,29.95419760067529,29.951572071103232,29.953565396347866,29.94967230226226,29.952638906071705,29.953314295931886,29.95348999403655,29.953707280190564,29.95355572243728,29.95402006994626,29.950308379885627,29.95047125338449,29.954175991076735,29.956079660570502,29.9532453353359,29.956128539213655,29.95388760937097,29.953915789735873,29.952860476958552,29.94876323152025,29.952802486436564,29.94942230780821,29.956093102197368,0.03444276534765578
19,29.987466735081433,29.987100790343685,29.98783267981918,29.953004107153816,29.95156971034406,29.954602116793396,29.949437020068945,29.954690323156743,29.95117602496053,29.95408271625168,29.95016559167123,29.950845431270004,29.95450066170654,29.955200834198887,29.951646918078186,29.953835558150384,29.95057449208815,29.95302260911043,29.95383637908714,29.953612015285472,29.95380450675292,29.953825341809072,29.954550939535547,29.949771319329628,29.94968482395662,29.95439769065803,29.955399924760556,29.953892569417015,29.956276505606553,29.953916144932617,29.95448006058178,29.953659019340545,29.948933031934654,29.952946479599706,29.949298423332014,29.955640984493204,0.03452025548172699
20,29.987496539856814,29.98711100062667,29.98788207908696,29.95411233762567,29.95068683410854,29.95486815453427,29.949579684109214,29.953689841185344,29.951760358430057,29.95483220885245,29.94997878661404,29.951650762795957,29.954461487211738,29.95508417326048,29.951275277243063,29.954058961414837,29.95023072614205,29.953178173288936,29.95443032179695,29.95314256824245,29.95396268114764,29.95486186323255,29.954865695626953,29.94957399176133,29.950366687477818,29.954825778071644,29.956015413089432,29.954083731485177,29.95607599943928,29.954306191052236,29.954516977887785,29.95445650776996,29.949893590026786,29.953160858830817,29.949578118713546,29.95603207433564,0.034335681025996934
21,29.987594499060148,29.987221765654187,29.987967232466108,29.953381867273876,29.95092761258078,29.95524822791979,29.949960337662404,29.954656356407316,29.951456826521554,29.955426657143967,29.949555950087404,29.95211121084929,29.95441686780151,29.955076717246182,29.952489165704566,29.953624895736734,29.951155903794753,29.953397409784746,29.95562469526599,29.952840120515084,29.95364600112251,29.9546348861426,29.954699932671538,29.948857063602816,29.94995250984785,29.95511159157076,29.957025009396943,29.95419808547035,29.956310180680774,29.955274483029317,29.95513533680867,29.953278847787963,29.950486608988214,29.953332045313882,29.94936375630414,29.95650675857772,0.034262453746265464
22,29.98776392866798,29.987411154231143,29.98811670310482,29.95381160072746,29.951695857757624,29.955384792517773,29.949251232746064,29.95464485526656,29.952209320172145,29.955194729911867,29.95155022389182,29.95316118149287,29.954325233461628,29.955506311276324,29.952490894380382,29.95385986359046,29.9515185153443,29.952842313582686,29.955704441528457,29.952612525942204,29.954488356819116,29.955095470244924,29.95450167183791,29.948669106751193,29.949871681192082,29.954980571856467,29.955610576927885,29.956155305735024,29.956587309705714,29.954347260777467,29.955756224724517,29.954697495520442,29.950385183107127,29.95356367029301,29.949091148097477,29.956274106826964,0.03420025837496965
23,29.98792883663178,29.987557103408832,29.98830056985473,29.953687997765925,29.95321273743613,29.955729101602596,29.950300526601744,29.956061621589335,29.953152473702733,29.955950387378707,29.95289805429237,29.953926680815286,29.954401733859836,29.955144064179184,29.95288342319938,29.953431591481305,29.952271790940575,29.951508339491046,29.95626347981985,29.953386998948492,29.954567424523642,29.95499095304298,29.95399007359707,29.94945123200038,29.95153132018989,29.954656635939003,29.95600802135183,29.956981939651378,29.956873411029374,29.955268658085334,29.956250208959762,29.95481936110668,29.95206796246895,29.95405560683503,29.95006697058637,29.956903256400427,0.03387322979675034
24,29.987962498612518,29.987595830517765,29.98832916670727,29.953631403637495,29.952905880680714,29.956744131135366,29.95098038164942,29.956675124053746,29.95480934105859,29.955061406659443,29.954109987076954,29.953642663920103,29.955020189220466,29.95552513678491,29.953074611978607,29.954124857101622,29.953217298358982,29.950700097281313,29.95620471107868,29.952951784192155,29.953850649803464,29.95499636655097,29.955514947065726,29.950941138425904,29.950860426579773,29.955048582031427,29.955875417833134,29.955610527775583,29.957893602890096,29.956122044258617,29.956955590880007,29.955178784901,29.951298003305407,29.954317502938984,29.950816336022697,29.957213544182782,0.03364499567353363
25,29.987896162369733,29.98753743499583,29.988254889743637,29.954336371241286,29.954348490834697,29.95786472224354,29.95064708614073,29.9559885754418,29.955250096000587,29.955730412260102,29.954565075651153,29.954170328712546,29.95522926746197,29.955894814037812,29.953644807621203,29.955056439720146,29.953672989110405,29.950979339879492,29.956389356780964,29.953562120286183,29.95309956381647,29.9552280251067,29.956315935352997,29.951313666035077,29.951014627074066,29.954564824926596,29.95584981364582,29.955378097450424,29.95805747605947,29.955438491397476,29.957239352203462,29.954851597830384,29.951727978144397,29.95458032474893,29.950887970101334,29.95791772954292,0.03331583762080115
26,29.987900694282736,29.987545242806693,29.98825614575878,29.953502907187612,29.95500523207142,29.957398229344264,29.951381329134463,29.9555748291351,29.955546905330944,29.955014033922627,29.95600793931477,29.955571663389886,29.955147677908183,29.956398193396588,29.953571100940064,29.954156683855466,29.953044511343183,29.95237114737576,29.956864292185102,29.954262218093913,29.952472879645246,29.955217407169464,29.956341752313765,29.951015973223598,29.952224544191594,29.95468992194487,29.955996179892512,29.955962342761868,29.957774309273464,29.955356952990307,29.95736271772511,29.95451697993843,29.951194816659566,29.9546981890553,29.951145634714674,29.957501651324794,0.03320250522743606
27,29.987839532213844,29.987483717735493,29.988195346692194,29.95402446789474,29.95576810229362,29.957997191753275,29.951354532756195,29.954993882953545,29.95595976974073,29.954647047376255,29.955597389462085,29.956162817791828,29.955831039342442,29.956822962733167,29.954639529166876,29.95418242962133,29.9541075943252,29.95163788884099,29.957909200957218,29.954317873368417,29.951964589125648,29.95521188024764,29.957374681293587,29.951895090391197,29.952752729070053,29.954816557652485,29.954761761061746,29.956255572083602,29.958121016736403,29.955764367344898,29.957384498554504,29.9559857380083,29.95163770440723,29.9549959968785,29.951559832203195,29.958031243623637,0.032843535335345564
28,29.987790508764157,29.98740198021587,29.98817903731244,29.953748261992143,29.956062241504224,29.957432371542176,29.95133807111015,29.95495658109816,29.9568061129492,29.953727643334297,29.954877494560908,29.956664123810356,29.95523556543294,29.9575587764279,29.955997951505275,29.953892961219655,29.95419923794634,29.951643730331114,29.95863607203009,29.95437595447642,29.952286940601745,29.954361027952505,29.956725495280946,29.95144478550194,29.95226810257733,29.954763095595457,29.9550535132934,29.956408161824967,29.957583012847074,29.955927383161118,29.958147490678584,29.955745126370395,29.951886552268405,29.954991794640836,29.951415439044197,29.958281850550247,0.03279871412332014
29,29.987876918181893,29.987523631115337,29.98823020524845,29.953971625746682,29.956128007700034,29.958388881035596,29.95078909553562,29.954252414138583,29.95603128607107,29.95260151110355,29.955441990062425,29.95613413659607,29.955857295893686,29.957446909165544,29.956815889247324,29.953657574780845,29.95540044158012,29.952556936597386,29.95824919942851,29.954396700288736,29.95229475335425,29.953460450122137,29.956776481553426,29.952312320731494,29.95307333352245,29.9565342706651,29.954937559904696,29.956813593393655,29.95851494669222,29.956428838886453,29.957765407823402,29.955255677737174,29.952825422230926,29.955170431719644,29.951880697454126,29.95842354909117,0.032706486462249273
30,29.987831118968145,29.987494736663464,29.988167501272827,29.954752986411506,29.957747197949793,29.9589016828927,29.951287156388243,29.953674080243545,29.955570228290053,29.952476385711808,29.955015134030557,29.955650216630136,29.955835467678057,29.956890477466477,29.957920109770214,29.95300506317812,29.955730437200874,29.95248024588863,29.9581303275602,29.955757547275255,29.95247294550083,29.953987264738952,29.95706274074535,29.95254144848588,29.95358641326191,29.956846702956796,29.954738384520006,29.95753002680151,29.958928098840868,29.95619024789033,29.957926570025094,29.95486382908535,29.95249920375538,29.955333287372472,29.95214685349487,29.95890894727845,0.03249783159567343
31,29.98789751206417,29.987549474395074,29.988245549733264,29.954953137344084,29.95923838863718,29.95909234881438,29.95291272634336,29.95362176579189,29.955439876172942,29.952649920598656,29.95551547138873,29.956428485253635,29.956422983436713,29.956787283627673,29.957610334297915,29.952869114114957,29.956274612490112,29.953234084337303,29.958795766603288,29.95583544073835,29.953809567518935,29.95459478536372,29.956633113417375,29.953413437820508,29.953192611010298,29.956804732421297,29.954173455805673,29.957210647287212,29.95763226283749,29.95624125295565,29.95739151368882,29.954369544781716,29.953516343230852,29.955555500271018,29.952808835897976,29.95913250976565,0.032342011793151215
32,29.98794319138696,29.987579071153743,29.98830731162018,29.955451380078593,29.95978774670411,29.95886412669987,29.953718410553606,29.95391233702262,29.955325188625313,29.953349299591064,29.95414238963526,29.957504055379395,29.956393875691234,29.95668286195545,29.95796889614261,29.95331066410912,29.955881299310143,29.953909333754723,29.95836063313123,29.956023932067474,29.95435267076181,29.9553434147581,29.95699812380511,29.95437775387981,29.9541091487115,29.957255194966486,29.9537504594223,29.957613605506776,29.95736425940994,29.956132207095223,29.957723246649646,29.95449841305366,29.953684575496325,29.95579298346562,29.95333867483353,29.959118122201033,0.03215020792134027
33,29.988105658096877,29.987754489014836,29.98845682717892,29.95462327309137,29.95894937691012,29.959640918646038,29.9543249037901,29.953607277170025,29.955652114860047,29.952719856430544,29.953583529067842,29.95676316039816,29.955794069526736,29.95755995984074,29.957301174908864,29.953115568187943,29.957023350316753,29.95320463196937,29.957932372782366,29.955641604455366,29.95398326095585,29.954979703244316,29.95773949104572,29.954719658510143,29.956091729215963,29.95617818553553,29.953652635260976,29.957420691304154,29.95740321591955,29.95672559889544,29.956728251254898,29.953943334484425,29.95412992648695,29.955704427482207,29.95300674745466,29.959139550887496,0.032401230614670595
34,29.988025974837583,29.98768832328483,29.98836362639034,29.95486125580217,29.959428307395125,29.960796990807054,29.954751721798058,29.954920178873696,29.954871170949513,29.95252604062749,29.95322804431415,29.956109309444013,29.956995766933034,29.956739367977388,29.95729983230056,29.953936961811753,29.95689545430502,29.954110433906287,29.9583223371002,29.954363240794354,29.953870095463373,29.955270432593583,29.9581101610951,29.95455020980992,29.955520298373013,29.95664192629532,29.953304158941126,29.95705914877292,29.957433925682988,29.957074900579247,29.95583562300218,29.95409095289124,29.954418080198,29.955777877627927,29.95303499330032,29.959804695333407,0.03224809720965638
35,29.988051066695565,29.987667779550147,29.988434353840983,29.955288089821053,29.959438956988183,29.960320155029827,29.954885341003877,29.956293292173978,29.95519548005593,29.952394401968952,29.95386778768819,29.955979500187773,29.95722587781543,29.95627004478824,29.957319273361247,29.95398694444319,29.957115494486636,29.95460224180144,29.95867991422388,29.953287103970638,29.954720041395383,29.95422141975162,29.95768951527116,29.95570115540367,29.956573851815218,29.956600604436197,29.95291762438053,29.956493444279925,29.95713506007954,29.957216174623245,29.955126116752812,29.955184563829427,29.956173050603805,29.95593008408103,29.952773738217346,29.959681286449634,0.03212098261453633
36,29.988093040224477,29.98776183361499,29.988424246833965,29.9552090317224,29.958499150749205,29.96017746174329,29.955299386110237,29.955174172240397,29.95541772766535,29.952438334054325,29.95445953282294,29.955803016855754,29.95678419813334,29.956736106075763,29.95686480061211,29.954369546574757,29.956574805514926,29.955551056464476,29.958482633736335,29.953061257291058,29.954747854608517,29.95430635808749,29.956843226573994,29.956209488785856,29.957082358176546,29.956061688944665,29.953216915173822,29.955817793262117,29.95765018734343,29.95737064120065,29.955420341282903,29.955235599413616,29.95589056112222,29.955891841078085,29.952889953400955,29.95896068627258,0.03220119914639241
37,29.988094622095044,29.987758847457194,29.988430396732895,29.95457978779711,29.95806700741132,29.96114412949273,29.955274855665508,29.955070063644005,29.95591520292982,29.95317724564567,29.953851993065047,29.956377656605607,29.95641517565388,29.956380302584925,29.957538826782546,29.954131913198932,29.956381220232707,29.955023392718772,29.958146893766205,29.95437121161371,29.955185253755285,29.95478944204916,29.956405359732344,29.956828191349135,29.956518528169198,29.95565602421313,29.952908452804948,29.955408649236585,29.957132040553287,29.95709627182358,29.955453662746805,29.956464251063736,29.955872948518152,29.95591886516079,29.95310332761447,29.958971133591,0.03217575693425445
38,29.988028746397408,29.987663640976493,29.988393851818323,29.95390253487277,29.958223328532956,29.961013517714665,29.955603541409825,29.95578359010804,29.95608024140484,29.953295071113036,29.954806285604064,29.95727713068322,29.956408056386632,29.957014888947665,29.957090507784493,29.954353901853125,29.95787277822841,29.95455485010979,29.957771940191222,29.95432767784845,29.955053791362957,29.95448292116547,29.956160353963618,29.956406574072293,29.956472215743986,29.9561559445231,29.952816327236622,29.95509265930618,29.956555816709262,29.957385638990733,29.954945343197334,29.957473745014855,29.955558598634106,29.955997992423786,29.95316341654702,29.958990630557924,0.032030753973621984
39,29.988013374425574,29.987663631651994,29.988363117199153,29.95347651694803,29.958664173893,29.960507287315473,29.956071673231587,29.956476555833856,29.955312213200408,29.95233247750977,29.955429194001674,29.95782081781564,29.956188788911156,29.956222419344122,29.956991244538997,29.954597922477898,29.95812948037573,29.955720030201054,29.95704404253882,29.954596423425127,29.955565120459735,29.95443589072782,29.956739136067092,29.955144555021192,29.95698637807546,29.95692068283859,29.95302631467456,29.955539992772824,29.956485949736464,29.95789623566949,29.955290287517723,29.95742893593683,29.956266612406925,29.95611024511557,29.952835509454243,29.95917103008418,0.0319031293100025
40,29.988059899726945,29.987693731628276,29.988426067825614,29.953466220818566,29.9586816335936,29.959899795261748,29.956949056014775,29.957275802992953,29.955691545563386,29.95325000199094,29.955543341351312,29.95789476420338,29.95672477983472,29.955822448079548,29.957364860792925,29.95483993682785,29.95820199628169,29.955001381538096,29.956971648993754,29.95496206667941,29.955156150014215,29.954567438532237,29.956718146402643,29.9553231726504,29.956482114941487,29.956666789435634,29.953810923196183,29.95587527455871,29.95552805944546,29.957385964285145,29.955947898544025,29.957946274587727,29.955830230092623,29.956192657250167,29.95340676064097,29.95901662805234,0.0318672424767783
41,29.987980524193578,29.98760062924967,29.988360419137486,29.953427792724966,29.958361134923955,29.960253084556207,29.957764413636482,29.957222369424994,29.95573363545744,29.95312646240983,29.95620053815419,29.958246951881033,29.956788402216766,29.955375676688746,29.957247991980942,29.95614132519586,29.959101407884937,29.954971294915588,29.95714666316353,29.954714210870623,29.955714644832337,29.954468615196213,29.957413519699074,29.956569023264656,29.9558076976005,29.957733337671634,29.954070041728507,29.955931956586678,29.9559124831374,29.95756788083061,29.95550600295918,29.957405713048363,29.956905351478763,29.956427654137336,29.953344926888303,29.959418118969538,0.031552870056241744
42,29.98806112761106,29.98769775644274,29.988424498779384,29.954418676642405,29.957946083080866,29.95968360386567,29.958240791343446,29.956491174318483,29.956200981382473,29.953672389211764,29.956494598570437,29.957657484201604,29.958299542668314,29.95661341678026,29.956623427088854,29.955339532878916,29.958697744127875,29.955552657336874,29.956462783629924,29.955639782416014,29.955028676283238,29.95467595437197,29.957498082794277,29.95610015335334,29.956922929958115,29.957644244104472,29.953304779047212,29.956073563701096,29.955963781572294,29.958070414179527,29.95550338701015,29.957605231599512,29.95690658589478,29.956511081780473,29.953571296416513,29.958968855555767,0.0315500458305884
43,29.988097484755237,29.987719445923208,29.988475523587265,29.95449715279518,29.957479794126982,29.95976506851942,29.959582562766556,29.956390499662,29.956222741516672,29.953825857507017,29.955868847340778,29.957303778171287,29.95785375458596,29.956775425301664,29.957258320367085,29.955753223851165,29.958426235596054,29.956068644634875,29.95603663821418,29.955580469322133,29.95478282695795,29.9544715100406,29.959047643769548,29.957014851592522,29.957174170176938,29.958424558424444,29.952827930866253,29.956405920090358,29.955339974013647,29.958323505695578,29.95587353749863,29.957134308261896,29.95668676766076,29.956606550644267,29.953551427680807,29.959632751848595,0.031490934110969704
44,29.988178147579745,29.98782552697366,29.988530768185832,29.955626157222852,29.95700804857981,29.959347988234015,29.959536945407386,29.95615108540434,29.955124649410408,29.955493683789523,29.956374545210576,29.956736028160655,29.95833717446669,29.95742076052397,29.957181018821903,29.95657617506291,29.958992131903056,29.955272203663185,29.956667100172563,29.956330589687653,29.95602707213523,29.955299813674028,29.959429179217974,29.956529429827945,29.95776899774173,29.9590472077516,29.951937392368503,29.955069545932407,29.95594043481493,29.958737130882067,29.95573145788666,29.957980192574045,29.95638495086917,29.956801969713258,29.954208203702333,29.959458814920062,0.03137617786648761
45,29.988305713215603,29.98795789446217,29.988653531969035,29.955453588429016,29.95699601341939,29.958571674380075,29.959313499799308,29.95583996091794,29.95460862465632,29.955649835355324,29.956496323665416,29.95729344511429,29.957668908854103,29.957585476072254,29.957061282754676,29.9561716486846,29.959259350784293,29.955749740468647,29.956830142909517,29.955962501553802,29.956322237336288,29.95622955067065,29.959836370082947,29.956677918302656,29.957506241470703,29.958104422334465,29.952634069878233,29.955806466278723,29.955824036484035,29.95918645023795,29.955515861975133,29.957833096997625,29.956458118374055,29.956814895274753,29.954065622092347,29.959457289127307,0.03149081794084907
46,29.98834182359602,29.987996426990843,29.988687220201196,29.955343936659453,29.95748527101946,29.958132090866922,29.959637888661778,29.957060301792517,29.953685006129902,29.955739923019646,29.95709891250659,29.957028557904184,29.958028328613764,29.95832989815916,29.957173488880315,29.956218668205292,29.95906314488636,29.95604289021588,29.956574472406572,29.95766218685442,29.957356362859997,29.95615901599669,29.960464777516428,29.956946008729993,29.957634619335938,29.95845380956335,29.95299278586183,29.956687516713732,29.956607048141098,29.960060950661802,29.95501765602475,29.957893162705805,29.95747043445271,29.95713497051155,29.953494645556184,29.960172003046825,0.0312068530844698
47,29.98838248806115,29.98801050725675,29.988754468865547,29.95570628966097,29.957159001872192,29.95652244200811,29.959401683442934,29.957302945051875,29.953481109975936,29.954818518721453,29.95633904290739,29.956445691798454,29.95713317622168,29.957568494563834,29.956417436581656,29.9569507371389,29.95809924781364,29.955661117768727,29.95658905424026,29.95730076194408,29.957431861895657,29.957181158150888,29.95997949847689,29.956829792360278,29.956912761538092,29.957967428024105,29.953185303685835,29.95687503141887,29.95586792157955,29.959807853767632,29.95517961547653,29.957567074862066,29.957310304825164,29.95683307859245,29.953399763246157,29.95985505606268,0.031549409468699
48,29.98836032626524,29.987989157666604,29.988731494863877,29.95559981768137,29.957534279010677,29.957254810648763,29.958946740275685,29.957401313187123,29.953062710198793,29.954451700849628,29.956230674478004,29.956949158398917,29.957181308992592,29.956596273937315,29.956139611309165,29.956233568318712,29.957704460521285,29.956422089801034,29.95649795131157,29.95633216707116,29.95787106923931,29.957584718027544,29.960066320135695,29.95779397584327,29.956922084064658,29.958383905296373,29.953309816874608,29.957756848894828,29.955743695284923,29.960055884632652,29.957675562603207,29.957916124818656,29.957023450157862,29.956954736395517,29.95324186253876,29.960058754395988,0.03140558986972408
49,29.988352774059095,29.987973264526826,29.988732283591364,29.955107817235525,29.956989169725343,29.957598098486535,29.958799794809966,29.957577649633276,29.954119874381746,29.953849647851808,29.95641489399328,29.957198777729694,29.95672970179456,29.95770042507592,29.956034038059308,29.95701490719261,29.95772485774435,29.956156347115247,29.95624603273401,29.955941942990055,29.957827347752968,29.957422991936472,29.960402870855734,29.957690322319667,29.95666249473712,29.957903628743317,29.952856173194935,29.958228306971467,29.955689292596162,29.959430265162506,29.957050413435798,29.957580355052656,29.956369028243394,29.95687724891852,29.953576442321168,29.959697731728145,0.031475525140574945
50,29.98848722298444,29.98812782120656,29.988846624762317,29.955655913675255,29.957495391971253,29.95794768753678,29.959556586924908,29.957957343163034,29.953462502624607,29.95447972923819,29.95600417088117,29.958050134581196,29.956746823049894,29.95871242040214,29.956325602495646,29.958011109616425,29.95716290297713,29.956696721649873,29.95680943501407,29.95583949342207,29.958317552889152,29.957223819312265,29.959798662770172,29.95835083783342,29.956444875260186,29.957245689198214,29.953224431117984,29.957599448187285,29.95517859246343,29.958705780885865,29.957195206434207,29.958672834905556,29.956635686794016,29.957050246242513,29.953397032960286,29.959623157782357,0.031436976741925804
51,29.988435134094505,29.98807195099945,29.98879831718956,29.956203334470363,29.956104477235833,29.958475585184715,29.95930654089328,29.95848367560683,29.952031365069566,29.954576055660205,29.955817468365737,29.958550284582834,29.957382574318217,29.959198376457493,29.956243861664078,29.95819441943211,29.957227980606863,29.957247987885395,29.957871542840902,29.95554850266061,29.958438303512043,29.95790467477657,29.95915396812644,29.95959631075315,29.956898681335126,29.957749561795353,29.952831593153533,29.956706460499056,29.954840312277327,29.958872886047818,29.95785910116051,29.958802812933513,29.95649086180516,29.957153652037018,29.952611530430442,29.959386227604742,0.03128148205748715
52,29.9884128216883,29.988049580163203,29.988776063213397,29.956473442372104,29.955604629399282,29.95867360330826,29.959245445590042,29.959555740426445,29.951921109212563,29.955419000965843,29.95660669394508,29.958032442028266,29.956974902600955,29.95913994533858,29.956321419194573,29.95820091665613,29.956408629476762,29.95721128029193,29.957780950412452,29.954206144371753,29.957915135084114,29.958654660112696,29.960262772615216,29.959765220755703,29.957081088355977,29.957414852726263,29.953443130152724,29.95614431055225,29.95473126765378,29.95869170974247,29.95751425262885,29.958585700563564,29.95591401864635,29.957129813839362,29.95302457439418,29.95990204751707,0.03128300784893767
53,29.98847296758641,29.988130829218235,29.988815105954586,29.956912509641,29.955069544558743,29.959132636925606,29.958499526913542,29.95982368112189,29.952346076418895,29.956366414793017,29.954926343247273,29.958167798006524,29.957966382166948,29.95856585518514,29.955132548645544,29.958552937022297,29.956167699281462,29.957895849610946,29.958021953278347,29.953772368981237,29.958456162019846,29.959676523437544,29.960053680142465,29.95983140941933,29.957215377840246,29.958352289583345,29.953827521112142,29.95723790606479,29.953480524301533,29.9583159543599,29.95744506473508,29.959531764651135,29.955740163312875,29.957216148892623,29.953168551133807,29.959892533868192,0.03125681869378738
54,29.988456318883795,29.988091581863905,29.988821055903685,29.95734939970868,29.95418207382291,29.95934428055413,29.958310682471485,29.95942134081308,29.951867444182348,29.956940568453515,29.95563565534303,29.958863437176607,29.956810652745638,29.9595258140827,29.953965534413268,29.958497773672487,29.95598376478025,29.958650406238586,29.958140431680743,29.9544190711506,29.95916857259533,29.959108717549505,29.96039219491731,29.959221777762032,29.956712117941862,29.959202384757415,29.95363585269937,29.957634483077577,29.95326542868758,29.9582461960672,29.95716340963235,29.959114988751264,29.95618179501082,29.95723187502465,29.952880982948642,29.959764068812216,0.031224443859144912
55,29.988498074492387,29.988149687346404,29.98884646163837,29.956893009652642,29.954359922139773,29.959101024459862,29.958331454461167,29.959359122201107,29.95232890475425,29.956556561912148,29.955325950484173,29.958930873416328,29.957296282484567,29.9590723514628,29.954582999706933,29.95821948198976,29.956692986940993,29.958469994811487,29.957720315473466,29.95547175659872,29.960038655200393,29.959213582550145,29.96029592647709,29.958972402675318,29.956818592922247,29.959516853117695,29.95345201781851,29.957787906650562,29.953822146288815,29.95867406926431,29.956942784422992,29.959616376779522,29.956316271566024,29.957339352622792,29.953143161725837,29.960109404801486,0.031158721869594785
56,29.98843281702484,29.988071355550186,29.988794278499494,29.95717183934932,29.95524031831615,29.95929799592579,29.957651439009204,29.958858537926172,29.952860445697006,29.957068264241958,29.95608414630613,29.958878668273332,29.957586065591137,29.959235633589948,29.954656967386423,29.958316292669878,29.95717692165359,29.958773317550193,29.957113151497445,29.955604012563224,29.96011225647304,29.95882044823568,29.960301017408007,29.95980147070317,29.956597636976888,29.96036981651181,29.953639326192096,29.95657017771126,29.953722384092945,29.958866627533293,29.95594078688721,29.959966135337638,29.95669166681153,29.95743245894738,29.953425134055948,29.960319937161554,0.031000358077459822
57,29.988496623782236,29.98811731937112,29.98887592819335,29.956634051535534,29.955280904491918,29.959523430191677,29.95739935831184,29.957935479164966,29.952503283511504,29.95671850012039,29.95663907229439,29.958559485100317,29.956983239562177,29.958938593535894,29.955367813614068,29.95915140316638,29.957247689550883,29.958631570255566,29.95809425136978,29.95606628406571,29.96031537198371,29.959300611506805,29.960748183301888,29.960269855195868,29.957147820158703,29.960029421324894,29.953278313776483,29.956557671761413,29.954159496480056,29.95872508064977,29.955807908565834,29.959545860771588,29.956398375529314,29.95746527936165,29.953065180453613,29.96043439509621,0.03103134442058675
58,29.98853037858776,29.988146669517366,29.988914087658156,29.956077909500795,29.956226705750353,29.960000172967458,29.95786874016675,29.95824498572827,29.953634876642226,29.95664072894022,29.957565396772893,29.958702806413093,29.957402252734482,29.95903824220098,29.955642710005524,29.959624187990332,29.956305941473765,29.95856753193372,29.958225079184,29.955426448088268,29.959950656741846,29.958816856521782,29.960802561610343,29.959726916022518,29.956329225174038,29.96015093769074,29.953172935080136,29.95650881357496,29.95477635605539,29.959345801702728,29.955642884668983,29.958743995158027,29.957140486261334,29.957543438091868,29.95350784271265,29.96033013426863,0.030986940495893123
59,29.98845096996059,29.988086586991308,29.98881535292987,29.955881707955026,29.955468869899473,29.958827061067666,29.957592041195586,29.957675828944616,29.953876604168737,29.957250608286024,29.957882175709106,29.958672087139675,29.958057902642715,29.959613473562936,29.955628899507374,29.959357848310052,29.956638792008622,29.959046451663003,29.959118475561095,29.955118960247436,29.960672741450264,29.958163018966275,29.961738850502808,29.960048659650088,29.956959430053107,29.96064320854428,29.95383011636554,29.956352338746267,29.95401162049555,29.958742914591657,29.95562753439927,29.959616169073488,29.95849432807013,29.95768695729259,29.953863820022857,29.960965921439712,0.030764012667997775
60,29.98849203666159,29.988144414912476,29.988839658410704,29.956779193266556,29.955798669201272,29.958287117645597,29.95882081182727,29.957757705887136,29.952917980878908,29.95648457875457,29.958141533768405,29.959522165324902,29.958529162073937,29.959620444942605,29.95565927890645,29.95978498590927,29.956445194530886,29.959589961146268,29.959250463651923,29.955465621461105,29.961671415107514,29.957811034384576,29.96227767436536,29.959044752685475,29.957074661875957,29.960144201166163,29.95508423038284,29.957323908429984,29.95408449038048,29.958548101694152,29.956130351878553,29.959348466268324,29.959192428604837,29.95788635288005,29.953763700267547,29.961838136403422,0.03060568378154116
61,29.98853049351999,29.988180979511547,29.98888000752843,29.95719299042225,29.95505297505896,29.957071922078836,29.95834653699974,29.95772295430538,29.953359082237263,29.955504383201635,29.95911136488215,29.95911226004327,29.95855504838147,29.96041967342957,29.95523690277001,29.95934967312329,29.956635890194107,29.959778776692353,29.959490075968716,29.955734017480744,29.961508022038675,29.958093332589453,29.961832425364847,29.959170960720584,29.95663470006371,29.961219638474056,29.954633964435462,29.957902495832187,29.954758918955317,29.95813665503767,29.9573389432499,29.96006077713293,29.958572817930023,29.957917939303154,29.954283371830957,29.961597232953373,0.030612554216833843
62,29.988422286679263,29.98806674331443,29.988777830044096,29.958393356712175,29.954870841696767,29.95573930944286,29.95844795402976,29.957722597314987,29.954330605359733,29.955684800790866,29.959412945887156,29.959309486419702,29.958009965532597,29.96041934080747,29.956366284627027,29.95914764694797,29.957066945832665,29.959714852214407,29.959884295234055,29.95628402062713,29.961321111782695,29.958326572114103,29.961399793306544,29.95864897800342,29.956023820413787,29.96062412308418,29.954797854210938,29.95732508029686,29.95520217397831,29.957985711863948,29.956968834883423,29.95874718614701,29.95891240897868,29.957902963284706,29.954669360776855,29.961342749201755,0.03051932339455732
63,29.98840678600956,29.98804523561997,29.988768336399147,29.957116797083216,29.953775694845486,29.95654131563738,29.958350852620438,29.95789860558804,29.95495030879483,29.956383231964768,29.95922646594902,29.95996973476221,29.95815254532887,29.960123966014592,29.9560981850868,29.959035587176835,29.95707630039412,29.959535756864884,29.959588980516838,29.956435237752114,29.960880319422987,29.95885218084426,29.96130786484306,29.957703985399597,29.955902632941047,29.96043286004286,29.953537032626663,29.957196048424958,29.954382466838556,29.957744246164385,29.95726261526496,29.958486993189556,29.95907001512601,29.95776729425031,29.95371006273531,29.960997894413506,0.030639491759249182
64,29.98846034891944,29.988082281125774,29.988838416713104,29.95686438548485,29.95329537249967,29.956266223681656,29.959318513849283,29.958312555065216,29.95513428836782,29.955911352149137,29.95905205348695,29.95879621386384,29.95825885385447,29.959866107565226,29.95546636516147,29.959904106991466,29.958022275383307,29.960122807434345,29.958514904953343,29.956369402033417,29.961188646376982,29.959022948688197,29.962090710104484,29.95859207526121,29.95580046472165,29.960049556697697,29.954649461440063,29.95779000300281,29.954189606110024,29.958444336225966,29.956892721842355,29.958098165858317,29.95896739118198,29.957841728977918,29.953943691867178,29.961436713902046,0.03061861994152082
65,29.988406434848432,29.988075335741286,29.98873753395558,29.956405707228434,29.955484971397684,29.955536649958265,29.95972645418431,29.957994323990686,29.955095659035816,29.95688123796935,29.9585164201694,29.959353944286097,29.95801123192912,29.959164689239007,29.955362037132133,29.960665717100685,29.95891286826889,29.959454969095198,29.95931653717007,29.956849159924506,29.961634381904442,29.958178687647965,29.96235420553222,29.95803246327276,29.955347982928483,29.95959362254438,29.955537226150586,29.958435727805185,29.95601610279265,29.958535307653904,29.956097338093702,29.957291975575735,29.957575671847724,29.95791210906098,29.955278593858,29.961832333402082,0.03049432578745126
66,29.988432369948313,29.988082930614762,29.988781809281864,29.956356491450727,29.955422257116005,29.956553841997284,29.95895077739593,29.95852916802647,29.95543002328536,29.956967064209252,29.959126721881095,29.960172331750037,29.958721269426352,29.9587942773275,29.956123258475962,29.961214327069488,29.960123714450297,29.959892011455352,29.959925141505245,29.95672265697832,29.96139839611694,29.958439740979557,29.96237747628915,29.957958916982815,29.95500581849575,29.959205155620136,29.956410284978805,29.957723013838994,29.956166173151185,29.957810221651805,29.956747993517954,29.958005908147516,29.95797495523629,29.95814164629358,29.955307736495435,29.961667643164297,0.030290723654733398
67,29.98834298279934,29.988001991745364,29.98868397385332,29.955807509750006,29.955005421088433,29.95539225921241,29.95842766131323,29.957552116637125,29.954898308712337,29.957315483080382,29.95835762359516,29.959658182584658,29.958676182919504,29.95987957692512,29.95736806561182,29.96069198850272,29.96020227224953,29.9599698436263,29.96059067793626,29.9561455367627,29.961395232491597,29.95922777651027,29.961382833551706,29.958521658147912,29.95455702597231,29.95909428691966,29.95679458334335,29.958567299578124,29.956128915720583,29.957581565729335,29.95759025055937,29.95740981176351,29.957175117811456,29.958045502286897,29.95480445595883,29.961386243260176,0.030297480512444963
68,29.98831895124606,29.987957534447336,29.988680368044786,29.955823674740028,29.955644707724804,29.9559485298235,29.95813902876517,29.95738968347482,29.955668102669126,29.957351068372677,29.959229771733188,29.95980870166666,29.959961364404062,29.960484318930764,29.95869729383835,29.960679424980412,29.96001106424894,29.96063945191391,29.960996634313403,29.95640548590464,29.961794910648276,29.95944911663348,29.961636041679085,29.95905116895748,29.9540311424169,29.95884954461875,29.95643498866433,29.959701048781493,29.956164931851866,29.957505666427437,29.957263904742096,29.958525824023067,29.95628445753179,29.95831903514934,29.95520097726513,29.961679730645614,0.02999991609672037
69,29.988287307658236,29.98793348945703,29.98864112585944,29.955171612337363,29.955436285791837,29.956217818557597,29.95807137772219,29.957743195762752,29.95697671124616,29.957107053355564,29.95837120458684,29.960417199079785,29.959879661053584,29.960169393773114,29.95809166001504,29.960854714032607,29.958804612621098,29.96049534386234,29.960688234776242,29.95642494319299,29.96231185481953,29.958938673923324,29.961286720849348,29.95818593636991,29.954720348686422,29.95753257439313,29.956687358339764,29.960031282847414,29.95647613557879,29.9574255123327,29.957064633535186,29.958425376421207,29.956223514464668,29.95820769814429,29.955047514833353,29.961568632691147,0.030079609513947503
70,29.98828705868639,29.987933888715016,29.98864022865776,29.95610232910515,29.956176131895106,29.95600742621219,29.957692585126704,29.95871967822819,29.95683253280389,29.956837720433693,29.9588166121667,29.95977389798181,29.95945777851938,29.959473147983807,29.957923078443176,29.960646104782985,29.959126535198422,29.96030439175099,29.959709681027288,29.957610009228823,29.962604825521638,29.958555820966964,29.959899457117146,29.957639233843935,29.95475919453405,29.95683476173969,29.957704788731814,29.95999346627813,29.956382844504322,29.95748958259406,29.956562334340422,29.959208197551124,29.955913542998413,29.958158589720327,29.955596097170712,29.961184752986114,0.030128468966061916
71,29.988262109413725,29.987900892221425,29.988623326606024,29.956202343105577,29.956537691319323,29.955867571358805,29.95699775843547,29.958605093896356,29.957551292432065,29.958244736480616,29.958299188915085,29.959881139726836,29.959163225263442,29.9598050945175,29.958122502687136,29.96044342070887,29.958176411045418,29.960027292920078,29.959044808927818,29.957612952414067,29.963467239077346,29.958437610031428,29.959585787990928,29.957959181285574,29.955319407138887,29.95628627432789,29.958111810521284,29.959370183218745,29.95657169995821,29.957649038131827,29.956242139868035,29.958278885231156,29.95476257110983,29.958087478401524,29.955166277230894,29.9612749707602,0.030174631012201303
72,29.98821535393997,29.987855975760404,29.988574732119538,29.95801010920825,29.95672795444331,29.95583678714578,29.956285328125645,29.957583904978875,29.95843999996651,29.957836375155086,29.95897701746659,29.959780696197424,29.958796505877363,29.959440624645097,29.95778886843234,29.960521002765265,29.958340080118003,29.960781175970066,29.959212235028584,29.9566931140383,29.963187560622597,29.957550835777354,29.95912128708678,29.95743101910303,29.954787656809525,29.955568326253367,29.95837552209235,29.959113976133256,29.95701863476196,29.957505284067707,29.956227098107433,29.957618124424503,29.954852280728865,29.95798031285104,29.954834509151045,29.961442931749513,0.03023504108893249
73,29.988213044067198,29.987871543699566,29.98855454443483,29.957233321015845,29.957238956909872,29.95566221643118,29.956400709371348,29.957559918707556,29.95792368534803,29.95706105781524,29.958056620096812,29.959311207802365,29.95888251760755,29.959530002572336,29.95726178123874,29.95961894661918,29.957585260442546,29.961634115469337,29.95875523273958,29.957869626661395,29.9616988867007,29.95802577892484,29.958449256912996,29.957975582016854,29.956218564656567,29.954721702706507,29.957783419097158,29.95885247825811,29.957162255806132,29.95801721285696,29.95664433334827,29.95657089715704,29.954803975954842,29.95781698404153,29.95478135081155,29.961651927557963,0.030396060025669414
74,29.988164508626504,29.987800904600128,29.98852811265288,29.957017416558642,29.95749350186652,29.955659065258004,29.957554751255266,29.957970088338914,29.958335285387378,29.957613047899727,29.957994313718803,29.95867471072439,29.959312922364365,29.95901318152685,29.958630905977316,29.959775015162535,29.95810099800498,29.960920213991823,29.959671236275106,29.95797405857345,29.961766618549433,29.957575718758502,29.95848364556324,29.957680071974373,29.95585785445568,29.95563783498843,29.957041709597785,29.95892459735595,29.95766078562215,29.958264485600303,29.955942981279875,29.957733221016074,29.9550000344656,29.95797600907037,29.955462439844652,29.961152975245167,0.030188499556132342
75,29.98808644978698,29.987708792265597,29.988464107308364,29.957309434293276,29.95720270346764,29.95503988572474,29.956443083410797,29.958449869458878,29.95808840342729,29.957502351516002,29.957718418997963,29.95773941596998,29.95965525122422,29.958736410477698,29.957999292695142,29.959008460766103,29.958792437345764,29.96059962010865,29.959334618998376,29.956865337212147,29.961182114555232,29.95741331794218,29.957346947137932,29.957180310196346,29.956258310264403,29.955751039337024,29.956960799947726,29.9587501350347,29.957447142067867,29.959220523954997,29.957285558075466,29.956849967296044,29.954801757598737,29.957764430616773,29.95497440049009,29.96075980608146,0.030322019170206715
76,29.98800146005316,29.9876488797255,29.988354040380816,29.95727451420611,29.956995192621513,29.956141307384424,29.95637629817576,29.958282020431973,29.958913484751054,29.95762641391846,29.957999763106237,29.957680727513143,29.958965159041934,29.958465456186357,29.958015534848684,29.95875878172508,29.95806354088612,29.959671691050037,29.95852331461924,29.955566593320206,29.96144122139677,29.957722955566013,29.956786547880686,29.95702450761075,29.957034547283154,29.955021012374356,29.957362749736532,29.958574918082977,29.957400014697473,29.95843754942508,29.956724471586888,29.95692738039054,29.954285478789547,29.95760210495357,29.954818740638533,29.960158311895388,0.030399355099589798
77,29.988094719952752,29.98775829334347,29.988431146562032,29.956770407027882,29.95662527082215,29.95624735431166,29.955709931708796,29.95771845605294,29.95953557487724,29.95774391432215,29.95811923635261,29.95708903825909,29.95790557113885,29.95867308876333,29.957658783822218,29.959282983244545,29.957283491597906,29.959847410333484,29.958110583945746,29.955456800017735,29.961065704350876,29.95745947818795,29.956438643695982,29.957374826708723,29.957625967211897,29.953902659206395,29.957621001151487,29.958859361065297,29.957743247572132,29.95846241379027,29.956666225284376,29.957107824504636,29.95542052105751,29.957517525679524,29.95500310904845,29.960182441188266,0.030577194273227803
78,29.988085776425578,29.987705669077393,29.988465883773763,29.95606780837068,29.956469592265748,29.955338750157413,29.95547299121923,29.957068168883342,29.959861265132396,29.95823680257946,29.95761470941466,29.956420408990876,29.957005912809993,29.957217942477328,29.956958509535124,29.95961529140619,29.95762809789736,29.960294485345074,29.95804616384583,29.956542369387407,29.960702015968593,29.957967759757782,29.95671076764326,29.957622079879705,29.95744990282412,29.954108614517676,29.957997008778808,29.95812696191335,29.957183146016607,29.957918128982918,29.95697199861044,29.957343114040427,29.953460114865084,29.95731402945056,29.953930277113212,29.96040655626654,0.03077174697501661
79,29.988029905798165,29.98767966028537,29.98838015131096,29.956525571285322,29.956814391497872,29.9560496334327,29.95512908695587,29.956881685516656,29.95959079744368,29.958945863751318,29.957745175334605,29.95757711792485,29.95719527645917,29.957181371725103,29.95596604136283,29.959524546679617,29.95698532929626,29.95980431880511,29.956955572458586,29.957115471204354,29.95958547517457,29.958546364331742,29.956625750567103,29.95766861697136,29.95790843978357,29.953586914568156,29.957975411839058,29.95818235584773,29.956743331279633,29.95778695719982,29.957488933306625,29.95810027604021,29.953876236526945,29.95733541048568,29.95379667298828,29.959649515818075,0.030694495312484804
80,29.987983188121596,29.987627341828933,29.98833903441426,29.956374500889517,29.956763309785366,29.95639979399611,29.9558566489912,29.956646522042732,29.959631940208023,29.958149891099183,29.95819969210826,29.95693344307737,29.956989237645388,29.95558882932916,29.955925320669074,29.96038075336582,29.956592996726606,29.959843933293346,29.956808766279003,29.957792839369407,29.95928029535761,29.95829505412954,29.956456593036382,29.95700018348912,29.957622639413113,29.95313221401017,29.958220424828543,29.95830172552829,29.95677568312424,29.957274687243462,29.958873792181304,29.95893471112396,29.954300312970428,29.957311557843717,29.95397908575636,29.959991558813275,0.030671630277879558
81,29.987978851348707,29.987613935703806,29.98834376699361,29.95681564513793,29.95779416638374,29.955873363461553,29.955331715179735,29.956806090646673,29.9587922272512,29.959085410712117,29.957731442799147,29.95640317802185,29.957334092593154,29.955949425278728,29.956232642620442,29.95940518471683,29.956210021568065,29.959762175888038,29.957351964403273,29.958865282112118,29.959306567253904,29.957829808234845,29.95567692174335,29.9569799934344,29.95867741012691,29.952937526680095,29.958668440722008,29.957468081887818,29.956289924391463,29.956750553285506,29.958649269595824,29.95931972161059,29.954582734776267,29.957296032750588,29.95413030254982,29.959503357288913,0.03068281859811961
82,29.988076470506154,29.98773155180323,29.98842138920908,29.95709095165633,29.958305815199466,29.956488188082016,29.95597175902958,29.957198847736755,29.95870519829626,29.95844921827046,29.958822154118323,29.956843408215985,29.957897495830736,29.95538719729998,29.956598922981716,29.960077110139125,29.955731906935533,29.959913437900802,29.957622367378583,29.958211382159387,29.95960803334983,29.958231889278977,29.95639451636962,29.95658583480866,29.959122440423016,29.953175731097012,29.958049530518863,29.95768780639405,29.956481166860126,29.95696039000629,29.95929176018471,29.958889484023725,29.95492408963175,29.957490601139252,29.954443291034696,29.95995844776634,0.03058586936690233
83,29.988057504019732,29.98769935565982,29.988415652379643,29.956456283931367,29.959094009998395,29.956675497839715,29.956336748127143,29.957110897528104,29.95898074516111,29.959490398403425,29.959057631155762,29.956711510882123,29.958051779491967,29.95637918357068,29.955905578515047,29.959553761731524,29.956263825755226,29.959058655367276,29.956996937488274,29.958375020500583,29.95906919634634,29.95860014213494,29.956149103706483,29.954938073749776,29.958389452434083,29.95232817542595,29.958154290709086,29.958155874701145,29.956019257579477,29.95652930566922,29.959945491673274,29.957608427032287,29.954121886027526,29.957350238087905,29.953628615612093,29.959661487465507,0.030707265931827266
84,29.988134129851485,29.987772747476008,29.98849551222696,29.958428677939786,29.959844941368296,29.957986976213522,29.956595978051663,29.95821462514809,29.958853676581498,29.959841018115295,29.958442598220692,29.95686194006111,29.95804417091605,29.95639310470074,29.95553925772063,29.959674716660295,29.956036866431333,29.958956936855497,29.956670098719126,29.958109940731866,29.958596513693628,29.957980422670214,29.957251212224037,29.954798090545907,29.958540722870058,29.95347856148329,29.958706941703824,29.958637195706768,29.95785789486793,29.956755956095268,29.960335247244863,29.95733861726278,29.953816565369998,29.957619648872463,29.953723614301154,29.959979775484353,0.030514480979022096
85,29.988099694049414,29.987717554928096,29.98848183317073,29.959825655294093,29.959943675766432,29.95838869491806,29.95576668137818,29.958391297389934,29.95817849983802,29.960046018237662,29.958919742855493,29.95660653427741,29.95785645705825,29.957023651830852,29.95600861101854,29.96003843328183,29.956055175023028,29.958804277459954,29.957483691172033,29.95781786223216,29.96010951277065,29.957931432643484,29.956516735694144,29.954314827480108,29.958841774332857,29.95419958923196,29.959112693894518,29.960627197273038,29.958143709977435,29.9568361167766,29.959516431071886,29.956354655293737,29.953710725296652,29.957779012025632,29.95406515164975,29.960251876008808,0.03032068202378113
86,29.988055631010933,29.987704111364984,29.988407150656883,29.959783913628737,29.95975453372273,29.95823359214788,29.95558845366958,29.958051585392532,29.9591308225858,29.95930455386327,29.958399899426283,29.956344317122742,29.957728053004207,29.95718658960349,29.956101789741698,29.959150630977515,29.956195261889444,29.958920212586328,29.957115806363092,29.957810069521887,29.959728666213024,29.957287495837118,29.95652040325735,29.954183204404295,29.95893597728643,29.95400629995182,29.960107887655116,29.960345608752867,29.957673475090576,29.956812764408035,29.96012522098059,29.956397138175042,29.954671966042405,29.95771987311006,29.954134555679865,29.960185827617966,0.03033575790087184
87,29.988031316718505,29.987695287843817,29.988367345593193,29.96001842358877,29.95981640330865,29.957438572118292,29.95481318906511,29.958129706514118,29.95892661562826,29.960391819073386,29.95806831511146,29.955923948538086,29.957792102921854,29.957190324599335,29.956522697059313,29.958682023317195,29.954327327912942,29.959049401815186,29.95856197938232,29.956922572257863,29.95923200490502,29.95771908845676,29.955431053183165,29.953803374785384,29.958146224895604,29.954455212837164,29.960360826957753,29.96011408635192,29.95746045792404,29.956724466304518,29.96054064584524,29.95592136873711,29.955080745276234,29.957585499289067,29.954183240802863,29.960432746435647,0.030445817429438193
88,29.987945768602156,29.98758049073571,29.988311046468603,29.960640960613237,29.959220573574104,29.958349496320817,29.954412067549505,29.95750866387021,29.95922815087704,29.960226502637457,29.958037485838158,29.957175894807246,29.957977926922467,29.95734882337014,29.956039713120003,29.958432529163105,29.954879386264995,29.9586801962471,29.957507165129453,29.957078355043734,29.958166654034805,29.957615679875325,29.954774105926855,29.953747445939165,29.957258273089902,29.955306067030822,29.960716952202784,29.959570411994452,29.959108033167897,29.956482593670806,29.9601804074167,29.95410497738208,29.955469070250498,29.95750815211103,29.95400665623528,29.960661858300362,0.030437616491127528
89,29.987912200135234,29.98756148445171,29.98826291581876,29.960672873981974,29.959742458722225,29.95897345618249,29.954251970290194,29.958030938896652,29.95867092537718,29.960316223276084,29.958425372209252,29.957312746908336,29.957657594958928,29.957597797277135,29.95548734909639,29.9588028310745,29.95519481452493,29.9583765830456,29.95709079125732,29.956384386710234,29.95735555715411,29.957321445762123,29.9548034809734,29.954774105223564,29.95735686242443,29.955378128263376,29.96022029678211,29.959436114758603,29.95934822909088,29.956563396239556,29.960549059287022,29.954543947480353,29.956196779387636,29.95756121722055,29.95446365375306,29.960583108328134,0.0303509829146833
90,29.987864826728487,29.987506929244436,29.988222724212537,29.960582836344813,29.960531742175494,29.958027445733325,29.954046914087556,29.958871091134277,29.958411943988867,29.959381090259253,29.95888054918674,29.95648453435464,29.95891505343203,29.956496834118596,29.954596539064738,29.95770168186118,29.954458673266394,29.95878294725895,29.958042113678033,29.955714573234435,29.956596869562265,29.95695000717523,29.95387368921644,29.954286387074003,29.957042215647306,29.954379631932746,29.95992193623715,29.95860563215423,29.959112273250977,29.95633491152085,29.959707969303125,29.95386999701053,29.955798182252067,29.957213542183876,29.953872673859813,29.960545793072058,0.030651284544610746
91,29.987761803537076,29.98740825802616,29.98811534904799,29.959481790774536,29.960439979413398,29.957907131719075,29.955551117893403,29.95820062377347,29.95841652537015,29.96011754898916,29.95862076409856,29.956569065404874,29.958652935620556,29.95717430276065,29.954534182214246,29.957717982490635,29.954749270129184,29.959202271497514,29.956969542854484,29.955981768258177,29.95664866442645,29.95655002358681,29.9532782668187,29.95442367905841,29.95709384496193,29.95523618020487,29.959666344147603,29.958925052791237,29.95965244354794,29.95599043573174,29.95938990177725,29.954180164129344,29.956179689994872,29.957250049814647,29.953932142368917,29.960206217355825,0.03051175372242909
92,29.987696743950487,29.98735431220275,29.988039175698223,29.959104306969262,29.95985346462922,29.95810855790864,29.955017166080754,29.95829372869186,29.958334290990095,29.95931412815638,29.95863696899154,29.956767766437842,29.958272183671003,29.957629760439236,29.954372287286606,29.957872741441708,29.95407141893031,29.959019035890122,29.956433530007338,29.956107922727746,29.95609574468927,29.95690024380557,29.953936671754207,29.95509953552925,29.95745376330577,29.95455488279024,29.95902287476933,29.959076346407745,29.959694028753862,29.956557739125042,29.959012517707755,29.954376209781366,29.956007586225248,29.95716658012981,29.954034363456884,29.959737873619584,0.03053016382067497
93,29.987555648533714,29.987185475865214,29.987925821202214,29.959661792766177,29.95939293427747,29.957193898888775,29.95509231691766,29.958567584705374,29.958897312123117,29.959320567975308,29.95876164161098,29.955873436350398,29.957959879303708,29.956956628690882,29.95476131124475,29.957357265460686,29.954796676737605,29.95862098033897,29.957279896421053,29.955937589011715,29.955959041688033,29.957941239558544,29.954517934371754,29.955520955556683,29.956554448894614,29.955267246267557,29.95813610314513,29.95922319500579,29.960465363361752,29.956520807694616,29.959561510115897,29.954633949280833,29.956727123283443,29.95724868770164,29.954602045180835,29.95988277467996,0.030306960832074736
94,29.987535317480713,29.987173292493676,29.98789734246775,29.958459744363275,29.959279516200745,29.95698243699819,29.955342825236343,29.959342677300594,29.959644374169258,29.959215186535413,29.958627881003437,29.95643560518896,29.957283274003796,29.959286177418406,29.954667672680348,29.957588250037844,29.954939266988372,29.95788712185939,29.957139139493176,29.956541256363725,29.95647091628769,29.956670539004627,29.954325334479872,29.955489827390785,29.95676053409781,29.955415894229905,29.957377075941356,29.958236292379116,29.960790431451333,29.956586701573038,29.959337816355266,29.953821711825075,29.957984356243262,29.957264327903353,29.954186838249804,29.95995953992183,0.030270989577360297
95,29.9874408132364,29.98706598075171,29.987815645721092,29.95835117615668,29.957888153902108,29.95706127910889,29.955722711671125,29.95934080465476,29.95933600199306,29.958727316503428,29.95893733186171,29.956283876372243,29.957315519433305,29.957638237434196,29.95501215604138,29.958227683456542,29.954855998117587,29.95777761270126,29.956546145751144,29.956183103166296,29.9581621667584,29.956630695450826,29.95459641744092,29.95513230146861,29.956775012882037,29.955950900318726,29.95676361209577,29.958181334934306,29.96136066744428,29.957340104863093,29.959031356453306,29.953471603581583,29.95804642347795,29.957221590183185,29.954287093629603,29.959896266921877,0.03021922305321567
96,29.987440991257486,29.987094012491777,29.987787970023195,29.959094345476654,29.958403926519956,29.958241041341243,29.95683907015334,29.959614670522313,29.95982471302838,29.95985348525893,29.959025324813204,29.95691560856157,29.95731744937344,29.957558587191805,29.955401523053947,29.95791595131605,29.955038149142734,29.958025275267566,29.957515134669155,29.957499766764787,29.95773354794995,29.957671091924,29.955367403584358,29.955212527327458,29.956624338647483,29.955447099965,29.95711398915913,29.957542444940117,29.961066572830436,29.958523841230907,29.958598564755036,29.95319917919603,29.95933569839211,29.957584010745233,29.95453243240739,29.960187084341094,0.029856980512253273
97,29.98738687715647,29.987026699505506,29.987747054807436,29.958863785990008,29.957736982003237,29.95861770363122,29.95601991820599,29.958680247795037,29.960169494337812,29.95986334400586,29.95822288249811,29.95699162627224,29.9586479157231,29.95735499843612,29.95446552734512,29.957568228323023,29.955443164732,29.957959662590316,29.956855192785977,29.957538987028894,29.95774732801458,29.957470554974975,29.955254924749298,29.954832823699327,29.955503383598078,29.955598392224346,29.956574020227357,29.95756548382131,29.96079539092419,29.958725768826092,29.95888150202382,29.952553637681582,29.95984301628893,29.957411529625265,29.95393975768765,29.960341615899065,0.029975347531205898
98,29.987400980808943,29.987024840312245,29.98777712130564,29.958255836199836,29.957440587218745,29.958778370416137,29.95585129724306,29.95906807842424,29.959297002748826,29.959605855343167,29.957895395327935,29.956540440968062,29.95760725319349,29.958272905451487,29.95524389159688,29.957001816520133,29.95493253775317,29.958442134896323,29.956410943230633,29.95829733361535,29.95723237574314,29.956886954232104,29.956133550640825,29.95462433682218,29.95469571794867,29.956607842942134,29.95683768834098,29.956928881461316,29.960179905647347,29.958171891121797,29.958720733846523,29.95245123264926,29.959713247868507,29.957270867980416,29.95402673317463,29.95984157875769,0.030130112828526734
99,29.987338599131423,29.986967070626736,29.98771012763611,29.957523766415378,29.95772199230992,29.958822695542427,29.956423999446756,29.95933596273274,29.959060889387573,29.95964419813809,29.95828806166901,29.95699121949105,29.95848511909863,29.959403320355317,29.954214428463455,29.95711847172402,29.9557976037288,29.958494582058236,29.95695159022067,29.958777279229956,29.957216805170376,29.95648276618483,29.956052600479914,29.95476981036794,29.955424526606883,29.95630011337443,29.95643584355737,29.956956602805562,29.96063956395866,29.957429627707835,29.958673954523086,29.953563783604306,29.959790901581226,29.957426402664478,29.95403550112719,29.96002428373502,0.029912196466945318
100,29.987298751458262,29.986916229593227,29.987681273323297,29.957546848040806,29.95812721064324,29.958131638710874,29.956323716105327,29.958129925695108,29.95805550320818,29.959946764843995,29.95848940272408,29.95636808542218,29.958115974860394,29.958625779947653,29.953603815180312,29.955293509876125,29.95592747747726,29.957989196732523,29.956884240385843,29.958392064287473,29.957871276034858,29.955967111601893,29.956504208507425,29.955668751739566,29.956725060174467,29.95700060903223,29.9561149930575,29.95667539870338,29.960257659625466,29.957519684128663,29.957953078156443,29.953019209430614,29.959176165124475,29.957213478648615,29.953443048599144,29.9600322609089,0.030085272809646568
101,29.987303811762267,29.986949930719238,29.987657692805296,29.95846641939634,29.958370966505207,29.95800209355033,29.956033485108996,29.958955639484945,29.957872932357798,29.958799326039795,29.959548398160088,29.956753321381438,29.958482533826647,29.958490133999277,29.953875264087745,29.95569449782671,29.95578812439712,29.95824662110439,29.957074471173037,29.957791023752094,29.95745937529785,29.955906579837173,29.956713786336902,29.955207587097053,29.956319152114496,29.957798468836383,29.956125317233965,29.955896482958014,29.959746660803855,29.95764169445778,29.957338124089254,29.952702828673797,29.96022629272479,29.957244253420434,29.95355284434891,29.959878559582112,0.030059558341832826
102,29.98735580472274,29.986976422893743,29.987735186551735,29.958488050134275,29.958103548627992,29.95782054932232,29.95708117238059,29.95988542463803,29.958725316688554,29.958836170274882,29.958052019925233,29.957598087969163,29.95830042629824,29.95926182545548,29.953936825679545,29.95665777039862,29.95673254186275,29.959162608981188,29.95760234660805,29.95881284962141,29.958748023764663,29.95601547028412,29.95666821729135,29.954632210410345,29.957266202619092,29.95831882056294,29.95676775366435,29.956353179064465,29.959751873265134,29.95940789788392,29.9583690471594,29.95233766204066,29.959514065802534,29.957640265289307,29.953497055678852,29.95978859989268,0.029715539433432525
103,29.98729880011729,29.986964947518974,29.987632652715607,29.95801875759899,29.95760645377725,29.957339366687453,29.957298377063374,29.959622828338095,29.95762103985236,29.959267123577327,29.956480320924566,29.958321241840615,29.957640031257917,29.95950652609154,29.95480958095306,29.95718635792582,29.95691244050718,29.957981946693533,29.95707566553936,29.958067023182878,29.959177589082927,29.957156567033994,29.956909771369446,29.95511606002181,29.95764720763607,29.958563098404944,29.957198838551914,29.956408798846255,29.958965710828245,29.95971194658426,29.958003472939218,29.952720441838792,29.959033538138794,29.957578937436267,29.954235067696636,29.95964733585579,0.029719862681023557
104,29.987206738365494,29.986865776507354,29.987547700223633,29.957709100427838,29.95732605802828,29.956454524902195,29.957064156435305,29.959721523142324,29.957559535810784,29.958354161204984,29.955823863905,29.958798660103177,29.957280756996102,29.95911271609784,29.955484613923243,29.957205281608417,29.955992834697227,29.958052162654955,29.957804721062434,29.957934110574023,29.95916257281347,29.956122633151153,29.957084587174013,29.95543806702631,29.957663351096375,29.958555028814803,29.95735326954463,29.955546418153524,29.95834527263151,29.960657885258023,29.95740833508896,29.952326059344855,29.959090560518217,29.95741442740633,29.95458226491391,29.95997902272414,0.029792310959162904
105,29.987197548712388,29.986797378372575,29.9875977190522,29.95762776207563,29.95785231969186,29.957455569901395,29.95715319358174,29.958182229121995,29.956425293261745,29.95789134142866,29.956182650950403,29.959291076124803,29.957230285672697,29.9588003879198,29.956107937369563,29.958749862945822,29.955252116968367,29.958326710314157,29.957532247999108,29.957627182060957,29.958906243698554,29.95729390854546,29.956972599126487,29.954737205187218,29.958434851828546,29.959471217972812,29.957522790823326,29.955272307120175,29.957364876057326,29.960207090743147,29.95761533211349,29.95232673717762,29.959231912969667,29.957434841358417,29.95407432648458,29.959673582984653,0.029762707353970796
106,29.987180839118906,29.98681524745477,29.98754643078304,29.95760109333598,29.957962892527448,29.95645761878283,29.957338559344134,29.95762439440008,29.956918615532523,29.958417962125385,29.95616907777136,29.95892480951774,29.956704869180697,29.958398324380916,29.95674984502235,29.957988398568226,29.9555142005039,29.95852931691729,29.957063680566414,29.958509627453864,29.959271580022225,29.95634756894405,29.956776147555114,29.95529972648937,29.95900003903581,29.959176312938247,29.95674562585503,29.955126631569087,29.95836173235006,29.960705624165033,29.956618592080364,29.952610084449383,29.95931152794161,29.957407482644214,29.95443458111117,29.95969490440305,0.029773356474692036
107,29.987130694627254,29.986779807558246,29.98748158169626,29.956862349378266,29.9577711628593,29.956043709155015,29.95836263043655,29.957631460802283,29.95632094640398,29.95777387373497,29.9560476328805,29.95904450285247,29.95610331541358,29.95843914304347,29.95757832065124,29.95795248255122,29.95589164366845,29.958717722185604,29.95639797424051,29.958769368574856,29.959471750567463,29.95719636432438,29.95677399511802,29.95531406220524,29.959124953829722,29.959299077882868,29.95725480430221,29.955830814763424,29.957625149844237,29.960509553182813,29.957018994041814,29.95227570560916,29.958839323884227,29.957408092946267,29.954478514141318,29.959757146286684,0.02972260168098728
108,29.98715825109742,29.986758072032288,29.98755843016255,29.956183669444158,29.95727098612595,29.95749531006233,29.958349855980032,29.95760783682416,29.956734744733954,29.958233126511697,29.95528648143232,29.958551751251836,29.95615730570183,29.958401498520562,29.957834439334334,29.957460132533985,29.95669410947801,29.958796018743268,29.956683814512555,29.958887120634998,29.960878121108774,29.95763185539369,29.958037177825705,29.955595177781184,29.9598200394398,29.95813671451913,29.95692697219599,29.955743711904166,29.958175341534407,29.96067304501055,29.958010727506153,29.953320872943998,29.960455457270584,29.95766778054201,29.954745939098032,29.960729440937563,0.029490470555408876
109,29.98703233510393,29.98666906052456,29.9873956096833,29.95576264748835,29.956330638334123,29.956363734761215,29.959300535883923,29.957051676027895,29.957055616823247,29.958354362228942,29.954905675967094,29.95892527035018,29.95534053034487,29.9586373910363,29.958127500831317,29.95801078069578,29.95629587710487,29.958948093196838,29.957172898358433,29.958291769682813,29.96117300095031,29.957732049655363,29.959214933333776,29.955461424464822,29.96086245422054,29.95771196176965,29.956913425250484,29.957386296359775,29.95917257457277,29.95997249339156,29.95754476476656,29.95447048523193,29.95982589708766,29.957743892005716,29.954785998514925,29.960947854571227,0.029288443098213435
110,29.987046952384794,29.98667927457343,29.98741463019616,29.95561041245936,29.956327968604462,29.956445486146706,29.959985182075798,29.95721774041797,29.95669632255295,29.95853858497095,29.954522320027074,29.95887821827963,29.95438225725921,29.958161871674008,29.956887953708875,29.95778373543746,29.956555499958572,29.958328584587065,29.956221952525798,29.95802029155692,29.96127328293022,29.958185079823373,29.95933493534605,29.955997337227565,29.960069158214733,29.958228949369065,29.956614760791084,29.95626731698428,29.95917068261326,29.95976927876561,29.957027025741652,29.954924036128777,29.959271329167,29.95755658517819,29.95448380276591,29.96040029251149,0.029490367206605583
111,29.987047086782404,29.986665485956433,29.987428687608375,29.955589170712205,29.956224528935067,29.956964103994117,29.960496437686235,29.956845094206606,29.957607167439257,29.958694264273575,29.954711418147607,29.958584707791626,29.954647203176222,29.95798029785565,29.956190707065605,29.957269763152446,29.957093182795756,29.95888987657888,29.956315685445503,29.958688026086843,29.960604703339158,29.95708302712644,29.958504604624153,29.95650062431283,29.960057201862952,29.958710375845513,29.956188353873927,29.956502209971994,29.95822655110423,29.959211543097748,29.956760475870542,29.955481427097396,29.959000131856865,29.957520762177566,29.954693759030476,29.960526210740788,0.02952632460483784
112,29.987083941911223,29.986685758413017,29.98748212540943,29.95512513402807,29.95610379936028,29.957015257313483,29.96050143020531,29.95680372595695,29.957845907924142,29.95825924357367,29.954714684542644,29.958604477146892,29.95505232322933,29.957872703392376,29.95666416490939,29.957666819104936,29.956317327572307,29.958030740106334,29.95628031237097,29.958279474966368,29.959866850146692,29.95656329027602,29.95771769962635,29.955991441590687,29.959406061943493,29.95803577878114,29.956039802196283,29.956016568224864,29.956951661807192,29.958813234526886,29.956639950926384,29.95652184966685,29.95846050719596,29.957272074087072,29.95495947259049,29.96004135966281,0.029811867824150795
113,29.987016680545604,29.986660936927205,29.987372424164004,29.95604618257347,29.956102481901556,29.957805393213846,29.960460193961104,29.956542539703854,29.95813510574532,29.957520555312367,29.954854790938377,29.95960793262988,29.955389206444817,29.95873515379897,29.95626742649291,29.957735448704334,29.956031418968887,29.958451155417023,29.95723113608795,29.957737640779886,29.959190284325185,29.95565950458536,29.95985016257204,29.9556445199151,29.95916158082431,29.957657676404203,29.956208686772868,29.956070051166456,29.957620720887245,29.95907034393834,29.957286465395985,29.956523427325585,29.958451789326723,29.957434965870466,29.955242242180546,29.96001792120403,0.029581714675138926
114,29.98702157094725,29.98665171785296,29.987391424041537,29.955747826414772,29.955023657298995,29.957530879892232,29.959975851998255,29.955957990580732,29.958135724981815,29.957129567116898,29.955240814705217,29.95925775003929,29.95484542423867,29.958578802029496,29.956061901397508,29.95716819249908,29.956470281756776,29.95791448314552,29.95737524691136,29.957396141155694,29.958268959507645,29.955567718669045,29.95964202937802,29.955860768012652,29.958895604384075,29.957453477275102,29.956015025225856,29.954989423982624,29.956860768091527,29.95800739639428,29.957011961283744,29.956291485009913,29.957426134007815,29.95707004291282,29.95494982405304,29.959733830598584,0.029951528034427355
115,29.987109948538265,29.98673419133835,29.98748570573818,29.95603419968212,29.954123474546964,29.958141777156605,29.960848494895497,29.95571105057684,29.95843330445604,29.95623796199802,29.95463316428849,29.958500317811982,29.955468447967426,29.957163562260526,29.956720233183162,29.958446170592786,29.957212491564334,29.95846854444818,29.958319965842833,29.957041441646968,29.957702737365302,29.955864883442445,29.960702993047793,29.95532920859088,29.958780913686255,29.956706217511808,29.95609596790592,29.95542099254685,29.956118732855757,29.957581377310163,29.956052446663172,29.956478987668905,29.957280634669715,29.957054023206123,29.95449299960957,29.96074300605591,0.030055925332142408
116,29.987092090723095,29.98674282268686,29.98744135875933,29.955858725479022,29.954548670164094,29.95715148641864,29.961130408082752,29.956459799751787,29.958087346913988,29.95638484492029,29.95561319148866,29.957695335292787,29.955292388460293,29.956827891795825,29.957645497266277,29.95933366007529,29.956358907227635,29.958575880024952,29.95848375921279,29.95751621949142,29.95754613506108,29.955635561177665,29.96144991835104,29.955523706427332,29.958693564520146,29.9570096071712,29.956083386579685,29.956298974743696,29.95631770812223,29.95717609444103,29.955670982390355,29.95511666292834,29.95722775977727,29.957090469125262,29.954960464918173,29.96121827340653,0.03000162159783315
117,29.987166575871996,29.98680671447603,29.98752643726796,29.95587844850581,29.954822195851932,29.956323154134523,29.96092881999169,29.956528354288615,29.958106577060388,29.95596339666075,29.95448093501752,29.95761585716656,29.955677804161546,29.956545314836973,29.95744749432626,29.959031185675908,29.95689890851114,29.958839743602343,29.958881712785516,29.95693398869768,29.956306099477267,29.95507785615328,29.96220281656936,29.95595193517258,29.959581791061353,29.95741163562904,29.95560659997096,29.9559822260358,29.95585039381613,29.956371353272733,29.95506278654212,29.95537364315076,29.956506041795063,29.956939635664057,29.95472834912247,29.96127916905055,0.030226940207938924
118,29.987212577972812,29.986824475016714,29.98760068092891,29.956570560765073,29.955110842774243,29.955204823899354,29.961040712682497,29.9549123190133,29.958683670740673,29.956503180226168,29.95532434723094,29.957714334046518,29.95492434752417,29.95646675256412,29.956835567658914,29.95989189153155,29.956468471665072,29.958667620488644,29.958197486259778,29.95669680730955,29.956753639064445,29.955497682915325,29.96242900068837,29.955551764885666,29.959392738967193,29.95794679240206,29.955615933866543,29.956158628633407,29.95568407012283,29.956925803143132,29.954789981999117,29.955710146248137,29.95679973802506,29.95694898857806,29.9548786763344,29.96142249188411,0.030263589394753154
119,29.987187272766434,29.98680918044442,29.987565365088447,29.957049511488616,29.955030444733886,29.95392580680725,29.96105016356482,29.95524081165132,29.95897357714256,29.955953548638057,29.956034509100693,29.957852718808486,29.954194745132202,29.955034296541246,29.957390782535878,29.959447125341164,29.955373747323648,29.958216491769306,29.95703819435038,29.95724163576474,29.95606558689838,29.956270879962116,29.961593770184177,29.95578555944635,29.958972016297096,29.95741516308039,29.95416136023237,29.95773857158936,29.955321849671297,29.95573704465578,29.95506649788051,29.956166386909935,29.955227626081044,29.956685680786105,29.95409658304046,29.961199655385144,0.030501591980328868
120,29.987211395013606,29.98684221141405,29.987580578613162,29.956956210404073,29.955211859808234,29.953007349609422,29.960737893444456,29.95410662489303,29.95905050178248,29.956824356172692,29.955827754252507,29.957412526443367,29.954102374401966,29.95507216971506,29.957124790920666,29.958788055725375,29.955524184362346,29.95745303748315,29.956850078839718,29.955960417974904,29.956465534580893,29.95773269410193,29.9611424548557,29.956507686951046,29.958551474629992,29.95780613683995,29.954799620035736,29.957985976940922,29.95534097760225,29.95500893401348,29.954784478531327,29.955998321945785,29.95515747445501,29.956576398390578,29.953801242584017,29.960849147832548,0.0306349966230286
