[2026-01-25T21:46:37.533639] Filtered 2642 rows with Datum_1 > study_end
[2026-01-25T21:46:45.753573] RMST conditions on survival to calendar_day — deliberate for definition, see method docs.
[2026-01-25T21:46:45.813423] High prop at exactly tau (1.00) at rel_day -60: potential IF underweighting
[2026-01-25T21:46:47.712937] High prop at exactly tau (1.00) at rel_day -59: potential IF underweighting
[2026-01-25T21:46:49.662176] High prop at exactly tau (1.00) at rel_day -58: potential IF underweighting
[2026-01-25T21:46:51.523117] High prop at exactly tau (1.00) at rel_day -57: potential IF underweighting
[2026-01-25T21:46:53.371535] High prop at exactly tau (1.00) at rel_day -56: potential IF underweighting
[2026-01-25T21:46:55.197757] High prop at exactly tau (1.00) at rel_day -55: potential IF underweighting
[2026-01-25T21:46:57.016445] High prop at exactly tau (1.00) at rel_day -54: potential IF underweighting
[2026-01-25T21:46:58.845342] High prop at exactly tau (1.00) at rel_day -53: potential IF underweighting
[2026-01-25T21:47:00.671659] High prop at exactly tau (1.00) at rel_day -52: potential IF underweighting
[2026-01-25T21:47:02.483631] High prop at exactly tau (1.00) at rel_day -51: potential IF underweighting
[2026-01-25T21:47:04.300182] High prop at exactly tau (1.00) at rel_day -50: potential IF underweighting
[2026-01-25T21:47:06.116716] High prop at exactly tau (1.00) at rel_day -49: potential IF underweighting
[2026-01-25T21:47:08.191064] High prop at exactly tau (1.00) at rel_day -48: potential IF underweighting
[2026-01-25T21:47:10.268600] High prop at exactly tau (1.00) at rel_day -47: potential IF underweighting
[2026-01-25T21:47:12.077641] High prop at exactly tau (1.00) at rel_day -46: potential IF underweighting
[2026-01-25T21:47:13.900746] High prop at exactly tau (1.00) at rel_day -45: potential IF underweighting
[2026-01-25T21:47:15.794183] High prop at exactly tau (1.00) at rel_day -44: potential IF underweighting
[2026-01-25T21:47:17.609080] High prop at exactly tau (1.00) at rel_day -43: potential IF underweighting
[2026-01-25T21:47:19.432095] High prop at exactly tau (1.00) at rel_day -42: potential IF underweighting
[2026-01-25T21:47:21.240742] High prop at exactly tau (1.00) at rel_day -41: potential IF underweighting
[2026-01-25T21:47:23.047430] High prop at exactly tau (1.00) at rel_day -40: potential IF underweighting
[2026-01-25T21:47:24.858024] High prop at exactly tau (1.00) at rel_day -39: potential IF underweighting
[2026-01-25T21:47:26.667478] High prop at exactly tau (1.00) at rel_day -38: potential IF underweighting
[2026-01-25T21:47:28.476619] High prop at exactly tau (1.00) at rel_day -37: potential IF underweighting
[2026-01-25T21:47:30.396876] High prop at exactly tau (1.00) at rel_day -36: potential IF underweighting
[2026-01-25T21:47:32.208932] High prop at exactly tau (1.00) at rel_day -35: potential IF underweighting
[2026-01-25T21:47:34.011905] High prop at exactly tau (1.00) at rel_day -34: potential IF underweighting
[2026-01-25T21:47:35.816152] High prop at exactly tau (1.00) at rel_day -33: potential IF underweighting
[2026-01-25T21:47:37.620852] High prop at exactly tau (1.00) at rel_day -32: potential IF underweighting
[2026-01-25T21:47:39.425822] High prop at exactly tau (1.00) at rel_day -31: potential IF underweighting
[2026-01-25T21:47:41.232737] High prop at exactly tau (1.00) at rel_day -30: potential IF underweighting
[2026-01-25T21:47:43.037259] High prop at exactly tau (1.00) at rel_day -29: potential IF underweighting
[2026-01-25T21:47:44.842140] High prop at exactly tau (1.00) at rel_day -28: potential IF underweighting
[2026-01-25T21:47:46.661955] High prop at exactly tau (1.00) at rel_day -27: potential IF underweighting
[2026-01-25T21:47:48.477273] High prop at exactly tau (1.00) at rel_day -26: potential IF underweighting
[2026-01-25T21:47:50.305844] High prop at exactly tau (1.00) at rel_day -25: potential IF underweighting
[2026-01-25T21:47:52.131015] High prop at exactly tau (0.33) at rel_day -24: potential IF underweighting
[2026-01-25T21:47:53.999814] High prop at exactly tau (0.33) at rel_day -23: potential IF underweighting
[2026-01-25T21:47:55.857302] High prop at exactly tau (0.33) at rel_day -22: potential IF underweighting
[2026-01-25T21:47:57.720001] High prop at exactly tau (0.33) at rel_day -21: potential IF underweighting
[2026-01-25T21:47:59.569720] High prop at exactly tau (0.33) at rel_day -20: potential IF underweighting
[2026-01-25T21:48:01.431221] High prop at exactly tau (0.33) at rel_day -19: potential IF underweighting
[2026-01-25T21:48:03.290036] High prop at exactly tau (0.33) at rel_day -18: potential IF underweighting
[2026-01-25T21:48:05.142617] High prop at exactly tau (0.33) at rel_day -17: potential IF underweighting
[2026-01-25T21:48:06.997084] High prop at exactly tau (0.33) at rel_day -16: potential IF underweighting
[2026-01-25T21:48:08.864350] High prop at exactly tau (0.33) at rel_day -15: potential IF underweighting
[2026-01-25T21:48:10.733595] High prop at exactly tau (0.33) at rel_day -14: potential IF underweighting
[2026-01-25T21:48:12.593357] High prop at exactly tau (0.33) at rel_day -13: potential IF underweighting
[2026-01-25T21:48:14.486139] High prop at exactly tau (0.33) at rel_day -12: potential IF underweighting
[2026-01-25T21:48:16.517116] High prop at exactly tau (0.33) at rel_day -11: potential IF underweighting
[2026-01-25T21:48:18.684905] High prop at exactly tau (0.33) at rel_day -10: potential IF underweighting
[2026-01-25T21:48:20.715479] High prop at exactly tau (0.33) at rel_day -9: potential IF underweighting
[2026-01-25T21:48:22.685131] High prop at exactly tau (0.33) at rel_day -8: potential IF underweighting
[2026-01-25T21:48:24.672738] High prop at exactly tau (0.33) at rel_day -7: potential IF underweighting
[2026-01-25T21:48:26.705139] High prop at exactly tau (0.33) at rel_day -6: potential IF underweighting
[2026-01-25T21:48:28.672388] High prop at exactly tau (0.33) at rel_day -5: potential IF underweighting
[2026-01-25T21:48:30.645310] High prop at exactly tau (0.33) at rel_day -4: potential IF underweighting
[2026-01-25T21:48:32.567508] High prop at exactly tau (0.33) at rel_day -3: potential IF underweighting
[2026-01-25T21:48:34.476367] High prop at exactly tau (0.33) at rel_day -2: potential IF underweighting
[2026-01-25T21:48:36.403188] High prop at exactly tau (0.33) at rel_day -1: potential IF underweighting
[2026-01-25T21:48:38.320686] High prop at exactly tau (0.33) at rel_day 0: potential IF underweighting
[2026-01-25T21:48:40.257944] High prop at exactly tau (0.33) at rel_day 1: potential IF underweighting
[2026-01-25T21:48:42.117327] KM-IF discrepancy at rel_day 1: 0.087 (n=3, median_censor=125.0, prop_censored=0.00)
[2026-01-25T21:48:42.175608] High prop at exactly tau (0.33) at rel_day 2: potential IF underweighting
[2026-01-25T21:48:44.085351] High prop at exactly tau (0.33) at rel_day 3: potential IF underweighting
[2026-01-25T21:48:46.001171] High prop at exactly tau (0.33) at rel_day 4: potential IF underweighting
[2026-01-25T21:48:47.913305] High prop at exactly tau (1.00) at rel_day 5: potential IF underweighting
[2026-01-25T21:48:49.756803] High prop at exactly tau (1.00) at rel_day 6: potential IF underweighting
[2026-01-25T21:48:51.600466] High prop at exactly tau (1.00) at rel_day 7: potential IF underweighting
[2026-01-25T21:48:53.448638] High prop at exactly tau (1.00) at rel_day 8: potential IF underweighting
[2026-01-25T21:48:55.294636] High prop at exactly tau (1.00) at rel_day 9: potential IF underweighting
[2026-01-25T21:48:57.137135] High prop at exactly tau (1.00) at rel_day 10: potential IF underweighting
[2026-01-25T21:48:58.978193] High prop at exactly tau (1.00) at rel_day 11: potential IF underweighting
[2026-01-25T21:49:00.833678] High prop at exactly tau (1.00) at rel_day 12: potential IF underweighting
[2026-01-25T21:49:02.685254] High prop at exactly tau (1.00) at rel_day 13: potential IF underweighting
[2026-01-25T21:49:04.526507] High prop at exactly tau (1.00) at rel_day 14: potential IF underweighting
[2026-01-25T21:49:06.372470] High prop at exactly tau (1.00) at rel_day 15: potential IF underweighting
[2026-01-25T21:49:08.221097] High prop at exactly tau (1.00) at rel_day 16: potential IF underweighting
[2026-01-25T21:49:10.069586] High prop at exactly tau (1.00) at rel_day 17: potential IF underweighting
[2026-01-25T21:49:11.923650] High prop at exactly tau (1.00) at rel_day 18: potential IF underweighting
[2026-01-25T21:49:13.766250] High prop at exactly tau (1.00) at rel_day 19: potential IF underweighting
[2026-01-25T21:49:15.615720] High prop at exactly tau (1.00) at rel_day 20: potential IF underweighting
[2026-01-25T21:49:17.464469] High prop at exactly tau (1.00) at rel_day 21: potential IF underweighting
[2026-01-25T21:49:19.352956] High prop at exactly tau (1.00) at rel_day 22: potential IF underweighting
[2026-01-25T21:49:21.220499] High prop at exactly tau (1.00) at rel_day 23: potential IF underweighting
[2026-01-25T21:49:23.076533] High prop at exactly tau (1.00) at rel_day 24: potential IF underweighting
[2026-01-25T21:49:24.946195] High prop at exactly tau (1.00) at rel_day 25: potential IF underweighting
[2026-01-25T21:49:26.823371] High prop at exactly tau (1.00) at rel_day 26: potential IF underweighting
[2026-01-25T21:49:28.751057] High prop at exactly tau (1.00) at rel_day 27: potential IF underweighting
[2026-01-25T21:49:30.910004] High prop at exactly tau (1.00) at rel_day 28: potential IF underweighting
[2026-01-25T21:49:33.038319] High prop at exactly tau (1.00) at rel_day 29: potential IF underweighting
[2026-01-25T21:49:35.065069] High prop at exactly tau (1.00) at rel_day 30: potential IF underweighting
[2026-01-25T21:49:36.944755] High prop at exactly tau (1.00) at rel_day 31: potential IF underweighting
[2026-01-25T21:49:38.788150] High prop at exactly tau (1.00) at rel_day 32: potential IF underweighting
[2026-01-25T21:49:40.627002] High prop at exactly tau (1.00) at rel_day 33: potential IF underweighting
[2026-01-25T21:49:42.479219] High prop at exactly tau (1.00) at rel_day 34: potential IF underweighting
[2026-01-25T21:49:44.329017] High prop at exactly tau (1.00) at rel_day 35: potential IF underweighting
[2026-01-25T21:49:46.191131] High prop at exactly tau (1.00) at rel_day 36: potential IF underweighting
[2026-01-25T21:49:48.025395] High prop at exactly tau (1.00) at rel_day 37: potential IF underweighting
[2026-01-25T21:49:49.870474] High prop at exactly tau (1.00) at rel_day 38: potential IF underweighting
[2026-01-25T21:49:51.708254] High prop at exactly tau (1.00) at rel_day 39: potential IF underweighting
[2026-01-25T21:49:53.547812] High prop at exactly tau (1.00) at rel_day 40: potential IF underweighting
[2026-01-25T21:49:55.385384] High prop at exactly tau (1.00) at rel_day 41: potential IF underweighting
[2026-01-25T21:49:57.234493] High prop at exactly tau (1.00) at rel_day 42: potential IF underweighting
[2026-01-25T21:49:59.077236] High prop at exactly tau (1.00) at rel_day 43: potential IF underweighting
[2026-01-25T21:50:00.940316] High prop at exactly tau (1.00) at rel_day 44: potential IF underweighting
[2026-01-25T21:50:02.787621] High prop at exactly tau (1.00) at rel_day 45: potential IF underweighting
[2026-01-25T21:50:04.630856] High prop at exactly tau (1.00) at rel_day 46: potential IF underweighting
[2026-01-25T21:50:06.471116] High prop at exactly tau (1.00) at rel_day 47: potential IF underweighting
[2026-01-25T21:50:08.322692] High prop at exactly tau (1.00) at rel_day 48: potential IF underweighting
[2026-01-25T21:50:10.172505] High prop at exactly tau (1.00) at rel_day 49: potential IF underweighting
[2026-01-25T21:50:12.010646] High prop at exactly tau (1.00) at rel_day 50: potential IF underweighting
[2026-01-25T21:50:13.865285] High prop at exactly tau (1.00) at rel_day 51: potential IF underweighting
[2026-01-25T21:50:15.707665] High prop at exactly tau (1.00) at rel_day 52: potential IF underweighting
[2026-01-25T21:50:17.549242] High prop at exactly tau (1.00) at rel_day 53: potential IF underweighting
[2026-01-25T21:50:19.389797] High prop at exactly tau (1.00) at rel_day 54: potential IF underweighting
[2026-01-25T21:50:21.228787] High prop at exactly tau (1.00) at rel_day 55: potential IF underweighting
[2026-01-25T21:50:23.078168] High prop at exactly tau (1.00) at rel_day 56: potential IF underweighting
[2026-01-25T21:50:24.915801] High prop at exactly tau (1.00) at rel_day 57: potential IF underweighting
[2026-01-25T21:50:26.761340] High prop at exactly tau (1.00) at rel_day 58: potential IF underweighting
[2026-01-25T21:50:28.609816] High prop at exactly tau (1.00) at rel_day 59: potential IF underweighting
[2026-01-25T21:50:30.476951] High prop at exactly tau (1.00) at rel_day 60: potential IF underweighting
[2026-01-25T21:50:32.318722] High prop at exactly tau (1.00) at rel_day 61: potential IF underweighting
[2026-01-25T21:50:34.163735] High prop at exactly tau (1.00) at rel_day 62: potential IF underweighting
[2026-01-25T21:50:36.006133] High prop at exactly tau (1.00) at rel_day 63: potential IF underweighting
[2026-01-25T21:50:37.855654] High prop at exactly tau (1.00) at rel_day 64: potential IF underweighting
[2026-01-25T21:50:39.701103] High prop at exactly tau (1.00) at rel_day 65: potential IF underweighting
[2026-01-25T21:50:41.543451] High prop at exactly tau (1.00) at rel_day 66: potential IF underweighting
[2026-01-25T21:50:43.421380] High prop at exactly tau (1.00) at rel_day 67: potential IF underweighting
[2026-01-25T21:50:45.265168] High prop at exactly tau (1.00) at rel_day 68: potential IF underweighting
[2026-01-25T21:50:47.114717] High prop at exactly tau (1.00) at rel_day 69: potential IF underweighting
[2026-01-25T21:50:48.959836] High prop at exactly tau (1.00) at rel_day 70: potential IF underweighting
[2026-01-25T21:50:50.806336] High prop at exactly tau (1.00) at rel_day 71: potential IF underweighting
[2026-01-25T21:50:52.646949] High prop at exactly tau (1.00) at rel_day 72: potential IF underweighting
[2026-01-25T21:50:54.487827] High prop at exactly tau (1.00) at rel_day 73: potential IF underweighting
[2026-01-25T21:50:56.327946] High prop at exactly tau (1.00) at rel_day 74: potential IF underweighting
[2026-01-25T21:50:58.170340] High prop at exactly tau (1.00) at rel_day 75: potential IF underweighting
[2026-01-25T21:51:00.014533] High prop at exactly tau (1.00) at rel_day 76: potential IF underweighting
[2026-01-25T21:51:01.863768] High prop at exactly tau (1.00) at rel_day 77: potential IF underweighting
[2026-01-25T21:51:03.701473] High prop at exactly tau (1.00) at rel_day 78: potential IF underweighting
[2026-01-25T21:51:05.542553] High prop at exactly tau (1.00) at rel_day 79: potential IF underweighting
[2026-01-25T21:51:07.387196] High prop at exactly tau (1.00) at rel_day 80: potential IF underweighting
[2026-01-25T21:51:09.232684] High prop at exactly tau (1.00) at rel_day 81: potential IF underweighting
[2026-01-25T21:51:11.073010] High prop at exactly tau (1.00) at rel_day 82: potential IF underweighting
[2026-01-25T21:51:12.920326] High prop at exactly tau (1.00) at rel_day 83: potential IF underweighting
[2026-01-25T21:51:14.766089] High prop at exactly tau (1.00) at rel_day 84: potential IF underweighting
[2026-01-25T21:51:16.618332] High prop at exactly tau (1.00) at rel_day 85: potential IF underweighting
[2026-01-25T21:51:18.451670] High prop at exactly tau (1.00) at rel_day 86: potential IF underweighting
[2026-01-25T21:51:20.295660] High prop at exactly tau (1.00) at rel_day 87: potential IF underweighting
[2026-01-25T21:51:22.133759] High prop at exactly tau (1.00) at rel_day 88: potential IF underweighting
[2026-01-25T21:51:23.978155] High prop at exactly tau (1.00) at rel_day 89: potential IF underweighting
[2026-01-25T21:51:25.821445] High prop at exactly tau (1.00) at rel_day 90: potential IF underweighting
[2026-01-25T21:51:27.665524] High prop at exactly tau (1.00) at rel_day 91: potential IF underweighting
[2026-01-25T21:51:29.521078] High prop at exactly tau (1.00) at rel_day 92: potential IF underweighting
[2026-01-25T21:51:31.362953] High prop at exactly tau (1.00) at rel_day 93: potential IF underweighting
[2026-01-25T21:51:33.205266] High prop at exactly tau (1.00) at rel_day 94: potential IF underweighting
[2026-01-25T21:51:35.056281] High prop at exactly tau (1.00) at rel_day 95: potential IF underweighting
[2026-01-25T21:51:36.905653] High prop at exactly tau (1.00) at rel_day 96: potential IF underweighting
[2026-01-25T21:51:38.860751] High prop at exactly tau (1.00) at rel_day 97: potential IF underweighting
[2026-01-25T21:51:40.711853] High prop at exactly tau (1.00) at rel_day 98: potential IF underweighting
[2026-01-25T21:51:42.568381] High prop at exactly tau (1.00) at rel_day 99: potential IF underweighting
[2026-01-25T21:51:44.415095] High prop at exactly tau (1.00) at rel_day 100: potential IF underweighting
[2026-01-25T21:51:46.262837] High prop at exactly tau (1.00) at rel_day 101: potential IF underweighting
[2026-01-25T21:51:49.976051] Heavy censoring at rel_day 102: suppressed CI (prop=1.00)
[2026-01-25T21:51:51.956030] Heavy censoring at rel_day 103: suppressed CI (prop=1.00)
[2026-01-25T21:51:53.938702] Heavy censoring at rel_day 104: suppressed CI (prop=1.00)
[2026-01-25T21:51:55.919053] Heavy censoring at rel_day 105: suppressed CI (prop=1.00)
[2026-01-25T21:51:57.897128] Heavy censoring at rel_day 106: suppressed CI (prop=1.00)
[2026-01-25T21:51:59.874494] Heavy censoring at rel_day 107: suppressed CI (prop=1.00)
[2026-01-25T21:52:01.855085] Heavy censoring at rel_day 108: suppressed CI (prop=1.00)
[2026-01-25T21:52:03.832394] Heavy censoring at rel_day 109: suppressed CI (prop=1.00)
[2026-01-25T21:52:05.814195] Heavy censoring at rel_day 110: suppressed CI (prop=1.00)
[2026-01-25T21:52:07.797776] Heavy censoring at rel_day 111: suppressed CI (prop=1.00)
[2026-01-25T21:52:09.782667] Heavy censoring at rel_day 112: suppressed CI (prop=1.00)
[2026-01-25T21:52:11.761960] Heavy censoring at rel_day 113: suppressed CI (prop=1.00)
[2026-01-25T21:52:13.749375] Heavy censoring at rel_day 114: suppressed CI (prop=1.00)
[2026-01-25T21:52:15.737259] Heavy censoring at rel_day 115: suppressed CI (prop=1.00)
[2026-01-25T21:52:17.714155] Heavy censoring at rel_day 116: suppressed CI (prop=1.00)
[2026-01-25T21:52:19.699951] Heavy censoring at rel_day 117: suppressed CI (prop=1.00)
[2026-01-25T21:52:21.679272] Heavy censoring at rel_day 118: suppressed CI (prop=1.00)
[2026-01-25T21:52:23.657184] Heavy censoring at rel_day 119: suppressed CI (prop=1.00)
[2026-01-25T21:52:25.646665] Heavy censoring at rel_day 120: suppressed CI (prop=1.00)
[2026-01-25T21:52:29.418963] Placebo simulation restricted to never-vaccinated — conservative lower bound, see method docs.
[2026-01-25T21:52:29.449134] RMST conditions on survival to calendar_day — deliberate for definition, see method docs.
[2026-01-25T21:52:29.452980] High prop at exactly tau (1.00) at rel_day -60: potential IF underweighting
[2026-01-25T21:52:32.218598] High prop at exactly tau (1.00) at rel_day -59: potential IF underweighting
[2026-01-25T21:52:34.113070] High prop at exactly tau (1.00) at rel_day -58: potential IF underweighting
[2026-01-25T21:52:36.005814] High prop at exactly tau (1.00) at rel_day -57: potential IF underweighting
[2026-01-25T21:52:37.891331] High prop at exactly tau (1.00) at rel_day -56: potential IF underweighting
[2026-01-25T21:52:39.783561] High prop at exactly tau (1.00) at rel_day -55: potential IF underweighting
[2026-01-25T21:52:41.682796] High prop at exactly tau (1.00) at rel_day -54: potential IF underweighting
[2026-01-25T21:52:43.597329] High prop at exactly tau (1.00) at rel_day -53: potential IF underweighting
[2026-01-25T21:52:45.500679] High prop at exactly tau (1.00) at rel_day -52: potential IF underweighting
[2026-01-25T21:52:47.383770] High prop at exactly tau (1.00) at rel_day -51: potential IF underweighting
[2026-01-25T21:52:49.269532] High prop at exactly tau (1.00) at rel_day -50: potential IF underweighting
[2026-01-25T21:52:51.156065] High prop at exactly tau (1.00) at rel_day -49: potential IF underweighting
[2026-01-25T21:52:53.037666] High prop at exactly tau (1.00) at rel_day -48: potential IF underweighting
[2026-01-25T21:52:54.912730] High prop at exactly tau (1.00) at rel_day -47: potential IF underweighting
[2026-01-25T21:52:56.794361] High prop at exactly tau (1.00) at rel_day -46: potential IF underweighting
[2026-01-25T21:52:58.676976] High prop at exactly tau (1.00) at rel_day -45: potential IF underweighting
[2026-01-25T21:53:00.564022] High prop at exactly tau (1.00) at rel_day -44: potential IF underweighting
[2026-01-25T21:53:02.548620] High prop at exactly tau (1.00) at rel_day -43: potential IF underweighting
[2026-01-25T21:53:04.426104] High prop at exactly tau (1.00) at rel_day -42: potential IF underweighting
[2026-01-25T21:53:06.315423] High prop at exactly tau (1.00) at rel_day -41: potential IF underweighting
[2026-01-25T21:53:08.204102] High prop at exactly tau (1.00) at rel_day -40: potential IF underweighting
[2026-01-25T21:53:10.088270] High prop at exactly tau (1.00) at rel_day -39: potential IF underweighting
[2026-01-25T21:53:11.971195] High prop at exactly tau (1.00) at rel_day -38: potential IF underweighting
[2026-01-25T21:53:13.847841] High prop at exactly tau (1.00) at rel_day -37: potential IF underweighting
[2026-01-25T21:53:15.736173] High prop at exactly tau (1.00) at rel_day -36: potential IF underweighting
[2026-01-25T21:53:17.609942] High prop at exactly tau (1.00) at rel_day -35: potential IF underweighting
[2026-01-25T21:53:19.491585] High prop at exactly tau (1.00) at rel_day -34: potential IF underweighting
[2026-01-25T21:53:21.387097] High prop at exactly tau (1.00) at rel_day -33: potential IF underweighting
[2026-01-25T21:53:23.261913] High prop at exactly tau (1.00) at rel_day -32: potential IF underweighting
[2026-01-25T21:53:25.137096] High prop at exactly tau (1.00) at rel_day -31: potential IF underweighting
[2026-01-25T21:53:27.033946] High prop at exactly tau (1.00) at rel_day -30: potential IF underweighting
[2026-01-25T21:53:28.919690] High prop at exactly tau (1.00) at rel_day -29: potential IF underweighting
[2026-01-25T21:53:31.010814] High prop at exactly tau (1.00) at rel_day -28: potential IF underweighting
[2026-01-25T21:53:32.910693] High prop at exactly tau (1.00) at rel_day -27: potential IF underweighting
[2026-01-25T21:53:34.778851] High prop at exactly tau (1.00) at rel_day -26: potential IF underweighting
[2026-01-25T21:53:36.656187] High prop at exactly tau (1.00) at rel_day -25: potential IF underweighting
[2026-01-25T21:53:38.557063] High prop at exactly tau (0.33) at rel_day -24: potential IF underweighting
[2026-01-25T21:53:40.497694] High prop at exactly tau (0.33) at rel_day -23: potential IF underweighting
[2026-01-25T21:53:42.392951] High prop at exactly tau (0.33) at rel_day -22: potential IF underweighting
[2026-01-25T21:53:44.321003] High prop at exactly tau (0.33) at rel_day -21: potential IF underweighting
[2026-01-25T21:53:46.244307] High prop at exactly tau (0.33) at rel_day -20: potential IF underweighting
[2026-01-25T21:53:48.165994] High prop at exactly tau (0.33) at rel_day -19: potential IF underweighting
[2026-01-25T21:53:50.071893] High prop at exactly tau (0.33) at rel_day -18: potential IF underweighting
[2026-01-25T21:53:52.003081] High prop at exactly tau (0.33) at rel_day -17: potential IF underweighting
[2026-01-25T21:53:53.928498] High prop at exactly tau (0.33) at rel_day -16: potential IF underweighting
[2026-01-25T21:53:55.857579] High prop at exactly tau (0.33) at rel_day -15: potential IF underweighting
[2026-01-25T21:53:57.764929] High prop at exactly tau (0.33) at rel_day -14: potential IF underweighting
[2026-01-25T21:53:59.699260] High prop at exactly tau (0.33) at rel_day -13: potential IF underweighting
[2026-01-25T21:54:01.631583] High prop at exactly tau (0.33) at rel_day -12: potential IF underweighting
[2026-01-25T21:54:03.553092] High prop at exactly tau (0.33) at rel_day -11: potential IF underweighting
[2026-01-25T21:54:05.449089] High prop at exactly tau (0.33) at rel_day -10: potential IF underweighting
[2026-01-25T21:54:07.380371] High prop at exactly tau (0.33) at rel_day -9: potential IF underweighting
[2026-01-25T21:54:09.312727] High prop at exactly tau (0.33) at rel_day -8: potential IF underweighting
[2026-01-25T21:54:11.224422] High prop at exactly tau (0.33) at rel_day -7: potential IF underweighting
[2026-01-25T21:54:13.117821] High prop at exactly tau (0.33) at rel_day -6: potential IF underweighting
[2026-01-25T21:54:15.053567] High prop at exactly tau (0.33) at rel_day -5: potential IF underweighting
[2026-01-25T21:54:16.987971] High prop at exactly tau (0.33) at rel_day -4: potential IF underweighting
[2026-01-25T21:54:18.911839] High prop at exactly tau (0.33) at rel_day -3: potential IF underweighting
[2026-01-25T21:54:20.813180] High prop at exactly tau (0.33) at rel_day -2: potential IF underweighting
[2026-01-25T21:54:22.744571] High prop at exactly tau (0.33) at rel_day -1: potential IF underweighting
[2026-01-25T21:54:24.664790] High prop at exactly tau (0.60) at rel_day 0: potential IF underweighting
[2026-01-25T21:54:26.562112] High prop at exactly tau (0.60) at rel_day 1: potential IF underweighting
[2026-01-25T21:54:28.427284] High prop at exactly tau (0.60) at rel_day 2: potential IF underweighting
[2026-01-25T21:54:30.341709] High prop at exactly tau (0.60) at rel_day 3: potential IF underweighting
[2026-01-25T21:54:32.230367] High prop at exactly tau (0.60) at rel_day 4: potential IF underweighting
[2026-01-25T21:54:34.121545] High prop at exactly tau (1.00) at rel_day 5: potential IF underweighting
[2026-01-25T21:54:36.009623] High prop at exactly tau (1.00) at rel_day 6: potential IF underweighting
[2026-01-25T21:54:37.889894] High prop at exactly tau (1.00) at rel_day 7: potential IF underweighting
[2026-01-25T21:54:39.756688] High prop at exactly tau (1.00) at rel_day 8: potential IF underweighting
[2026-01-25T21:54:41.640313] High prop at exactly tau (1.00) at rel_day 9: potential IF underweighting
[2026-01-25T21:54:43.528453] High prop at exactly tau (1.00) at rel_day 10: potential IF underweighting
[2026-01-25T21:54:45.384106] High prop at exactly tau (1.00) at rel_day 11: potential IF underweighting
[2026-01-25T21:54:47.265263] High prop at exactly tau (1.00) at rel_day 12: potential IF underweighting
[2026-01-25T21:54:49.141492] High prop at exactly tau (1.00) at rel_day 13: potential IF underweighting
[2026-01-25T21:54:51.017236] High prop at exactly tau (1.00) at rel_day 14: potential IF underweighting
[2026-01-25T21:54:52.889981] High prop at exactly tau (1.00) at rel_day 15: potential IF underweighting
[2026-01-25T21:54:54.764845] High prop at exactly tau (1.00) at rel_day 16: potential IF underweighting
[2026-01-25T21:54:56.642452] High prop at exactly tau (1.00) at rel_day 17: potential IF underweighting
[2026-01-25T21:54:58.514634] High prop at exactly tau (1.00) at rel_day 18: potential IF underweighting
[2026-01-25T21:55:00.391801] High prop at exactly tau (1.00) at rel_day 19: potential IF underweighting
[2026-01-25T21:55:02.245679] High prop at exactly tau (1.00) at rel_day 20: potential IF underweighting
[2026-01-25T21:55:04.120624] High prop at exactly tau (1.00) at rel_day 21: potential IF underweighting
[2026-01-25T21:55:05.991770] High prop at exactly tau (1.00) at rel_day 22: potential IF underweighting
[2026-01-25T21:55:07.891633] High prop at exactly tau (1.00) at rel_day 23: potential IF underweighting
[2026-01-25T21:55:09.766687] High prop at exactly tau (1.00) at rel_day 24: potential IF underweighting
[2026-01-25T21:55:11.643722] High prop at exactly tau (1.00) at rel_day 25: potential IF underweighting
[2026-01-25T21:55:13.519363] High prop at exactly tau (1.00) at rel_day 26: potential IF underweighting
[2026-01-25T21:55:15.390463] High prop at exactly tau (1.00) at rel_day 27: potential IF underweighting
[2026-01-25T21:55:17.269939] High prop at exactly tau (1.00) at rel_day 28: potential IF underweighting
[2026-01-25T21:55:19.146416] High prop at exactly tau (1.00) at rel_day 29: potential IF underweighting
[2026-01-25T21:55:21.029991] High prop at exactly tau (1.00) at rel_day 30: potential IF underweighting
[2026-01-25T21:55:22.904705] High prop at exactly tau (1.00) at rel_day 31: potential IF underweighting
[2026-01-25T21:55:24.753331] High prop at exactly tau (1.00) at rel_day 32: potential IF underweighting
[2026-01-25T21:55:26.634752] High prop at exactly tau (1.00) at rel_day 33: potential IF underweighting
[2026-01-25T21:55:28.518064] High prop at exactly tau (1.00) at rel_day 34: potential IF underweighting
[2026-01-25T21:55:30.391705] High prop at exactly tau (1.00) at rel_day 35: potential IF underweighting
[2026-01-25T21:55:32.273315] High prop at exactly tau (1.00) at rel_day 36: potential IF underweighting
[2026-01-25T21:55:34.147285] High prop at exactly tau (1.00) at rel_day 37: potential IF underweighting
[2026-01-25T21:55:36.008297] High prop at exactly tau (1.00) at rel_day 38: potential IF underweighting
[2026-01-25T21:55:37.879502] High prop at exactly tau (1.00) at rel_day 39: potential IF underweighting
[2026-01-25T21:55:39.756056] High prop at exactly tau (1.00) at rel_day 40: potential IF underweighting
[2026-01-25T21:55:41.607892] High prop at exactly tau (1.00) at rel_day 41: potential IF underweighting
[2026-01-25T21:55:43.489279] High prop at exactly tau (1.00) at rel_day 42: potential IF underweighting
[2026-01-25T21:55:45.361024] High prop at exactly tau (1.00) at rel_day 43: potential IF underweighting
[2026-01-25T21:55:47.220857] High prop at exactly tau (1.00) at rel_day 44: potential IF underweighting
[2026-01-25T21:55:49.092036] High prop at exactly tau (1.00) at rel_day 45: potential IF underweighting
[2026-01-25T21:55:50.974074] High prop at exactly tau (1.00) at rel_day 46: potential IF underweighting
[2026-01-25T21:55:52.828509] High prop at exactly tau (1.00) at rel_day 47: potential IF underweighting
[2026-01-25T21:55:54.694486] High prop at exactly tau (1.00) at rel_day 48: potential IF underweighting
[2026-01-25T21:55:56.568373] High prop at exactly tau (1.00) at rel_day 49: potential IF underweighting
[2026-01-25T21:55:58.438885] High prop at exactly tau (1.00) at rel_day 50: potential IF underweighting
[2026-01-25T21:56:00.313630] High prop at exactly tau (1.00) at rel_day 51: potential IF underweighting
[2026-01-25T21:56:02.194742] High prop at exactly tau (1.00) at rel_day 52: potential IF underweighting
[2026-01-25T21:56:04.067227] High prop at exactly tau (1.00) at rel_day 53: potential IF underweighting
[2026-01-25T21:56:05.940809] High prop at exactly tau (1.00) at rel_day 54: potential IF underweighting
[2026-01-25T21:56:07.817571] High prop at exactly tau (1.00) at rel_day 55: potential IF underweighting
[2026-01-25T21:56:09.687310] High prop at exactly tau (1.00) at rel_day 56: potential IF underweighting
[2026-01-25T21:56:11.561254] High prop at exactly tau (1.00) at rel_day 57: potential IF underweighting
[2026-01-25T21:56:13.432159] High prop at exactly tau (1.00) at rel_day 58: potential IF underweighting
[2026-01-25T21:56:15.280425] High prop at exactly tau (1.00) at rel_day 59: potential IF underweighting
[2026-01-25T21:56:17.150650] High prop at exactly tau (1.00) at rel_day 60: potential IF underweighting
[2026-01-25T21:56:19.022855] High prop at exactly tau (1.00) at rel_day 61: potential IF underweighting
[2026-01-25T21:56:20.904689] High prop at exactly tau (1.00) at rel_day 62: potential IF underweighting
[2026-01-25T21:56:22.776174] High prop at exactly tau (1.00) at rel_day 63: potential IF underweighting
[2026-01-25T21:56:24.652177] High prop at exactly tau (1.00) at rel_day 64: potential IF underweighting
[2026-01-25T21:56:26.511371] High prop at exactly tau (1.00) at rel_day 65: potential IF underweighting
[2026-01-25T21:56:28.391584] High prop at exactly tau (1.00) at rel_day 66: potential IF underweighting
[2026-01-25T21:56:30.290936] High prop at exactly tau (1.00) at rel_day 67: potential IF underweighting
[2026-01-25T21:56:32.217364] High prop at exactly tau (1.00) at rel_day 68: potential IF underweighting
[2026-01-25T21:56:34.109429] High prop at exactly tau (1.00) at rel_day 69: potential IF underweighting
[2026-01-25T21:56:36.008322] High prop at exactly tau (1.00) at rel_day 70: potential IF underweighting
[2026-01-25T21:56:37.925956] High prop at exactly tau (1.00) at rel_day 71: potential IF underweighting
[2026-01-25T21:56:39.847324] High prop at exactly tau (1.00) at rel_day 72: potential IF underweighting
[2026-01-25T21:56:41.750703] High prop at exactly tau (1.00) at rel_day 73: potential IF underweighting
[2026-01-25T21:56:43.634624] High prop at exactly tau (1.00) at rel_day 74: potential IF underweighting
[2026-01-25T21:56:45.515587] High prop at exactly tau (1.00) at rel_day 75: potential IF underweighting
[2026-01-25T21:56:47.398356] High prop at exactly tau (1.00) at rel_day 76: potential IF underweighting
[2026-01-25T21:56:49.495199] High prop at exactly tau (1.00) at rel_day 77: potential IF underweighting
[2026-01-25T21:56:51.395026] High prop at exactly tau (1.00) at rel_day 78: potential IF underweighting
[2026-01-25T21:56:53.362061] High prop at exactly tau (1.00) at rel_day 79: potential IF underweighting
[2026-01-25T21:56:55.221554] High prop at exactly tau (1.00) at rel_day 80: potential IF underweighting
[2026-01-25T21:56:57.101300] High prop at exactly tau (1.00) at rel_day 81: potential IF underweighting
[2026-01-25T21:56:58.980601] High prop at exactly tau (1.00) at rel_day 82: potential IF underweighting
[2026-01-25T21:57:00.840916] High prop at exactly tau (1.00) at rel_day 83: potential IF underweighting
[2026-01-25T21:57:02.721279] High prop at exactly tau (1.00) at rel_day 84: potential IF underweighting
[2026-01-25T21:57:04.590943] High prop at exactly tau (1.00) at rel_day 85: potential IF underweighting
[2026-01-25T21:57:06.475648] High prop at exactly tau (1.00) at rel_day 86: potential IF underweighting
[2026-01-25T21:57:08.358505] High prop at exactly tau (1.00) at rel_day 87: potential IF underweighting
[2026-01-25T21:57:10.238404] High prop at exactly tau (1.00) at rel_day 88: potential IF underweighting
[2026-01-25T21:57:12.116274] High prop at exactly tau (1.00) at rel_day 89: potential IF underweighting
[2026-01-25T21:57:13.998182] High prop at exactly tau (1.00) at rel_day 90: potential IF underweighting
[2026-01-25T21:57:15.886953] High prop at exactly tau (1.00) at rel_day 91: potential IF underweighting
[2026-01-25T21:57:17.741018] High prop at exactly tau (1.00) at rel_day 92: potential IF underweighting
[2026-01-25T21:57:19.613669] High prop at exactly tau (1.00) at rel_day 93: potential IF underweighting
[2026-01-25T21:57:21.499437] High prop at exactly tau (1.00) at rel_day 94: potential IF underweighting
[2026-01-25T21:57:23.342915] High prop at exactly tau (1.00) at rel_day 95: potential IF underweighting
[2026-01-25T21:57:25.216008] High prop at exactly tau (1.00) at rel_day 96: potential IF underweighting
[2026-01-25T21:57:27.103632] High prop at exactly tau (1.00) at rel_day 97: potential IF underweighting
[2026-01-25T21:57:28.960978] High prop at exactly tau (1.00) at rel_day 98: potential IF underweighting
[2026-01-25T21:57:30.853181] High prop at exactly tau (1.00) at rel_day 99: potential IF underweighting
[2026-01-25T21:57:32.731025] High prop at exactly tau (1.00) at rel_day 100: potential IF underweighting
[2026-01-25T21:57:34.580201] High prop at exactly tau (1.00) at rel_day 101: potential IF underweighting
[2026-01-25T21:57:36.474636] High prop at exactly tau (0.67) at rel_day 102: potential IF underweighting
[2026-01-25T21:57:38.354093] High prop at exactly tau (0.67) at rel_day 103: potential IF underweighting
[2026-01-25T21:57:40.218777] High prop at exactly tau (0.67) at rel_day 104: potential IF underweighting
[2026-01-25T21:57:42.107078] High prop at exactly tau (0.67) at rel_day 105: potential IF underweighting
[2026-01-25T21:57:43.999003] High prop at exactly tau (0.67) at rel_day 106: potential IF underweighting
[2026-01-25T21:57:45.867156] High prop at exactly tau (0.67) at rel_day 107: potential IF underweighting
[2026-01-25T21:57:47.772771] High prop at exactly tau (0.67) at rel_day 108: potential IF underweighting
[2026-01-25T21:57:49.672398] High prop at exactly tau (0.67) at rel_day 109: potential IF underweighting
[2026-01-25T21:57:51.558114] High prop at exactly tau (0.67) at rel_day 110: potential IF underweighting
[2026-01-25T21:57:53.440914] High prop at exactly tau (0.67) at rel_day 111: potential IF underweighting
[2026-01-25T21:57:55.330852] High prop at exactly tau (0.67) at rel_day 112: potential IF underweighting
[2026-01-25T21:57:57.209001] High prop at exactly tau (0.67) at rel_day 113: potential IF underweighting
[2026-01-25T21:57:59.084401] High prop at exactly tau (0.67) at rel_day 114: potential IF underweighting
[2026-01-25T21:58:00.965187] High prop at exactly tau (0.67) at rel_day 115: potential IF underweighting
[2026-01-25T21:58:02.859645] High prop at exactly tau (0.67) at rel_day 116: potential IF underweighting
[2026-01-25T21:58:04.751056] High prop at exactly tau (0.67) at rel_day 117: potential IF underweighting
[2026-01-25T21:58:06.649913] High prop at exactly tau (0.67) at rel_day 118: potential IF underweighting
[2026-01-25T21:58:08.530219] High prop at exactly tau (0.67) at rel_day 119: potential IF underweighting
[2026-01-25T21:58:10.388933] High prop at exactly tau (0.67) at rel_day 120: potential IF underweighting
[2026-01-25T21:59:13.486892] Filtered 2642 rows with Datum_1 > study_end
[2026-01-25T22:54:52.917801] Placebo simulation restricted to never-vaccinated — conservative lower bound, see method docs.
[2026-01-25T22:55:33.663617] Placebo simulation restricted to never-vaccinated — conservative lower bound, see method docs.
[2026-01-25T22:57:08.223246] Filtered 2642 rows with Datum_1 > study_end
[2026-01-26T00:08:29.931925] Placebo simulation restricted to never-vaccinated — conservative lower bound, see method docs.
[2026-01-28T22:50:41.380646] Placebo simulation restricted to never-vaccinated — conservative lower bound, see method docs.
[2026-01-28T22:54:18.958724] RMST conditions on survival to calendar_day — deliberate for definition, see method docs.
[2026-01-28T22:54:25.257545] High prop at exactly tau (1.00) at rel_day -60: potential IF underweighting
[2026-01-28T22:59:37.285566] High prop at exactly tau (1.00) at rel_day -59: potential IF underweighting
[2026-01-28T23:04:48.565769] High prop at exactly tau (1.00) at rel_day -58: potential IF underweighting
[2026-01-28T23:10:00.931649] High prop at exactly tau (1.00) at rel_day -57: potential IF underweighting
[2026-01-28T23:15:15.569211] High prop at exactly tau (1.00) at rel_day -56: potential IF underweighting
[2026-01-28T23:20:33.191539] High prop at exactly tau (1.00) at rel_day -55: potential IF underweighting
[2026-01-28T23:25:47.765304] High prop at exactly tau (1.00) at rel_day -54: potential IF underweighting
[2026-01-28T23:31:02.610978] High prop at exactly tau (1.00) at rel_day -53: potential IF underweighting
[2026-01-28T23:36:17.611460] High prop at exactly tau (1.00) at rel_day -52: potential IF underweighting
[2026-01-28T23:41:32.925164] High prop at exactly tau (1.00) at rel_day -51: potential IF underweighting
[2026-01-28T23:46:48.579019] High prop at exactly tau (1.00) at rel_day -50: potential IF underweighting
[2026-01-28T23:52:04.781025] High prop at exactly tau (1.00) at rel_day -49: potential IF underweighting
[2026-01-28T23:57:17.695736] High prop at exactly tau (1.00) at rel_day -48: potential IF underweighting
[2026-01-29T00:02:32.822615] High prop at exactly tau (1.00) at rel_day -47: potential IF underweighting
[2026-01-29T00:07:46.933636] High prop at exactly tau (1.00) at rel_day -46: potential IF underweighting
[2026-01-29T00:13:03.395110] High prop at exactly tau (1.00) at rel_day -45: potential IF underweighting
[2026-01-29T00:18:18.983677] High prop at exactly tau (1.00) at rel_day -44: potential IF underweighting
[2026-01-29T00:23:31.409961] High prop at exactly tau (1.00) at rel_day -43: potential IF underweighting
[2026-01-29T00:28:41.414560] High prop at exactly tau (1.00) at rel_day -42: potential IF underweighting
[2026-01-29T00:33:55.773594] High prop at exactly tau (1.00) at rel_day -41: potential IF underweighting
[2026-01-29T00:39:07.157334] High prop at exactly tau (1.00) at rel_day -40: potential IF underweighting
[2026-01-29T00:44:20.980186] High prop at exactly tau (1.00) at rel_day -39: potential IF underweighting
[2026-01-29T00:49:36.529389] High prop at exactly tau (1.00) at rel_day -38: potential IF underweighting
[2026-01-29T00:54:46.924626] High prop at exactly tau (1.00) at rel_day -37: potential IF underweighting
[2026-01-29T00:59:53.506906] High prop at exactly tau (1.00) at rel_day -36: potential IF underweighting
[2026-01-29T01:05:08.527027] High prop at exactly tau (1.00) at rel_day -35: potential IF underweighting
[2026-01-29T01:10:18.895118] High prop at exactly tau (1.00) at rel_day -34: potential IF underweighting
[2026-01-29T01:15:25.579262] High prop at exactly tau (1.00) at rel_day -33: potential IF underweighting
[2026-01-29T01:20:42.567882] High prop at exactly tau (1.00) at rel_day -32: potential IF underweighting
[2026-01-29T01:25:54.206329] High prop at exactly tau (1.00) at rel_day -31: potential IF underweighting
[2026-01-29T01:31:09.026049] High prop at exactly tau (1.00) at rel_day -30: potential IF underweighting
[2026-01-29T01:36:26.371239] High prop at exactly tau (1.00) at rel_day -29: potential IF underweighting
[2026-01-29T01:41:42.427787] High prop at exactly tau (1.00) at rel_day -28: potential IF underweighting
[2026-01-29T01:46:57.449410] High prop at exactly tau (1.00) at rel_day -27: potential IF underweighting
[2026-01-29T01:52:06.692433] High prop at exactly tau (1.00) at rel_day -26: potential IF underweighting
[2026-01-29T01:57:23.115689] High prop at exactly tau (1.00) at rel_day -25: potential IF underweighting
[2026-01-29T02:02:39.070861] High prop at exactly tau (1.00) at rel_day -24: potential IF underweighting
[2026-01-29T02:07:53.334157] High prop at exactly tau (1.00) at rel_day -23: potential IF underweighting
[2026-01-29T02:13:08.469164] High prop at exactly tau (1.00) at rel_day -22: potential IF underweighting
[2026-01-29T02:18:23.613494] High prop at exactly tau (1.00) at rel_day -21: potential IF underweighting
[2026-01-29T02:23:39.317427] High prop at exactly tau (1.00) at rel_day -20: potential IF underweighting
[2026-01-29T02:28:53.792418] High prop at exactly tau (1.00) at rel_day -19: potential IF underweighting
[2026-01-29T02:34:09.282996] High prop at exactly tau (1.00) at rel_day -18: potential IF underweighting
[2026-01-29T02:39:22.548563] High prop at exactly tau (1.00) at rel_day -17: potential IF underweighting
[2026-01-29T02:44:29.997289] High prop at exactly tau (1.00) at rel_day -16: potential IF underweighting
[2026-01-29T02:49:45.383605] High prop at exactly tau (1.00) at rel_day -15: potential IF underweighting
[2026-01-29T02:54:56.380862] High prop at exactly tau (1.00) at rel_day -14: potential IF underweighting
[2026-01-29T03:00:08.944635] High prop at exactly tau (1.00) at rel_day -13: potential IF underweighting
[2026-01-29T03:05:24.119240] High prop at exactly tau (1.00) at rel_day -12: potential IF underweighting
[2026-01-29T03:10:35.605261] High prop at exactly tau (1.00) at rel_day -11: potential IF underweighting
[2026-01-29T03:15:49.455510] High prop at exactly tau (1.00) at rel_day -10: potential IF underweighting
[2026-01-29T03:21:04.875799] High prop at exactly tau (1.00) at rel_day -9: potential IF underweighting
[2026-01-29T03:26:16.200083] High prop at exactly tau (1.00) at rel_day -8: potential IF underweighting
[2026-01-29T03:31:26.897246] High prop at exactly tau (1.00) at rel_day -7: potential IF underweighting
[2026-01-29T03:36:42.902284] High prop at exactly tau (1.00) at rel_day -6: potential IF underweighting
[2026-01-29T03:41:58.556449] High prop at exactly tau (1.00) at rel_day -5: potential IF underweighting
[2026-01-29T03:47:13.570928] High prop at exactly tau (1.00) at rel_day -4: potential IF underweighting
[2026-01-29T03:52:27.025104] High prop at exactly tau (1.00) at rel_day -3: potential IF underweighting
[2026-01-29T03:57:34.128903] High prop at exactly tau (1.00) at rel_day -2: potential IF underweighting
[2026-01-29T04:02:45.758562] High prop at exactly tau (1.00) at rel_day -1: potential IF underweighting
[2026-01-29T04:08:01.024714] High prop at exactly tau (1.00) at rel_day 0: potential IF underweighting
[2026-01-29T04:13:15.398153] High prop at exactly tau (1.00) at rel_day 1: potential IF underweighting
[2026-01-29T04:18:27.122065] High prop at exactly tau (1.00) at rel_day 2: potential IF underweighting
[2026-01-29T04:23:40.273208] High prop at exactly tau (1.00) at rel_day 3: potential IF underweighting
[2026-01-29T04:28:55.442314] High prop at exactly tau (1.00) at rel_day 4: potential IF underweighting
[2026-01-29T04:34:10.782895] High prop at exactly tau (1.00) at rel_day 5: potential IF underweighting
[2026-01-29T04:39:23.960770] High prop at exactly tau (1.00) at rel_day 6: potential IF underweighting
[2026-01-29T04:44:39.936200] High prop at exactly tau (1.00) at rel_day 7: potential IF underweighting
[2026-01-29T04:49:54.862562] High prop at exactly tau (1.00) at rel_day 8: potential IF underweighting
[2026-01-29T04:55:05.646047] High prop at exactly tau (1.00) at rel_day 9: potential IF underweighting
[2026-01-29T05:00:21.381904] High prop at exactly tau (1.00) at rel_day 10: potential IF underweighting
[2026-01-29T05:05:36.849087] High prop at exactly tau (1.00) at rel_day 11: potential IF underweighting
[2026-01-29T05:10:47.801967] High prop at exactly tau (1.00) at rel_day 12: potential IF underweighting
[2026-01-29T05:16:03.382345] High prop at exactly tau (1.00) at rel_day 13: potential IF underweighting
[2026-01-29T05:21:18.696494] High prop at exactly tau (1.00) at rel_day 14: potential IF underweighting
[2026-01-29T05:26:30.062217] High prop at exactly tau (1.00) at rel_day 15: potential IF underweighting
[2026-01-29T05:31:44.553368] High prop at exactly tau (1.00) at rel_day 16: potential IF underweighting
[2026-01-29T05:37:00.420726] High prop at exactly tau (1.00) at rel_day 17: potential IF underweighting
[2026-01-29T05:42:11.712826] High prop at exactly tau (1.00) at rel_day 18: potential IF underweighting
[2026-01-29T05:47:26.860007] High prop at exactly tau (1.00) at rel_day 19: potential IF underweighting
[2026-01-29T05:52:41.599290] High prop at exactly tau (1.00) at rel_day 20: potential IF underweighting
[2026-01-29T05:57:58.493764] High prop at exactly tau (1.00) at rel_day 21: potential IF underweighting
[2026-01-29T06:03:13.412051] High prop at exactly tau (1.00) at rel_day 22: potential IF underweighting
[2026-01-29T06:08:28.843613] High prop at exactly tau (1.00) at rel_day 23: potential IF underweighting
[2026-01-29T06:13:44.224943] High prop at exactly tau (1.00) at rel_day 24: potential IF underweighting
[2026-01-29T06:18:59.370485] High prop at exactly tau (1.00) at rel_day 25: potential IF underweighting
[2026-01-29T06:24:13.947431] High prop at exactly tau (1.00) at rel_day 26: potential IF underweighting
[2026-01-29T06:29:29.283646] High prop at exactly tau (1.00) at rel_day 27: potential IF underweighting
[2026-01-29T06:34:44.884614] High prop at exactly tau (1.00) at rel_day 28: potential IF underweighting
[2026-01-29T06:39:58.212854] High prop at exactly tau (1.00) at rel_day 29: potential IF underweighting
[2026-01-29T06:45:13.499281] High prop at exactly tau (1.00) at rel_day 30: potential IF underweighting
[2026-01-29T06:50:29.073134] High prop at exactly tau (1.00) at rel_day 31: potential IF underweighting
[2026-01-29T06:55:41.560549] High prop at exactly tau (1.00) at rel_day 32: potential IF underweighting
[2026-01-29T07:00:57.830643] High prop at exactly tau (1.00) at rel_day 33: potential IF underweighting
[2026-01-29T07:06:13.215160] High prop at exactly tau (1.00) at rel_day 34: potential IF underweighting
[2026-01-29T07:11:24.790288] High prop at exactly tau (1.00) at rel_day 35: potential IF underweighting
[2026-01-29T07:16:41.546318] High prop at exactly tau (1.00) at rel_day 36: potential IF underweighting
[2026-01-29T07:21:55.802244] High prop at exactly tau (1.00) at rel_day 37: potential IF underweighting
[2026-01-29T07:27:05.817209] High prop at exactly tau (1.00) at rel_day 38: potential IF underweighting
[2026-01-29T07:32:20.391989] High prop at exactly tau (1.00) at rel_day 39: potential IF underweighting
[2026-01-29T07:37:35.496374] High prop at exactly tau (1.00) at rel_day 40: potential IF underweighting
[2026-01-29T07:42:46.072660] High prop at exactly tau (1.00) at rel_day 41: potential IF underweighting
[2026-01-29T07:48:00.434663] High prop at exactly tau (1.00) at rel_day 42: potential IF underweighting
[2026-01-29T07:53:15.697179] High prop at exactly tau (1.00) at rel_day 43: potential IF underweighting
[2026-01-29T07:58:30.773726] High prop at exactly tau (1.00) at rel_day 44: potential IF underweighting
[2026-01-29T08:03:45.686612] High prop at exactly tau (1.00) at rel_day 45: potential IF underweighting
[2026-01-29T08:09:00.068836] High prop at exactly tau (1.00) at rel_day 46: potential IF underweighting
[2026-01-29T08:14:15.663528] High prop at exactly tau (1.00) at rel_day 47: potential IF underweighting
[2026-01-29T08:19:30.852982] High prop at exactly tau (1.00) at rel_day 48: potential IF underweighting
[2026-01-29T08:24:44.595461] High prop at exactly tau (1.00) at rel_day 49: potential IF underweighting
[2026-01-29T08:30:00.066946] High prop at exactly tau (1.00) at rel_day 50: potential IF underweighting
[2026-01-29T08:35:15.054433] High prop at exactly tau (1.00) at rel_day 51: potential IF underweighting
[2026-01-29T08:40:28.801537] High prop at exactly tau (1.00) at rel_day 52: potential IF underweighting
[2026-01-29T08:45:43.275094] High prop at exactly tau (1.00) at rel_day 53: potential IF underweighting
[2026-01-29T08:50:57.238652] High prop at exactly tau (1.00) at rel_day 54: potential IF underweighting
[2026-01-29T08:56:09.746578] High prop at exactly tau (1.00) at rel_day 55: potential IF underweighting
[2026-01-29T09:01:24.519453] High prop at exactly tau (1.00) at rel_day 56: potential IF underweighting
[2026-01-29T09:06:38.967886] High prop at exactly tau (1.00) at rel_day 57: potential IF underweighting
[2026-01-29T09:11:49.819435] High prop at exactly tau (1.00) at rel_day 58: potential IF underweighting
[2026-01-29T09:17:04.310025] High prop at exactly tau (1.00) at rel_day 59: potential IF underweighting
[2026-01-29T09:22:18.523894] High prop at exactly tau (1.00) at rel_day 60: potential IF underweighting
[2026-01-29T09:27:29.140150] High prop at exactly tau (1.00) at rel_day 61: potential IF underweighting
[2026-01-29T09:32:43.891784] High prop at exactly tau (1.00) at rel_day 62: potential IF underweighting
[2026-01-29T09:37:59.859663] High prop at exactly tau (1.00) at rel_day 63: potential IF underweighting
[2026-01-29T09:43:10.205158] High prop at exactly tau (1.00) at rel_day 64: potential IF underweighting
[2026-01-29T09:48:22.732346] High prop at exactly tau (1.00) at rel_day 65: potential IF underweighting
[2026-01-29T09:53:36.900655] High prop at exactly tau (1.00) at rel_day 66: potential IF underweighting
[2026-01-29T09:58:49.300544] High prop at exactly tau (1.00) at rel_day 67: potential IF underweighting
[2026-01-29T10:04:02.981721] High prop at exactly tau (1.00) at rel_day 68: potential IF underweighting
[2026-01-29T10:09:17.193270] High prop at exactly tau (1.00) at rel_day 69: potential IF underweighting
[2026-01-29T10:14:29.853957] High prop at exactly tau (1.00) at rel_day 70: potential IF underweighting
[2026-01-29T10:19:43.099215] High prop at exactly tau (1.00) at rel_day 71: potential IF underweighting
[2026-01-29T10:24:55.958775] High prop at exactly tau (1.00) at rel_day 72: potential IF underweighting
[2026-01-29T10:30:08.562551] High prop at exactly tau (1.00) at rel_day 73: potential IF underweighting
[2026-01-29T10:35:22.091221] High prop at exactly tau (1.00) at rel_day 74: potential IF underweighting
[2026-01-29T10:40:34.146132] High prop at exactly tau (1.00) at rel_day 75: potential IF underweighting
[2026-01-29T10:45:46.877844] High prop at exactly tau (1.00) at rel_day 76: potential IF underweighting
[2026-01-29T10:51:00.777089] High prop at exactly tau (1.00) at rel_day 77: potential IF underweighting
[2026-01-29T10:56:13.004346] High prop at exactly tau (1.00) at rel_day 78: potential IF underweighting
[2026-01-29T11:01:27.812887] High prop at exactly tau (1.00) at rel_day 79: potential IF underweighting
[2026-01-29T11:06:42.140850] High prop at exactly tau (1.00) at rel_day 80: potential IF underweighting
[2026-01-29T11:11:52.772997] High prop at exactly tau (1.00) at rel_day 81: potential IF underweighting
[2026-01-29T11:17:06.680670] High prop at exactly tau (1.00) at rel_day 82: potential IF underweighting
[2026-01-29T11:22:21.103880] High prop at exactly tau (1.00) at rel_day 83: potential IF underweighting
[2026-01-29T11:27:30.532280] High prop at exactly tau (1.00) at rel_day 84: potential IF underweighting
[2026-01-29T11:32:44.329232] High prop at exactly tau (1.00) at rel_day 85: potential IF underweighting
[2026-01-29T11:37:58.370896] High prop at exactly tau (1.00) at rel_day 86: potential IF underweighting
[2026-01-29T11:43:07.230042] High prop at exactly tau (1.00) at rel_day 87: potential IF underweighting
[2026-01-29T11:48:19.591763] High prop at exactly tau (1.00) at rel_day 88: potential IF underweighting
[2026-01-29T11:53:33.554767] High prop at exactly tau (1.00) at rel_day 89: potential IF underweighting
[2026-01-29T11:58:41.239870] High prop at exactly tau (1.00) at rel_day 90: potential IF underweighting
[2026-01-29T12:03:53.443442] High prop at exactly tau (1.00) at rel_day 91: potential IF underweighting
[2026-01-29T12:09:07.801827] High prop at exactly tau (1.00) at rel_day 92: potential IF underweighting
[2026-01-29T12:14:20.488911] High prop at exactly tau (1.00) at rel_day 93: potential IF underweighting
[2026-01-29T12:19:34.143307] High prop at exactly tau (1.00) at rel_day 94: potential IF underweighting
[2026-01-29T12:24:48.866629] High prop at exactly tau (1.00) at rel_day 95: potential IF underweighting
[2026-01-29T12:30:01.528215] High prop at exactly tau (1.00) at rel_day 96: potential IF underweighting
[2026-01-29T12:35:14.573076] High prop at exactly tau (1.00) at rel_day 97: potential IF underweighting
[2026-01-29T12:40:28.445367] High prop at exactly tau (1.00) at rel_day 98: potential IF underweighting
[2026-01-29T12:45:40.612007] High prop at exactly tau (1.00) at rel_day 99: potential IF underweighting
[2026-01-29T12:50:53.759639] High prop at exactly tau (1.00) at rel_day 100: potential IF underweighting
[2026-01-29T12:56:06.491709] High prop at exactly tau (1.00) at rel_day 101: potential IF underweighting
[2026-01-29T13:01:20.270607] High prop at exactly tau (1.00) at rel_day 102: potential IF underweighting
[2026-01-29T13:06:33.687895] High prop at exactly tau (1.00) at rel_day 103: potential IF underweighting
[2026-01-29T13:11:46.771550] High prop at exactly tau (1.00) at rel_day 104: potential IF underweighting
[2026-01-29T13:16:58.345438] High prop at exactly tau (1.00) at rel_day 105: potential IF underweighting
[2026-01-29T13:22:11.665541] High prop at exactly tau (1.00) at rel_day 106: potential IF underweighting
[2026-01-29T13:27:21.745828] High prop at exactly tau (1.00) at rel_day 107: potential IF underweighting
[2026-01-29T13:32:34.110020] High prop at exactly tau (1.00) at rel_day 108: potential IF underweighting
[2026-01-29T13:37:48.034974] High prop at exactly tau (1.00) at rel_day 109: potential IF underweighting
[2026-01-29T13:42:58.712876] High prop at exactly tau (1.00) at rel_day 110: potential IF underweighting
[2026-01-29T13:48:11.106608] High prop at exactly tau (1.00) at rel_day 111: potential IF underweighting
[2026-01-29T13:53:24.379063] High prop at exactly tau (1.00) at rel_day 112: potential IF underweighting
[2026-01-29T13:58:33.261353] High prop at exactly tau (1.00) at rel_day 113: potential IF underweighting
[2026-01-29T14:03:45.599826] High prop at exactly tau (1.00) at rel_day 114: potential IF underweighting
[2026-01-29T14:08:58.326871] High prop at exactly tau (1.00) at rel_day 115: potential IF underweighting
[2026-01-29T14:14:06.627077] High prop at exactly tau (1.00) at rel_day 116: potential IF underweighting
[2026-01-29T14:19:19.389586] High prop at exactly tau (1.00) at rel_day 117: potential IF underweighting
[2026-01-29T14:24:33.388360] High prop at exactly tau (1.00) at rel_day 118: potential IF underweighting
[2026-01-29T14:29:45.280669] High prop at exactly tau (1.00) at rel_day 119: potential IF underweighting
[2026-01-29T14:34:58.353175] High prop at exactly tau (1.00) at rel_day 120: potential IF underweighting
[2026-01-29T15:36:49.549288] Placebo simulation restricted to never-vaccinated — conservative lower bound, see method docs.
[2026-01-29T15:37:29.644272] Placebo simulation restricted to never-vaccinated — conservative lower bound, see method docs.
[2026-01-29T15:38:07.006576] Placebo simulation restricted to never-vaccinated — conservative lower bound, see method docs.
[2026-01-29T15:38:44.508775] Placebo simulation restricted to never-vaccinated — conservative lower bound, see method docs.
[2026-01-29T15:39:21.817322] Placebo simulation restricted to never-vaccinated — conservative lower bound, see method docs.
[2026-01-29T15:39:59.363739] Placebo simulation restricted to never-vaccinated — conservative lower bound, see method docs.
[2026-01-29T15:40:36.536706] Placebo simulation restricted to never-vaccinated — conservative lower bound, see method docs.
[2026-01-29T15:41:13.826672] Placebo simulation restricted to never-vaccinated — conservative lower bound, see method docs.
[2026-01-29T15:41:51.210458] Placebo simulation restricted to never-vaccinated — conservative lower bound, see method docs.
[2026-01-29T15:42:28.709881] Placebo simulation restricted to never-vaccinated — conservative lower bound, see method docs.
[2026-01-29T15:43:05.971241] Placebo simulation restricted to never-vaccinated — conservative lower bound, see method docs.
[2026-01-29T15:43:43.257983] Placebo simulation restricted to never-vaccinated — conservative lower bound, see method docs.
[2026-01-29T15:44:20.405771] Placebo simulation restricted to never-vaccinated — conservative lower bound, see method docs.
[2026-01-29T15:44:57.646389] Placebo simulation restricted to never-vaccinated — conservative lower bound, see method docs.
[2026-01-29T15:45:35.045551] Placebo simulation restricted to never-vaccinated — conservative lower bound, see method docs.
[2026-01-29T15:46:12.429260] Placebo simulation restricted to never-vaccinated — conservative lower bound, see method docs.
[2026-01-29T15:46:49.664541] Placebo simulation restricted to never-vaccinated — conservative lower bound, see method docs.
[2026-01-29T15:47:27.104036] Placebo simulation restricted to never-vaccinated — conservative lower bound, see method docs.
[2026-01-29T15:48:04.396533] Placebo simulation restricted to never-vaccinated — conservative lower bound, see method docs.
[2026-01-29T15:48:41.757325] Placebo simulation restricted to never-vaccinated — conservative lower bound, see method docs.
[2026-01-29T15:49:19.079920] Placebo simulation restricted to never-vaccinated — conservative lower bound, see method docs.
[2026-01-29T15:49:56.477466] Placebo simulation restricted to never-vaccinated — conservative lower bound, see method docs.
[2026-01-29T15:50:33.781068] Placebo simulation restricted to never-vaccinated — conservative lower bound, see method docs.
[2026-01-29T15:51:11.219610] Placebo simulation restricted to never-vaccinated — conservative lower bound, see method docs.
[2026-01-29T15:51:48.610902] Placebo simulation restricted to never-vaccinated — conservative lower bound, see method docs.
[2026-01-29T15:52:26.154056] Placebo simulation restricted to never-vaccinated — conservative lower bound, see method docs.
[2026-01-29T15:53:03.528865] Placebo simulation restricted to never-vaccinated — conservative lower bound, see method docs.
[2026-01-29T15:53:40.895402] Placebo simulation restricted to never-vaccinated — conservative lower bound, see method docs.
[2026-01-29T15:54:18.165007] Placebo simulation restricted to never-vaccinated — conservative lower bound, see method docs.
[2026-01-29T15:54:55.901427] Placebo simulation restricted to never-vaccinated — conservative lower bound, see method docs.
[2026-01-29T15:56:39.729045] RMST conditions on survival to calendar_day — deliberate for definition, see method docs.
[2026-01-29T15:56:39.967515] High prop at exactly tau (1.00) at rel_day -60: potential IF underweighting
[2026-01-29T15:56:53.513701] High prop at exactly tau (1.00) at rel_day -59: potential IF underweighting
[2026-01-29T15:57:06.541089] High prop at exactly tau (1.00) at rel_day -58: potential IF underweighting
[2026-01-29T15:57:19.533074] High prop at exactly tau (1.00) at rel_day -57: potential IF underweighting
[2026-01-29T15:57:32.564542] High prop at exactly tau (1.00) at rel_day -56: potential IF underweighting
[2026-01-29T15:57:45.684307] High prop at exactly tau (1.00) at rel_day -55: potential IF underweighting
[2026-01-29T15:57:58.924058] High prop at exactly tau (1.00) at rel_day -54: potential IF underweighting
[2026-01-29T15:58:11.966040] High prop at exactly tau (1.00) at rel_day -53: potential IF underweighting
[2026-01-29T15:58:24.991709] High prop at exactly tau (1.00) at rel_day -52: potential IF underweighting
[2026-01-29T15:58:37.990507] High prop at exactly tau (1.00) at rel_day -51: potential IF underweighting
[2026-01-29T15:58:51.003029] High prop at exactly tau (1.00) at rel_day -50: potential IF underweighting
[2026-01-29T15:59:03.998538] High prop at exactly tau (1.00) at rel_day -49: potential IF underweighting
[2026-01-29T15:59:16.966935] High prop at exactly tau (1.00) at rel_day -48: potential IF underweighting
[2026-01-29T15:59:29.968224] High prop at exactly tau (1.00) at rel_day -47: potential IF underweighting
[2026-01-29T15:59:42.970289] High prop at exactly tau (1.00) at rel_day -46: potential IF underweighting
[2026-01-29T15:59:55.988448] High prop at exactly tau (1.00) at rel_day -45: potential IF underweighting
[2026-01-29T16:00:09.010874] High prop at exactly tau (1.00) at rel_day -44: potential IF underweighting
[2026-01-29T16:00:21.980660] High prop at exactly tau (1.00) at rel_day -43: potential IF underweighting
[2026-01-29T16:00:34.966653] High prop at exactly tau (1.00) at rel_day -42: potential IF underweighting
[2026-01-29T16:00:47.956739] High prop at exactly tau (1.00) at rel_day -41: potential IF underweighting
[2026-01-29T16:01:00.949489] High prop at exactly tau (1.00) at rel_day -40: potential IF underweighting
[2026-01-29T16:01:13.924590] High prop at exactly tau (1.00) at rel_day -39: potential IF underweighting
[2026-01-29T16:01:26.904164] High prop at exactly tau (1.00) at rel_day -38: potential IF underweighting
[2026-01-29T16:01:39.910759] High prop at exactly tau (1.00) at rel_day -37: potential IF underweighting
[2026-01-29T16:01:52.881583] High prop at exactly tau (1.00) at rel_day -36: potential IF underweighting
[2026-01-29T16:02:05.856279] High prop at exactly tau (1.00) at rel_day -35: potential IF underweighting
[2026-01-29T16:02:18.844658] High prop at exactly tau (1.00) at rel_day -34: potential IF underweighting
[2026-01-29T16:02:31.827268] High prop at exactly tau (1.00) at rel_day -33: potential IF underweighting
[2026-01-29T16:02:44.813236] High prop at exactly tau (1.00) at rel_day -32: potential IF underweighting
[2026-01-29T16:02:57.776700] High prop at exactly tau (1.00) at rel_day -31: potential IF underweighting
[2026-01-29T16:03:10.771445] High prop at exactly tau (1.00) at rel_day -30: potential IF underweighting
[2026-01-29T16:03:23.754653] High prop at exactly tau (1.00) at rel_day -29: potential IF underweighting
[2026-01-29T16:03:36.783237] High prop at exactly tau (1.00) at rel_day -28: potential IF underweighting
[2026-01-29T16:03:49.801696] High prop at exactly tau (1.00) at rel_day -27: potential IF underweighting
[2026-01-29T16:04:02.801935] High prop at exactly tau (1.00) at rel_day -26: potential IF underweighting
[2026-01-29T16:04:15.803259] High prop at exactly tau (1.00) at rel_day -25: potential IF underweighting
[2026-01-29T16:04:28.811251] High prop at exactly tau (1.00) at rel_day -24: potential IF underweighting
[2026-01-29T16:04:41.815109] High prop at exactly tau (1.00) at rel_day -23: potential IF underweighting
[2026-01-29T16:04:54.802947] High prop at exactly tau (1.00) at rel_day -22: potential IF underweighting
[2026-01-29T16:05:07.842923] High prop at exactly tau (1.00) at rel_day -21: potential IF underweighting
[2026-01-29T16:05:20.851083] High prop at exactly tau (1.00) at rel_day -20: potential IF underweighting
[2026-01-29T16:05:33.845999] High prop at exactly tau (1.00) at rel_day -19: potential IF underweighting
[2026-01-29T16:05:46.838763] High prop at exactly tau (1.00) at rel_day -18: potential IF underweighting
[2026-01-29T16:05:59.858020] High prop at exactly tau (1.00) at rel_day -17: potential IF underweighting
[2026-01-29T16:06:12.868750] High prop at exactly tau (1.00) at rel_day -16: potential IF underweighting
[2026-01-29T16:06:25.894427] High prop at exactly tau (1.00) at rel_day -15: potential IF underweighting
[2026-01-29T16:06:38.964226] High prop at exactly tau (1.00) at rel_day -14: potential IF underweighting
[2026-01-29T16:06:52.034431] High prop at exactly tau (1.00) at rel_day -13: potential IF underweighting
[2026-01-29T16:07:05.082676] High prop at exactly tau (1.00) at rel_day -12: potential IF underweighting
[2026-01-29T16:07:18.118113] High prop at exactly tau (1.00) at rel_day -11: potential IF underweighting
[2026-01-29T16:07:31.166113] High prop at exactly tau (1.00) at rel_day -10: potential IF underweighting
[2026-01-29T16:07:44.173868] High prop at exactly tau (1.00) at rel_day -9: potential IF underweighting
[2026-01-29T16:07:57.194060] High prop at exactly tau (1.00) at rel_day -8: potential IF underweighting
[2026-01-29T16:08:10.190845] High prop at exactly tau (1.00) at rel_day -7: potential IF underweighting
[2026-01-29T16:08:23.189542] High prop at exactly tau (1.00) at rel_day -6: potential IF underweighting
[2026-01-29T16:08:36.193158] High prop at exactly tau (1.00) at rel_day -5: potential IF underweighting
[2026-01-29T16:08:49.208666] High prop at exactly tau (1.00) at rel_day -4: potential IF underweighting
[2026-01-29T16:09:02.236142] High prop at exactly tau (1.00) at rel_day -3: potential IF underweighting
[2026-01-29T16:09:15.247736] High prop at exactly tau (1.00) at rel_day -2: potential IF underweighting
[2026-01-29T16:09:28.247141] High prop at exactly tau (1.00) at rel_day -1: potential IF underweighting
[2026-01-29T16:09:41.260589] High prop at exactly tau (1.00) at rel_day 0: potential IF underweighting
[2026-01-29T16:09:57.088391] High prop at exactly tau (1.00) at rel_day 1: potential IF underweighting
[2026-01-29T16:10:10.455328] High prop at exactly tau (1.00) at rel_day 2: potential IF underweighting
[2026-01-29T16:10:23.444183] High prop at exactly tau (1.00) at rel_day 3: potential IF underweighting
[2026-01-29T16:10:36.432401] High prop at exactly tau (1.00) at rel_day 4: potential IF underweighting
[2026-01-29T16:10:49.411211] High prop at exactly tau (1.00) at rel_day 5: potential IF underweighting
[2026-01-29T16:11:02.416318] High prop at exactly tau (1.00) at rel_day 6: potential IF underweighting
[2026-01-29T16:11:15.397328] High prop at exactly tau (1.00) at rel_day 7: potential IF underweighting
[2026-01-29T16:11:28.382892] High prop at exactly tau (1.00) at rel_day 8: potential IF underweighting
[2026-01-29T16:11:41.397801] High prop at exactly tau (1.00) at rel_day 9: potential IF underweighting
[2026-01-29T16:11:54.389032] High prop at exactly tau (1.00) at rel_day 10: potential IF underweighting
[2026-01-29T16:12:07.363805] High prop at exactly tau (1.00) at rel_day 11: potential IF underweighting
[2026-01-29T16:12:20.342526] High prop at exactly tau (1.00) at rel_day 12: potential IF underweighting
[2026-01-29T16:12:33.330168] High prop at exactly tau (1.00) at rel_day 13: potential IF underweighting
[2026-01-29T16:12:46.289855] High prop at exactly tau (1.00) at rel_day 14: potential IF underweighting
[2026-01-29T16:12:59.274232] High prop at exactly tau (1.00) at rel_day 15: potential IF underweighting
[2026-01-29T16:13:12.275981] High prop at exactly tau (1.00) at rel_day 16: potential IF underweighting
[2026-01-29T16:13:25.237118] High prop at exactly tau (1.00) at rel_day 17: potential IF underweighting
[2026-01-29T16:13:38.316825] High prop at exactly tau (1.00) at rel_day 18: potential IF underweighting
[2026-01-29T16:13:51.310522] High prop at exactly tau (1.00) at rel_day 19: potential IF underweighting
[2026-01-29T16:14:04.270495] High prop at exactly tau (1.00) at rel_day 20: potential IF underweighting
[2026-01-29T16:14:17.238918] High prop at exactly tau (1.00) at rel_day 21: potential IF underweighting
[2026-01-29T16:14:30.204981] High prop at exactly tau (1.00) at rel_day 22: potential IF underweighting
[2026-01-29T16:14:43.173090] High prop at exactly tau (1.00) at rel_day 23: potential IF underweighting
[2026-01-29T16:14:56.152898] High prop at exactly tau (1.00) at rel_day 24: potential IF underweighting
[2026-01-29T16:15:09.126813] High prop at exactly tau (1.00) at rel_day 25: potential IF underweighting
[2026-01-29T16:15:22.088265] High prop at exactly tau (1.00) at rel_day 26: potential IF underweighting
[2026-01-29T16:15:35.061330] High prop at exactly tau (1.00) at rel_day 27: potential IF underweighting
[2026-01-29T16:15:48.024436] High prop at exactly tau (1.00) at rel_day 28: potential IF underweighting
[2026-01-29T16:16:00.988085] High prop at exactly tau (1.00) at rel_day 29: potential IF underweighting
[2026-01-29T16:16:13.962578] High prop at exactly tau (1.00) at rel_day 30: potential IF underweighting
[2026-01-29T16:16:26.927641] High prop at exactly tau (1.00) at rel_day 31: potential IF underweighting
[2026-01-29T16:16:39.904476] High prop at exactly tau (1.00) at rel_day 32: potential IF underweighting
[2026-01-29T16:16:52.891366] High prop at exactly tau (1.00) at rel_day 33: potential IF underweighting
[2026-01-29T16:17:05.847880] High prop at exactly tau (1.00) at rel_day 34: potential IF underweighting
[2026-01-29T16:17:18.809228] High prop at exactly tau (1.00) at rel_day 35: potential IF underweighting
[2026-01-29T16:17:31.786009] High prop at exactly tau (1.00) at rel_day 36: potential IF underweighting
[2026-01-29T16:17:44.739948] High prop at exactly tau (1.00) at rel_day 37: potential IF underweighting
[2026-01-29T16:17:57.709960] High prop at exactly tau (1.00) at rel_day 38: potential IF underweighting
[2026-01-29T16:18:10.639485] High prop at exactly tau (1.00) at rel_day 39: potential IF underweighting
[2026-01-29T16:18:23.577620] High prop at exactly tau (1.00) at rel_day 40: potential IF underweighting
[2026-01-29T16:18:36.528608] High prop at exactly tau (1.00) at rel_day 41: potential IF underweighting
[2026-01-29T16:18:49.501027] High prop at exactly tau (1.00) at rel_day 42: potential IF underweighting
[2026-01-29T16:19:02.441827] High prop at exactly tau (1.00) at rel_day 43: potential IF underweighting
[2026-01-29T16:19:15.402508] High prop at exactly tau (1.00) at rel_day 44: potential IF underweighting
[2026-01-29T16:19:28.360097] High prop at exactly tau (1.00) at rel_day 45: potential IF underweighting
[2026-01-29T16:19:41.292479] High prop at exactly tau (1.00) at rel_day 46: potential IF underweighting
[2026-01-29T16:19:54.210705] High prop at exactly tau (1.00) at rel_day 47: potential IF underweighting
[2026-01-29T16:20:07.190593] High prop at exactly tau (1.00) at rel_day 48: potential IF underweighting
[2026-01-29T16:20:20.123052] High prop at exactly tau (1.00) at rel_day 49: potential IF underweighting
[2026-01-29T16:20:33.058635] High prop at exactly tau (1.00) at rel_day 50: potential IF underweighting
[2026-01-29T16:20:45.983313] High prop at exactly tau (1.00) at rel_day 51: potential IF underweighting
[2026-01-29T16:20:58.906216] High prop at exactly tau (0.99) at rel_day 52: potential IF underweighting
[2026-01-29T16:21:11.838458] High prop at exactly tau (0.99) at rel_day 53: potential IF underweighting
[2026-01-29T16:21:24.748219] High prop at exactly tau (0.99) at rel_day 54: potential IF underweighting
[2026-01-29T16:21:37.668762] High prop at exactly tau (0.99) at rel_day 55: potential IF underweighting
[2026-01-29T16:21:50.577491] High prop at exactly tau (0.99) at rel_day 56: potential IF underweighting
[2026-01-29T16:22:03.495324] High prop at exactly tau (0.99) at rel_day 57: potential IF underweighting
[2026-01-29T16:22:16.427882] High prop at exactly tau (0.99) at rel_day 58: potential IF underweighting
[2026-01-29T16:22:29.348697] High prop at exactly tau (0.99) at rel_day 59: potential IF underweighting
[2026-01-29T16:22:42.257247] High prop at exactly tau (0.99) at rel_day 60: potential IF underweighting
[2026-01-29T16:22:55.161066] High prop at exactly tau (0.99) at rel_day 61: potential IF underweighting
[2026-01-29T16:23:08.063835] High prop at exactly tau (0.99) at rel_day 62: potential IF underweighting
[2026-01-29T16:23:20.957485] High prop at exactly tau (0.99) at rel_day 63: potential IF underweighting
[2026-01-29T16:23:33.872092] High prop at exactly tau (0.99) at rel_day 64: potential IF underweighting
[2026-01-29T16:23:46.785453] High prop at exactly tau (0.99) at rel_day 65: potential IF underweighting
[2026-01-29T16:23:59.672050] High prop at exactly tau (0.99) at rel_day 66: potential IF underweighting
[2026-01-29T16:24:12.564601] High prop at exactly tau (0.99) at rel_day 67: potential IF underweighting
[2026-01-29T16:24:25.449390] High prop at exactly tau (0.99) at rel_day 68: potential IF underweighting
[2026-01-29T16:24:38.353014] High prop at exactly tau (0.99) at rel_day 69: potential IF underweighting
[2026-01-29T16:24:51.266074] High prop at exactly tau (0.99) at rel_day 70: potential IF underweighting
[2026-01-29T16:25:04.441909] High prop at exactly tau (0.99) at rel_day 71: potential IF underweighting
[2026-01-29T16:25:17.344887] High prop at exactly tau (0.99) at rel_day 72: potential IF underweighting
[2026-01-29T16:25:30.226407] High prop at exactly tau (0.99) at rel_day 73: potential IF underweighting
[2026-01-29T16:25:43.121445] High prop at exactly tau (0.99) at rel_day 74: potential IF underweighting
[2026-01-29T16:25:55.986287] High prop at exactly tau (0.99) at rel_day 75: potential IF underweighting
[2026-01-29T16:26:08.854386] High prop at exactly tau (0.99) at rel_day 76: potential IF underweighting
[2026-01-29T16:26:21.703337] High prop at exactly tau (0.99) at rel_day 77: potential IF underweighting
[2026-01-29T16:26:34.565015] High prop at exactly tau (0.99) at rel_day 78: potential IF underweighting
[2026-01-29T16:26:47.435876] High prop at exactly tau (0.99) at rel_day 79: potential IF underweighting
[2026-01-29T16:27:00.293475] High prop at exactly tau (0.99) at rel_day 80: potential IF underweighting
[2026-01-29T16:27:13.175438] High prop at exactly tau (0.99) at rel_day 81: potential IF underweighting
[2026-01-29T16:27:26.048627] High prop at exactly tau (0.99) at rel_day 82: potential IF underweighting
[2026-01-29T16:27:38.951387] High prop at exactly tau (0.99) at rel_day 83: potential IF underweighting
[2026-01-29T16:27:51.809390] High prop at exactly tau (0.99) at rel_day 84: potential IF underweighting
[2026-01-29T16:28:04.670102] High prop at exactly tau (0.99) at rel_day 85: potential IF underweighting
[2026-01-29T16:28:17.542717] High prop at exactly tau (0.99) at rel_day 86: potential IF underweighting
[2026-01-29T16:28:30.404869] High prop at exactly tau (0.99) at rel_day 87: potential IF underweighting
[2026-01-29T16:28:43.276916] High prop at exactly tau (0.99) at rel_day 88: potential IF underweighting
[2026-01-29T16:28:56.138766] High prop at exactly tau (0.99) at rel_day 89: potential IF underweighting
[2026-01-29T16:29:08.971793] High prop at exactly tau (0.99) at rel_day 90: potential IF underweighting
[2026-01-29T16:29:21.805994] High prop at exactly tau (0.99) at rel_day 91: potential IF underweighting
[2026-01-29T16:29:34.626001] High prop at exactly tau (0.99) at rel_day 92: potential IF underweighting
[2026-01-29T16:29:47.460421] High prop at exactly tau (0.99) at rel_day 93: potential IF underweighting
[2026-01-29T16:30:00.317480] High prop at exactly tau (0.99) at rel_day 94: potential IF underweighting
[2026-01-29T16:30:13.154608] High prop at exactly tau (0.99) at rel_day 95: potential IF underweighting
[2026-01-29T16:30:25.970688] High prop at exactly tau (0.99) at rel_day 96: potential IF underweighting
[2026-01-29T16:30:38.782190] High prop at exactly tau (0.99) at rel_day 97: potential IF underweighting
[2026-01-29T16:30:51.582898] High prop at exactly tau (0.99) at rel_day 98: potential IF underweighting
[2026-01-29T16:31:04.395846] High prop at exactly tau (0.99) at rel_day 99: potential IF underweighting
[2026-01-29T16:31:17.222955] High prop at exactly tau (0.98) at rel_day 100: potential IF underweighting
[2026-01-29T16:31:30.051632] High prop at exactly tau (0.98) at rel_day 101: potential IF underweighting
[2026-01-29T16:31:42.888548] High prop at exactly tau (0.98) at rel_day 102: potential IF underweighting
[2026-01-29T16:31:55.701999] High prop at exactly tau (0.98) at rel_day 103: potential IF underweighting
[2026-01-29T16:32:08.477244] High prop at exactly tau (0.98) at rel_day 104: potential IF underweighting
[2026-01-29T16:32:21.292458] High prop at exactly tau (0.98) at rel_day 105: potential IF underweighting
[2026-01-29T16:32:34.098746] High prop at exactly tau (0.98) at rel_day 106: potential IF underweighting
[2026-01-29T16:32:46.900390] High prop at exactly tau (0.98) at rel_day 107: potential IF underweighting
[2026-01-29T16:32:59.689145] High prop at exactly tau (0.98) at rel_day 108: potential IF underweighting
[2026-01-29T16:33:12.481999] High prop at exactly tau (0.98) at rel_day 109: potential IF underweighting
[2026-01-29T16:33:25.266236] High prop at exactly tau (0.98) at rel_day 110: potential IF underweighting
[2026-01-29T16:33:38.054071] High prop at exactly tau (0.98) at rel_day 111: potential IF underweighting
[2026-01-29T16:33:50.814325] High prop at exactly tau (0.98) at rel_day 112: potential IF underweighting
[2026-01-29T16:34:03.569748] High prop at exactly tau (0.98) at rel_day 113: potential IF underweighting
[2026-01-29T16:34:16.319640] High prop at exactly tau (0.98) at rel_day 114: potential IF underweighting
[2026-01-29T16:34:29.079414] High prop at exactly tau (0.98) at rel_day 115: potential IF underweighting
[2026-01-29T16:34:41.831611] High prop at exactly tau (0.98) at rel_day 116: potential IF underweighting
[2026-01-29T16:34:54.569454] High prop at exactly tau (0.98) at rel_day 117: potential IF underweighting
[2026-01-29T16:35:07.328785] High prop at exactly tau (0.98) at rel_day 118: potential IF underweighting
[2026-01-29T16:35:20.048430] High prop at exactly tau (0.98) at rel_day 119: potential IF underweighting
[2026-01-29T16:35:32.762161] High prop at exactly tau (0.98) at rel_day 120: potential IF underweighting
[2026-01-29T16:35:55.661973] RMST conditions on survival to calendar_day — deliberate for definition, see method docs.
[2026-01-29T16:35:55.932398] High prop at exactly tau (1.00) at rel_day -60: potential IF underweighting
[2026-01-29T16:36:10.199125] High prop at exactly tau (1.00) at rel_day -59: potential IF underweighting
[2026-01-29T16:36:23.219796] High prop at exactly tau (1.00) at rel_day -58: potential IF underweighting
[2026-01-29T16:36:36.387301] High prop at exactly tau (1.00) at rel_day -57: potential IF underweighting
[2026-01-29T16:36:49.599840] High prop at exactly tau (1.00) at rel_day -56: potential IF underweighting
[2026-01-29T16:37:02.727333] High prop at exactly tau (1.00) at rel_day -55: potential IF underweighting
[2026-01-29T16:37:15.861339] High prop at exactly tau (1.00) at rel_day -54: potential IF underweighting
[2026-01-29T16:37:28.887412] High prop at exactly tau (1.00) at rel_day -53: potential IF underweighting
[2026-01-29T16:37:41.965985] High prop at exactly tau (1.00) at rel_day -52: potential IF underweighting
[2026-01-29T16:37:55.076773] High prop at exactly tau (1.00) at rel_day -51: potential IF underweighting
[2026-01-29T16:38:08.099490] High prop at exactly tau (1.00) at rel_day -50: potential IF underweighting
[2026-01-29T16:38:21.108344] High prop at exactly tau (1.00) at rel_day -49: potential IF underweighting
[2026-01-29T16:38:34.405521] High prop at exactly tau (1.00) at rel_day -48: potential IF underweighting
[2026-01-29T16:38:47.488267] High prop at exactly tau (1.00) at rel_day -47: potential IF underweighting
[2026-01-29T16:39:00.495100] High prop at exactly tau (1.00) at rel_day -46: potential IF underweighting
[2026-01-29T16:39:13.486446] High prop at exactly tau (1.00) at rel_day -45: potential IF underweighting
[2026-01-29T16:39:26.468489] High prop at exactly tau (1.00) at rel_day -44: potential IF underweighting
[2026-01-29T16:39:39.497205] High prop at exactly tau (1.00) at rel_day -43: potential IF underweighting
[2026-01-29T16:39:52.482220] High prop at exactly tau (1.00) at rel_day -42: potential IF underweighting
[2026-01-29T16:40:06.200704] High prop at exactly tau (1.00) at rel_day -41: potential IF underweighting
[2026-01-29T16:40:19.433220] High prop at exactly tau (1.00) at rel_day -40: potential IF underweighting
[2026-01-29T16:40:32.421959] High prop at exactly tau (1.00) at rel_day -39: potential IF underweighting
[2026-01-29T16:40:45.390727] High prop at exactly tau (1.00) at rel_day -38: potential IF underweighting
[2026-01-29T16:40:58.365318] High prop at exactly tau (1.00) at rel_day -37: potential IF underweighting
[2026-01-29T16:41:11.347639] High prop at exactly tau (1.00) at rel_day -36: potential IF underweighting
[2026-01-29T16:41:24.327720] High prop at exactly tau (1.00) at rel_day -35: potential IF underweighting
[2026-01-29T16:41:37.310275] High prop at exactly tau (1.00) at rel_day -34: potential IF underweighting
[2026-01-29T16:41:50.327086] High prop at exactly tau (1.00) at rel_day -33: potential IF underweighting
[2026-01-29T16:42:03.328874] High prop at exactly tau (1.00) at rel_day -32: potential IF underweighting
[2026-01-29T16:42:16.329890] High prop at exactly tau (1.00) at rel_day -31: potential IF underweighting
[2026-01-29T16:42:29.345422] High prop at exactly tau (1.00) at rel_day -30: potential IF underweighting
[2026-01-29T16:42:42.346638] High prop at exactly tau (1.00) at rel_day -29: potential IF underweighting
[2026-01-29T16:42:55.343354] High prop at exactly tau (1.00) at rel_day -28: potential IF underweighting
[2026-01-29T16:43:08.359960] High prop at exactly tau (1.00) at rel_day -27: potential IF underweighting
[2026-01-29T16:43:21.371633] High prop at exactly tau (1.00) at rel_day -26: potential IF underweighting
[2026-01-29T16:43:34.372285] High prop at exactly tau (1.00) at rel_day -25: potential IF underweighting
[2026-01-29T16:43:47.384809] High prop at exactly tau (1.00) at rel_day -24: potential IF underweighting
[2026-01-29T16:44:00.357027] High prop at exactly tau (1.00) at rel_day -23: potential IF underweighting
[2026-01-29T16:44:13.341630] High prop at exactly tau (1.00) at rel_day -22: potential IF underweighting
[2026-01-29T16:44:26.328428] High prop at exactly tau (1.00) at rel_day -21: potential IF underweighting
[2026-01-29T16:44:39.321732] High prop at exactly tau (1.00) at rel_day -20: potential IF underweighting
[2026-01-29T16:44:52.391373] High prop at exactly tau (1.00) at rel_day -19: potential IF underweighting
[2026-01-29T16:45:05.395849] High prop at exactly tau (1.00) at rel_day -18: potential IF underweighting
[2026-01-29T16:45:18.421179] High prop at exactly tau (1.00) at rel_day -17: potential IF underweighting
[2026-01-29T16:45:31.423440] High prop at exactly tau (1.00) at rel_day -16: potential IF underweighting
[2026-01-29T16:45:44.441184] High prop at exactly tau (1.00) at rel_day -15: potential IF underweighting
[2026-01-29T16:45:57.448920] High prop at exactly tau (1.00) at rel_day -14: potential IF underweighting
[2026-01-29T16:46:10.484282] High prop at exactly tau (1.00) at rel_day -13: potential IF underweighting
[2026-01-29T16:46:23.499594] High prop at exactly tau (1.00) at rel_day -12: potential IF underweighting
[2026-01-29T16:46:36.512057] High prop at exactly tau (1.00) at rel_day -11: potential IF underweighting
[2026-01-29T16:46:49.517238] High prop at exactly tau (1.00) at rel_day -10: potential IF underweighting
[2026-01-29T16:47:02.516990] High prop at exactly tau (1.00) at rel_day -9: potential IF underweighting
[2026-01-29T16:47:15.523909] High prop at exactly tau (1.00) at rel_day -8: potential IF underweighting
[2026-01-29T16:47:28.515194] High prop at exactly tau (1.00) at rel_day -7: potential IF underweighting
[2026-01-29T16:47:41.531591] High prop at exactly tau (1.00) at rel_day -6: potential IF underweighting
[2026-01-29T16:47:54.568723] High prop at exactly tau (1.00) at rel_day -5: potential IF underweighting
[2026-01-29T16:48:07.579044] High prop at exactly tau (1.00) at rel_day -4: potential IF underweighting
[2026-01-29T16:48:20.583422] High prop at exactly tau (1.00) at rel_day -3: potential IF underweighting
[2026-01-29T16:48:33.586354] High prop at exactly tau (1.00) at rel_day -2: potential IF underweighting
[2026-01-29T16:48:46.618255] High prop at exactly tau (1.00) at rel_day -1: potential IF underweighting
[2026-01-29T16:48:59.618260] High prop at exactly tau (1.00) at rel_day 0: potential IF underweighting
[2026-01-29T16:49:12.633502] High prop at exactly tau (1.00) at rel_day 1: potential IF underweighting
[2026-01-29T16:49:25.638874] High prop at exactly tau (1.00) at rel_day 2: potential IF underweighting
[2026-01-29T16:49:38.641230] High prop at exactly tau (1.00) at rel_day 3: potential IF underweighting
[2026-01-29T16:49:51.619657] High prop at exactly tau (1.00) at rel_day 4: potential IF underweighting
[2026-01-29T16:50:04.630438] High prop at exactly tau (1.00) at rel_day 5: potential IF underweighting
[2026-01-29T16:50:17.617285] High prop at exactly tau (1.00) at rel_day 6: potential IF underweighting
[2026-01-29T16:50:30.591646] High prop at exactly tau (1.00) at rel_day 7: potential IF underweighting
[2026-01-29T16:50:43.575809] High prop at exactly tau (1.00) at rel_day 8: potential IF underweighting
[2026-01-29T16:50:56.562110] High prop at exactly tau (1.00) at rel_day 9: potential IF underweighting
[2026-01-29T16:51:09.551236] High prop at exactly tau (1.00) at rel_day 10: potential IF underweighting
[2026-01-29T16:51:22.490415] High prop at exactly tau (1.00) at rel_day 11: potential IF underweighting
[2026-01-29T16:51:35.480161] High prop at exactly tau (1.00) at rel_day 12: potential IF underweighting
[2026-01-29T16:51:48.487249] High prop at exactly tau (1.00) at rel_day 13: potential IF underweighting
[2026-01-29T16:52:01.473496] High prop at exactly tau (1.00) at rel_day 14: potential IF underweighting
[2026-01-29T16:52:14.464321] High prop at exactly tau (1.00) at rel_day 15: potential IF underweighting
[2026-01-29T16:52:27.458367] High prop at exactly tau (1.00) at rel_day 16: potential IF underweighting
[2026-01-29T16:52:40.443123] High prop at exactly tau (1.00) at rel_day 17: potential IF underweighting
[2026-01-29T16:52:53.428011] High prop at exactly tau (1.00) at rel_day 18: potential IF underweighting
[2026-01-29T16:53:06.400637] High prop at exactly tau (1.00) at rel_day 19: potential IF underweighting
[2026-01-29T16:53:19.338052] High prop at exactly tau (1.00) at rel_day 20: potential IF underweighting
[2026-01-29T16:53:32.304497] High prop at exactly tau (1.00) at rel_day 21: potential IF underweighting
[2026-01-29T16:53:45.271041] High prop at exactly tau (1.00) at rel_day 22: potential IF underweighting
[2026-01-29T16:53:58.263890] High prop at exactly tau (1.00) at rel_day 23: potential IF underweighting
[2026-01-29T16:54:11.231514] High prop at exactly tau (1.00) at rel_day 24: potential IF underweighting
[2026-01-29T16:54:24.166332] High prop at exactly tau (1.00) at rel_day 25: potential IF underweighting
[2026-01-29T16:54:37.128026] High prop at exactly tau (1.00) at rel_day 26: potential IF underweighting
[2026-01-29T16:54:50.075223] High prop at exactly tau (1.00) at rel_day 27: potential IF underweighting
[2026-01-29T16:55:03.030939] High prop at exactly tau (1.00) at rel_day 28: potential IF underweighting
[2026-01-29T16:55:16.991177] High prop at exactly tau (1.00) at rel_day 29: potential IF underweighting
[2026-01-29T16:55:29.976691] High prop at exactly tau (1.00) at rel_day 30: potential IF underweighting
[2026-01-29T16:55:42.959215] High prop at exactly tau (1.00) at rel_day 31: potential IF underweighting
[2026-01-29T16:55:55.907293] High prop at exactly tau (1.00) at rel_day 32: potential IF underweighting
[2026-01-29T16:56:08.861796] High prop at exactly tau (1.00) at rel_day 33: potential IF underweighting
[2026-01-29T16:56:21.806355] High prop at exactly tau (1.00) at rel_day 34: potential IF underweighting
[2026-01-29T16:56:34.750877] High prop at exactly tau (1.00) at rel_day 35: potential IF underweighting
[2026-01-29T16:56:47.693209] High prop at exactly tau (1.00) at rel_day 36: potential IF underweighting
[2026-01-29T16:57:00.645050] High prop at exactly tau (1.00) at rel_day 37: potential IF underweighting
[2026-01-29T16:57:13.592039] High prop at exactly tau (1.00) at rel_day 38: potential IF underweighting
[2026-01-29T16:57:26.519146] High prop at exactly tau (1.00) at rel_day 39: potential IF underweighting
[2026-01-29T16:57:39.470412] High prop at exactly tau (1.00) at rel_day 40: potential IF underweighting
[2026-01-29T16:57:52.398421] High prop at exactly tau (1.00) at rel_day 41: potential IF underweighting
[2026-01-29T16:58:05.335518] High prop at exactly tau (1.00) at rel_day 42: potential IF underweighting
[2026-01-29T16:58:18.244183] High prop at exactly tau (1.00) at rel_day 43: potential IF underweighting
[2026-01-29T16:58:31.184357] High prop at exactly tau (1.00) at rel_day 44: potential IF underweighting
[2026-01-29T16:58:44.137901] High prop at exactly tau (1.00) at rel_day 45: potential IF underweighting
[2026-01-29T16:58:57.064043] High prop at exactly tau (1.00) at rel_day 46: potential IF underweighting
[2026-01-29T16:59:10.011417] High prop at exactly tau (1.00) at rel_day 47: potential IF underweighting
[2026-01-29T16:59:22.944805] High prop at exactly tau (1.00) at rel_day 48: potential IF underweighting
[2026-01-29T16:59:35.872382] High prop at exactly tau (1.00) at rel_day 49: potential IF underweighting
[2026-01-29T16:59:48.793618] High prop at exactly tau (1.00) at rel_day 50: potential IF underweighting
[2026-01-29T17:00:01.728488] High prop at exactly tau (1.00) at rel_day 51: potential IF underweighting
[2026-01-29T17:00:14.658405] High prop at exactly tau (1.00) at rel_day 52: potential IF underweighting
[2026-01-29T17:00:27.578202] High prop at exactly tau (0.99) at rel_day 53: potential IF underweighting
[2026-01-29T17:00:40.504770] High prop at exactly tau (0.99) at rel_day 54: potential IF underweighting
[2026-01-29T17:00:53.415477] High prop at exactly tau (0.99) at rel_day 55: potential IF underweighting
[2026-01-29T17:01:06.323702] High prop at exactly tau (0.99) at rel_day 56: potential IF underweighting
[2026-01-29T17:01:19.228281] High prop at exactly tau (0.99) at rel_day 57: potential IF underweighting
[2026-01-29T17:01:32.147022] High prop at exactly tau (0.99) at rel_day 58: potential IF underweighting
[2026-01-29T17:01:45.055444] High prop at exactly tau (0.99) at rel_day 59: potential IF underweighting
[2026-01-29T17:01:57.955979] High prop at exactly tau (0.99) at rel_day 60: potential IF underweighting
[2026-01-29T17:02:10.859208] High prop at exactly tau (0.99) at rel_day 61: potential IF underweighting
[2026-01-29T17:02:23.760522] High prop at exactly tau (0.99) at rel_day 62: potential IF underweighting
[2026-01-29T17:02:36.689297] High prop at exactly tau (0.99) at rel_day 63: potential IF underweighting
[2026-01-29T17:02:49.613564] High prop at exactly tau (0.99) at rel_day 64: potential IF underweighting
[2026-01-29T17:03:02.534429] High prop at exactly tau (0.99) at rel_day 65: potential IF underweighting
[2026-01-29T17:03:15.470198] High prop at exactly tau (0.99) at rel_day 66: potential IF underweighting
[2026-01-29T17:03:28.352079] High prop at exactly tau (0.99) at rel_day 67: potential IF underweighting
[2026-01-29T17:03:41.266404] High prop at exactly tau (0.99) at rel_day 68: potential IF underweighting
[2026-01-29T17:03:54.150208] High prop at exactly tau (0.99) at rel_day 69: potential IF underweighting
[2026-01-29T17:04:07.040884] High prop at exactly tau (0.99) at rel_day 70: potential IF underweighting
[2026-01-29T17:04:19.918933] High prop at exactly tau (0.99) at rel_day 71: potential IF underweighting
[2026-01-29T17:04:32.790303] High prop at exactly tau (0.99) at rel_day 72: potential IF underweighting
[2026-01-29T17:04:45.677213] High prop at exactly tau (0.99) at rel_day 73: potential IF underweighting
[2026-01-29T17:04:58.545285] High prop at exactly tau (0.99) at rel_day 74: potential IF underweighting
[2026-01-29T17:05:11.416645] High prop at exactly tau (0.99) at rel_day 75: potential IF underweighting
[2026-01-29T17:05:24.317059] High prop at exactly tau (0.99) at rel_day 76: potential IF underweighting
[2026-01-29T17:05:37.198105] High prop at exactly tau (0.99) at rel_day 77: potential IF underweighting
[2026-01-29T17:05:50.046251] High prop at exactly tau (0.99) at rel_day 78: potential IF underweighting
[2026-01-29T17:06:02.901028] High prop at exactly tau (0.99) at rel_day 79: potential IF underweighting
[2026-01-29T17:06:15.767791] High prop at exactly tau (0.99) at rel_day 80: potential IF underweighting
[2026-01-29T17:06:28.605274] High prop at exactly tau (0.99) at rel_day 81: potential IF underweighting
[2026-01-29T17:06:41.531233] High prop at exactly tau (0.99) at rel_day 82: potential IF underweighting
[2026-01-29T17:06:54.414259] High prop at exactly tau (0.99) at rel_day 83: potential IF underweighting
[2026-01-29T17:07:07.314641] High prop at exactly tau (0.99) at rel_day 84: potential IF underweighting
[2026-01-29T17:07:20.180586] High prop at exactly tau (0.99) at rel_day 85: potential IF underweighting
[2026-01-29T17:07:33.025182] High prop at exactly tau (0.99) at rel_day 86: potential IF underweighting
[2026-01-29T17:07:45.879478] High prop at exactly tau (0.99) at rel_day 87: potential IF underweighting
[2026-01-29T17:07:58.749080] High prop at exactly tau (0.99) at rel_day 88: potential IF underweighting
[2026-01-29T17:08:11.590681] High prop at exactly tau (0.99) at rel_day 89: potential IF underweighting
[2026-01-29T17:08:24.443922] High prop at exactly tau (0.99) at rel_day 90: potential IF underweighting
[2026-01-29T17:08:37.289085] High prop at exactly tau (0.99) at rel_day 91: potential IF underweighting
[2026-01-29T17:08:50.118944] High prop at exactly tau (0.99) at rel_day 92: potential IF underweighting
[2026-01-29T17:09:02.959028] High prop at exactly tau (0.99) at rel_day 93: potential IF underweighting
[2026-01-29T17:09:15.796418] High prop at exactly tau (0.99) at rel_day 94: potential IF underweighting
[2026-01-29T17:09:28.613565] High prop at exactly tau (0.99) at rel_day 95: potential IF underweighting
[2026-01-29T17:09:41.434865] High prop at exactly tau (0.99) at rel_day 96: potential IF underweighting
[2026-01-29T17:09:54.269758] High prop at exactly tau (0.99) at rel_day 97: potential IF underweighting
[2026-01-29T17:10:07.105980] High prop at exactly tau (0.99) at rel_day 98: potential IF underweighting
[2026-01-29T17:10:20.300273] High prop at exactly tau (0.99) at rel_day 99: potential IF underweighting
[2026-01-29T17:10:33.104123] High prop at exactly tau (0.98) at rel_day 100: potential IF underweighting
[2026-01-29T17:10:45.915620] High prop at exactly tau (0.98) at rel_day 101: potential IF underweighting
[2026-01-29T17:10:58.737752] High prop at exactly tau (0.98) at rel_day 102: potential IF underweighting
[2026-01-29T17:11:11.533417] High prop at exactly tau (0.98) at rel_day 103: potential IF underweighting
[2026-01-29T17:11:24.322178] High prop at exactly tau (0.98) at rel_day 104: potential IF underweighting
[2026-01-29T17:11:37.135627] High prop at exactly tau (0.98) at rel_day 105: potential IF underweighting
[2026-01-29T17:11:49.921992] High prop at exactly tau (0.98) at rel_day 106: potential IF underweighting
[2026-01-29T17:12:02.713686] High prop at exactly tau (0.98) at rel_day 107: potential IF underweighting
[2026-01-29T17:12:15.494665] High prop at exactly tau (0.98) at rel_day 108: potential IF underweighting
[2026-01-29T17:12:28.315793] High prop at exactly tau (0.98) at rel_day 109: potential IF underweighting
[2026-01-29T17:12:41.131868] High prop at exactly tau (0.98) at rel_day 110: potential IF underweighting
[2026-01-29T17:12:53.885404] High prop at exactly tau (0.98) at rel_day 111: potential IF underweighting
[2026-01-29T17:13:06.670906] High prop at exactly tau (0.98) at rel_day 112: potential IF underweighting
[2026-01-29T17:13:19.420664] High prop at exactly tau (0.98) at rel_day 113: potential IF underweighting
[2026-01-29T17:13:32.166646] High prop at exactly tau (0.98) at rel_day 114: potential IF underweighting
[2026-01-29T17:13:45.093155] High prop at exactly tau (0.98) at rel_day 115: potential IF underweighting
[2026-01-29T17:13:57.877377] High prop at exactly tau (0.98) at rel_day 116: potential IF underweighting
[2026-01-29T17:14:10.620822] High prop at exactly tau (0.98) at rel_day 117: potential IF underweighting
[2026-01-29T17:14:23.353210] High prop at exactly tau (0.98) at rel_day 118: potential IF underweighting
[2026-01-29T17:14:36.080836] High prop at exactly tau (0.98) at rel_day 119: potential IF underweighting
[2026-01-29T17:14:48.889047] High prop at exactly tau (0.98) at rel_day 120: potential IF underweighting
[2026-01-29T17:15:13.538233] RMST conditions on survival to calendar_day — deliberate for definition, see method docs.
[2026-01-29T17:15:13.780177] High prop at exactly tau (1.00) at rel_day -60: potential IF underweighting
[2026-01-29T17:15:27.773198] High prop at exactly tau (1.00) at rel_day -59: potential IF underweighting
[2026-01-29T17:15:40.809256] High prop at exactly tau (1.00) at rel_day -58: potential IF underweighting
[2026-01-29T17:15:53.804202] High prop at exactly tau (1.00) at rel_day -57: potential IF underweighting
[2026-01-29T17:16:06.984956] High prop at exactly tau (1.00) at rel_day -56: potential IF underweighting
[2026-01-29T17:16:19.965164] High prop at exactly tau (1.00) at rel_day -55: potential IF underweighting
[2026-01-29T17:16:32.947840] High prop at exactly tau (1.00) at rel_day -54: potential IF underweighting
[2026-01-29T17:16:45.970128] High prop at exactly tau (1.00) at rel_day -53: potential IF underweighting
[2026-01-29T17:16:58.924865] High prop at exactly tau (1.00) at rel_day -52: potential IF underweighting
[2026-01-29T17:17:11.916983] High prop at exactly tau (1.00) at rel_day -51: potential IF underweighting
[2026-01-29T17:17:24.886002] High prop at exactly tau (1.00) at rel_day -50: potential IF underweighting
[2026-01-29T17:17:37.897602] High prop at exactly tau (1.00) at rel_day -49: potential IF underweighting
[2026-01-29T17:17:50.850359] High prop at exactly tau (1.00) at rel_day -48: potential IF underweighting
[2026-01-29T17:18:03.819367] High prop at exactly tau (1.00) at rel_day -47: potential IF underweighting
[2026-01-29T17:18:16.800515] High prop at exactly tau (1.00) at rel_day -46: potential IF underweighting
[2026-01-29T17:18:29.780151] High prop at exactly tau (1.00) at rel_day -45: potential IF underweighting
[2026-01-29T17:18:42.745775] High prop at exactly tau (1.00) at rel_day -44: potential IF underweighting
[2026-01-29T17:18:55.730857] High prop at exactly tau (1.00) at rel_day -43: potential IF underweighting
[2026-01-29T17:19:08.729624] High prop at exactly tau (1.00) at rel_day -42: potential IF underweighting
[2026-01-29T17:19:21.733610] High prop at exactly tau (1.00) at rel_day -41: potential IF underweighting
[2026-01-29T17:19:34.713380] High prop at exactly tau (1.00) at rel_day -40: potential IF underweighting
[2026-01-29T17:19:47.673985] High prop at exactly tau (1.00) at rel_day -39: potential IF underweighting
[2026-01-29T17:20:00.699926] High prop at exactly tau (1.00) at rel_day -38: potential IF underweighting
[2026-01-29T17:20:13.696123] High prop at exactly tau (1.00) at rel_day -37: potential IF underweighting
[2026-01-29T17:20:26.663015] High prop at exactly tau (1.00) at rel_day -36: potential IF underweighting
[2026-01-29T17:20:39.635557] High prop at exactly tau (1.00) at rel_day -35: potential IF underweighting
[2026-01-29T17:20:52.593982] High prop at exactly tau (1.00) at rel_day -34: potential IF underweighting
[2026-01-29T17:21:05.572678] High prop at exactly tau (1.00) at rel_day -33: potential IF underweighting
[2026-01-29T17:21:18.557079] High prop at exactly tau (1.00) at rel_day -32: potential IF underweighting
[2026-01-29T17:21:31.548903] High prop at exactly tau (1.00) at rel_day -31: potential IF underweighting
[2026-01-29T17:21:44.539129] High prop at exactly tau (1.00) at rel_day -30: potential IF underweighting
[2026-01-29T17:21:57.520439] High prop at exactly tau (1.00) at rel_day -29: potential IF underweighting
[2026-01-29T17:22:10.495116] High prop at exactly tau (1.00) at rel_day -28: potential IF underweighting
[2026-01-29T17:22:23.496238] High prop at exactly tau (1.00) at rel_day -27: potential IF underweighting
[2026-01-29T17:22:36.486258] High prop at exactly tau (1.00) at rel_day -26: potential IF underweighting
[2026-01-29T17:22:49.475868] High prop at exactly tau (1.00) at rel_day -25: potential IF underweighting
[2026-01-29T17:23:02.455094] High prop at exactly tau (1.00) at rel_day -24: potential IF underweighting
[2026-01-29T17:23:15.447548] High prop at exactly tau (1.00) at rel_day -23: potential IF underweighting
[2026-01-29T17:23:28.434379] High prop at exactly tau (1.00) at rel_day -22: potential IF underweighting
[2026-01-29T17:23:41.425568] High prop at exactly tau (1.00) at rel_day -21: potential IF underweighting
[2026-01-29T17:23:54.392697] High prop at exactly tau (1.00) at rel_day -20: potential IF underweighting
[2026-01-29T17:24:07.361182] High prop at exactly tau (1.00) at rel_day -19: potential IF underweighting
[2026-01-29T17:24:20.364744] High prop at exactly tau (1.00) at rel_day -18: potential IF underweighting
[2026-01-29T17:24:33.351731] High prop at exactly tau (1.00) at rel_day -17: potential IF underweighting
[2026-01-29T17:24:46.339041] High prop at exactly tau (1.00) at rel_day -16: potential IF underweighting
[2026-01-29T17:24:59.351686] High prop at exactly tau (1.00) at rel_day -15: potential IF underweighting
[2026-01-29T17:25:12.340814] High prop at exactly tau (1.00) at rel_day -14: potential IF underweighting
[2026-01-29T17:25:26.098119] High prop at exactly tau (1.00) at rel_day -13: potential IF underweighting
[2026-01-29T17:25:39.088883] High prop at exactly tau (1.00) at rel_day -12: potential IF underweighting
[2026-01-29T17:25:52.084861] High prop at exactly tau (1.00) at rel_day -11: potential IF underweighting
[2026-01-29T17:26:05.092985] High prop at exactly tau (1.00) at rel_day -10: potential IF underweighting
[2026-01-29T17:26:18.100301] High prop at exactly tau (1.00) at rel_day -9: potential IF underweighting
[2026-01-29T17:26:31.108608] High prop at exactly tau (1.00) at rel_day -8: potential IF underweighting
[2026-01-29T17:26:44.106734] High prop at exactly tau (1.00) at rel_day -7: potential IF underweighting
[2026-01-29T17:26:57.089745] High prop at exactly tau (1.00) at rel_day -6: potential IF underweighting
[2026-01-29T17:27:10.105080] High prop at exactly tau (1.00) at rel_day -5: potential IF underweighting
[2026-01-29T17:27:23.121435] High prop at exactly tau (1.00) at rel_day -4: potential IF underweighting
[2026-01-29T17:27:36.150059] High prop at exactly tau (1.00) at rel_day -3: potential IF underweighting
[2026-01-29T17:27:49.155458] High prop at exactly tau (1.00) at rel_day -2: potential IF underweighting
[2026-01-29T17:28:02.157412] High prop at exactly tau (1.00) at rel_day -1: potential IF underweighting
[2026-01-29T17:28:15.185287] High prop at exactly tau (1.00) at rel_day 0: potential IF underweighting
[2026-01-29T17:28:28.204919] High prop at exactly tau (1.00) at rel_day 1: potential IF underweighting
[2026-01-29T17:28:41.225394] High prop at exactly tau (1.00) at rel_day 2: potential IF underweighting
[2026-01-29T17:28:54.222810] High prop at exactly tau (1.00) at rel_day 3: potential IF underweighting
[2026-01-29T17:29:07.229835] High prop at exactly tau (1.00) at rel_day 4: potential IF underweighting
[2026-01-29T17:29:20.244203] High prop at exactly tau (1.00) at rel_day 5: potential IF underweighting
[2026-01-29T17:29:33.231995] High prop at exactly tau (1.00) at rel_day 6: potential IF underweighting
[2026-01-29T17:29:46.214698] High prop at exactly tau (1.00) at rel_day 7: potential IF underweighting
[2026-01-29T17:29:59.199987] High prop at exactly tau (1.00) at rel_day 8: potential IF underweighting
[2026-01-29T17:30:12.209043] High prop at exactly tau (1.00) at rel_day 9: potential IF underweighting
[2026-01-29T17:30:25.246044] High prop at exactly tau (1.00) at rel_day 10: potential IF underweighting
[2026-01-29T17:30:38.264917] High prop at exactly tau (1.00) at rel_day 11: potential IF underweighting
[2026-01-29T17:30:51.265141] High prop at exactly tau (1.00) at rel_day 12: potential IF underweighting
[2026-01-29T17:31:04.244917] High prop at exactly tau (1.00) at rel_day 13: potential IF underweighting
[2026-01-29T17:31:17.239881] High prop at exactly tau (1.00) at rel_day 14: potential IF underweighting
[2026-01-29T17:31:30.215076] High prop at exactly tau (1.00) at rel_day 15: potential IF underweighting
[2026-01-29T17:31:43.210761] High prop at exactly tau (1.00) at rel_day 16: potential IF underweighting
[2026-01-29T17:31:56.195665] High prop at exactly tau (1.00) at rel_day 17: potential IF underweighting
[2026-01-29T17:32:09.167169] High prop at exactly tau (1.00) at rel_day 18: potential IF underweighting
[2026-01-29T17:32:22.132959] High prop at exactly tau (1.00) at rel_day 19: potential IF underweighting
[2026-01-29T17:32:35.109417] High prop at exactly tau (1.00) at rel_day 20: potential IF underweighting
[2026-01-29T17:32:48.095135] High prop at exactly tau (1.00) at rel_day 21: potential IF underweighting
[2026-01-29T17:33:01.085714] High prop at exactly tau (1.00) at rel_day 22: potential IF underweighting
[2026-01-29T17:33:14.062539] High prop at exactly tau (1.00) at rel_day 23: potential IF underweighting
[2026-01-29T17:33:27.030185] High prop at exactly tau (1.00) at rel_day 24: potential IF underweighting
[2026-01-29T17:33:39.991415] High prop at exactly tau (1.00) at rel_day 25: potential IF underweighting
[2026-01-29T17:33:52.939932] High prop at exactly tau (1.00) at rel_day 26: potential IF underweighting
[2026-01-29T17:34:05.896808] High prop at exactly tau (1.00) at rel_day 27: potential IF underweighting
[2026-01-29T17:34:18.847897] High prop at exactly tau (1.00) at rel_day 28: potential IF underweighting
[2026-01-29T17:34:31.784405] High prop at exactly tau (1.00) at rel_day 29: potential IF underweighting
[2026-01-29T17:34:44.749392] High prop at exactly tau (1.00) at rel_day 30: potential IF underweighting
[2026-01-29T17:34:57.702024] High prop at exactly tau (1.00) at rel_day 31: potential IF underweighting
[2026-01-29T17:35:10.651268] High prop at exactly tau (1.00) at rel_day 32: potential IF underweighting
[2026-01-29T17:35:23.600801] High prop at exactly tau (1.00) at rel_day 33: potential IF underweighting
[2026-01-29T17:35:36.542364] High prop at exactly tau (1.00) at rel_day 34: potential IF underweighting
[2026-01-29T17:35:49.495965] High prop at exactly tau (1.00) at rel_day 35: potential IF underweighting
[2026-01-29T17:36:02.466269] High prop at exactly tau (1.00) at rel_day 36: potential IF underweighting
[2026-01-29T17:36:15.406748] High prop at exactly tau (1.00) at rel_day 37: potential IF underweighting
[2026-01-29T17:36:28.404763] High prop at exactly tau (1.00) at rel_day 38: potential IF underweighting
[2026-01-29T17:36:42.139698] High prop at exactly tau (1.00) at rel_day 39: potential IF underweighting
[2026-01-29T17:36:56.869187] High prop at exactly tau (1.00) at rel_day 40: potential IF underweighting
[2026-01-29T17:37:09.938761] High prop at exactly tau (1.00) at rel_day 41: potential IF underweighting
[2026-01-29T17:37:23.072989] High prop at exactly tau (1.00) at rel_day 42: potential IF underweighting
[2026-01-29T17:37:36.182421] High prop at exactly tau (1.00) at rel_day 43: potential IF underweighting
[2026-01-29T17:37:49.267968] High prop at exactly tau (1.00) at rel_day 44: potential IF underweighting
[2026-01-29T17:38:02.696303] High prop at exactly tau (1.00) at rel_day 45: potential IF underweighting
[2026-01-29T17:38:15.624797] High prop at exactly tau (1.00) at rel_day 46: potential IF underweighting
[2026-01-29T17:38:29.012120] High prop at exactly tau (1.00) at rel_day 47: potential IF underweighting
[2026-01-29T17:38:42.706903] High prop at exactly tau (1.00) at rel_day 48: potential IF underweighting
[2026-01-29T17:38:55.646881] High prop at exactly tau (1.00) at rel_day 49: potential IF underweighting
[2026-01-29T17:39:08.591354] High prop at exactly tau (1.00) at rel_day 50: potential IF underweighting
[2026-01-29T17:39:21.537001] High prop at exactly tau (1.00) at rel_day 51: potential IF underweighting
[2026-01-29T17:39:34.478363] High prop at exactly tau (0.99) at rel_day 52: potential IF underweighting
[2026-01-29T17:39:47.462654] High prop at exactly tau (0.99) at rel_day 53: potential IF underweighting
[2026-01-29T17:40:00.403695] High prop at exactly tau (0.99) at rel_day 54: potential IF underweighting
[2026-01-29T17:40:13.321010] High prop at exactly tau (0.99) at rel_day 55: potential IF underweighting
[2026-01-29T17:40:26.812897] High prop at exactly tau (0.99) at rel_day 56: potential IF underweighting
[2026-01-29T17:40:39.737552] High prop at exactly tau (0.99) at rel_day 57: potential IF underweighting
[2026-01-29T17:40:52.664528] High prop at exactly tau (0.99) at rel_day 58: potential IF underweighting
[2026-01-29T17:41:05.605574] High prop at exactly tau (0.99) at rel_day 59: potential IF underweighting
[2026-01-29T17:41:18.495243] High prop at exactly tau (0.99) at rel_day 60: potential IF underweighting
[2026-01-29T17:41:31.407401] High prop at exactly tau (0.99) at rel_day 61: potential IF underweighting
[2026-01-29T17:41:44.336004] High prop at exactly tau (0.99) at rel_day 62: potential IF underweighting
[2026-01-29T17:41:57.255062] High prop at exactly tau (0.99) at rel_day 63: potential IF underweighting
[2026-01-29T17:42:10.153731] High prop at exactly tau (0.99) at rel_day 64: potential IF underweighting
[2026-01-29T17:42:23.049516] High prop at exactly tau (0.99) at rel_day 65: potential IF underweighting
[2026-01-29T17:42:35.970856] High prop at exactly tau (0.99) at rel_day 66: potential IF underweighting
[2026-01-29T17:42:48.843643] High prop at exactly tau (0.99) at rel_day 67: potential IF underweighting
[2026-01-29T17:43:01.730055] High prop at exactly tau (0.99) at rel_day 68: potential IF underweighting
[2026-01-29T17:43:14.633880] High prop at exactly tau (0.99) at rel_day 69: potential IF underweighting
[2026-01-29T17:43:27.509505] High prop at exactly tau (0.99) at rel_day 70: potential IF underweighting
[2026-01-29T17:43:40.506667] High prop at exactly tau (0.99) at rel_day 71: potential IF underweighting
[2026-01-29T17:43:53.400351] High prop at exactly tau (0.99) at rel_day 72: potential IF underweighting
[2026-01-29T17:44:06.292585] High prop at exactly tau (0.99) at rel_day 73: potential IF underweighting
[2026-01-29T17:44:19.333692] High prop at exactly tau (0.99) at rel_day 74: potential IF underweighting
[2026-01-29T17:44:32.226828] High prop at exactly tau (0.99) at rel_day 75: potential IF underweighting
[2026-01-29T17:44:45.075847] High prop at exactly tau (0.99) at rel_day 76: potential IF underweighting
[2026-01-29T17:44:57.996919] High prop at exactly tau (0.99) at rel_day 77: potential IF underweighting
[2026-01-29T17:45:10.884134] High prop at exactly tau (0.99) at rel_day 78: potential IF underweighting
[2026-01-29T17:45:23.804740] High prop at exactly tau (0.99) at rel_day 79: potential IF underweighting
[2026-01-29T17:45:36.671059] High prop at exactly tau (0.99) at rel_day 80: potential IF underweighting
[2026-01-29T17:45:49.521655] High prop at exactly tau (0.99) at rel_day 81: potential IF underweighting
[2026-01-29T17:46:02.368468] High prop at exactly tau (0.99) at rel_day 82: potential IF underweighting
[2026-01-29T17:46:15.242209] High prop at exactly tau (0.99) at rel_day 83: potential IF underweighting
[2026-01-29T17:46:28.062827] High prop at exactly tau (0.99) at rel_day 84: potential IF underweighting
[2026-01-29T17:46:40.932313] High prop at exactly tau (0.99) at rel_day 85: potential IF underweighting
[2026-01-29T17:46:53.793901] High prop at exactly tau (0.99) at rel_day 86: potential IF underweighting
[2026-01-29T17:47:06.681116] High prop at exactly tau (0.99) at rel_day 87: potential IF underweighting
[2026-01-29T17:47:19.516809] High prop at exactly tau (0.99) at rel_day 88: potential IF underweighting
[2026-01-29T17:47:32.362633] High prop at exactly tau (0.99) at rel_day 89: potential IF underweighting
[2026-01-29T17:47:45.208726] High prop at exactly tau (0.99) at rel_day 90: potential IF underweighting
[2026-01-29T17:47:58.056840] High prop at exactly tau (0.99) at rel_day 91: potential IF underweighting
[2026-01-29T17:48:10.903945] High prop at exactly tau (0.99) at rel_day 92: potential IF underweighting
[2026-01-29T17:48:23.714103] High prop at exactly tau (0.99) at rel_day 93: potential IF underweighting
[2026-01-29T17:48:36.559937] High prop at exactly tau (0.99) at rel_day 94: potential IF underweighting
[2026-01-29T17:48:49.390643] High prop at exactly tau (0.99) at rel_day 95: potential IF underweighting
[2026-01-29T17:49:02.208423] High prop at exactly tau (0.99) at rel_day 96: potential IF underweighting
[2026-01-29T17:49:15.008894] High prop at exactly tau (0.99) at rel_day 97: potential IF underweighting
[2026-01-29T17:49:27.841183] High prop at exactly tau (0.99) at rel_day 98: potential IF underweighting
[2026-01-29T17:49:40.655843] High prop at exactly tau (0.99) at rel_day 99: potential IF underweighting
[2026-01-29T17:49:53.481420] High prop at exactly tau (0.98) at rel_day 100: potential IF underweighting
[2026-01-29T17:50:06.297589] High prop at exactly tau (0.98) at rel_day 101: potential IF underweighting
[2026-01-29T17:50:19.119989] High prop at exactly tau (0.98) at rel_day 102: potential IF underweighting
[2026-01-29T17:50:31.900292] High prop at exactly tau (0.98) at rel_day 103: potential IF underweighting
[2026-01-29T17:50:44.682319] High prop at exactly tau (0.98) at rel_day 104: potential IF underweighting
[2026-01-29T17:50:57.491979] High prop at exactly tau (0.98) at rel_day 105: potential IF underweighting
[2026-01-29T17:51:10.283835] High prop at exactly tau (0.98) at rel_day 106: potential IF underweighting
[2026-01-29T17:51:23.065003] High prop at exactly tau (0.98) at rel_day 107: potential IF underweighting
[2026-01-29T17:51:35.864132] High prop at exactly tau (0.98) at rel_day 108: potential IF underweighting
[2026-01-29T17:51:48.692086] High prop at exactly tau (0.98) at rel_day 109: potential IF underweighting
[2026-01-29T17:52:01.481942] High prop at exactly tau (0.98) at rel_day 110: potential IF underweighting
[2026-01-29T17:52:14.249633] High prop at exactly tau (0.98) at rel_day 111: potential IF underweighting
[2026-01-29T17:52:27.027926] High prop at exactly tau (0.98) at rel_day 112: potential IF underweighting
[2026-01-29T17:52:39.825269] High prop at exactly tau (0.98) at rel_day 113: potential IF underweighting
[2026-01-29T17:52:52.577789] High prop at exactly tau (0.98) at rel_day 114: potential IF underweighting
[2026-01-29T17:53:05.321450] High prop at exactly tau (0.98) at rel_day 115: potential IF underweighting
[2026-01-29T17:53:18.055679] High prop at exactly tau (0.98) at rel_day 116: potential IF underweighting
[2026-01-29T17:53:30.786423] High prop at exactly tau (0.98) at rel_day 117: potential IF underweighting
[2026-01-29T17:53:43.510296] High prop at exactly tau (0.98) at rel_day 118: potential IF underweighting
[2026-01-29T17:53:56.229747] High prop at exactly tau (0.98) at rel_day 119: potential IF underweighting
[2026-01-29T17:54:08.932815] High prop at exactly tau (0.98) at rel_day 120: potential IF underweighting
[2026-01-29T17:54:32.126021] RMST conditions on survival to calendar_day — deliberate for definition, see method docs.
[2026-01-29T17:54:32.370874] High prop at exactly tau (1.00) at rel_day -60: potential IF underweighting
[2026-01-29T17:54:46.562116] High prop at exactly tau (1.00) at rel_day -59: potential IF underweighting
[2026-01-29T17:54:59.628885] High prop at exactly tau (1.00) at rel_day -58: potential IF underweighting
[2026-01-29T17:55:12.680827] High prop at exactly tau (1.00) at rel_day -57: potential IF underweighting
[2026-01-29T17:55:25.893687] High prop at exactly tau (1.00) at rel_day -56: potential IF underweighting
[2026-01-29T17:55:40.909963] High prop at exactly tau (1.00) at rel_day -55: potential IF underweighting
[2026-01-29T17:55:53.901484] High prop at exactly tau (1.00) at rel_day -54: potential IF underweighting
[2026-01-29T17:56:07.046807] High prop at exactly tau (1.00) at rel_day -53: potential IF underweighting
[2026-01-29T17:56:20.158955] High prop at exactly tau (1.00) at rel_day -52: potential IF underweighting
[2026-01-29T17:56:33.160199] High prop at exactly tau (1.00) at rel_day -51: potential IF underweighting
[2026-01-29T17:56:46.213931] High prop at exactly tau (1.00) at rel_day -50: potential IF underweighting
[2026-01-29T17:56:59.224763] High prop at exactly tau (1.00) at rel_day -49: potential IF underweighting
[2026-01-29T17:57:12.235772] High prop at exactly tau (1.00) at rel_day -48: potential IF underweighting
[2026-01-29T17:57:25.235234] High prop at exactly tau (1.00) at rel_day -47: potential IF underweighting
[2026-01-29T17:57:38.252187] High prop at exactly tau (1.00) at rel_day -46: potential IF underweighting
[2026-01-29T17:57:51.232661] High prop at exactly tau (1.00) at rel_day -45: potential IF underweighting
[2026-01-29T17:58:04.240089] High prop at exactly tau (1.00) at rel_day -44: potential IF underweighting
[2026-01-29T17:58:17.229704] High prop at exactly tau (1.00) at rel_day -43: potential IF underweighting
[2026-01-29T17:58:30.206988] High prop at exactly tau (1.00) at rel_day -42: potential IF underweighting
[2026-01-29T17:58:43.174204] High prop at exactly tau (1.00) at rel_day -41: potential IF underweighting
[2026-01-29T17:58:56.157899] High prop at exactly tau (1.00) at rel_day -40: potential IF underweighting
[2026-01-29T17:59:09.146811] High prop at exactly tau (1.00) at rel_day -39: potential IF underweighting
[2026-01-29T17:59:22.162637] High prop at exactly tau (1.00) at rel_day -38: potential IF underweighting
[2026-01-29T17:59:35.154684] High prop at exactly tau (1.00) at rel_day -37: potential IF underweighting
[2026-01-29T17:59:48.136120] High prop at exactly tau (1.00) at rel_day -36: potential IF underweighting
[2026-01-29T18:00:01.132506] High prop at exactly tau (1.00) at rel_day -35: potential IF underweighting
[2026-01-29T18:00:14.181355] High prop at exactly tau (1.00) at rel_day -34: potential IF underweighting
[2026-01-29T18:00:27.164734] High prop at exactly tau (1.00) at rel_day -33: potential IF underweighting
[2026-01-29T18:00:40.162650] High prop at exactly tau (1.00) at rel_day -32: potential IF underweighting
[2026-01-29T18:00:53.135279] High prop at exactly tau (1.00) at rel_day -31: potential IF underweighting
[2026-01-29T18:01:06.142550] High prop at exactly tau (1.00) at rel_day -30: potential IF underweighting
[2026-01-29T18:01:19.166175] High prop at exactly tau (1.00) at rel_day -29: potential IF underweighting
[2026-01-29T18:01:32.145632] High prop at exactly tau (1.00) at rel_day -28: potential IF underweighting
[2026-01-29T18:01:45.146733] High prop at exactly tau (1.00) at rel_day -27: potential IF underweighting
[2026-01-29T18:01:58.162532] High prop at exactly tau (1.00) at rel_day -26: potential IF underweighting
[2026-01-29T18:02:11.153834] High prop at exactly tau (1.00) at rel_day -25: potential IF underweighting
[2026-01-29T18:02:24.150594] High prop at exactly tau (1.00) at rel_day -24: potential IF underweighting
[2026-01-29T18:02:37.134273] High prop at exactly tau (1.00) at rel_day -23: potential IF underweighting
[2026-01-29T18:02:50.117782] High prop at exactly tau (1.00) at rel_day -22: potential IF underweighting
[2026-01-29T18:03:03.127664] High prop at exactly tau (1.00) at rel_day -21: potential IF underweighting
[2026-01-29T18:03:16.114680] High prop at exactly tau (1.00) at rel_day -20: potential IF underweighting
[2026-01-29T18:03:29.107880] High prop at exactly tau (1.00) at rel_day -19: potential IF underweighting
[2026-01-29T18:03:42.116165] High prop at exactly tau (1.00) at rel_day -18: potential IF underweighting
[2026-01-29T18:03:55.118553] High prop at exactly tau (1.00) at rel_day -17: potential IF underweighting
[2026-01-29T18:04:08.138758] High prop at exactly tau (1.00) at rel_day -16: potential IF underweighting
[2026-01-29T18:04:21.124519] High prop at exactly tau (1.00) at rel_day -15: potential IF underweighting
[2026-01-29T18:04:34.116121] High prop at exactly tau (1.00) at rel_day -14: potential IF underweighting
[2026-01-29T18:04:47.132259] High prop at exactly tau (1.00) at rel_day -13: potential IF underweighting
[2026-01-29T18:05:00.175610] High prop at exactly tau (1.00) at rel_day -12: potential IF underweighting
[2026-01-29T18:05:13.204387] High prop at exactly tau (1.00) at rel_day -11: potential IF underweighting
[2026-01-29T18:05:26.226970] High prop at exactly tau (1.00) at rel_day -10: potential IF underweighting
[2026-01-29T18:05:39.240775] High prop at exactly tau (1.00) at rel_day -9: potential IF underweighting
[2026-01-29T18:05:52.248404] High prop at exactly tau (1.00) at rel_day -8: potential IF underweighting
[2026-01-29T18:06:05.264637] High prop at exactly tau (1.00) at rel_day -7: potential IF underweighting
[2026-01-29T18:06:18.262124] High prop at exactly tau (1.00) at rel_day -6: potential IF underweighting
[2026-01-29T18:06:31.267064] High prop at exactly tau (1.00) at rel_day -5: potential IF underweighting
[2026-01-29T18:06:44.386115] High prop at exactly tau (1.00) at rel_day -4: potential IF underweighting
[2026-01-29T18:06:57.432425] High prop at exactly tau (1.00) at rel_day -3: potential IF underweighting
[2026-01-29T18:07:10.485185] High prop at exactly tau (1.00) at rel_day -2: potential IF underweighting
[2026-01-29T18:07:23.529348] High prop at exactly tau (1.00) at rel_day -1: potential IF underweighting
[2026-01-29T18:07:36.533815] High prop at exactly tau (1.00) at rel_day 0: potential IF underweighting
[2026-01-29T18:07:49.553254] High prop at exactly tau (1.00) at rel_day 1: potential IF underweighting
[2026-01-29T18:08:02.569784] High prop at exactly tau (1.00) at rel_day 2: potential IF underweighting
[2026-01-29T18:08:15.576933] High prop at exactly tau (1.00) at rel_day 3: potential IF underweighting
[2026-01-29T18:08:28.569742] High prop at exactly tau (1.00) at rel_day 4: potential IF underweighting
[2026-01-29T18:08:41.559400] High prop at exactly tau (1.00) at rel_day 5: potential IF underweighting
[2026-01-29T18:08:54.586359] High prop at exactly tau (1.00) at rel_day 6: potential IF underweighting
[2026-01-29T18:09:07.924372] High prop at exactly tau (1.00) at rel_day 7: potential IF underweighting
[2026-01-29T18:09:20.952395] High prop at exactly tau (1.00) at rel_day 8: potential IF underweighting
[2026-01-29T18:09:33.956983] High prop at exactly tau (1.00) at rel_day 9: potential IF underweighting
[2026-01-29T18:09:46.950265] High prop at exactly tau (1.00) at rel_day 10: potential IF underweighting
[2026-01-29T18:09:59.932557] High prop at exactly tau (1.00) at rel_day 11: potential IF underweighting
[2026-01-29T18:10:12.918968] High prop at exactly tau (1.00) at rel_day 12: potential IF underweighting
[2026-01-29T18:10:25.868583] High prop at exactly tau (1.00) at rel_day 13: potential IF underweighting
[2026-01-29T18:10:39.810700] High prop at exactly tau (1.00) at rel_day 14: potential IF underweighting
[2026-01-29T18:10:52.785713] High prop at exactly tau (1.00) at rel_day 15: potential IF underweighting
[2026-01-29T18:11:05.791844] High prop at exactly tau (1.00) at rel_day 16: potential IF underweighting
[2026-01-29T18:11:18.759985] High prop at exactly tau (1.00) at rel_day 17: potential IF underweighting
[2026-01-29T18:11:31.723974] High prop at exactly tau (1.00) at rel_day 18: potential IF underweighting
[2026-01-29T18:11:44.709479] High prop at exactly tau (1.00) at rel_day 19: potential IF underweighting
[2026-01-29T18:11:57.686204] High prop at exactly tau (1.00) at rel_day 20: potential IF underweighting
[2026-01-29T18:12:10.704450] High prop at exactly tau (1.00) at rel_day 21: potential IF underweighting
[2026-01-29T18:12:23.668071] High prop at exactly tau (1.00) at rel_day 22: potential IF underweighting
[2026-01-29T18:12:36.648860] High prop at exactly tau (1.00) at rel_day 23: potential IF underweighting
[2026-01-29T18:12:49.615922] High prop at exactly tau (1.00) at rel_day 24: potential IF underweighting
[2026-01-29T18:13:02.588931] High prop at exactly tau (1.00) at rel_day 25: potential IF underweighting
[2026-01-29T18:13:15.537374] High prop at exactly tau (1.00) at rel_day 26: potential IF underweighting
[2026-01-29T18:13:28.461976] High prop at exactly tau (1.00) at rel_day 27: potential IF underweighting
[2026-01-29T18:13:41.484496] High prop at exactly tau (1.00) at rel_day 28: potential IF underweighting
[2026-01-29T18:13:54.460151] High prop at exactly tau (1.00) at rel_day 29: potential IF underweighting
[2026-01-29T18:14:07.433965] High prop at exactly tau (1.00) at rel_day 30: potential IF underweighting
[2026-01-29T18:14:20.506320] High prop at exactly tau (1.00) at rel_day 31: potential IF underweighting
[2026-01-29T18:14:33.526232] High prop at exactly tau (1.00) at rel_day 32: potential IF underweighting
[2026-01-29T18:14:46.530966] High prop at exactly tau (1.00) at rel_day 33: potential IF underweighting
[2026-01-29T18:14:59.518484] High prop at exactly tau (1.00) at rel_day 34: potential IF underweighting
[2026-01-29T18:15:12.486582] High prop at exactly tau (1.00) at rel_day 35: potential IF underweighting
[2026-01-29T18:15:25.423039] High prop at exactly tau (1.00) at rel_day 36: potential IF underweighting
[2026-01-29T18:15:38.408454] High prop at exactly tau (1.00) at rel_day 37: potential IF underweighting
[2026-01-29T18:15:51.359945] High prop at exactly tau (1.00) at rel_day 38: potential IF underweighting
[2026-01-29T18:16:04.330647] High prop at exactly tau (1.00) at rel_day 39: potential IF underweighting
[2026-01-29T18:16:17.282781] High prop at exactly tau (1.00) at rel_day 40: potential IF underweighting
[2026-01-29T18:16:30.240067] High prop at exactly tau (1.00) at rel_day 41: potential IF underweighting
[2026-01-29T18:16:43.166805] High prop at exactly tau (1.00) at rel_day 42: potential IF underweighting
[2026-01-29T18:16:56.106386] High prop at exactly tau (1.00) at rel_day 43: potential IF underweighting
[2026-01-29T18:17:09.080384] High prop at exactly tau (1.00) at rel_day 44: potential IF underweighting
[2026-01-29T18:17:22.055748] High prop at exactly tau (1.00) at rel_day 45: potential IF underweighting
[2026-01-29T18:17:35.020912] High prop at exactly tau (1.00) at rel_day 46: potential IF underweighting
[2026-01-29T18:17:47.956431] High prop at exactly tau (1.00) at rel_day 47: potential IF underweighting
[2026-01-29T18:18:00.887337] High prop at exactly tau (1.00) at rel_day 48: potential IF underweighting
[2026-01-29T18:18:13.800118] High prop at exactly tau (1.00) at rel_day 49: potential IF underweighting
[2026-01-29T18:18:26.728001] High prop at exactly tau (1.00) at rel_day 50: potential IF underweighting
[2026-01-29T18:18:39.659669] High prop at exactly tau (1.00) at rel_day 51: potential IF underweighting
[2026-01-29T18:18:52.604380] High prop at exactly tau (1.00) at rel_day 52: potential IF underweighting
[2026-01-29T18:19:05.524771] High prop at exactly tau (1.00) at rel_day 53: potential IF underweighting
[2026-01-29T18:19:18.428525] High prop at exactly tau (0.99) at rel_day 54: potential IF underweighting
[2026-01-29T18:19:31.345384] High prop at exactly tau (0.99) at rel_day 55: potential IF underweighting
[2026-01-29T18:19:44.281437] High prop at exactly tau (0.99) at rel_day 56: potential IF underweighting
[2026-01-29T18:19:57.203855] High prop at exactly tau (0.99) at rel_day 57: potential IF underweighting
[2026-01-29T18:20:10.174763] High prop at exactly tau (0.99) at rel_day 58: potential IF underweighting
[2026-01-29T18:20:23.096318] High prop at exactly tau (0.99) at rel_day 59: potential IF underweighting
[2026-01-29T18:20:36.013798] High prop at exactly tau (0.99) at rel_day 60: potential IF underweighting
[2026-01-29T18:20:48.909988] High prop at exactly tau (0.99) at rel_day 61: potential IF underweighting
[2026-01-29T18:21:01.832066] High prop at exactly tau (0.99) at rel_day 62: potential IF underweighting
[2026-01-29T18:21:14.735239] High prop at exactly tau (0.99) at rel_day 63: potential IF underweighting
[2026-01-29T18:21:27.682137] High prop at exactly tau (0.99) at rel_day 64: potential IF underweighting
[2026-01-29T18:21:41.200607] High prop at exactly tau (0.99) at rel_day 65: potential IF underweighting
[2026-01-29T18:21:54.214292] High prop at exactly tau (0.99) at rel_day 66: potential IF underweighting
[2026-01-29T18:22:07.126252] High prop at exactly tau (0.99) at rel_day 67: potential IF underweighting
[2026-01-29T18:22:20.046401] High prop at exactly tau (0.99) at rel_day 68: potential IF underweighting
[2026-01-29T18:22:32.933005] High prop at exactly tau (0.99) at rel_day 69: potential IF underweighting
[2026-01-29T18:22:45.828073] High prop at exactly tau (0.99) at rel_day 70: potential IF underweighting
[2026-01-29T18:22:58.722823] High prop at exactly tau (0.99) at rel_day 71: potential IF underweighting
[2026-01-29T18:23:11.609483] High prop at exactly tau (0.99) at rel_day 72: potential IF underweighting
[2026-01-29T18:23:24.493377] High prop at exactly tau (0.99) at rel_day 73: potential IF underweighting
[2026-01-29T18:23:37.403403] High prop at exactly tau (0.99) at rel_day 74: potential IF underweighting
[2026-01-29T18:23:50.296569] High prop at exactly tau (0.99) at rel_day 75: potential IF underweighting
[2026-01-29T18:24:03.176052] High prop at exactly tau (0.99) at rel_day 76: potential IF underweighting
[2026-01-29T18:24:16.070166] High prop at exactly tau (0.99) at rel_day 77: potential IF underweighting
[2026-01-29T18:24:28.979284] High prop at exactly tau (0.99) at rel_day 78: potential IF underweighting
[2026-01-29T18:24:41.868932] High prop at exactly tau (0.99) at rel_day 79: potential IF underweighting
[2026-01-29T18:24:54.721594] High prop at exactly tau (0.99) at rel_day 80: potential IF underweighting
[2026-01-29T18:25:07.605553] High prop at exactly tau (0.99) at rel_day 81: potential IF underweighting
[2026-01-29T18:25:20.485089] High prop at exactly tau (0.99) at rel_day 82: potential IF underweighting
[2026-01-29T18:25:33.358069] High prop at exactly tau (0.99) at rel_day 83: potential IF underweighting
[2026-01-29T18:25:46.701312] High prop at exactly tau (0.99) at rel_day 84: potential IF underweighting
[2026-01-29T18:25:59.581524] High prop at exactly tau (0.99) at rel_day 85: potential IF underweighting
[2026-01-29T18:26:12.469032] High prop at exactly tau (0.99) at rel_day 86: potential IF underweighting
[2026-01-29T18:26:25.341802] High prop at exactly tau (0.99) at rel_day 87: potential IF underweighting
[2026-01-29T18:26:38.195145] High prop at exactly tau (0.99) at rel_day 88: potential IF underweighting
[2026-01-29T18:26:51.058123] High prop at exactly tau (0.99) at rel_day 89: potential IF underweighting
[2026-01-29T18:27:03.910630] High prop at exactly tau (0.99) at rel_day 90: potential IF underweighting
[2026-01-29T18:27:16.785235] High prop at exactly tau (0.99) at rel_day 91: potential IF underweighting
[2026-01-29T18:27:29.632896] High prop at exactly tau (0.99) at rel_day 92: potential IF underweighting
[2026-01-29T18:27:42.490482] High prop at exactly tau (0.99) at rel_day 93: potential IF underweighting
[2026-01-29T18:27:55.342149] High prop at exactly tau (0.99) at rel_day 94: potential IF underweighting
[2026-01-29T18:28:08.175392] High prop at exactly tau (0.99) at rel_day 95: potential IF underweighting
[2026-01-29T18:28:21.034902] High prop at exactly tau (0.99) at rel_day 96: potential IF underweighting
[2026-01-29T18:28:33.879578] High prop at exactly tau (0.99) at rel_day 97: potential IF underweighting
[2026-01-29T18:28:46.698389] High prop at exactly tau (0.99) at rel_day 98: potential IF underweighting
[2026-01-29T18:28:59.525198] High prop at exactly tau (0.99) at rel_day 99: potential IF underweighting
[2026-01-29T18:29:12.448821] High prop at exactly tau (0.98) at rel_day 100: potential IF underweighting
[2026-01-29T18:29:25.287195] High prop at exactly tau (0.98) at rel_day 101: potential IF underweighting
[2026-01-29T18:29:38.092112] High prop at exactly tau (0.98) at rel_day 102: potential IF underweighting
[2026-01-29T18:29:50.913344] High prop at exactly tau (0.98) at rel_day 103: potential IF underweighting
[2026-01-29T18:30:03.708343] High prop at exactly tau (0.98) at rel_day 104: potential IF underweighting
[2026-01-29T18:30:16.528592] High prop at exactly tau (0.98) at rel_day 105: potential IF underweighting
[2026-01-29T18:30:29.303979] High prop at exactly tau (0.98) at rel_day 106: potential IF underweighting
[2026-01-29T18:30:42.104829] High prop at exactly tau (0.98) at rel_day 107: potential IF underweighting
[2026-01-29T18:30:54.916657] High prop at exactly tau (0.98) at rel_day 108: potential IF underweighting
[2026-01-29T18:31:07.718234] High prop at exactly tau (0.98) at rel_day 109: potential IF underweighting
[2026-01-29T18:31:20.609235] High prop at exactly tau (0.98) at rel_day 110: potential IF underweighting
[2026-01-29T18:31:33.399409] High prop at exactly tau (0.98) at rel_day 111: potential IF underweighting
[2026-01-29T18:31:46.208309] High prop at exactly tau (0.98) at rel_day 112: potential IF underweighting
[2026-01-29T18:31:58.987017] High prop at exactly tau (0.98) at rel_day 113: potential IF underweighting
[2026-01-29T18:32:11.761844] High prop at exactly tau (0.98) at rel_day 114: potential IF underweighting
[2026-01-29T18:32:24.523686] High prop at exactly tau (0.98) at rel_day 115: potential IF underweighting
[2026-01-29T18:32:37.257067] High prop at exactly tau (0.98) at rel_day 116: potential IF underweighting
[2026-01-29T18:32:50.024413] High prop at exactly tau (0.98) at rel_day 117: potential IF underweighting
[2026-01-29T18:33:02.772552] High prop at exactly tau (0.98) at rel_day 118: potential IF underweighting
[2026-01-29T18:33:15.493071] High prop at exactly tau (0.98) at rel_day 119: potential IF underweighting
[2026-01-29T18:33:28.232392] High prop at exactly tau (0.98) at rel_day 120: potential IF underweighting
[2026-01-29T18:33:51.166168] RMST conditions on survival to calendar_day — deliberate for definition, see method docs.
[2026-01-29T18:33:51.419788] High prop at exactly tau (1.00) at rel_day -60: potential IF underweighting
[2026-01-29T18:34:04.823930] High prop at exactly tau (1.00) at rel_day -59: potential IF underweighting
[2026-01-29T18:34:17.864775] High prop at exactly tau (1.00) at rel_day -58: potential IF underweighting
[2026-01-29T18:34:30.874542] High prop at exactly tau (1.00) at rel_day -57: potential IF underweighting
[2026-01-29T18:34:43.883406] High prop at exactly tau (1.00) at rel_day -56: potential IF underweighting
[2026-01-29T18:34:56.891509] High prop at exactly tau (1.00) at rel_day -55: potential IF underweighting
[2026-01-29T18:35:09.932358] High prop at exactly tau (1.00) at rel_day -54: potential IF underweighting
[2026-01-29T18:35:22.945218] High prop at exactly tau (1.00) at rel_day -53: potential IF underweighting
[2026-01-29T18:35:35.974005] High prop at exactly tau (1.00) at rel_day -52: potential IF underweighting
[2026-01-29T18:35:48.984820] High prop at exactly tau (1.00) at rel_day -51: potential IF underweighting
[2026-01-29T18:36:02.006622] High prop at exactly tau (1.00) at rel_day -50: potential IF underweighting
[2026-01-29T18:36:15.005966] High prop at exactly tau (1.00) at rel_day -49: potential IF underweighting
[2026-01-29T18:36:28.052369] High prop at exactly tau (1.00) at rel_day -48: potential IF underweighting
[2026-01-29T18:36:41.104261] High prop at exactly tau (1.00) at rel_day -47: potential IF underweighting
[2026-01-29T18:36:54.187862] High prop at exactly tau (1.00) at rel_day -46: potential IF underweighting
[2026-01-29T18:37:07.291169] High prop at exactly tau (1.00) at rel_day -45: potential IF underweighting
[2026-01-29T18:37:20.399836] High prop at exactly tau (1.00) at rel_day -44: potential IF underweighting
[2026-01-29T18:37:33.411700] High prop at exactly tau (1.00) at rel_day -43: potential IF underweighting
[2026-01-29T18:37:46.458408] High prop at exactly tau (1.00) at rel_day -42: potential IF underweighting
[2026-01-29T18:37:59.486190] High prop at exactly tau (1.00) at rel_day -41: potential IF underweighting
[2026-01-29T18:38:12.488720] High prop at exactly tau (1.00) at rel_day -40: potential IF underweighting
[2026-01-29T18:38:25.499339] High prop at exactly tau (1.00) at rel_day -39: potential IF underweighting
[2026-01-29T18:38:38.753838] High prop at exactly tau (1.00) at rel_day -38: potential IF underweighting
[2026-01-29T18:38:51.788416] High prop at exactly tau (1.00) at rel_day -37: potential IF underweighting
[2026-01-29T18:39:04.818485] High prop at exactly tau (1.00) at rel_day -36: potential IF underweighting
[2026-01-29T18:39:17.835505] High prop at exactly tau (1.00) at rel_day -35: potential IF underweighting
[2026-01-29T18:39:31.059665] High prop at exactly tau (1.00) at rel_day -34: potential IF underweighting
[2026-01-29T18:39:44.084000] High prop at exactly tau (1.00) at rel_day -33: potential IF underweighting
[2026-01-29T18:39:57.062844] High prop at exactly tau (1.00) at rel_day -32: potential IF underweighting
[2026-01-29T18:40:10.097578] High prop at exactly tau (1.00) at rel_day -31: potential IF underweighting
[2026-01-29T18:40:23.081060] High prop at exactly tau (1.00) at rel_day -30: potential IF underweighting
[2026-01-29T18:40:36.085645] High prop at exactly tau (1.00) at rel_day -29: potential IF underweighting
[2026-01-29T18:40:49.902092] High prop at exactly tau (1.00) at rel_day -28: potential IF underweighting
[2026-01-29T18:41:02.915260] High prop at exactly tau (1.00) at rel_day -27: potential IF underweighting
[2026-01-29T18:41:15.933437] High prop at exactly tau (1.00) at rel_day -26: potential IF underweighting
[2026-01-29T18:41:28.934507] High prop at exactly tau (1.00) at rel_day -25: potential IF underweighting
[2026-01-29T18:41:41.956285] High prop at exactly tau (1.00) at rel_day -24: potential IF underweighting
[2026-01-29T18:41:54.964736] High prop at exactly tau (1.00) at rel_day -23: potential IF underweighting
[2026-01-29T18:42:07.969914] High prop at exactly tau (1.00) at rel_day -22: potential IF underweighting
[2026-01-29T18:42:20.987222] High prop at exactly tau (1.00) at rel_day -21: potential IF underweighting
[2026-01-29T18:42:34.011207] High prop at exactly tau (1.00) at rel_day -20: potential IF underweighting
[2026-01-29T18:42:47.022584] High prop at exactly tau (1.00) at rel_day -19: potential IF underweighting
[2026-01-29T18:43:00.039231] High prop at exactly tau (1.00) at rel_day -18: potential IF underweighting
[2026-01-29T18:43:13.055727] High prop at exactly tau (1.00) at rel_day -17: potential IF underweighting
[2026-01-29T18:43:26.080913] High prop at exactly tau (1.00) at rel_day -16: potential IF underweighting
[2026-01-29T18:43:39.107929] High prop at exactly tau (1.00) at rel_day -15: potential IF underweighting
[2026-01-29T18:43:52.121673] High prop at exactly tau (1.00) at rel_day -14: potential IF underweighting
[2026-01-29T18:44:05.150463] High prop at exactly tau (1.00) at rel_day -13: potential IF underweighting
[2026-01-29T18:44:18.177102] High prop at exactly tau (1.00) at rel_day -12: potential IF underweighting
[2026-01-29T18:44:31.174146] High prop at exactly tau (1.00) at rel_day -11: potential IF underweighting
[2026-01-29T18:44:44.182844] High prop at exactly tau (1.00) at rel_day -10: potential IF underweighting
[2026-01-29T18:44:57.201153] High prop at exactly tau (1.00) at rel_day -9: potential IF underweighting
[2026-01-29T18:45:10.227635] High prop at exactly tau (1.00) at rel_day -8: potential IF underweighting
[2026-01-29T18:45:23.278072] High prop at exactly tau (1.00) at rel_day -7: potential IF underweighting
[2026-01-29T18:45:36.293591] High prop at exactly tau (1.00) at rel_day -6: potential IF underweighting
[2026-01-29T18:45:49.301297] High prop at exactly tau (1.00) at rel_day -5: potential IF underweighting
[2026-01-29T18:46:02.315465] High prop at exactly tau (1.00) at rel_day -4: potential IF underweighting
[2026-01-29T18:46:15.347379] High prop at exactly tau (1.00) at rel_day -3: potential IF underweighting
[2026-01-29T18:46:28.347017] High prop at exactly tau (1.00) at rel_day -2: potential IF underweighting
[2026-01-29T18:46:41.373147] High prop at exactly tau (1.00) at rel_day -1: potential IF underweighting
[2026-01-29T18:46:54.390466] High prop at exactly tau (1.00) at rel_day 0: potential IF underweighting
[2026-01-29T18:47:07.402714] High prop at exactly tau (1.00) at rel_day 1: potential IF underweighting
[2026-01-29T18:47:20.424259] High prop at exactly tau (1.00) at rel_day 2: potential IF underweighting
[2026-01-29T18:47:33.417909] High prop at exactly tau (1.00) at rel_day 3: potential IF underweighting
[2026-01-29T18:47:46.397529] High prop at exactly tau (1.00) at rel_day 4: potential IF underweighting
[2026-01-29T18:47:59.391578] High prop at exactly tau (1.00) at rel_day 5: potential IF underweighting
[2026-01-29T18:48:12.375009] High prop at exactly tau (1.00) at rel_day 6: potential IF underweighting
[2026-01-29T18:48:25.354289] High prop at exactly tau (1.00) at rel_day 7: potential IF underweighting
[2026-01-29T18:48:38.350340] High prop at exactly tau (1.00) at rel_day 8: potential IF underweighting
[2026-01-29T18:48:51.360186] High prop at exactly tau (1.00) at rel_day 9: potential IF underweighting
[2026-01-29T18:49:04.395852] High prop at exactly tau (1.00) at rel_day 10: potential IF underweighting
[2026-01-29T18:49:17.389615] High prop at exactly tau (1.00) at rel_day 11: potential IF underweighting
[2026-01-29T18:49:30.381192] High prop at exactly tau (1.00) at rel_day 12: potential IF underweighting
[2026-01-29T18:49:43.353415] High prop at exactly tau (1.00) at rel_day 13: potential IF underweighting
[2026-01-29T18:49:56.350546] High prop at exactly tau (1.00) at rel_day 14: potential IF underweighting
[2026-01-29T18:50:09.358839] High prop at exactly tau (1.00) at rel_day 15: potential IF underweighting
[2026-01-29T18:50:22.339571] High prop at exactly tau (1.00) at rel_day 16: potential IF underweighting
[2026-01-29T18:50:35.443875] High prop at exactly tau (1.00) at rel_day 17: potential IF underweighting
[2026-01-29T18:50:48.437333] High prop at exactly tau (1.00) at rel_day 18: potential IF underweighting
[2026-01-29T18:51:01.421055] High prop at exactly tau (1.00) at rel_day 19: potential IF underweighting
[2026-01-29T18:51:14.396084] High prop at exactly tau (1.00) at rel_day 20: potential IF underweighting
[2026-01-29T18:51:27.365086] High prop at exactly tau (1.00) at rel_day 21: potential IF underweighting
[2026-01-29T18:51:40.361125] High prop at exactly tau (1.00) at rel_day 22: potential IF underweighting
[2026-01-29T18:51:53.343425] High prop at exactly tau (1.00) at rel_day 23: potential IF underweighting
[2026-01-29T18:52:06.352555] High prop at exactly tau (1.00) at rel_day 24: potential IF underweighting
[2026-01-29T18:52:19.334275] High prop at exactly tau (1.00) at rel_day 25: potential IF underweighting
[2026-01-29T18:52:32.334711] High prop at exactly tau (1.00) at rel_day 26: potential IF underweighting
[2026-01-29T18:52:45.356495] High prop at exactly tau (1.00) at rel_day 27: potential IF underweighting
[2026-01-29T18:52:58.304258] High prop at exactly tau (1.00) at rel_day 28: potential IF underweighting
[2026-01-29T18:53:11.282972] High prop at exactly tau (1.00) at rel_day 29: potential IF underweighting
[2026-01-29T18:53:24.256120] High prop at exactly tau (1.00) at rel_day 30: potential IF underweighting
[2026-01-29T18:53:37.232766] High prop at exactly tau (1.00) at rel_day 31: potential IF underweighting
[2026-01-29T18:53:50.195753] High prop at exactly tau (1.00) at rel_day 32: potential IF underweighting
[2026-01-29T18:54:03.173582] High prop at exactly tau (1.00) at rel_day 33: potential IF underweighting
[2026-01-29T18:54:16.117509] High prop at exactly tau (1.00) at rel_day 34: potential IF underweighting
[2026-01-29T18:54:29.049708] High prop at exactly tau (1.00) at rel_day 35: potential IF underweighting
[2026-01-29T18:54:41.976844] High prop at exactly tau (1.00) at rel_day 36: potential IF underweighting
[2026-01-29T18:54:54.941877] High prop at exactly tau (1.00) at rel_day 37: potential IF underweighting
[2026-01-29T18:55:07.937224] High prop at exactly tau (1.00) at rel_day 38: potential IF underweighting
[2026-01-29T18:55:20.900557] High prop at exactly tau (1.00) at rel_day 39: potential IF underweighting
[2026-01-29T18:55:33.866732] High prop at exactly tau (1.00) at rel_day 40: potential IF underweighting
[2026-01-29T18:55:47.340777] High prop at exactly tau (1.00) at rel_day 41: potential IF underweighting
[2026-01-29T18:56:00.294247] High prop at exactly tau (1.00) at rel_day 42: potential IF underweighting
[2026-01-29T18:56:13.258349] High prop at exactly tau (1.00) at rel_day 43: potential IF underweighting
[2026-01-29T18:56:26.186832] High prop at exactly tau (1.00) at rel_day 44: potential IF underweighting
[2026-01-29T18:56:39.152631] High prop at exactly tau (1.00) at rel_day 45: potential IF underweighting
[2026-01-29T18:56:52.082092] High prop at exactly tau (1.00) at rel_day 46: potential IF underweighting
[2026-01-29T18:57:05.031538] High prop at exactly tau (1.00) at rel_day 47: potential IF underweighting
[2026-01-29T18:57:17.968695] High prop at exactly tau (1.00) at rel_day 48: potential IF underweighting
[2026-01-29T18:57:30.922811] High prop at exactly tau (1.00) at rel_day 49: potential IF underweighting
[2026-01-29T18:57:43.856949] High prop at exactly tau (1.00) at rel_day 50: potential IF underweighting
[2026-01-29T18:57:56.773291] High prop at exactly tau (1.00) at rel_day 51: potential IF underweighting
[2026-01-29T18:58:09.708587] High prop at exactly tau (1.00) at rel_day 52: potential IF underweighting
[2026-01-29T18:58:22.619734] High prop at exactly tau (1.00) at rel_day 53: potential IF underweighting
[2026-01-29T18:58:35.530760] High prop at exactly tau (0.99) at rel_day 54: potential IF underweighting
[2026-01-29T18:58:48.448017] High prop at exactly tau (0.99) at rel_day 55: potential IF underweighting
[2026-01-29T18:59:01.359047] High prop at exactly tau (0.99) at rel_day 56: potential IF underweighting
[2026-01-29T18:59:14.275696] High prop at exactly tau (0.99) at rel_day 57: potential IF underweighting
[2026-01-29T18:59:27.183351] High prop at exactly tau (0.99) at rel_day 58: potential IF underweighting
[2026-01-29T18:59:40.092037] High prop at exactly tau (0.99) at rel_day 59: potential IF underweighting
[2026-01-29T18:59:53.028519] High prop at exactly tau (0.99) at rel_day 60: potential IF underweighting
[2026-01-29T19:00:05.944400] High prop at exactly tau (0.99) at rel_day 61: potential IF underweighting
[2026-01-29T19:00:18.858799] High prop at exactly tau (0.99) at rel_day 62: potential IF underweighting
[2026-01-29T19:00:31.745556] High prop at exactly tau (0.99) at rel_day 63: potential IF underweighting
[2026-01-29T19:00:44.663496] High prop at exactly tau (0.99) at rel_day 64: potential IF underweighting
[2026-01-29T19:00:57.551495] High prop at exactly tau (0.99) at rel_day 65: potential IF underweighting
[2026-01-29T19:01:10.472751] High prop at exactly tau (0.99) at rel_day 66: potential IF underweighting
[2026-01-29T19:01:23.347541] High prop at exactly tau (0.99) at rel_day 67: potential IF underweighting
[2026-01-29T19:01:36.214461] High prop at exactly tau (0.99) at rel_day 68: potential IF underweighting
[2026-01-29T19:01:49.124409] High prop at exactly tau (0.99) at rel_day 69: potential IF underweighting
[2026-01-29T19:02:02.002956] High prop at exactly tau (0.99) at rel_day 70: potential IF underweighting
[2026-01-29T19:02:14.897074] High prop at exactly tau (0.99) at rel_day 71: potential IF underweighting
[2026-01-29T19:02:27.775112] High prop at exactly tau (0.99) at rel_day 72: potential IF underweighting
[2026-01-29T19:02:40.655644] High prop at exactly tau (0.99) at rel_day 73: potential IF underweighting
[2026-01-29T19:02:53.522819] High prop at exactly tau (0.99) at rel_day 74: potential IF underweighting
[2026-01-29T19:03:06.408673] High prop at exactly tau (0.99) at rel_day 75: potential IF underweighting
[2026-01-29T19:03:19.289730] High prop at exactly tau (0.99) at rel_day 76: potential IF underweighting
[2026-01-29T19:03:32.145863] High prop at exactly tau (0.99) at rel_day 77: potential IF underweighting
[2026-01-29T19:03:45.036200] High prop at exactly tau (0.99) at rel_day 78: potential IF underweighting
[2026-01-29T19:03:57.904912] High prop at exactly tau (0.99) at rel_day 79: potential IF underweighting
[2026-01-29T19:04:10.771546] High prop at exactly tau (0.99) at rel_day 80: potential IF underweighting
[2026-01-29T19:04:23.624724] High prop at exactly tau (0.99) at rel_day 81: potential IF underweighting
[2026-01-29T19:04:36.477256] High prop at exactly tau (0.99) at rel_day 82: potential IF underweighting
[2026-01-29T19:04:49.348550] High prop at exactly tau (0.99) at rel_day 83: potential IF underweighting
[2026-01-29T19:05:02.231370] High prop at exactly tau (0.99) at rel_day 84: potential IF underweighting
[2026-01-29T19:05:15.095804] High prop at exactly tau (0.99) at rel_day 85: potential IF underweighting
[2026-01-29T19:05:27.958196] High prop at exactly tau (0.99) at rel_day 86: potential IF underweighting
[2026-01-29T19:05:40.822159] High prop at exactly tau (0.99) at rel_day 87: potential IF underweighting
[2026-01-29T19:05:53.691707] High prop at exactly tau (0.99) at rel_day 88: potential IF underweighting
[2026-01-29T19:06:06.566630] High prop at exactly tau (0.99) at rel_day 89: potential IF underweighting
[2026-01-29T19:06:19.399538] High prop at exactly tau (0.99) at rel_day 90: potential IF underweighting
[2026-01-29T19:06:32.226752] High prop at exactly tau (0.99) at rel_day 91: potential IF underweighting
[2026-01-29T19:06:45.061589] High prop at exactly tau (0.99) at rel_day 92: potential IF underweighting
[2026-01-29T19:06:57.922246] High prop at exactly tau (0.99) at rel_day 93: potential IF underweighting
[2026-01-29T19:07:10.786757] High prop at exactly tau (0.99) at rel_day 94: potential IF underweighting
[2026-01-29T19:07:23.642415] High prop at exactly tau (0.99) at rel_day 95: potential IF underweighting
[2026-01-29T19:07:36.447704] High prop at exactly tau (0.99) at rel_day 96: potential IF underweighting
[2026-01-29T19:07:49.272467] High prop at exactly tau (0.99) at rel_day 97: potential IF underweighting
[2026-01-29T19:08:02.089345] High prop at exactly tau (0.99) at rel_day 98: potential IF underweighting
[2026-01-29T19:08:14.909692] High prop at exactly tau (0.99) at rel_day 99: potential IF underweighting
[2026-01-29T19:08:27.693934] High prop at exactly tau (0.98) at rel_day 100: potential IF underweighting
[2026-01-29T19:08:40.522135] High prop at exactly tau (0.98) at rel_day 101: potential IF underweighting
[2026-01-29T19:08:53.377369] High prop at exactly tau (0.98) at rel_day 102: potential IF underweighting
[2026-01-29T19:09:06.197253] High prop at exactly tau (0.98) at rel_day 103: potential IF underweighting
[2026-01-29T19:09:19.000636] High prop at exactly tau (0.98) at rel_day 104: potential IF underweighting
[2026-01-29T19:09:31.799108] High prop at exactly tau (0.98) at rel_day 105: potential IF underweighting
[2026-01-29T19:09:44.593852] High prop at exactly tau (0.98) at rel_day 106: potential IF underweighting
[2026-01-29T19:09:57.426990] High prop at exactly tau (0.98) at rel_day 107: potential IF underweighting
[2026-01-29T19:10:10.234533] High prop at exactly tau (0.98) at rel_day 108: potential IF underweighting
[2026-01-29T19:10:23.021558] High prop at exactly tau (0.98) at rel_day 109: potential IF underweighting
[2026-01-29T19:10:35.794951] High prop at exactly tau (0.98) at rel_day 110: potential IF underweighting
[2026-01-29T19:10:48.972118] High prop at exactly tau (0.98) at rel_day 111: potential IF underweighting
[2026-01-29T19:11:02.082679] High prop at exactly tau (0.98) at rel_day 112: potential IF underweighting
[2026-01-29T19:11:14.862541] High prop at exactly tau (0.98) at rel_day 113: potential IF underweighting
[2026-01-29T19:11:27.600859] High prop at exactly tau (0.98) at rel_day 114: potential IF underweighting
[2026-01-29T19:11:40.406010] High prop at exactly tau (0.98) at rel_day 115: potential IF underweighting
[2026-01-29T19:11:53.186208] High prop at exactly tau (0.98) at rel_day 116: potential IF underweighting
[2026-01-29T19:12:05.964265] High prop at exactly tau (0.98) at rel_day 117: potential IF underweighting
[2026-01-29T19:12:18.724243] High prop at exactly tau (0.98) at rel_day 118: potential IF underweighting
[2026-01-29T19:12:31.451442] High prop at exactly tau (0.98) at rel_day 119: potential IF underweighting
[2026-01-29T19:12:44.211048] High prop at exactly tau (0.98) at rel_day 120: potential IF underweighting
[2026-01-29T19:13:05.671797] RMST conditions on survival to calendar_day — deliberate for definition, see method docs.
[2026-01-29T19:13:05.907664] High prop at exactly tau (1.00) at rel_day -60: potential IF underweighting
[2026-01-29T19:13:19.942523] High prop at exactly tau (1.00) at rel_day -59: potential IF underweighting
[2026-01-29T19:13:32.942573] High prop at exactly tau (1.00) at rel_day -58: potential IF underweighting
[2026-01-29T19:13:46.076185] High prop at exactly tau (1.00) at rel_day -57: potential IF underweighting
[2026-01-29T19:13:59.080435] High prop at exactly tau (1.00) at rel_day -56: potential IF underweighting
[2026-01-29T19:14:12.056152] High prop at exactly tau (1.00) at rel_day -55: potential IF underweighting
[2026-01-29T19:14:25.311804] High prop at exactly tau (1.00) at rel_day -54: potential IF underweighting
[2026-01-29T19:14:38.379498] High prop at exactly tau (1.00) at rel_day -53: potential IF underweighting
[2026-01-29T19:14:51.399227] High prop at exactly tau (1.00) at rel_day -52: potential IF underweighting
[2026-01-29T19:15:04.483891] High prop at exactly tau (1.00) at rel_day -51: potential IF underweighting
[2026-01-29T19:15:17.511089] High prop at exactly tau (1.00) at rel_day -50: potential IF underweighting
[2026-01-29T19:15:30.495905] High prop at exactly tau (1.00) at rel_day -49: potential IF underweighting
[2026-01-29T19:15:43.519812] High prop at exactly tau (1.00) at rel_day -48: potential IF underweighting
[2026-01-29T19:15:56.537786] High prop at exactly tau (1.00) at rel_day -47: potential IF underweighting
[2026-01-29T19:16:09.533250] High prop at exactly tau (1.00) at rel_day -46: potential IF underweighting
[2026-01-29T19:16:22.565283] High prop at exactly tau (1.00) at rel_day -45: potential IF underweighting
[2026-01-29T19:16:35.561578] High prop at exactly tau (1.00) at rel_day -44: potential IF underweighting
[2026-01-29T19:16:48.580851] High prop at exactly tau (1.00) at rel_day -43: potential IF underweighting
[2026-01-29T19:17:01.594419] High prop at exactly tau (1.00) at rel_day -42: potential IF underweighting
[2026-01-29T19:17:14.606968] High prop at exactly tau (1.00) at rel_day -41: potential IF underweighting
[2026-01-29T19:17:27.607149] High prop at exactly tau (1.00) at rel_day -40: potential IF underweighting
[2026-01-29T19:17:40.620813] High prop at exactly tau (1.00) at rel_day -39: potential IF underweighting
[2026-01-29T19:17:53.624087] High prop at exactly tau (1.00) at rel_day -38: potential IF underweighting
[2026-01-29T19:18:06.626482] High prop at exactly tau (1.00) at rel_day -37: potential IF underweighting
[2026-01-29T19:18:19.620862] High prop at exactly tau (1.00) at rel_day -36: potential IF underweighting
[2026-01-29T19:18:32.632189] High prop at exactly tau (1.00) at rel_day -35: potential IF underweighting
[2026-01-29T19:18:45.647790] High prop at exactly tau (1.00) at rel_day -34: potential IF underweighting
[2026-01-29T19:18:58.646915] High prop at exactly tau (1.00) at rel_day -33: potential IF underweighting
[2026-01-29T19:19:11.659944] High prop at exactly tau (1.00) at rel_day -32: potential IF underweighting
[2026-01-29T19:19:24.687977] High prop at exactly tau (1.00) at rel_day -31: potential IF underweighting
[2026-01-29T19:19:37.698930] High prop at exactly tau (1.00) at rel_day -30: potential IF underweighting
[2026-01-29T19:19:50.742220] High prop at exactly tau (1.00) at rel_day -29: potential IF underweighting
[2026-01-29T19:20:03.748752] High prop at exactly tau (1.00) at rel_day -28: potential IF underweighting
[2026-01-29T19:20:16.745178] High prop at exactly tau (1.00) at rel_day -27: potential IF underweighting
[2026-01-29T19:20:29.734331] High prop at exactly tau (1.00) at rel_day -26: potential IF underweighting
[2026-01-29T19:20:42.764933] High prop at exactly tau (1.00) at rel_day -25: potential IF underweighting
[2026-01-29T19:20:55.755413] High prop at exactly tau (1.00) at rel_day -24: potential IF underweighting
[2026-01-29T19:21:08.730405] High prop at exactly tau (1.00) at rel_day -23: potential IF underweighting
[2026-01-29T19:21:21.716362] High prop at exactly tau (1.00) at rel_day -22: potential IF underweighting
[2026-01-29T19:21:34.716947] High prop at exactly tau (1.00) at rel_day -21: potential IF underweighting
[2026-01-29T19:21:47.800438] High prop at exactly tau (1.00) at rel_day -20: potential IF underweighting
[2026-01-29T19:22:00.859398] High prop at exactly tau (1.00) at rel_day -19: potential IF underweighting
[2026-01-29T19:22:13.863627] High prop at exactly tau (1.00) at rel_day -18: potential IF underweighting
[2026-01-29T19:22:26.906027] High prop at exactly tau (1.00) at rel_day -17: potential IF underweighting
[2026-01-29T19:22:39.936785] High prop at exactly tau (1.00) at rel_day -16: potential IF underweighting
[2026-01-29T19:22:53.270563] High prop at exactly tau (1.00) at rel_day -15: potential IF underweighting
[2026-01-29T19:23:06.289444] High prop at exactly tau (1.00) at rel_day -14: potential IF underweighting
[2026-01-29T19:23:19.296877] High prop at exactly tau (1.00) at rel_day -13: potential IF underweighting
[2026-01-29T19:23:32.278165] High prop at exactly tau (1.00) at rel_day -12: potential IF underweighting
[2026-01-29T19:23:45.258481] High prop at exactly tau (1.00) at rel_day -11: potential IF underweighting
[2026-01-29T19:23:58.269213] High prop at exactly tau (1.00) at rel_day -10: potential IF underweighting
[2026-01-29T19:24:11.271488] High prop at exactly tau (1.00) at rel_day -9: potential IF underweighting
[2026-01-29T19:24:24.259308] High prop at exactly tau (1.00) at rel_day -8: potential IF underweighting
[2026-01-29T19:24:37.273776] High prop at exactly tau (1.00) at rel_day -7: potential IF underweighting
[2026-01-29T19:24:50.244396] High prop at exactly tau (1.00) at rel_day -6: potential IF underweighting
[2026-01-29T19:25:03.239022] High prop at exactly tau (1.00) at rel_day -5: potential IF underweighting
[2026-01-29T19:25:16.223216] High prop at exactly tau (1.00) at rel_day -4: potential IF underweighting
[2026-01-29T19:25:29.194311] High prop at exactly tau (1.00) at rel_day -3: potential IF underweighting
[2026-01-29T19:25:42.203237] High prop at exactly tau (1.00) at rel_day -2: potential IF underweighting
[2026-01-29T19:25:57.064491] High prop at exactly tau (1.00) at rel_day -1: potential IF underweighting
[2026-01-29T19:26:10.054198] High prop at exactly tau (1.00) at rel_day 0: potential IF underweighting
[2026-01-29T19:26:23.030623] High prop at exactly tau (1.00) at rel_day 1: potential IF underweighting
[2026-01-29T19:26:36.030848] High prop at exactly tau (1.00) at rel_day 2: potential IF underweighting
[2026-01-29T19:26:49.026111] High prop at exactly tau (1.00) at rel_day 3: potential IF underweighting
[2026-01-29T19:27:01.997764] High prop at exactly tau (1.00) at rel_day 4: potential IF underweighting
[2026-01-29T19:27:14.993584] High prop at exactly tau (1.00) at rel_day 5: potential IF underweighting
[2026-01-29T19:27:27.965152] High prop at exactly tau (1.00) at rel_day 6: potential IF underweighting
[2026-01-29T19:27:40.956862] High prop at exactly tau (1.00) at rel_day 7: potential IF underweighting
[2026-01-29T19:27:53.932329] High prop at exactly tau (1.00) at rel_day 8: potential IF underweighting
[2026-01-29T19:28:06.917510] High prop at exactly tau (1.00) at rel_day 9: potential IF underweighting
[2026-01-29T19:28:19.874750] High prop at exactly tau (1.00) at rel_day 10: potential IF underweighting
[2026-01-29T19:28:32.868107] High prop at exactly tau (1.00) at rel_day 11: potential IF underweighting
[2026-01-29T19:28:45.839659] High prop at exactly tau (1.00) at rel_day 12: potential IF underweighting
[2026-01-29T19:28:58.832255] High prop at exactly tau (1.00) at rel_day 13: potential IF underweighting
[2026-01-29T19:29:11.816414] High prop at exactly tau (1.00) at rel_day 14: potential IF underweighting
[2026-01-29T19:29:24.812732] High prop at exactly tau (1.00) at rel_day 15: potential IF underweighting
[2026-01-29T19:29:37.796065] High prop at exactly tau (1.00) at rel_day 16: potential IF underweighting
[2026-01-29T19:29:50.775337] High prop at exactly tau (1.00) at rel_day 17: potential IF underweighting
[2026-01-29T19:30:03.753272] High prop at exactly tau (1.00) at rel_day 18: potential IF underweighting
[2026-01-29T19:30:16.690678] High prop at exactly tau (1.00) at rel_day 19: potential IF underweighting
[2026-01-29T19:30:29.644472] High prop at exactly tau (1.00) at rel_day 20: potential IF underweighting
[2026-01-29T19:30:42.607140] High prop at exactly tau (1.00) at rel_day 21: potential IF underweighting
[2026-01-29T19:30:55.573728] High prop at exactly tau (1.00) at rel_day 22: potential IF underweighting
[2026-01-29T19:31:08.552651] High prop at exactly tau (1.00) at rel_day 23: potential IF underweighting
[2026-01-29T19:31:21.515415] High prop at exactly tau (1.00) at rel_day 24: potential IF underweighting
[2026-01-29T19:31:34.473921] High prop at exactly tau (1.00) at rel_day 25: potential IF underweighting
[2026-01-29T19:31:47.417560] High prop at exactly tau (1.00) at rel_day 26: potential IF underweighting
[2026-01-29T19:32:00.354584] High prop at exactly tau (1.00) at rel_day 27: potential IF underweighting
[2026-01-29T19:32:13.288696] High prop at exactly tau (1.00) at rel_day 28: potential IF underweighting
[2026-01-29T19:32:26.264786] High prop at exactly tau (1.00) at rel_day 29: potential IF underweighting
[2026-01-29T19:32:39.249796] High prop at exactly tau (1.00) at rel_day 30: potential IF underweighting
[2026-01-29T19:32:52.399372] High prop at exactly tau (1.00) at rel_day 31: potential IF underweighting
[2026-01-29T19:33:05.329464] High prop at exactly tau (1.00) at rel_day 32: potential IF underweighting
[2026-01-29T19:33:18.253201] High prop at exactly tau (1.00) at rel_day 33: potential IF underweighting
[2026-01-29T19:33:31.191415] High prop at exactly tau (1.00) at rel_day 34: potential IF underweighting
[2026-01-29T19:33:44.150540] High prop at exactly tau (1.00) at rel_day 35: potential IF underweighting
[2026-01-29T19:33:57.126505] High prop at exactly tau (1.00) at rel_day 36: potential IF underweighting
[2026-01-29T19:34:10.105979] High prop at exactly tau (1.00) at rel_day 37: potential IF underweighting
[2026-01-29T19:34:23.059318] High prop at exactly tau (1.00) at rel_day 38: potential IF underweighting
[2026-01-29T19:34:36.046960] High prop at exactly tau (1.00) at rel_day 39: potential IF underweighting
[2026-01-29T19:34:48.987343] High prop at exactly tau (1.00) at rel_day 40: potential IF underweighting
[2026-01-29T19:35:01.965752] High prop at exactly tau (1.00) at rel_day 41: potential IF underweighting
[2026-01-29T19:35:14.896696] High prop at exactly tau (1.00) at rel_day 42: potential IF underweighting
[2026-01-29T19:35:27.872630] High prop at exactly tau (1.00) at rel_day 43: potential IF underweighting
[2026-01-29T19:35:40.847596] High prop at exactly tau (1.00) at rel_day 44: potential IF underweighting
[2026-01-29T19:35:53.808492] High prop at exactly tau (1.00) at rel_day 45: potential IF underweighting
[2026-01-29T19:36:06.740776] High prop at exactly tau (1.00) at rel_day 46: potential IF underweighting
[2026-01-29T19:36:19.651743] High prop at exactly tau (1.00) at rel_day 47: potential IF underweighting
[2026-01-29T19:36:32.607080] High prop at exactly tau (1.00) at rel_day 48: potential IF underweighting
[2026-01-29T19:36:46.765888] High prop at exactly tau (1.00) at rel_day 49: potential IF underweighting
[2026-01-29T19:36:59.817516] High prop at exactly tau (1.00) at rel_day 50: potential IF underweighting
[2026-01-29T19:37:13.113683] High prop at exactly tau (0.99) at rel_day 51: potential IF underweighting
[2026-01-29T19:37:26.081599] High prop at exactly tau (0.99) at rel_day 52: potential IF underweighting
[2026-01-29T19:37:39.055390] High prop at exactly tau (0.99) at rel_day 53: potential IF underweighting
[2026-01-29T19:37:52.049348] High prop at exactly tau (0.99) at rel_day 54: potential IF underweighting
[2026-01-29T19:38:04.992778] High prop at exactly tau (0.99) at rel_day 55: potential IF underweighting
[2026-01-29T19:38:17.937060] High prop at exactly tau (0.99) at rel_day 56: potential IF underweighting
[2026-01-29T19:38:30.980351] High prop at exactly tau (0.99) at rel_day 57: potential IF underweighting
[2026-01-29T19:38:43.947722] High prop at exactly tau (0.99) at rel_day 58: potential IF underweighting
[2026-01-29T19:38:56.882668] High prop at exactly tau (0.99) at rel_day 59: potential IF underweighting
[2026-01-29T19:39:09.816040] High prop at exactly tau (0.99) at rel_day 60: potential IF underweighting
[2026-01-29T19:39:22.727767] High prop at exactly tau (0.99) at rel_day 61: potential IF underweighting
[2026-01-29T19:39:35.655203] High prop at exactly tau (0.99) at rel_day 62: potential IF underweighting
[2026-01-29T19:39:48.561875] High prop at exactly tau (0.99) at rel_day 63: potential IF underweighting
[2026-01-29T19:40:01.468625] High prop at exactly tau (0.99) at rel_day 64: potential IF underweighting
[2026-01-29T19:40:14.354693] High prop at exactly tau (0.99) at rel_day 65: potential IF underweighting
[2026-01-29T19:40:27.232597] High prop at exactly tau (0.99) at rel_day 66: potential IF underweighting
[2026-01-29T19:40:40.137288] High prop at exactly tau (0.99) at rel_day 67: potential IF underweighting
[2026-01-29T19:40:53.020584] High prop at exactly tau (0.99) at rel_day 68: potential IF underweighting
[2026-01-29T19:41:06.678808] High prop at exactly tau (0.99) at rel_day 69: potential IF underweighting
[2026-01-29T19:41:19.545046] High prop at exactly tau (0.99) at rel_day 70: potential IF underweighting
[2026-01-29T19:41:32.416095] High prop at exactly tau (0.99) at rel_day 71: potential IF underweighting
[2026-01-29T19:41:45.327180] High prop at exactly tau (0.99) at rel_day 72: potential IF underweighting
[2026-01-29T19:41:58.212010] High prop at exactly tau (0.99) at rel_day 73: potential IF underweighting
[2026-01-29T19:42:11.066903] High prop at exactly tau (0.99) at rel_day 74: potential IF underweighting
[2026-01-29T19:42:23.940353] High prop at exactly tau (0.99) at rel_day 75: potential IF underweighting
[2026-01-29T19:42:36.825085] High prop at exactly tau (0.99) at rel_day 76: potential IF underweighting
[2026-01-29T19:42:49.683607] High prop at exactly tau (0.99) at rel_day 77: potential IF underweighting
[2026-01-29T19:43:02.553696] High prop at exactly tau (0.99) at rel_day 78: potential IF underweighting
[2026-01-29T19:43:15.411240] High prop at exactly tau (0.99) at rel_day 79: potential IF underweighting
[2026-01-29T19:43:28.278308] High prop at exactly tau (0.99) at rel_day 80: potential IF underweighting
[2026-01-29T19:43:41.167418] High prop at exactly tau (0.99) at rel_day 81: potential IF underweighting
[2026-01-29T19:43:54.049274] High prop at exactly tau (0.99) at rel_day 82: potential IF underweighting
[2026-01-29T19:44:06.888682] High prop at exactly tau (0.99) at rel_day 83: potential IF underweighting
[2026-01-29T19:44:19.731317] High prop at exactly tau (0.99) at rel_day 84: potential IF underweighting
[2026-01-29T19:44:32.580347] High prop at exactly tau (0.99) at rel_day 85: potential IF underweighting
[2026-01-29T19:44:45.449900] High prop at exactly tau (0.99) at rel_day 86: potential IF underweighting
[2026-01-29T19:44:58.283116] High prop at exactly tau (0.99) at rel_day 87: potential IF underweighting
[2026-01-29T19:45:11.150271] High prop at exactly tau (0.99) at rel_day 88: potential IF underweighting
[2026-01-29T19:45:24.015323] High prop at exactly tau (0.99) at rel_day 89: potential IF underweighting
[2026-01-29T19:45:36.833085] High prop at exactly tau (0.99) at rel_day 90: potential IF underweighting
[2026-01-29T19:45:49.638091] High prop at exactly tau (0.99) at rel_day 91: potential IF underweighting
[2026-01-29T19:46:02.436857] High prop at exactly tau (0.99) at rel_day 92: potential IF underweighting
[2026-01-29T19:46:15.233899] High prop at exactly tau (0.99) at rel_day 93: potential IF underweighting
[2026-01-29T19:46:28.032847] High prop at exactly tau (0.99) at rel_day 94: potential IF underweighting
[2026-01-29T19:46:40.869179] High prop at exactly tau (0.99) at rel_day 95: potential IF underweighting
[2026-01-29T19:46:53.685312] High prop at exactly tau (0.99) at rel_day 96: potential IF underweighting
[2026-01-29T19:47:06.516844] High prop at exactly tau (0.99) at rel_day 97: potential IF underweighting
[2026-01-29T19:47:19.320879] High prop at exactly tau (0.99) at rel_day 98: potential IF underweighting
[2026-01-29T19:47:32.152521] High prop at exactly tau (0.99) at rel_day 99: potential IF underweighting
[2026-01-29T19:47:44.969106] High prop at exactly tau (0.99) at rel_day 100: potential IF underweighting
[2026-01-29T19:47:57.765028] High prop at exactly tau (0.98) at rel_day 101: potential IF underweighting
[2026-01-29T19:48:10.540312] High prop at exactly tau (0.98) at rel_day 102: potential IF underweighting
[2026-01-29T19:48:23.312313] High prop at exactly tau (0.98) at rel_day 103: potential IF underweighting
[2026-01-29T19:48:36.092441] High prop at exactly tau (0.98) at rel_day 104: potential IF underweighting
[2026-01-29T19:48:48.860554] High prop at exactly tau (0.98) at rel_day 105: potential IF underweighting
[2026-01-29T19:49:01.617103] High prop at exactly tau (0.98) at rel_day 106: potential IF underweighting
[2026-01-29T19:49:14.392873] High prop at exactly tau (0.98) at rel_day 107: potential IF underweighting
[2026-01-29T19:49:27.168500] High prop at exactly tau (0.98) at rel_day 108: potential IF underweighting
[2026-01-29T19:49:39.953556] High prop at exactly tau (0.98) at rel_day 109: potential IF underweighting
[2026-01-29T19:49:52.718994] High prop at exactly tau (0.98) at rel_day 110: potential IF underweighting
[2026-01-29T19:50:05.496395] High prop at exactly tau (0.98) at rel_day 111: potential IF underweighting
[2026-01-29T19:50:18.238972] High prop at exactly tau (0.98) at rel_day 112: potential IF underweighting
[2026-01-29T19:50:31.011518] High prop at exactly tau (0.98) at rel_day 113: potential IF underweighting
[2026-01-29T19:50:43.763210] High prop at exactly tau (0.98) at rel_day 114: potential IF underweighting
[2026-01-29T19:50:56.488700] High prop at exactly tau (0.98) at rel_day 115: potential IF underweighting
[2026-01-29T19:51:09.263364] High prop at exactly tau (0.98) at rel_day 116: potential IF underweighting
[2026-01-29T19:51:22.027138] High prop at exactly tau (0.98) at rel_day 117: potential IF underweighting
[2026-01-29T19:51:34.765481] High prop at exactly tau (0.98) at rel_day 118: potential IF underweighting
[2026-01-29T19:51:47.495247] High prop at exactly tau (0.98) at rel_day 119: potential IF underweighting
[2026-01-29T19:52:00.207280] High prop at exactly tau (0.98) at rel_day 120: potential IF underweighting
[2026-01-29T19:52:23.736913] RMST conditions on survival to calendar_day — deliberate for definition, see method docs.
[2026-01-29T19:52:23.974297] High prop at exactly tau (1.00) at rel_day -60: potential IF underweighting
[2026-01-29T19:52:38.139365] High prop at exactly tau (1.00) at rel_day -59: potential IF underweighting
[2026-01-29T19:52:51.180299] High prop at exactly tau (1.00) at rel_day -58: potential IF underweighting
[2026-01-29T19:53:04.198207] High prop at exactly tau (1.00) at rel_day -57: potential IF underweighting
[2026-01-29T19:53:17.220183] High prop at exactly tau (1.00) at rel_day -56: potential IF underweighting
[2026-01-29T19:53:30.254208] High prop at exactly tau (1.00) at rel_day -55: potential IF underweighting
[2026-01-29T19:53:43.260793] High prop at exactly tau (1.00) at rel_day -54: potential IF underweighting
[2026-01-29T19:53:56.246849] High prop at exactly tau (1.00) at rel_day -53: potential IF underweighting
[2026-01-29T19:54:09.251061] High prop at exactly tau (1.00) at rel_day -52: potential IF underweighting
[2026-01-29T19:54:22.282983] High prop at exactly tau (1.00) at rel_day -51: potential IF underweighting
[2026-01-29T19:54:35.294145] High prop at exactly tau (1.00) at rel_day -50: potential IF underweighting
[2026-01-29T19:54:48.300715] High prop at exactly tau (1.00) at rel_day -49: potential IF underweighting
[2026-01-29T19:55:01.360973] High prop at exactly tau (1.00) at rel_day -48: potential IF underweighting
[2026-01-29T19:55:14.367201] High prop at exactly tau (1.00) at rel_day -47: potential IF underweighting
[2026-01-29T19:55:27.353385] High prop at exactly tau (1.00) at rel_day -46: potential IF underweighting
[2026-01-29T19:55:40.351694] High prop at exactly tau (1.00) at rel_day -45: potential IF underweighting
[2026-01-29T19:55:53.374831] High prop at exactly tau (1.00) at rel_day -44: potential IF underweighting
[2026-01-29T19:56:08.503376] High prop at exactly tau (1.00) at rel_day -43: potential IF underweighting
[2026-01-29T19:56:21.480701] High prop at exactly tau (1.00) at rel_day -42: potential IF underweighting
[2026-01-29T19:56:34.467205] High prop at exactly tau (1.00) at rel_day -41: potential IF underweighting
[2026-01-29T19:56:47.479941] High prop at exactly tau (1.00) at rel_day -40: potential IF underweighting
[2026-01-29T19:57:00.481962] High prop at exactly tau (1.00) at rel_day -39: potential IF underweighting
[2026-01-29T19:57:13.469056] High prop at exactly tau (1.00) at rel_day -38: potential IF underweighting
[2026-01-29T19:57:26.497567] High prop at exactly tau (1.00) at rel_day -37: potential IF underweighting
[2026-01-29T19:57:39.499368] High prop at exactly tau (1.00) at rel_day -36: potential IF underweighting
[2026-01-29T19:57:52.480664] High prop at exactly tau (1.00) at rel_day -35: potential IF underweighting
[2026-01-29T19:58:05.491835] High prop at exactly tau (1.00) at rel_day -34: potential IF underweighting
[2026-01-29T19:58:18.490101] High prop at exactly tau (1.00) at rel_day -33: potential IF underweighting
[2026-01-29T19:58:31.496035] High prop at exactly tau (1.00) at rel_day -32: potential IF underweighting
[2026-01-29T19:58:44.496011] High prop at exactly tau (1.00) at rel_day -31: potential IF underweighting
[2026-01-29T19:58:57.476143] High prop at exactly tau (1.00) at rel_day -30: potential IF underweighting
[2026-01-29T19:59:10.466994] High prop at exactly tau (1.00) at rel_day -29: potential IF underweighting
[2026-01-29T19:59:23.444081] High prop at exactly tau (1.00) at rel_day -28: potential IF underweighting
[2026-01-29T19:59:36.407763] High prop at exactly tau (1.00) at rel_day -27: potential IF underweighting
[2026-01-29T19:59:49.384625] High prop at exactly tau (1.00) at rel_day -26: potential IF underweighting
[2026-01-29T20:00:02.358282] High prop at exactly tau (1.00) at rel_day -25: potential IF underweighting
[2026-01-29T20:00:15.331074] High prop at exactly tau (1.00) at rel_day -24: potential IF underweighting
[2026-01-29T20:00:28.316759] High prop at exactly tau (1.00) at rel_day -23: potential IF underweighting
[2026-01-29T20:00:41.327802] High prop at exactly tau (1.00) at rel_day -22: potential IF underweighting
[2026-01-29T20:00:54.310261] High prop at exactly tau (1.00) at rel_day -21: potential IF underweighting
[2026-01-29T20:01:07.342588] High prop at exactly tau (1.00) at rel_day -20: potential IF underweighting
[2026-01-29T20:01:20.336530] High prop at exactly tau (1.00) at rel_day -19: potential IF underweighting
[2026-01-29T20:01:33.340633] High prop at exactly tau (1.00) at rel_day -18: potential IF underweighting
[2026-01-29T20:01:46.332775] High prop at exactly tau (1.00) at rel_day -17: potential IF underweighting
[2026-01-29T20:01:59.316100] High prop at exactly tau (1.00) at rel_day -16: potential IF underweighting
[2026-01-29T20:02:12.316666] High prop at exactly tau (1.00) at rel_day -15: potential IF underweighting
[2026-01-29T20:02:25.310107] High prop at exactly tau (1.00) at rel_day -14: potential IF underweighting
[2026-01-29T20:02:38.314646] High prop at exactly tau (1.00) at rel_day -13: potential IF underweighting
[2026-01-29T20:02:51.357903] High prop at exactly tau (1.00) at rel_day -12: potential IF underweighting
[2026-01-29T20:03:04.391082] High prop at exactly tau (1.00) at rel_day -11: potential IF underweighting
[2026-01-29T20:03:17.436347] High prop at exactly tau (1.00) at rel_day -10: potential IF underweighting
[2026-01-29T20:03:30.468234] High prop at exactly tau (1.00) at rel_day -9: potential IF underweighting
[2026-01-29T20:03:43.462218] High prop at exactly tau (1.00) at rel_day -8: potential IF underweighting
[2026-01-29T20:03:56.480497] High prop at exactly tau (1.00) at rel_day -7: potential IF underweighting
[2026-01-29T20:04:09.504779] High prop at exactly tau (1.00) at rel_day -6: potential IF underweighting
[2026-01-29T20:04:22.506647] High prop at exactly tau (1.00) at rel_day -5: potential IF underweighting
[2026-01-29T20:04:35.506938] High prop at exactly tau (1.00) at rel_day -4: potential IF underweighting
[2026-01-29T20:04:48.515177] High prop at exactly tau (1.00) at rel_day -3: potential IF underweighting
[2026-01-29T20:05:01.542959] High prop at exactly tau (1.00) at rel_day -2: potential IF underweighting
[2026-01-29T20:05:14.568239] High prop at exactly tau (1.00) at rel_day -1: potential IF underweighting
[2026-01-29T20:05:27.562624] High prop at exactly tau (1.00) at rel_day 0: potential IF underweighting
[2026-01-29T20:05:40.604962] High prop at exactly tau (1.00) at rel_day 1: potential IF underweighting
[2026-01-29T20:05:53.645725] High prop at exactly tau (1.00) at rel_day 2: potential IF underweighting
[2026-01-29T20:06:06.652038] High prop at exactly tau (1.00) at rel_day 3: potential IF underweighting
[2026-01-29T20:06:19.664001] High prop at exactly tau (1.00) at rel_day 4: potential IF underweighting
[2026-01-29T20:06:32.666840] High prop at exactly tau (1.00) at rel_day 5: potential IF underweighting
[2026-01-29T20:06:45.698719] High prop at exactly tau (1.00) at rel_day 6: potential IF underweighting
[2026-01-29T20:06:58.706880] High prop at exactly tau (1.00) at rel_day 7: potential IF underweighting
[2026-01-29T20:07:11.788945] High prop at exactly tau (1.00) at rel_day 8: potential IF underweighting
[2026-01-29T20:07:24.826613] High prop at exactly tau (1.00) at rel_day 9: potential IF underweighting
[2026-01-29T20:07:37.849123] High prop at exactly tau (1.00) at rel_day 10: potential IF underweighting
[2026-01-29T20:07:50.831551] High prop at exactly tau (1.00) at rel_day 11: potential IF underweighting
[2026-01-29T20:08:03.924535] High prop at exactly tau (1.00) at rel_day 12: potential IF underweighting
[2026-01-29T20:08:16.897069] High prop at exactly tau (1.00) at rel_day 13: potential IF underweighting
[2026-01-29T20:08:29.865550] High prop at exactly tau (1.00) at rel_day 14: potential IF underweighting
[2026-01-29T20:08:42.872559] High prop at exactly tau (1.00) at rel_day 15: potential IF underweighting
[2026-01-29T20:08:55.895335] High prop at exactly tau (1.00) at rel_day 16: potential IF underweighting
[2026-01-29T20:09:08.890188] High prop at exactly tau (1.00) at rel_day 17: potential IF underweighting
[2026-01-29T20:09:21.853755] High prop at exactly tau (1.00) at rel_day 18: potential IF underweighting
[2026-01-29T20:09:34.839398] High prop at exactly tau (1.00) at rel_day 19: potential IF underweighting
[2026-01-29T20:09:47.819171] High prop at exactly tau (1.00) at rel_day 20: potential IF underweighting
[2026-01-29T20:10:00.821359] High prop at exactly tau (1.00) at rel_day 21: potential IF underweighting
[2026-01-29T20:10:13.808039] High prop at exactly tau (1.00) at rel_day 22: potential IF underweighting
[2026-01-29T20:10:26.776512] High prop at exactly tau (1.00) at rel_day 23: potential IF underweighting
[2026-01-29T20:10:39.785883] High prop at exactly tau (1.00) at rel_day 24: potential IF underweighting
[2026-01-29T20:10:52.733996] High prop at exactly tau (1.00) at rel_day 25: potential IF underweighting
[2026-01-29T20:11:05.741819] High prop at exactly tau (1.00) at rel_day 26: potential IF underweighting
[2026-01-29T20:11:18.845584] High prop at exactly tau (1.00) at rel_day 27: potential IF underweighting
[2026-01-29T20:11:31.829855] High prop at exactly tau (1.00) at rel_day 28: potential IF underweighting
[2026-01-29T20:11:44.801021] High prop at exactly tau (1.00) at rel_day 29: potential IF underweighting
[2026-01-29T20:11:57.790083] High prop at exactly tau (1.00) at rel_day 30: potential IF underweighting
[2026-01-29T20:12:10.755443] High prop at exactly tau (1.00) at rel_day 31: potential IF underweighting
[2026-01-29T20:12:23.714257] High prop at exactly tau (1.00) at rel_day 32: potential IF underweighting
[2026-01-29T20:12:36.677990] High prop at exactly tau (1.00) at rel_day 33: potential IF underweighting
[2026-01-29T20:12:49.654538] High prop at exactly tau (1.00) at rel_day 34: potential IF underweighting
[2026-01-29T20:13:02.644842] High prop at exactly tau (1.00) at rel_day 35: potential IF underweighting
[2026-01-29T20:13:15.647026] High prop at exactly tau (1.00) at rel_day 36: potential IF underweighting
[2026-01-29T20:13:28.641465] High prop at exactly tau (1.00) at rel_day 37: potential IF underweighting
[2026-01-29T20:13:41.711409] High prop at exactly tau (1.00) at rel_day 38: potential IF underweighting
[2026-01-29T20:13:54.672056] High prop at exactly tau (1.00) at rel_day 39: potential IF underweighting
[2026-01-29T20:14:07.635166] High prop at exactly tau (1.00) at rel_day 40: potential IF underweighting
[2026-01-29T20:14:20.570402] High prop at exactly tau (1.00) at rel_day 41: potential IF underweighting
[2026-01-29T20:14:33.544729] High prop at exactly tau (1.00) at rel_day 42: potential IF underweighting
[2026-01-29T20:14:46.488843] High prop at exactly tau (1.00) at rel_day 43: potential IF underweighting
[2026-01-29T20:14:59.448251] High prop at exactly tau (1.00) at rel_day 44: potential IF underweighting
[2026-01-29T20:15:12.409826] High prop at exactly tau (1.00) at rel_day 45: potential IF underweighting
[2026-01-29T20:15:25.355117] High prop at exactly tau (1.00) at rel_day 46: potential IF underweighting
[2026-01-29T20:15:38.307405] High prop at exactly tau (1.00) at rel_day 47: potential IF underweighting
[2026-01-29T20:15:51.255742] High prop at exactly tau (1.00) at rel_day 48: potential IF underweighting
[2026-01-29T20:16:04.192960] High prop at exactly tau (1.00) at rel_day 49: potential IF underweighting
[2026-01-29T20:16:17.126111] High prop at exactly tau (1.00) at rel_day 50: potential IF underweighting
[2026-01-29T20:16:30.079025] High prop at exactly tau (1.00) at rel_day 51: potential IF underweighting
[2026-01-29T20:16:43.031991] High prop at exactly tau (0.99) at rel_day 52: potential IF underweighting
[2026-01-29T20:16:55.965882] High prop at exactly tau (0.99) at rel_day 53: potential IF underweighting
[2026-01-29T20:17:08.997188] High prop at exactly tau (0.99) at rel_day 54: potential IF underweighting
[2026-01-29T20:17:22.006053] High prop at exactly tau (0.99) at rel_day 55: potential IF underweighting
[2026-01-29T20:17:34.923642] High prop at exactly tau (0.99) at rel_day 56: potential IF underweighting
[2026-01-29T20:17:47.835270] High prop at exactly tau (0.99) at rel_day 57: potential IF underweighting
[2026-01-29T20:18:00.746601] High prop at exactly tau (0.99) at rel_day 58: potential IF underweighting
[2026-01-29T20:18:13.662978] High prop at exactly tau (0.99) at rel_day 59: potential IF underweighting
[2026-01-29T20:18:26.615194] High prop at exactly tau (0.99) at rel_day 60: potential IF underweighting
[2026-01-29T20:18:39.573916] High prop at exactly tau (0.99) at rel_day 61: potential IF underweighting
[2026-01-29T20:18:52.542780] High prop at exactly tau (0.99) at rel_day 62: potential IF underweighting
[2026-01-29T20:19:05.460996] High prop at exactly tau (0.99) at rel_day 63: potential IF underweighting
[2026-01-29T20:19:18.365175] High prop at exactly tau (0.99) at rel_day 64: potential IF underweighting
[2026-01-29T20:19:31.320803] High prop at exactly tau (0.99) at rel_day 65: potential IF underweighting
[2026-01-29T20:19:44.227242] High prop at exactly tau (0.99) at rel_day 66: potential IF underweighting
[2026-01-29T20:19:57.126506] High prop at exactly tau (0.99) at rel_day 67: potential IF underweighting
[2026-01-29T20:20:10.047261] High prop at exactly tau (0.99) at rel_day 68: potential IF underweighting
[2026-01-29T20:20:22.977178] High prop at exactly tau (0.99) at rel_day 69: potential IF underweighting
[2026-01-29T20:20:35.878322] High prop at exactly tau (0.99) at rel_day 70: potential IF underweighting
[2026-01-29T20:20:48.798246] High prop at exactly tau (0.99) at rel_day 71: potential IF underweighting
[2026-01-29T20:21:01.712575] High prop at exactly tau (0.99) at rel_day 72: potential IF underweighting
[2026-01-29T20:21:14.570944] High prop at exactly tau (0.99) at rel_day 73: potential IF underweighting
[2026-01-29T20:21:27.445457] High prop at exactly tau (0.99) at rel_day 74: potential IF underweighting
[2026-01-29T20:21:40.357200] High prop at exactly tau (0.99) at rel_day 75: potential IF underweighting
[2026-01-29T20:21:53.238229] High prop at exactly tau (0.99) at rel_day 76: potential IF underweighting
[2026-01-29T20:22:06.117421] High prop at exactly tau (0.99) at rel_day 77: potential IF underweighting
[2026-01-29T20:22:19.023843] High prop at exactly tau (0.99) at rel_day 78: potential IF underweighting
[2026-01-29T20:22:31.883450] High prop at exactly tau (0.99) at rel_day 79: potential IF underweighting
[2026-01-29T20:22:44.802874] High prop at exactly tau (0.99) at rel_day 80: potential IF underweighting
[2026-01-29T20:22:57.690222] High prop at exactly tau (0.99) at rel_day 81: potential IF underweighting
[2026-01-29T20:23:10.586424] High prop at exactly tau (0.99) at rel_day 82: potential IF underweighting
[2026-01-29T20:23:23.484084] High prop at exactly tau (0.99) at rel_day 83: potential IF underweighting
[2026-01-29T20:23:36.383364] High prop at exactly tau (0.99) at rel_day 84: potential IF underweighting
[2026-01-29T20:23:49.281076] High prop at exactly tau (0.99) at rel_day 85: potential IF underweighting
[2026-01-29T20:24:02.157340] High prop at exactly tau (0.99) at rel_day 86: potential IF underweighting
[2026-01-29T20:24:15.030786] High prop at exactly tau (0.99) at rel_day 87: potential IF underweighting
[2026-01-29T20:24:27.904590] High prop at exactly tau (0.99) at rel_day 88: potential IF underweighting
[2026-01-29T20:24:40.760439] High prop at exactly tau (0.99) at rel_day 89: potential IF underweighting
[2026-01-29T20:24:53.600549] High prop at exactly tau (0.99) at rel_day 90: potential IF underweighting
[2026-01-29T20:25:06.433039] High prop at exactly tau (0.99) at rel_day 91: potential IF underweighting
[2026-01-29T20:25:19.279330] High prop at exactly tau (0.99) at rel_day 92: potential IF underweighting
[2026-01-29T20:25:32.114659] High prop at exactly tau (0.99) at rel_day 93: potential IF underweighting
[2026-01-29T20:25:44.983997] High prop at exactly tau (0.99) at rel_day 94: potential IF underweighting
[2026-01-29T20:25:57.835493] High prop at exactly tau (0.99) at rel_day 95: potential IF underweighting
[2026-01-29T20:26:10.704947] High prop at exactly tau (0.99) at rel_day 96: potential IF underweighting
[2026-01-29T20:26:24.260444] High prop at exactly tau (0.99) at rel_day 97: potential IF underweighting
[2026-01-29T20:26:37.112585] High prop at exactly tau (0.99) at rel_day 98: potential IF underweighting
[2026-01-29T20:26:49.935282] High prop at exactly tau (0.99) at rel_day 99: potential IF underweighting
[2026-01-29T20:27:02.792336] High prop at exactly tau (0.98) at rel_day 100: potential IF underweighting
[2026-01-29T20:27:15.654925] High prop at exactly tau (0.98) at rel_day 101: potential IF underweighting
[2026-01-29T20:27:28.470847] High prop at exactly tau (0.98) at rel_day 102: potential IF underweighting
[2026-01-29T20:27:41.337714] High prop at exactly tau (0.98) at rel_day 103: potential IF underweighting
[2026-01-29T20:27:54.160381] High prop at exactly tau (0.98) at rel_day 104: potential IF underweighting
[2026-01-29T20:28:06.962234] High prop at exactly tau (0.98) at rel_day 105: potential IF underweighting
[2026-01-29T20:28:19.789884] High prop at exactly tau (0.98) at rel_day 106: potential IF underweighting
[2026-01-29T20:28:32.550311] High prop at exactly tau (0.98) at rel_day 107: potential IF underweighting
[2026-01-29T20:28:45.325422] High prop at exactly tau (0.98) at rel_day 108: potential IF underweighting
[2026-01-29T20:28:58.091226] High prop at exactly tau (0.98) at rel_day 109: potential IF underweighting
[2026-01-29T20:29:10.869327] High prop at exactly tau (0.98) at rel_day 110: potential IF underweighting
[2026-01-29T20:29:23.639904] High prop at exactly tau (0.98) at rel_day 111: potential IF underweighting
[2026-01-29T20:29:36.407712] High prop at exactly tau (0.98) at rel_day 112: potential IF underweighting
[2026-01-29T20:29:49.148201] High prop at exactly tau (0.98) at rel_day 113: potential IF underweighting
[2026-01-29T20:30:01.917183] High prop at exactly tau (0.98) at rel_day 114: potential IF underweighting
[2026-01-29T20:30:14.674152] High prop at exactly tau (0.98) at rel_day 115: potential IF underweighting
[2026-01-29T20:30:27.427230] High prop at exactly tau (0.98) at rel_day 116: potential IF underweighting
[2026-01-29T20:30:40.167288] High prop at exactly tau (0.98) at rel_day 117: potential IF underweighting
[2026-01-29T20:30:52.921767] High prop at exactly tau (0.98) at rel_day 118: potential IF underweighting
[2026-01-29T20:31:05.671186] High prop at exactly tau (0.98) at rel_day 119: potential IF underweighting
[2026-01-29T20:31:18.400054] High prop at exactly tau (0.98) at rel_day 120: potential IF underweighting
[2026-01-29T20:31:42.337887] RMST conditions on survival to calendar_day — deliberate for definition, see method docs.
[2026-01-29T20:31:42.579298] High prop at exactly tau (1.00) at rel_day -60: potential IF underweighting
[2026-01-29T20:31:56.680637] High prop at exactly tau (1.00) at rel_day -59: potential IF underweighting
[2026-01-29T20:32:09.710043] High prop at exactly tau (1.00) at rel_day -58: potential IF underweighting
[2026-01-29T20:32:22.758180] High prop at exactly tau (1.00) at rel_day -57: potential IF underweighting
[2026-01-29T20:32:36.046517] High prop at exactly tau (1.00) at rel_day -56: potential IF underweighting
[2026-01-29T20:32:49.062421] High prop at exactly tau (1.00) at rel_day -55: potential IF underweighting
[2026-01-29T20:33:02.064437] High prop at exactly tau (1.00) at rel_day -54: potential IF underweighting
[2026-01-29T20:33:15.073674] High prop at exactly tau (1.00) at rel_day -53: potential IF underweighting
[2026-01-29T20:33:28.129607] High prop at exactly tau (1.00) at rel_day -52: potential IF underweighting
[2026-01-29T20:33:41.146750] High prop at exactly tau (1.00) at rel_day -51: potential IF underweighting
[2026-01-29T20:33:54.178384] High prop at exactly tau (1.00) at rel_day -50: potential IF underweighting
[2026-01-29T20:34:07.190392] High prop at exactly tau (1.00) at rel_day -49: potential IF underweighting
[2026-01-29T20:34:20.200591] High prop at exactly tau (1.00) at rel_day -48: potential IF underweighting
[2026-01-29T20:34:33.196369] High prop at exactly tau (1.00) at rel_day -47: potential IF underweighting
[2026-01-29T20:34:46.175037] High prop at exactly tau (1.00) at rel_day -46: potential IF underweighting
[2026-01-29T20:34:59.150927] High prop at exactly tau (1.00) at rel_day -45: potential IF underweighting
[2026-01-29T20:35:12.285615] High prop at exactly tau (1.00) at rel_day -44: potential IF underweighting
[2026-01-29T20:35:25.280347] High prop at exactly tau (1.00) at rel_day -43: potential IF underweighting
[2026-01-29T20:35:38.267635] High prop at exactly tau (1.00) at rel_day -42: potential IF underweighting
[2026-01-29T20:35:51.254731] High prop at exactly tau (1.00) at rel_day -41: potential IF underweighting
[2026-01-29T20:36:04.227494] High prop at exactly tau (1.00) at rel_day -40: potential IF underweighting
[2026-01-29T20:36:17.205142] High prop at exactly tau (1.00) at rel_day -39: potential IF underweighting
[2026-01-29T20:36:30.248970] High prop at exactly tau (1.00) at rel_day -38: potential IF underweighting
[2026-01-29T20:36:43.319707] High prop at exactly tau (1.00) at rel_day -37: potential IF underweighting
[2026-01-29T20:36:56.525825] High prop at exactly tau (1.00) at rel_day -36: potential IF underweighting
[2026-01-29T20:37:09.553082] High prop at exactly tau (1.00) at rel_day -35: potential IF underweighting
[2026-01-29T20:37:22.692040] High prop at exactly tau (1.00) at rel_day -34: potential IF underweighting
[2026-01-29T20:37:35.757133] High prop at exactly tau (1.00) at rel_day -33: potential IF underweighting
[2026-01-29T20:37:48.757629] High prop at exactly tau (1.00) at rel_day -32: potential IF underweighting
[2026-01-29T20:38:01.781830] High prop at exactly tau (1.00) at rel_day -31: potential IF underweighting
[2026-01-29T20:38:14.778943] High prop at exactly tau (1.00) at rel_day -30: potential IF underweighting
[2026-01-29T20:38:27.743245] High prop at exactly tau (1.00) at rel_day -29: potential IF underweighting
[2026-01-29T20:38:41.039512] High prop at exactly tau (1.00) at rel_day -28: potential IF underweighting
[2026-01-29T20:38:54.020448] High prop at exactly tau (1.00) at rel_day -27: potential IF underweighting
[2026-01-29T20:39:07.031996] High prop at exactly tau (1.00) at rel_day -26: potential IF underweighting
[2026-01-29T20:39:20.034209] High prop at exactly tau (1.00) at rel_day -25: potential IF underweighting
[2026-01-29T20:39:33.038060] High prop at exactly tau (1.00) at rel_day -24: potential IF underweighting
[2026-01-29T20:39:46.054912] High prop at exactly tau (1.00) at rel_day -23: potential IF underweighting
[2026-01-29T20:39:59.037219] High prop at exactly tau (1.00) at rel_day -22: potential IF underweighting
[2026-01-29T20:40:12.062746] High prop at exactly tau (1.00) at rel_day -21: potential IF underweighting
[2026-01-29T20:40:25.076293] High prop at exactly tau (1.00) at rel_day -20: potential IF underweighting
[2026-01-29T20:40:38.094046] High prop at exactly tau (1.00) at rel_day -19: potential IF underweighting
[2026-01-29T20:40:51.089059] High prop at exactly tau (1.00) at rel_day -18: potential IF underweighting
[2026-01-29T20:41:04.078293] High prop at exactly tau (1.00) at rel_day -17: potential IF underweighting
[2026-01-29T20:41:17.609803] High prop at exactly tau (1.00) at rel_day -16: potential IF underweighting
[2026-01-29T20:41:30.828950] High prop at exactly tau (1.00) at rel_day -15: potential IF underweighting
[2026-01-29T20:41:43.824406] High prop at exactly tau (1.00) at rel_day -14: potential IF underweighting
[2026-01-29T20:41:56.804658] High prop at exactly tau (1.00) at rel_day -13: potential IF underweighting
[2026-01-29T20:42:09.798909] High prop at exactly tau (1.00) at rel_day -12: potential IF underweighting
[2026-01-29T20:42:22.800162] High prop at exactly tau (1.00) at rel_day -11: potential IF underweighting
[2026-01-29T20:42:35.818824] High prop at exactly tau (1.00) at rel_day -10: potential IF underweighting
[2026-01-29T20:42:48.836820] High prop at exactly tau (1.00) at rel_day -9: potential IF underweighting
[2026-01-29T20:43:01.869796] High prop at exactly tau (1.00) at rel_day -8: potential IF underweighting
[2026-01-29T20:43:14.882641] High prop at exactly tau (1.00) at rel_day -7: potential IF underweighting
[2026-01-29T20:43:27.876512] High prop at exactly tau (1.00) at rel_day -6: potential IF underweighting
[2026-01-29T20:43:40.927241] High prop at exactly tau (1.00) at rel_day -5: potential IF underweighting
[2026-01-29T20:43:53.964176] High prop at exactly tau (1.00) at rel_day -4: potential IF underweighting
[2026-01-29T20:44:06.984308] High prop at exactly tau (1.00) at rel_day -3: potential IF underweighting
[2026-01-29T20:44:19.995019] High prop at exactly tau (1.00) at rel_day -2: potential IF underweighting
[2026-01-29T20:44:33.008592] High prop at exactly tau (1.00) at rel_day -1: potential IF underweighting
[2026-01-29T20:44:46.048972] High prop at exactly tau (1.00) at rel_day 0: potential IF underweighting
[2026-01-29T20:44:59.054814] High prop at exactly tau (1.00) at rel_day 1: potential IF underweighting
[2026-01-29T20:45:12.087068] High prop at exactly tau (1.00) at rel_day 2: potential IF underweighting
[2026-01-29T20:45:25.122111] High prop at exactly tau (1.00) at rel_day 3: potential IF underweighting
[2026-01-29T20:45:38.128494] High prop at exactly tau (1.00) at rel_day 4: potential IF underweighting
[2026-01-29T20:45:51.161565] High prop at exactly tau (1.00) at rel_day 5: potential IF underweighting
[2026-01-29T20:46:04.137873] High prop at exactly tau (1.00) at rel_day 6: potential IF underweighting
[2026-01-29T20:46:17.097523] High prop at exactly tau (1.00) at rel_day 7: potential IF underweighting
[2026-01-29T20:46:30.063083] High prop at exactly tau (1.00) at rel_day 8: potential IF underweighting
[2026-01-29T20:46:43.062604] High prop at exactly tau (1.00) at rel_day 9: potential IF underweighting
[2026-01-29T20:46:56.054035] High prop at exactly tau (1.00) at rel_day 10: potential IF underweighting
[2026-01-29T20:47:09.064822] High prop at exactly tau (1.00) at rel_day 11: potential IF underweighting
[2026-01-29T20:47:22.080038] High prop at exactly tau (1.00) at rel_day 12: potential IF underweighting
[2026-01-29T20:47:35.085328] High prop at exactly tau (1.00) at rel_day 13: potential IF underweighting
[2026-01-29T20:47:48.085074] High prop at exactly tau (1.00) at rel_day 14: potential IF underweighting
[2026-01-29T20:48:01.091449] High prop at exactly tau (1.00) at rel_day 15: potential IF underweighting
[2026-01-29T20:48:14.124652] High prop at exactly tau (1.00) at rel_day 16: potential IF underweighting
[2026-01-29T20:48:27.134199] High prop at exactly tau (1.00) at rel_day 17: potential IF underweighting
[2026-01-29T20:48:40.146714] High prop at exactly tau (1.00) at rel_day 18: potential IF underweighting
[2026-01-29T20:48:53.126523] High prop at exactly tau (1.00) at rel_day 19: potential IF underweighting
[2026-01-29T20:49:06.094343] High prop at exactly tau (1.00) at rel_day 20: potential IF underweighting
[2026-01-29T20:49:19.040594] High prop at exactly tau (1.00) at rel_day 21: potential IF underweighting
[2026-01-29T20:49:32.015731] High prop at exactly tau (1.00) at rel_day 22: potential IF underweighting
[2026-01-29T20:49:45.001635] High prop at exactly tau (1.00) at rel_day 23: potential IF underweighting
[2026-01-29T20:49:57.969679] High prop at exactly tau (1.00) at rel_day 24: potential IF underweighting
[2026-01-29T20:50:10.973031] High prop at exactly tau (1.00) at rel_day 25: potential IF underweighting
[2026-01-29T20:50:23.961119] High prop at exactly tau (1.00) at rel_day 26: potential IF underweighting
[2026-01-29T20:50:37.024269] High prop at exactly tau (1.00) at rel_day 27: potential IF underweighting
[2026-01-29T20:50:49.970238] High prop at exactly tau (1.00) at rel_day 28: potential IF underweighting
[2026-01-29T20:51:02.926654] High prop at exactly tau (1.00) at rel_day 29: potential IF underweighting
[2026-01-29T20:51:15.892576] High prop at exactly tau (1.00) at rel_day 30: potential IF underweighting
[2026-01-29T20:51:28.879703] High prop at exactly tau (1.00) at rel_day 31: potential IF underweighting
[2026-01-29T20:51:41.890215] High prop at exactly tau (1.00) at rel_day 32: potential IF underweighting
[2026-01-29T20:51:54.839076] High prop at exactly tau (1.00) at rel_day 33: potential IF underweighting
[2026-01-29T20:52:07.806153] High prop at exactly tau (1.00) at rel_day 34: potential IF underweighting
[2026-01-29T20:52:20.776929] High prop at exactly tau (1.00) at rel_day 35: potential IF underweighting
[2026-01-29T20:52:33.728830] High prop at exactly tau (1.00) at rel_day 36: potential IF underweighting
[2026-01-29T20:52:46.703506] High prop at exactly tau (1.00) at rel_day 37: potential IF underweighting
[2026-01-29T20:52:59.630243] High prop at exactly tau (1.00) at rel_day 38: potential IF underweighting
[2026-01-29T20:53:12.586898] High prop at exactly tau (1.00) at rel_day 39: potential IF underweighting
[2026-01-29T20:53:25.561214] High prop at exactly tau (1.00) at rel_day 40: potential IF underweighting
[2026-01-29T20:53:38.518249] High prop at exactly tau (1.00) at rel_day 41: potential IF underweighting
[2026-01-29T20:53:51.438295] High prop at exactly tau (1.00) at rel_day 42: potential IF underweighting
[2026-01-29T20:54:04.401460] High prop at exactly tau (1.00) at rel_day 43: potential IF underweighting
[2026-01-29T20:54:17.365182] High prop at exactly tau (1.00) at rel_day 44: potential IF underweighting
[2026-01-29T20:54:30.303752] High prop at exactly tau (1.00) at rel_day 45: potential IF underweighting
[2026-01-29T20:54:43.233796] High prop at exactly tau (1.00) at rel_day 46: potential IF underweighting
[2026-01-29T20:54:56.160104] High prop at exactly tau (1.00) at rel_day 47: potential IF underweighting
[2026-01-29T20:55:09.100979] High prop at exactly tau (1.00) at rel_day 48: potential IF underweighting
[2026-01-29T20:55:22.025210] High prop at exactly tau (1.00) at rel_day 49: potential IF underweighting
[2026-01-29T20:55:34.946503] High prop at exactly tau (1.00) at rel_day 50: potential IF underweighting
[2026-01-29T20:55:47.875722] High prop at exactly tau (1.00) at rel_day 51: potential IF underweighting
[2026-01-29T20:56:00.815413] High prop at exactly tau (1.00) at rel_day 52: potential IF underweighting
[2026-01-29T20:56:13.740733] High prop at exactly tau (0.99) at rel_day 53: potential IF underweighting
[2026-01-29T20:56:26.834169] High prop at exactly tau (0.99) at rel_day 54: potential IF underweighting
[2026-01-29T20:56:39.764425] High prop at exactly tau (0.99) at rel_day 55: potential IF underweighting
[2026-01-29T20:56:52.714448] High prop at exactly tau (0.99) at rel_day 56: potential IF underweighting
[2026-01-29T20:57:05.620555] High prop at exactly tau (0.99) at rel_day 57: potential IF underweighting
[2026-01-29T20:57:18.517690] High prop at exactly tau (0.99) at rel_day 58: potential IF underweighting
[2026-01-29T20:57:31.449876] High prop at exactly tau (0.99) at rel_day 59: potential IF underweighting
[2026-01-29T20:57:44.387594] High prop at exactly tau (0.99) at rel_day 60: potential IF underweighting
[2026-01-29T20:57:57.297499] High prop at exactly tau (0.99) at rel_day 61: potential IF underweighting
[2026-01-29T20:58:10.215443] High prop at exactly tau (0.99) at rel_day 62: potential IF underweighting
[2026-01-29T20:58:23.105248] High prop at exactly tau (0.99) at rel_day 63: potential IF underweighting
[2026-01-29T20:58:36.009030] High prop at exactly tau (0.99) at rel_day 64: potential IF underweighting
[2026-01-29T20:58:48.907080] High prop at exactly tau (0.99) at rel_day 65: potential IF underweighting
[2026-01-29T20:59:01.807277] High prop at exactly tau (0.99) at rel_day 66: potential IF underweighting
[2026-01-29T20:59:14.678319] High prop at exactly tau (0.99) at rel_day 67: potential IF underweighting
[2026-01-29T20:59:27.541548] High prop at exactly tau (0.99) at rel_day 68: potential IF underweighting
[2026-01-29T20:59:40.441370] High prop at exactly tau (0.99) at rel_day 69: potential IF underweighting
[2026-01-29T20:59:53.361941] High prop at exactly tau (0.99) at rel_day 70: potential IF underweighting
[2026-01-29T21:00:06.285041] High prop at exactly tau (0.99) at rel_day 71: potential IF underweighting
[2026-01-29T21:00:19.173229] High prop at exactly tau (0.99) at rel_day 72: potential IF underweighting
[2026-01-29T21:00:32.039363] High prop at exactly tau (0.99) at rel_day 73: potential IF underweighting
[2026-01-29T21:00:44.933332] High prop at exactly tau (0.99) at rel_day 74: potential IF underweighting
[2026-01-29T21:00:57.841889] High prop at exactly tau (0.99) at rel_day 75: potential IF underweighting
[2026-01-29T21:01:10.746763] High prop at exactly tau (0.99) at rel_day 76: potential IF underweighting
[2026-01-29T21:01:23.625106] High prop at exactly tau (0.99) at rel_day 77: potential IF underweighting
[2026-01-29T21:01:36.494143] High prop at exactly tau (0.99) at rel_day 78: potential IF underweighting
[2026-01-29T21:01:49.385693] High prop at exactly tau (0.99) at rel_day 79: potential IF underweighting
[2026-01-29T21:02:02.273191] High prop at exactly tau (0.99) at rel_day 80: potential IF underweighting
[2026-01-29T21:02:15.138327] High prop at exactly tau (0.99) at rel_day 81: potential IF underweighting
[2026-01-29T21:02:28.006788] High prop at exactly tau (0.99) at rel_day 82: potential IF underweighting
[2026-01-29T21:02:40.923530] High prop at exactly tau (0.99) at rel_day 83: potential IF underweighting
[2026-01-29T21:02:53.794229] High prop at exactly tau (0.99) at rel_day 84: potential IF underweighting
[2026-01-29T21:03:06.686451] High prop at exactly tau (0.99) at rel_day 85: potential IF underweighting
[2026-01-29T21:03:19.568073] High prop at exactly tau (0.99) at rel_day 86: potential IF underweighting
[2026-01-29T21:03:32.444835] High prop at exactly tau (0.99) at rel_day 87: potential IF underweighting
[2026-01-29T21:03:45.319812] High prop at exactly tau (0.99) at rel_day 88: potential IF underweighting
[2026-01-29T21:03:58.166864] High prop at exactly tau (0.99) at rel_day 89: potential IF underweighting
[2026-01-29T21:04:11.010344] High prop at exactly tau (0.99) at rel_day 90: potential IF underweighting
[2026-01-29T21:04:23.841590] High prop at exactly tau (0.99) at rel_day 91: potential IF underweighting
[2026-01-29T21:04:36.675813] High prop at exactly tau (0.99) at rel_day 92: potential IF underweighting
[2026-01-29T21:04:49.479546] High prop at exactly tau (0.99) at rel_day 93: potential IF underweighting
[2026-01-29T21:05:02.339142] High prop at exactly tau (0.99) at rel_day 94: potential IF underweighting
[2026-01-29T21:05:15.165225] High prop at exactly tau (0.99) at rel_day 95: potential IF underweighting
[2026-01-29T21:05:27.991005] High prop at exactly tau (0.99) at rel_day 96: potential IF underweighting
[2026-01-29T21:05:40.811171] High prop at exactly tau (0.99) at rel_day 97: potential IF underweighting
[2026-01-29T21:05:53.630598] High prop at exactly tau (0.99) at rel_day 98: potential IF underweighting
[2026-01-29T21:06:06.440860] High prop at exactly tau (0.99) at rel_day 99: potential IF underweighting
[2026-01-29T21:06:19.272505] High prop at exactly tau (0.98) at rel_day 100: potential IF underweighting
[2026-01-29T21:06:32.089127] High prop at exactly tau (0.98) at rel_day 101: potential IF underweighting
[2026-01-29T21:06:45.007997] High prop at exactly tau (0.98) at rel_day 102: potential IF underweighting
[2026-01-29T21:06:57.810936] High prop at exactly tau (0.98) at rel_day 103: potential IF underweighting
[2026-01-29T21:07:10.625953] High prop at exactly tau (0.98) at rel_day 104: potential IF underweighting
[2026-01-29T21:07:23.463081] High prop at exactly tau (0.98) at rel_day 105: potential IF underweighting
[2026-01-29T21:07:36.287474] High prop at exactly tau (0.98) at rel_day 106: potential IF underweighting
[2026-01-29T21:07:49.106405] High prop at exactly tau (0.98) at rel_day 107: potential IF underweighting
[2026-01-29T21:08:01.944288] High prop at exactly tau (0.98) at rel_day 108: potential IF underweighting
[2026-01-29T21:08:14.748346] High prop at exactly tau (0.98) at rel_day 109: potential IF underweighting
[2026-01-29T21:08:27.521670] High prop at exactly tau (0.98) at rel_day 110: potential IF underweighting
[2026-01-29T21:08:40.288491] High prop at exactly tau (0.98) at rel_day 111: potential IF underweighting
[2026-01-29T21:08:53.100704] High prop at exactly tau (0.98) at rel_day 112: potential IF underweighting
[2026-01-29T21:09:05.906963] High prop at exactly tau (0.98) at rel_day 113: potential IF underweighting
[2026-01-29T21:09:18.665386] High prop at exactly tau (0.98) at rel_day 114: potential IF underweighting
[2026-01-29T21:09:31.411967] High prop at exactly tau (0.98) at rel_day 115: potential IF underweighting
[2026-01-29T21:09:44.166575] High prop at exactly tau (0.98) at rel_day 116: potential IF underweighting
[2026-01-29T21:09:56.898252] High prop at exactly tau (0.98) at rel_day 117: potential IF underweighting
[2026-01-29T21:10:09.655182] High prop at exactly tau (0.98) at rel_day 118: potential IF underweighting
[2026-01-29T21:10:22.380435] High prop at exactly tau (0.98) at rel_day 119: potential IF underweighting
[2026-01-29T21:10:35.100636] High prop at exactly tau (0.98) at rel_day 120: potential IF underweighting
[2026-01-29T21:10:57.964532] RMST conditions on survival to calendar_day — deliberate for definition, see method docs.
[2026-01-29T21:10:58.200635] High prop at exactly tau (1.00) at rel_day -60: potential IF underweighting
[2026-01-29T21:11:12.397954] High prop at exactly tau (1.00) at rel_day -59: potential IF underweighting
[2026-01-29T21:11:26.255052] High prop at exactly tau (1.00) at rel_day -58: potential IF underweighting
[2026-01-29T21:11:39.393597] High prop at exactly tau (1.00) at rel_day -57: potential IF underweighting
[2026-01-29T21:11:52.432741] High prop at exactly tau (1.00) at rel_day -56: potential IF underweighting
[2026-01-29T21:12:05.448395] High prop at exactly tau (1.00) at rel_day -55: potential IF underweighting
[2026-01-29T21:12:18.440114] High prop at exactly tau (1.00) at rel_day -54: potential IF underweighting
[2026-01-29T21:12:31.442551] High prop at exactly tau (1.00) at rel_day -53: potential IF underweighting
[2026-01-29T21:12:44.769015] High prop at exactly tau (1.00) at rel_day -52: potential IF underweighting
[2026-01-29T21:12:57.771869] High prop at exactly tau (1.00) at rel_day -51: potential IF underweighting
[2026-01-29T21:13:10.756870] High prop at exactly tau (1.00) at rel_day -50: potential IF underweighting
[2026-01-29T21:13:23.737504] High prop at exactly tau (1.00) at rel_day -49: potential IF underweighting
[2026-01-29T21:13:36.824505] High prop at exactly tau (1.00) at rel_day -48: potential IF underweighting
[2026-01-29T21:13:49.800798] High prop at exactly tau (1.00) at rel_day -47: potential IF underweighting
[2026-01-29T21:14:02.794838] High prop at exactly tau (1.00) at rel_day -46: potential IF underweighting
[2026-01-29T21:14:15.800332] High prop at exactly tau (1.00) at rel_day -45: potential IF underweighting
[2026-01-29T21:14:28.779273] High prop at exactly tau (1.00) at rel_day -44: potential IF underweighting
[2026-01-29T21:14:41.766675] High prop at exactly tau (1.00) at rel_day -43: potential IF underweighting
[2026-01-29T21:14:54.759700] High prop at exactly tau (1.00) at rel_day -42: potential IF underweighting
[2026-01-29T21:15:07.786957] High prop at exactly tau (1.00) at rel_day -41: potential IF underweighting
[2026-01-29T21:15:20.751795] High prop at exactly tau (1.00) at rel_day -40: potential IF underweighting
[2026-01-29T21:15:33.713319] High prop at exactly tau (1.00) at rel_day -39: potential IF underweighting
[2026-01-29T21:15:46.697804] High prop at exactly tau (1.00) at rel_day -38: potential IF underweighting
[2026-01-29T21:15:59.660811] High prop at exactly tau (1.00) at rel_day -37: potential IF underweighting
[2026-01-29T21:16:12.639359] High prop at exactly tau (1.00) at rel_day -36: potential IF underweighting
[2026-01-29T21:16:25.610081] High prop at exactly tau (1.00) at rel_day -35: potential IF underweighting
[2026-01-29T21:16:38.613041] High prop at exactly tau (1.00) at rel_day -34: potential IF underweighting
[2026-01-29T21:16:51.621070] High prop at exactly tau (1.00) at rel_day -33: potential IF underweighting
[2026-01-29T21:17:04.610476] High prop at exactly tau (1.00) at rel_day -32: potential IF underweighting
[2026-01-29T21:17:17.587570] High prop at exactly tau (1.00) at rel_day -31: potential IF underweighting
[2026-01-29T21:17:30.558236] High prop at exactly tau (1.00) at rel_day -30: potential IF underweighting
[2026-01-29T21:17:43.528400] High prop at exactly tau (1.00) at rel_day -29: potential IF underweighting
[2026-01-29T21:17:56.513179] High prop at exactly tau (1.00) at rel_day -28: potential IF underweighting
[2026-01-29T21:18:09.521730] High prop at exactly tau (1.00) at rel_day -27: potential IF underweighting
[2026-01-29T21:18:22.540531] High prop at exactly tau (1.00) at rel_day -26: potential IF underweighting
[2026-01-29T21:18:35.558215] High prop at exactly tau (1.00) at rel_day -25: potential IF underweighting
[2026-01-29T21:18:48.529558] High prop at exactly tau (1.00) at rel_day -24: potential IF underweighting
[2026-01-29T21:19:01.526355] High prop at exactly tau (1.00) at rel_day -23: potential IF underweighting
[2026-01-29T21:19:14.538144] High prop at exactly tau (1.00) at rel_day -22: potential IF underweighting
[2026-01-29T21:19:27.528787] High prop at exactly tau (1.00) at rel_day -21: potential IF underweighting
[2026-01-29T21:19:40.529488] High prop at exactly tau (1.00) at rel_day -20: potential IF underweighting
[2026-01-29T21:19:53.535663] High prop at exactly tau (1.00) at rel_day -19: potential IF underweighting
[2026-01-29T21:20:06.540582] High prop at exactly tau (1.00) at rel_day -18: potential IF underweighting
[2026-01-29T21:20:19.519971] High prop at exactly tau (1.00) at rel_day -17: potential IF underweighting
[2026-01-29T21:20:32.514504] High prop at exactly tau (1.00) at rel_day -16: potential IF underweighting
[2026-01-29T21:20:45.497957] High prop at exactly tau (1.00) at rel_day -15: potential IF underweighting
[2026-01-29T21:20:58.485627] High prop at exactly tau (1.00) at rel_day -14: potential IF underweighting
[2026-01-29T21:21:11.487320] High prop at exactly tau (1.00) at rel_day -13: potential IF underweighting
[2026-01-29T21:21:24.477841] High prop at exactly tau (1.00) at rel_day -12: potential IF underweighting
[2026-01-29T21:21:37.477395] High prop at exactly tau (1.00) at rel_day -11: potential IF underweighting
[2026-01-29T21:21:50.530336] High prop at exactly tau (1.00) at rel_day -10: potential IF underweighting
[2026-01-29T21:22:03.545022] High prop at exactly tau (1.00) at rel_day -9: potential IF underweighting
[2026-01-29T21:22:16.535120] High prop at exactly tau (1.00) at rel_day -8: potential IF underweighting
[2026-01-29T21:22:29.574855] High prop at exactly tau (1.00) at rel_day -7: potential IF underweighting
[2026-01-29T21:22:42.591787] High prop at exactly tau (1.00) at rel_day -6: potential IF underweighting
[2026-01-29T21:22:55.587513] High prop at exactly tau (1.00) at rel_day -5: potential IF underweighting
[2026-01-29T21:23:08.600807] High prop at exactly tau (1.00) at rel_day -4: potential IF underweighting
[2026-01-29T21:23:21.598173] High prop at exactly tau (1.00) at rel_day -3: potential IF underweighting
[2026-01-29T21:23:34.605978] High prop at exactly tau (1.00) at rel_day -2: potential IF underweighting
[2026-01-29T21:23:47.598236] High prop at exactly tau (1.00) at rel_day -1: potential IF underweighting
[2026-01-29T21:24:00.628612] High prop at exactly tau (1.00) at rel_day 0: potential IF underweighting
[2026-01-29T21:24:13.644412] High prop at exactly tau (1.00) at rel_day 1: potential IF underweighting
[2026-01-29T21:24:26.677783] High prop at exactly tau (1.00) at rel_day 2: potential IF underweighting
[2026-01-29T21:24:39.685552] High prop at exactly tau (1.00) at rel_day 3: potential IF underweighting
[2026-01-29T21:24:52.678436] High prop at exactly tau (1.00) at rel_day 4: potential IF underweighting
[2026-01-29T21:25:05.718780] High prop at exactly tau (1.00) at rel_day 5: potential IF underweighting
[2026-01-29T21:25:18.693989] High prop at exactly tau (1.00) at rel_day 6: potential IF underweighting
[2026-01-29T21:25:31.672056] High prop at exactly tau (1.00) at rel_day 7: potential IF underweighting
[2026-01-29T21:25:44.666599] High prop at exactly tau (1.00) at rel_day 8: potential IF underweighting
[2026-01-29T21:25:57.681595] High prop at exactly tau (1.00) at rel_day 9: potential IF underweighting
[2026-01-29T21:26:10.674387] High prop at exactly tau (1.00) at rel_day 10: potential IF underweighting
[2026-01-29T21:26:23.678053] High prop at exactly tau (1.00) at rel_day 11: potential IF underweighting
[2026-01-29T21:26:36.996155] High prop at exactly tau (1.00) at rel_day 12: potential IF underweighting
[2026-01-29T21:26:49.983620] High prop at exactly tau (1.00) at rel_day 13: potential IF underweighting
[2026-01-29T21:27:02.970937] High prop at exactly tau (1.00) at rel_day 14: potential IF underweighting
[2026-01-29T21:27:15.928696] High prop at exactly tau (1.00) at rel_day 15: potential IF underweighting
[2026-01-29T21:27:28.903631] High prop at exactly tau (1.00) at rel_day 16: potential IF underweighting
[2026-01-29T21:27:41.869934] High prop at exactly tau (1.00) at rel_day 17: potential IF underweighting
[2026-01-29T21:27:54.826965] High prop at exactly tau (1.00) at rel_day 18: potential IF underweighting
[2026-01-29T21:28:07.798669] High prop at exactly tau (1.00) at rel_day 19: potential IF underweighting
[2026-01-29T21:28:20.773932] High prop at exactly tau (1.00) at rel_day 20: potential IF underweighting
[2026-01-29T21:28:33.743012] High prop at exactly tau (1.00) at rel_day 21: potential IF underweighting
[2026-01-29T21:28:46.697484] High prop at exactly tau (1.00) at rel_day 22: potential IF underweighting
[2026-01-29T21:28:59.689310] High prop at exactly tau (1.00) at rel_day 23: potential IF underweighting
[2026-01-29T21:29:12.670588] High prop at exactly tau (1.00) at rel_day 24: potential IF underweighting
[2026-01-29T21:29:25.642252] High prop at exactly tau (1.00) at rel_day 25: potential IF underweighting
[2026-01-29T21:29:38.619817] High prop at exactly tau (1.00) at rel_day 26: potential IF underweighting
[2026-01-29T21:29:51.621148] High prop at exactly tau (1.00) at rel_day 27: potential IF underweighting
[2026-01-29T21:30:04.614879] High prop at exactly tau (1.00) at rel_day 28: potential IF underweighting
[2026-01-29T21:30:17.571363] High prop at exactly tau (1.00) at rel_day 29: potential IF underweighting
[2026-01-29T21:30:30.556659] High prop at exactly tau (1.00) at rel_day 30: potential IF underweighting
[2026-01-29T21:30:43.538060] High prop at exactly tau (1.00) at rel_day 31: potential IF underweighting
[2026-01-29T21:30:56.479311] High prop at exactly tau (1.00) at rel_day 32: potential IF underweighting
[2026-01-29T21:31:09.425516] High prop at exactly tau (1.00) at rel_day 33: potential IF underweighting
[2026-01-29T21:31:22.350982] High prop at exactly tau (1.00) at rel_day 34: potential IF underweighting
[2026-01-29T21:31:35.300462] High prop at exactly tau (1.00) at rel_day 35: potential IF underweighting
[2026-01-29T21:31:48.266877] High prop at exactly tau (1.00) at rel_day 36: potential IF underweighting
[2026-01-29T21:32:01.217415] High prop at exactly tau (1.00) at rel_day 37: potential IF underweighting
[2026-01-29T21:32:14.157693] High prop at exactly tau (1.00) at rel_day 38: potential IF underweighting
[2026-01-29T21:32:27.096353] High prop at exactly tau (1.00) at rel_day 39: potential IF underweighting
[2026-01-29T21:32:40.035732] High prop at exactly tau (1.00) at rel_day 40: potential IF underweighting
[2026-01-29T21:32:53.062825] High prop at exactly tau (1.00) at rel_day 41: potential IF underweighting
[2026-01-29T21:33:05.977785] High prop at exactly tau (1.00) at rel_day 42: potential IF underweighting
[2026-01-29T21:33:18.962073] High prop at exactly tau (1.00) at rel_day 43: potential IF underweighting
[2026-01-29T21:33:31.918738] High prop at exactly tau (1.00) at rel_day 44: potential IF underweighting
[2026-01-29T21:33:44.859558] High prop at exactly tau (1.00) at rel_day 45: potential IF underweighting
[2026-01-29T21:33:57.812720] High prop at exactly tau (1.00) at rel_day 46: potential IF underweighting
[2026-01-29T21:34:10.757783] High prop at exactly tau (1.00) at rel_day 47: potential IF underweighting
[2026-01-29T21:34:23.692524] High prop at exactly tau (1.00) at rel_day 48: potential IF underweighting
[2026-01-29T21:34:36.632788] High prop at exactly tau (1.00) at rel_day 49: potential IF underweighting
[2026-01-29T21:34:49.550303] High prop at exactly tau (1.00) at rel_day 50: potential IF underweighting
[2026-01-29T21:35:02.518559] High prop at exactly tau (1.00) at rel_day 51: potential IF underweighting
[2026-01-29T21:35:15.473971] High prop at exactly tau (1.00) at rel_day 52: potential IF underweighting
[2026-01-29T21:35:28.413965] High prop at exactly tau (0.99) at rel_day 53: potential IF underweighting
[2026-01-29T21:35:41.345666] High prop at exactly tau (0.99) at rel_day 54: potential IF underweighting
[2026-01-29T21:35:54.292734] High prop at exactly tau (0.99) at rel_day 55: potential IF underweighting
[2026-01-29T21:36:07.242936] High prop at exactly tau (0.99) at rel_day 56: potential IF underweighting
[2026-01-29T21:36:20.204169] High prop at exactly tau (0.99) at rel_day 57: potential IF underweighting
[2026-01-29T21:36:33.173773] High prop at exactly tau (0.99) at rel_day 58: potential IF underweighting
[2026-01-29T21:36:46.168934] High prop at exactly tau (0.99) at rel_day 59: potential IF underweighting
[2026-01-29T21:36:59.322042] High prop at exactly tau (0.99) at rel_day 60: potential IF underweighting
[2026-01-29T21:37:12.351022] High prop at exactly tau (0.99) at rel_day 61: potential IF underweighting
[2026-01-29T21:37:25.308315] High prop at exactly tau (0.99) at rel_day 62: potential IF underweighting
[2026-01-29T21:37:38.274173] High prop at exactly tau (0.99) at rel_day 63: potential IF underweighting
[2026-01-29T21:37:51.187734] High prop at exactly tau (0.99) at rel_day 64: potential IF underweighting
[2026-01-29T21:38:04.115279] High prop at exactly tau (0.99) at rel_day 65: potential IF underweighting
[2026-01-29T21:38:17.051148] High prop at exactly tau (0.99) at rel_day 66: potential IF underweighting
[2026-01-29T21:38:30.218884] High prop at exactly tau (0.99) at rel_day 67: potential IF underweighting
[2026-01-29T21:38:43.181648] High prop at exactly tau (0.99) at rel_day 68: potential IF underweighting
[2026-01-29T21:38:56.066562] High prop at exactly tau (0.99) at rel_day 69: potential IF underweighting
[2026-01-29T21:39:08.978864] High prop at exactly tau (0.99) at rel_day 70: potential IF underweighting
[2026-01-29T21:39:21.906484] High prop at exactly tau (0.99) at rel_day 71: potential IF underweighting
[2026-01-29T21:39:34.819312] High prop at exactly tau (0.99) at rel_day 72: potential IF underweighting
[2026-01-29T21:39:47.742799] High prop at exactly tau (0.99) at rel_day 73: potential IF underweighting
[2026-01-29T21:40:00.662761] High prop at exactly tau (0.99) at rel_day 74: potential IF underweighting
[2026-01-29T21:40:13.581705] High prop at exactly tau (0.99) at rel_day 75: potential IF underweighting
[2026-01-29T21:40:26.459144] High prop at exactly tau (0.99) at rel_day 76: potential IF underweighting
[2026-01-29T21:40:39.344078] High prop at exactly tau (0.99) at rel_day 77: potential IF underweighting
[2026-01-29T21:40:52.217031] High prop at exactly tau (0.99) at rel_day 78: potential IF underweighting
[2026-01-29T21:41:05.110594] High prop at exactly tau (0.99) at rel_day 79: potential IF underweighting
[2026-01-29T21:41:18.008750] High prop at exactly tau (0.99) at rel_day 80: potential IF underweighting
[2026-01-29T21:41:31.020357] High prop at exactly tau (0.99) at rel_day 81: potential IF underweighting
[2026-01-29T21:41:44.911907] High prop at exactly tau (0.99) at rel_day 82: potential IF underweighting
[2026-01-29T21:41:57.781740] High prop at exactly tau (0.99) at rel_day 83: potential IF underweighting
[2026-01-29T21:42:10.642703] High prop at exactly tau (0.99) at rel_day 84: potential IF underweighting
[2026-01-29T21:42:23.520434] High prop at exactly tau (0.99) at rel_day 85: potential IF underweighting
[2026-01-29T21:42:36.396087] High prop at exactly tau (0.99) at rel_day 86: potential IF underweighting
[2026-01-29T21:42:49.270786] High prop at exactly tau (0.99) at rel_day 87: potential IF underweighting
[2026-01-29T21:43:02.139365] High prop at exactly tau (0.99) at rel_day 88: potential IF underweighting
[2026-01-29T21:43:14.999594] High prop at exactly tau (0.99) at rel_day 89: potential IF underweighting
[2026-01-29T21:43:27.852387] High prop at exactly tau (0.99) at rel_day 90: potential IF underweighting
[2026-01-29T21:43:40.719328] High prop at exactly tau (0.99) at rel_day 91: potential IF underweighting
[2026-01-29T21:43:53.586289] High prop at exactly tau (0.99) at rel_day 92: potential IF underweighting
[2026-01-29T21:44:06.442632] High prop at exactly tau (0.99) at rel_day 93: potential IF underweighting
[2026-01-29T21:44:19.284490] High prop at exactly tau (0.99) at rel_day 94: potential IF underweighting
[2026-01-29T21:44:32.131917] High prop at exactly tau (0.99) at rel_day 95: potential IF underweighting
[2026-01-29T21:44:44.970564] High prop at exactly tau (0.99) at rel_day 96: potential IF underweighting
[2026-01-29T21:44:57.805603] High prop at exactly tau (0.99) at rel_day 97: potential IF underweighting
[2026-01-29T21:45:10.627923] High prop at exactly tau (0.99) at rel_day 98: potential IF underweighting
[2026-01-29T21:45:23.441984] High prop at exactly tau (0.99) at rel_day 99: potential IF underweighting
[2026-01-29T21:45:36.289443] High prop at exactly tau (0.99) at rel_day 100: potential IF underweighting
[2026-01-29T21:45:49.123982] High prop at exactly tau (0.98) at rel_day 101: potential IF underweighting
[2026-01-29T21:46:01.942025] High prop at exactly tau (0.98) at rel_day 102: potential IF underweighting
[2026-01-29T21:46:14.726354] High prop at exactly tau (0.98) at rel_day 103: potential IF underweighting
[2026-01-29T21:46:27.507379] High prop at exactly tau (0.98) at rel_day 104: potential IF underweighting
[2026-01-29T21:46:40.339767] High prop at exactly tau (0.98) at rel_day 105: potential IF underweighting
[2026-01-29T21:46:53.403580] High prop at exactly tau (0.98) at rel_day 106: potential IF underweighting
[2026-01-29T21:47:06.415512] High prop at exactly tau (0.98) at rel_day 107: potential IF underweighting
[2026-01-29T21:47:19.214773] High prop at exactly tau (0.98) at rel_day 108: potential IF underweighting
[2026-01-29T21:47:31.995629] High prop at exactly tau (0.98) at rel_day 109: potential IF underweighting
[2026-01-29T21:47:44.777371] High prop at exactly tau (0.98) at rel_day 110: potential IF underweighting
[2026-01-29T21:47:57.562563] High prop at exactly tau (0.98) at rel_day 111: potential IF underweighting
[2026-01-29T21:48:10.326688] High prop at exactly tau (0.98) at rel_day 112: potential IF underweighting
[2026-01-29T21:48:23.102777] High prop at exactly tau (0.98) at rel_day 113: potential IF underweighting
[2026-01-29T21:48:35.854835] High prop at exactly tau (0.98) at rel_day 114: potential IF underweighting
[2026-01-29T21:48:48.611931] High prop at exactly tau (0.98) at rel_day 115: potential IF underweighting
[2026-01-29T21:49:01.363895] High prop at exactly tau (0.98) at rel_day 116: potential IF underweighting
[2026-01-29T21:49:14.110048] High prop at exactly tau (0.98) at rel_day 117: potential IF underweighting
[2026-01-29T21:49:26.843909] High prop at exactly tau (0.98) at rel_day 118: potential IF underweighting
[2026-01-29T21:49:39.590417] High prop at exactly tau (0.98) at rel_day 119: potential IF underweighting
[2026-01-29T21:49:52.336231] High prop at exactly tau (0.98) at rel_day 120: potential IF underweighting
[2026-01-29T21:50:14.280759] RMST conditions on survival to calendar_day — deliberate for definition, see method docs.
[2026-01-29T21:50:14.522622] High prop at exactly tau (1.00) at rel_day -60: potential IF underweighting
[2026-01-29T21:50:28.691367] High prop at exactly tau (1.00) at rel_day -59: potential IF underweighting
[2026-01-29T21:50:41.689215] High prop at exactly tau (1.00) at rel_day -58: potential IF underweighting
[2026-01-29T21:50:54.704366] High prop at exactly tau (1.00) at rel_day -57: potential IF underweighting
[2026-01-29T21:51:07.703052] High prop at exactly tau (1.00) at rel_day -56: potential IF underweighting
[2026-01-29T21:51:20.666966] High prop at exactly tau (1.00) at rel_day -55: potential IF underweighting
[2026-01-29T21:51:33.652656] High prop at exactly tau (1.00) at rel_day -54: potential IF underweighting
[2026-01-29T21:51:46.659149] High prop at exactly tau (1.00) at rel_day -53: potential IF underweighting
[2026-01-29T21:51:59.639761] High prop at exactly tau (1.00) at rel_day -52: potential IF underweighting
[2026-01-29T21:52:12.643166] High prop at exactly tau (1.00) at rel_day -51: potential IF underweighting
[2026-01-29T21:52:25.627708] High prop at exactly tau (1.00) at rel_day -50: potential IF underweighting
[2026-01-29T21:52:38.623825] High prop at exactly tau (1.00) at rel_day -49: potential IF underweighting
[2026-01-29T21:52:51.613776] High prop at exactly tau (1.00) at rel_day -48: potential IF underweighting
[2026-01-29T21:53:04.588476] High prop at exactly tau (1.00) at rel_day -47: potential IF underweighting
[2026-01-29T21:53:17.562927] High prop at exactly tau (1.00) at rel_day -46: potential IF underweighting
[2026-01-29T21:53:30.559284] High prop at exactly tau (1.00) at rel_day -45: potential IF underweighting
[2026-01-29T21:53:43.548237] High prop at exactly tau (1.00) at rel_day -44: potential IF underweighting
[2026-01-29T21:53:56.557810] High prop at exactly tau (1.00) at rel_day -43: potential IF underweighting
[2026-01-29T21:54:09.549123] High prop at exactly tau (1.00) at rel_day -42: potential IF underweighting
[2026-01-29T21:54:22.551770] High prop at exactly tau (1.00) at rel_day -41: potential IF underweighting
[2026-01-29T21:54:35.557381] High prop at exactly tau (1.00) at rel_day -40: potential IF underweighting
[2026-01-29T21:54:48.532016] High prop at exactly tau (1.00) at rel_day -39: potential IF underweighting
[2026-01-29T21:55:01.500542] High prop at exactly tau (1.00) at rel_day -38: potential IF underweighting
[2026-01-29T21:55:14.531289] High prop at exactly tau (1.00) at rel_day -37: potential IF underweighting
[2026-01-29T21:55:27.518899] High prop at exactly tau (1.00) at rel_day -36: potential IF underweighting
[2026-01-29T21:55:40.519806] High prop at exactly tau (1.00) at rel_day -35: potential IF underweighting
[2026-01-29T21:55:53.498277] High prop at exactly tau (1.00) at rel_day -34: potential IF underweighting
[2026-01-29T21:56:06.474128] High prop at exactly tau (1.00) at rel_day -33: potential IF underweighting
[2026-01-29T21:56:19.448132] High prop at exactly tau (1.00) at rel_day -32: potential IF underweighting
[2026-01-29T21:56:32.419339] High prop at exactly tau (1.00) at rel_day -31: potential IF underweighting
[2026-01-29T21:56:47.062606] High prop at exactly tau (1.00) at rel_day -30: potential IF underweighting
[2026-01-29T21:57:00.050131] High prop at exactly tau (1.00) at rel_day -29: potential IF underweighting
[2026-01-29T21:57:13.064924] High prop at exactly tau (1.00) at rel_day -28: potential IF underweighting
[2026-01-29T21:57:26.062333] High prop at exactly tau (1.00) at rel_day -27: potential IF underweighting
[2026-01-29T21:57:39.036457] High prop at exactly tau (1.00) at rel_day -26: potential IF underweighting
[2026-01-29T21:57:52.027343] High prop at exactly tau (1.00) at rel_day -25: potential IF underweighting
[2026-01-29T21:58:05.020573] High prop at exactly tau (1.00) at rel_day -24: potential IF underweighting
[2026-01-29T21:58:18.011933] High prop at exactly tau (1.00) at rel_day -23: potential IF underweighting
[2026-01-29T21:58:31.006977] High prop at exactly tau (1.00) at rel_day -22: potential IF underweighting
[2026-01-29T21:58:44.011807] High prop at exactly tau (1.00) at rel_day -21: potential IF underweighting
[2026-01-29T21:58:57.000184] High prop at exactly tau (1.00) at rel_day -20: potential IF underweighting
[2026-01-29T21:59:10.003510] High prop at exactly tau (1.00) at rel_day -19: potential IF underweighting
[2026-01-29T21:59:22.975906] High prop at exactly tau (1.00) at rel_day -18: potential IF underweighting
[2026-01-29T21:59:35.970706] High prop at exactly tau (1.00) at rel_day -17: potential IF underweighting
[2026-01-29T21:59:48.975538] High prop at exactly tau (1.00) at rel_day -16: potential IF underweighting
[2026-01-29T22:00:02.006799] High prop at exactly tau (1.00) at rel_day -15: potential IF underweighting
[2026-01-29T22:00:15.012348] High prop at exactly tau (1.00) at rel_day -14: potential IF underweighting
[2026-01-29T22:00:27.992071] High prop at exactly tau (1.00) at rel_day -13: potential IF underweighting
[2026-01-29T22:00:40.988217] High prop at exactly tau (1.00) at rel_day -12: potential IF underweighting
[2026-01-29T22:00:53.972057] High prop at exactly tau (1.00) at rel_day -11: potential IF underweighting
[2026-01-29T22:01:06.978371] High prop at exactly tau (1.00) at rel_day -10: potential IF underweighting
[2026-01-29T22:01:19.979682] High prop at exactly tau (1.00) at rel_day -9: potential IF underweighting
[2026-01-29T22:01:32.954673] High prop at exactly tau (1.00) at rel_day -8: potential IF underweighting
[2026-01-29T22:01:45.973153] High prop at exactly tau (1.00) at rel_day -7: potential IF underweighting
[2026-01-29T22:01:59.001163] High prop at exactly tau (1.00) at rel_day -6: potential IF underweighting
[2026-01-29T22:02:11.995260] High prop at exactly tau (1.00) at rel_day -5: potential IF underweighting
[2026-01-29T22:02:24.979236] High prop at exactly tau (1.00) at rel_day -4: potential IF underweighting
[2026-01-29T22:02:37.987707] High prop at exactly tau (1.00) at rel_day -3: potential IF underweighting
[2026-01-29T22:02:51.004115] High prop at exactly tau (1.00) at rel_day -2: potential IF underweighting
[2026-01-29T22:03:04.025660] High prop at exactly tau (1.00) at rel_day -1: potential IF underweighting
[2026-01-29T22:03:17.021677] High prop at exactly tau (1.00) at rel_day 0: potential IF underweighting
[2026-01-29T22:03:30.026551] High prop at exactly tau (1.00) at rel_day 1: potential IF underweighting
[2026-01-29T22:03:43.020195] High prop at exactly tau (1.00) at rel_day 2: potential IF underweighting
[2026-01-29T22:03:56.024779] High prop at exactly tau (1.00) at rel_day 3: potential IF underweighting
[2026-01-29T22:04:09.024598] High prop at exactly tau (1.00) at rel_day 4: potential IF underweighting
[2026-01-29T22:04:22.014157] High prop at exactly tau (1.00) at rel_day 5: potential IF underweighting
[2026-01-29T22:04:34.982739] High prop at exactly tau (1.00) at rel_day 6: potential IF underweighting
[2026-01-29T22:04:47.964003] High prop at exactly tau (1.00) at rel_day 7: potential IF underweighting
[2026-01-29T22:05:00.916334] High prop at exactly tau (1.00) at rel_day 8: potential IF underweighting
[2026-01-29T22:05:13.924675] High prop at exactly tau (1.00) at rel_day 9: potential IF underweighting
[2026-01-29T22:05:26.917664] High prop at exactly tau (1.00) at rel_day 10: potential IF underweighting
[2026-01-29T22:05:39.887989] High prop at exactly tau (1.00) at rel_day 11: potential IF underweighting
[2026-01-29T22:05:52.869012] High prop at exactly tau (1.00) at rel_day 12: potential IF underweighting
[2026-01-29T22:06:05.836927] High prop at exactly tau (1.00) at rel_day 13: potential IF underweighting
[2026-01-29T22:06:18.836495] High prop at exactly tau (1.00) at rel_day 14: potential IF underweighting
[2026-01-29T22:06:31.838292] High prop at exactly tau (1.00) at rel_day 15: potential IF underweighting
[2026-01-29T22:06:44.835232] High prop at exactly tau (1.00) at rel_day 16: potential IF underweighting
[2026-01-29T22:06:57.843558] High prop at exactly tau (1.00) at rel_day 17: potential IF underweighting
[2026-01-29T22:07:10.839768] High prop at exactly tau (1.00) at rel_day 18: potential IF underweighting
[2026-01-29T22:07:23.856995] High prop at exactly tau (1.00) at rel_day 19: potential IF underweighting
[2026-01-29T22:07:36.832495] High prop at exactly tau (1.00) at rel_day 20: potential IF underweighting
[2026-01-29T22:07:49.808761] High prop at exactly tau (1.00) at rel_day 21: potential IF underweighting
[2026-01-29T22:08:02.798691] High prop at exactly tau (1.00) at rel_day 22: potential IF underweighting
[2026-01-29T22:08:15.779471] High prop at exactly tau (1.00) at rel_day 23: potential IF underweighting
[2026-01-29T22:08:28.790709] High prop at exactly tau (1.00) at rel_day 24: potential IF underweighting
[2026-01-29T22:08:41.739038] High prop at exactly tau (1.00) at rel_day 25: potential IF underweighting
[2026-01-29T22:08:54.710094] High prop at exactly tau (1.00) at rel_day 26: potential IF underweighting
[2026-01-29T22:09:07.682026] High prop at exactly tau (1.00) at rel_day 27: potential IF underweighting
[2026-01-29T22:09:20.615232] High prop at exactly tau (1.00) at rel_day 28: potential IF underweighting
[2026-01-29T22:09:33.561739] High prop at exactly tau (1.00) at rel_day 29: potential IF underweighting
[2026-01-29T22:09:46.505107] High prop at exactly tau (1.00) at rel_day 30: potential IF underweighting
[2026-01-29T22:09:59.462018] High prop at exactly tau (1.00) at rel_day 31: potential IF underweighting
[2026-01-29T22:10:12.445637] High prop at exactly tau (1.00) at rel_day 32: potential IF underweighting
[2026-01-29T22:10:25.378614] High prop at exactly tau (1.00) at rel_day 33: potential IF underweighting
[2026-01-29T22:10:38.322911] High prop at exactly tau (1.00) at rel_day 34: potential IF underweighting
[2026-01-29T22:10:51.269266] High prop at exactly tau (1.00) at rel_day 35: potential IF underweighting
[2026-01-29T22:11:04.227466] High prop at exactly tau (1.00) at rel_day 36: potential IF underweighting
[2026-01-29T22:11:17.185774] High prop at exactly tau (1.00) at rel_day 37: potential IF underweighting
[2026-01-29T22:11:30.146266] High prop at exactly tau (1.00) at rel_day 38: potential IF underweighting
[2026-01-29T22:11:43.549575] High prop at exactly tau (1.00) at rel_day 39: potential IF underweighting
[2026-01-29T22:11:56.469485] High prop at exactly tau (1.00) at rel_day 40: potential IF underweighting
[2026-01-29T22:12:09.438296] High prop at exactly tau (1.00) at rel_day 41: potential IF underweighting
[2026-01-29T22:12:22.381065] High prop at exactly tau (1.00) at rel_day 42: potential IF underweighting
[2026-01-29T22:12:35.327140] High prop at exactly tau (1.00) at rel_day 43: potential IF underweighting
[2026-01-29T22:12:48.260209] High prop at exactly tau (1.00) at rel_day 44: potential IF underweighting
[2026-01-29T22:13:01.180974] High prop at exactly tau (1.00) at rel_day 45: potential IF underweighting
[2026-01-29T22:13:14.092546] High prop at exactly tau (1.00) at rel_day 46: potential IF underweighting
[2026-01-29T22:13:27.014271] High prop at exactly tau (1.00) at rel_day 47: potential IF underweighting
[2026-01-29T22:13:39.991094] High prop at exactly tau (1.00) at rel_day 48: potential IF underweighting
[2026-01-29T22:13:52.916653] High prop at exactly tau (1.00) at rel_day 49: potential IF underweighting
[2026-01-29T22:14:05.866480] High prop at exactly tau (1.00) at rel_day 50: potential IF underweighting
[2026-01-29T22:14:18.799867] High prop at exactly tau (1.00) at rel_day 51: potential IF underweighting
[2026-01-29T22:14:31.753655] High prop at exactly tau (1.00) at rel_day 52: potential IF underweighting
[2026-01-29T22:14:44.716211] High prop at exactly tau (0.99) at rel_day 53: potential IF underweighting
[2026-01-29T22:14:57.664546] High prop at exactly tau (0.99) at rel_day 54: potential IF underweighting
[2026-01-29T22:15:10.582962] High prop at exactly tau (0.99) at rel_day 55: potential IF underweighting
[2026-01-29T22:15:23.513786] High prop at exactly tau (0.99) at rel_day 56: potential IF underweighting
[2026-01-29T22:15:36.419726] High prop at exactly tau (0.99) at rel_day 57: potential IF underweighting
[2026-01-29T22:15:49.344344] High prop at exactly tau (0.99) at rel_day 58: potential IF underweighting
[2026-01-29T22:16:02.241974] High prop at exactly tau (0.99) at rel_day 59: potential IF underweighting
[2026-01-29T22:16:15.148117] High prop at exactly tau (0.99) at rel_day 60: potential IF underweighting
[2026-01-29T22:16:28.031951] High prop at exactly tau (0.99) at rel_day 61: potential IF underweighting
[2026-01-29T22:16:40.929054] High prop at exactly tau (0.99) at rel_day 62: potential IF underweighting
[2026-01-29T22:16:53.846280] High prop at exactly tau (0.99) at rel_day 63: potential IF underweighting
[2026-01-29T22:17:06.766910] High prop at exactly tau (0.99) at rel_day 64: potential IF underweighting
[2026-01-29T22:17:19.692663] High prop at exactly tau (0.99) at rel_day 65: potential IF underweighting
[2026-01-29T22:17:32.604463] High prop at exactly tau (0.99) at rel_day 66: potential IF underweighting
[2026-01-29T22:17:45.516978] High prop at exactly tau (0.99) at rel_day 67: potential IF underweighting
[2026-01-29T22:17:58.387254] High prop at exactly tau (0.99) at rel_day 68: potential IF underweighting
[2026-01-29T22:18:11.287489] High prop at exactly tau (0.99) at rel_day 69: potential IF underweighting
[2026-01-29T22:18:24.169051] High prop at exactly tau (0.99) at rel_day 70: potential IF underweighting
[2026-01-29T22:18:37.070628] High prop at exactly tau (0.99) at rel_day 71: potential IF underweighting
[2026-01-29T22:18:49.945089] High prop at exactly tau (0.99) at rel_day 72: potential IF underweighting
[2026-01-29T22:19:02.825291] High prop at exactly tau (0.99) at rel_day 73: potential IF underweighting
[2026-01-29T22:19:15.713777] High prop at exactly tau (0.99) at rel_day 74: potential IF underweighting
[2026-01-29T22:19:28.570508] High prop at exactly tau (0.99) at rel_day 75: potential IF underweighting
[2026-01-29T22:19:41.456932] High prop at exactly tau (0.99) at rel_day 76: potential IF underweighting
[2026-01-29T22:19:54.317764] High prop at exactly tau (0.99) at rel_day 77: potential IF underweighting
[2026-01-29T22:20:07.233497] High prop at exactly tau (0.99) at rel_day 78: potential IF underweighting
[2026-01-29T22:20:20.110953] High prop at exactly tau (0.99) at rel_day 79: potential IF underweighting
[2026-01-29T22:20:33.008028] High prop at exactly tau (0.99) at rel_day 80: potential IF underweighting
[2026-01-29T22:20:45.898578] High prop at exactly tau (0.99) at rel_day 81: potential IF underweighting
[2026-01-29T22:20:58.767006] High prop at exactly tau (0.99) at rel_day 82: potential IF underweighting
[2026-01-29T22:21:11.655432] High prop at exactly tau (0.99) at rel_day 83: potential IF underweighting
[2026-01-29T22:21:24.513428] High prop at exactly tau (0.99) at rel_day 84: potential IF underweighting
[2026-01-29T22:21:37.379936] High prop at exactly tau (0.99) at rel_day 85: potential IF underweighting
[2026-01-29T22:21:50.244258] High prop at exactly tau (0.99) at rel_day 86: potential IF underweighting
[2026-01-29T22:22:03.091708] High prop at exactly tau (0.99) at rel_day 87: potential IF underweighting
[2026-01-29T22:22:15.934067] High prop at exactly tau (0.99) at rel_day 88: potential IF underweighting
[2026-01-29T22:22:28.779179] High prop at exactly tau (0.99) at rel_day 89: potential IF underweighting
[2026-01-29T22:22:41.649726] High prop at exactly tau (0.99) at rel_day 90: potential IF underweighting
[2026-01-29T22:22:54.477908] High prop at exactly tau (0.99) at rel_day 91: potential IF underweighting
[2026-01-29T22:23:07.324959] High prop at exactly tau (0.99) at rel_day 92: potential IF underweighting
[2026-01-29T22:23:20.144904] High prop at exactly tau (0.99) at rel_day 93: potential IF underweighting
[2026-01-29T22:23:32.981039] High prop at exactly tau (0.99) at rel_day 94: potential IF underweighting
[2026-01-29T22:23:45.811577] High prop at exactly tau (0.99) at rel_day 95: potential IF underweighting
[2026-01-29T22:23:58.661911] High prop at exactly tau (0.99) at rel_day 96: potential IF underweighting
[2026-01-29T22:24:11.488183] High prop at exactly tau (0.99) at rel_day 97: potential IF underweighting
[2026-01-29T22:24:24.287118] High prop at exactly tau (0.99) at rel_day 98: potential IF underweighting
[2026-01-29T22:24:37.082188] High prop at exactly tau (0.99) at rel_day 99: potential IF underweighting
[2026-01-29T22:24:49.884314] High prop at exactly tau (0.98) at rel_day 100: potential IF underweighting
[2026-01-29T22:25:02.710737] High prop at exactly tau (0.98) at rel_day 101: potential IF underweighting
[2026-01-29T22:25:15.547428] High prop at exactly tau (0.98) at rel_day 102: potential IF underweighting
[2026-01-29T22:25:28.364786] High prop at exactly tau (0.98) at rel_day 103: potential IF underweighting
[2026-01-29T22:25:41.168796] High prop at exactly tau (0.98) at rel_day 104: potential IF underweighting
[2026-01-29T22:25:53.997953] High prop at exactly tau (0.98) at rel_day 105: potential IF underweighting
[2026-01-29T22:26:06.790388] High prop at exactly tau (0.98) at rel_day 106: potential IF underweighting
[2026-01-29T22:26:19.554027] High prop at exactly tau (0.98) at rel_day 107: potential IF underweighting
[2026-01-29T22:26:32.319139] High prop at exactly tau (0.98) at rel_day 108: potential IF underweighting
[2026-01-29T22:26:46.803756] High prop at exactly tau (0.98) at rel_day 109: potential IF underweighting
[2026-01-29T22:26:59.774730] High prop at exactly tau (0.98) at rel_day 110: potential IF underweighting
[2026-01-29T22:27:12.529614] High prop at exactly tau (0.98) at rel_day 111: potential IF underweighting
[2026-01-29T22:27:25.273162] High prop at exactly tau (0.98) at rel_day 112: potential IF underweighting
[2026-01-29T22:27:38.043945] High prop at exactly tau (0.98) at rel_day 113: potential IF underweighting
[2026-01-29T22:27:50.771964] High prop at exactly tau (0.98) at rel_day 114: potential IF underweighting
[2026-01-29T22:28:03.506936] High prop at exactly tau (0.98) at rel_day 115: potential IF underweighting
[2026-01-29T22:28:16.232871] High prop at exactly tau (0.98) at rel_day 116: potential IF underweighting
[2026-01-29T22:28:28.936768] High prop at exactly tau (0.98) at rel_day 117: potential IF underweighting
[2026-01-29T22:28:41.664494] High prop at exactly tau (0.98) at rel_day 118: potential IF underweighting
[2026-01-29T22:28:54.390436] High prop at exactly tau (0.98) at rel_day 119: potential IF underweighting
[2026-01-29T22:29:07.098132] High prop at exactly tau (0.98) at rel_day 120: potential IF underweighting
[2026-01-29T22:29:29.994231] RMST conditions on survival to calendar_day — deliberate for definition, see method docs.
[2026-01-29T22:29:30.250146] High prop at exactly tau (1.00) at rel_day -60: potential IF underweighting
[2026-01-29T22:29:44.473533] High prop at exactly tau (1.00) at rel_day -59: potential IF underweighting
[2026-01-29T22:29:57.449584] High prop at exactly tau (1.00) at rel_day -58: potential IF underweighting
[2026-01-29T22:30:10.458184] High prop at exactly tau (1.00) at rel_day -57: potential IF underweighting
[2026-01-29T22:30:23.410123] High prop at exactly tau (1.00) at rel_day -56: potential IF underweighting
[2026-01-29T22:30:36.373929] High prop at exactly tau (1.00) at rel_day -55: potential IF underweighting
[2026-01-29T22:30:49.349853] High prop at exactly tau (1.00) at rel_day -54: potential IF underweighting
[2026-01-29T22:31:02.396940] High prop at exactly tau (1.00) at rel_day -53: potential IF underweighting
[2026-01-29T22:31:15.370111] High prop at exactly tau (1.00) at rel_day -52: potential IF underweighting
[2026-01-29T22:31:28.342512] High prop at exactly tau (1.00) at rel_day -51: potential IF underweighting
[2026-01-29T22:31:41.319458] High prop at exactly tau (1.00) at rel_day -50: potential IF underweighting
[2026-01-29T22:31:54.293112] High prop at exactly tau (1.00) at rel_day -49: potential IF underweighting
[2026-01-29T22:32:07.273658] High prop at exactly tau (1.00) at rel_day -48: potential IF underweighting
[2026-01-29T22:32:20.273138] High prop at exactly tau (1.00) at rel_day -47: potential IF underweighting
[2026-01-29T22:32:33.239276] High prop at exactly tau (1.00) at rel_day -46: potential IF underweighting
[2026-01-29T22:32:46.207780] High prop at exactly tau (1.00) at rel_day -45: potential IF underweighting
[2026-01-29T22:32:59.213263] High prop at exactly tau (1.00) at rel_day -44: potential IF underweighting
[2026-01-29T22:33:12.167549] High prop at exactly tau (1.00) at rel_day -43: potential IF underweighting
[2026-01-29T22:33:25.112830] High prop at exactly tau (1.00) at rel_day -42: potential IF underweighting
[2026-01-29T22:33:38.077849] High prop at exactly tau (1.00) at rel_day -41: potential IF underweighting
[2026-01-29T22:33:51.045407] High prop at exactly tau (1.00) at rel_day -40: potential IF underweighting
[2026-01-29T22:34:04.022465] High prop at exactly tau (1.00) at rel_day -39: potential IF underweighting
[2026-01-29T22:34:16.993850] High prop at exactly tau (1.00) at rel_day -38: potential IF underweighting
[2026-01-29T22:34:29.953072] High prop at exactly tau (1.00) at rel_day -37: potential IF underweighting
[2026-01-29T22:34:42.943684] High prop at exactly tau (1.00) at rel_day -36: potential IF underweighting
[2026-01-29T22:34:55.887571] High prop at exactly tau (1.00) at rel_day -35: potential IF underweighting
[2026-01-29T22:35:08.857985] High prop at exactly tau (1.00) at rel_day -34: potential IF underweighting
[2026-01-29T22:35:21.824132] High prop at exactly tau (1.00) at rel_day -33: potential IF underweighting
[2026-01-29T22:35:34.776836] High prop at exactly tau (1.00) at rel_day -32: potential IF underweighting
[2026-01-29T22:35:47.758900] High prop at exactly tau (1.00) at rel_day -31: potential IF underweighting
[2026-01-29T22:36:00.718325] High prop at exactly tau (1.00) at rel_day -30: potential IF underweighting
[2026-01-29T22:36:13.687441] High prop at exactly tau (1.00) at rel_day -29: potential IF underweighting
[2026-01-29T22:36:26.697081] High prop at exactly tau (1.00) at rel_day -28: potential IF underweighting
[2026-01-29T22:36:39.702313] High prop at exactly tau (1.00) at rel_day -27: potential IF underweighting
[2026-01-29T22:36:52.797512] High prop at exactly tau (1.00) at rel_day -26: potential IF underweighting
[2026-01-29T22:37:05.891326] High prop at exactly tau (1.00) at rel_day -25: potential IF underweighting
[2026-01-29T22:37:18.977835] High prop at exactly tau (1.00) at rel_day -24: potential IF underweighting
[2026-01-29T22:37:31.942910] High prop at exactly tau (1.00) at rel_day -23: potential IF underweighting
[2026-01-29T22:37:44.953327] High prop at exactly tau (1.00) at rel_day -22: potential IF underweighting
[2026-01-29T22:37:57.951582] High prop at exactly tau (1.00) at rel_day -21: potential IF underweighting
[2026-01-29T22:38:10.925405] High prop at exactly tau (1.00) at rel_day -20: potential IF underweighting
[2026-01-29T22:38:23.924503] High prop at exactly tau (1.00) at rel_day -19: potential IF underweighting
[2026-01-29T22:38:37.229133] High prop at exactly tau (1.00) at rel_day -18: potential IF underweighting
[2026-01-29T22:38:50.267605] High prop at exactly tau (1.00) at rel_day -17: potential IF underweighting
[2026-01-29T22:39:03.235370] High prop at exactly tau (1.00) at rel_day -16: potential IF underweighting
[2026-01-29T22:39:16.191436] High prop at exactly tau (1.00) at rel_day -15: potential IF underweighting
[2026-01-29T22:39:29.175390] High prop at exactly tau (1.00) at rel_day -14: potential IF underweighting
[2026-01-29T22:39:42.179135] High prop at exactly tau (1.00) at rel_day -13: potential IF underweighting
[2026-01-29T22:39:55.153688] High prop at exactly tau (1.00) at rel_day -12: potential IF underweighting
[2026-01-29T22:40:08.182155] High prop at exactly tau (1.00) at rel_day -11: potential IF underweighting
[2026-01-29T22:40:21.162095] High prop at exactly tau (1.00) at rel_day -10: potential IF underweighting
[2026-01-29T22:40:34.147150] High prop at exactly tau (1.00) at rel_day -9: potential IF underweighting
[2026-01-29T22:40:47.127889] High prop at exactly tau (1.00) at rel_day -8: potential IF underweighting
[2026-01-29T22:41:00.079715] High prop at exactly tau (1.00) at rel_day -7: potential IF underweighting
[2026-01-29T22:41:13.058865] High prop at exactly tau (1.00) at rel_day -6: potential IF underweighting
[2026-01-29T22:41:26.022376] High prop at exactly tau (1.00) at rel_day -5: potential IF underweighting
[2026-01-29T22:41:39.017433] High prop at exactly tau (1.00) at rel_day -4: potential IF underweighting
[2026-01-29T22:41:53.178173] High prop at exactly tau (1.00) at rel_day -3: potential IF underweighting
[2026-01-29T22:42:06.390683] High prop at exactly tau (1.00) at rel_day -2: potential IF underweighting
[2026-01-29T22:42:19.395004] High prop at exactly tau (1.00) at rel_day -1: potential IF underweighting
[2026-01-29T22:42:32.377823] High prop at exactly tau (1.00) at rel_day 0: potential IF underweighting
[2026-01-29T22:42:45.391657] High prop at exactly tau (1.00) at rel_day 1: potential IF underweighting
[2026-01-29T22:42:58.386036] High prop at exactly tau (1.00) at rel_day 2: potential IF underweighting
[2026-01-29T22:43:11.428873] High prop at exactly tau (1.00) at rel_day 3: potential IF underweighting
[2026-01-29T22:43:24.411728] High prop at exactly tau (1.00) at rel_day 4: potential IF underweighting
[2026-01-29T22:43:37.416092] High prop at exactly tau (1.00) at rel_day 5: potential IF underweighting
[2026-01-29T22:43:50.380470] High prop at exactly tau (1.00) at rel_day 6: potential IF underweighting
[2026-01-29T22:44:03.359658] High prop at exactly tau (1.00) at rel_day 7: potential IF underweighting
[2026-01-29T22:44:16.322767] High prop at exactly tau (1.00) at rel_day 8: potential IF underweighting
[2026-01-29T22:44:29.316129] High prop at exactly tau (1.00) at rel_day 9: potential IF underweighting
[2026-01-29T22:44:42.325074] High prop at exactly tau (1.00) at rel_day 10: potential IF underweighting
[2026-01-29T22:44:55.331228] High prop at exactly tau (1.00) at rel_day 11: potential IF underweighting
[2026-01-29T22:45:08.316070] High prop at exactly tau (1.00) at rel_day 12: potential IF underweighting
[2026-01-29T22:45:21.296569] High prop at exactly tau (1.00) at rel_day 13: potential IF underweighting
[2026-01-29T22:45:34.242882] High prop at exactly tau (1.00) at rel_day 14: potential IF underweighting
[2026-01-29T22:45:47.225887] High prop at exactly tau (1.00) at rel_day 15: potential IF underweighting
[2026-01-29T22:46:00.201985] High prop at exactly tau (1.00) at rel_day 16: potential IF underweighting
[2026-01-29T22:46:13.174374] High prop at exactly tau (1.00) at rel_day 17: potential IF underweighting
[2026-01-29T22:46:26.109195] High prop at exactly tau (1.00) at rel_day 18: potential IF underweighting
[2026-01-29T22:46:39.075123] High prop at exactly tau (1.00) at rel_day 19: potential IF underweighting
[2026-01-29T22:46:52.008343] High prop at exactly tau (1.00) at rel_day 20: potential IF underweighting
[2026-01-29T22:47:04.941242] High prop at exactly tau (1.00) at rel_day 21: potential IF underweighting
[2026-01-29T22:47:17.868787] High prop at exactly tau (1.00) at rel_day 22: potential IF underweighting
[2026-01-29T22:47:30.808204] High prop at exactly tau (1.00) at rel_day 23: potential IF underweighting
[2026-01-29T22:47:43.747273] High prop at exactly tau (1.00) at rel_day 24: potential IF underweighting
[2026-01-29T22:47:56.717177] High prop at exactly tau (1.00) at rel_day 25: potential IF underweighting
[2026-01-29T22:48:09.661203] High prop at exactly tau (1.00) at rel_day 26: potential IF underweighting
[2026-01-29T22:48:22.587027] High prop at exactly tau (1.00) at rel_day 27: potential IF underweighting
[2026-01-29T22:48:35.528671] High prop at exactly tau (1.00) at rel_day 28: potential IF underweighting
[2026-01-29T22:48:48.470141] High prop at exactly tau (1.00) at rel_day 29: potential IF underweighting
[2026-01-29T22:49:01.422144] High prop at exactly tau (1.00) at rel_day 30: potential IF underweighting
[2026-01-29T22:49:14.392042] High prop at exactly tau (1.00) at rel_day 31: potential IF underweighting
[2026-01-29T22:49:27.324185] High prop at exactly tau (1.00) at rel_day 32: potential IF underweighting
[2026-01-29T22:49:40.244228] High prop at exactly tau (1.00) at rel_day 33: potential IF underweighting
[2026-01-29T22:49:53.177108] High prop at exactly tau (1.00) at rel_day 34: potential IF underweighting
[2026-01-29T22:50:06.116532] High prop at exactly tau (1.00) at rel_day 35: potential IF underweighting
[2026-01-29T22:50:19.056072] High prop at exactly tau (1.00) at rel_day 36: potential IF underweighting
[2026-01-29T22:50:32.100706] High prop at exactly tau (1.00) at rel_day 37: potential IF underweighting
[2026-01-29T22:50:45.086211] High prop at exactly tau (1.00) at rel_day 38: potential IF underweighting
[2026-01-29T22:50:58.020568] High prop at exactly tau (1.00) at rel_day 39: potential IF underweighting
[2026-01-29T22:51:10.952082] High prop at exactly tau (1.00) at rel_day 40: potential IF underweighting
[2026-01-29T22:51:23.892439] High prop at exactly tau (1.00) at rel_day 41: potential IF underweighting
[2026-01-29T22:51:36.827283] High prop at exactly tau (1.00) at rel_day 42: potential IF underweighting
[2026-01-29T22:51:49.792058] High prop at exactly tau (1.00) at rel_day 43: potential IF underweighting
[2026-01-29T22:52:02.726515] High prop at exactly tau (1.00) at rel_day 44: potential IF underweighting
[2026-01-29T22:52:15.667103] High prop at exactly tau (1.00) at rel_day 45: potential IF underweighting
[2026-01-29T22:52:28.606348] High prop at exactly tau (1.00) at rel_day 46: potential IF underweighting
[2026-01-29T22:52:41.543052] High prop at exactly tau (1.00) at rel_day 47: potential IF underweighting
[2026-01-29T22:52:54.466034] High prop at exactly tau (1.00) at rel_day 48: potential IF underweighting
[2026-01-29T22:53:07.388327] High prop at exactly tau (1.00) at rel_day 49: potential IF underweighting
[2026-01-29T22:53:20.289946] High prop at exactly tau (1.00) at rel_day 50: potential IF underweighting
[2026-01-29T22:53:33.191376] High prop at exactly tau (1.00) at rel_day 51: potential IF underweighting
[2026-01-29T22:53:46.104945] High prop at exactly tau (1.00) at rel_day 52: potential IF underweighting
[2026-01-29T22:53:59.009257] High prop at exactly tau (1.00) at rel_day 53: potential IF underweighting
[2026-01-29T22:54:11.911925] High prop at exactly tau (0.99) at rel_day 54: potential IF underweighting
[2026-01-29T22:54:24.818791] High prop at exactly tau (0.99) at rel_day 55: potential IF underweighting
[2026-01-29T22:54:37.742117] High prop at exactly tau (0.99) at rel_day 56: potential IF underweighting
[2026-01-29T22:54:50.632724] High prop at exactly tau (0.99) at rel_day 57: potential IF underweighting
[2026-01-29T22:55:03.573267] High prop at exactly tau (0.99) at rel_day 58: potential IF underweighting
[2026-01-29T22:55:16.481109] High prop at exactly tau (0.99) at rel_day 59: potential IF underweighting
[2026-01-29T22:55:29.387478] High prop at exactly tau (0.99) at rel_day 60: potential IF underweighting
[2026-01-29T22:55:42.268135] High prop at exactly tau (0.99) at rel_day 61: potential IF underweighting
[2026-01-29T22:55:55.154218] High prop at exactly tau (0.99) at rel_day 62: potential IF underweighting
[2026-01-29T22:56:08.055089] High prop at exactly tau (0.99) at rel_day 63: potential IF underweighting
[2026-01-29T22:56:20.946021] High prop at exactly tau (0.99) at rel_day 64: potential IF underweighting
[2026-01-29T22:56:33.838912] High prop at exactly tau (0.99) at rel_day 65: potential IF underweighting
[2026-01-29T22:56:46.709168] High prop at exactly tau (0.99) at rel_day 66: potential IF underweighting
[2026-01-29T22:57:01.129058] High prop at exactly tau (0.99) at rel_day 67: potential IF underweighting
[2026-01-29T22:57:14.007801] High prop at exactly tau (0.99) at rel_day 68: potential IF underweighting
[2026-01-29T22:57:26.875271] High prop at exactly tau (0.99) at rel_day 69: potential IF underweighting
[2026-01-29T22:57:39.765307] High prop at exactly tau (0.99) at rel_day 70: potential IF underweighting
[2026-01-29T22:57:52.661201] High prop at exactly tau (0.99) at rel_day 71: potential IF underweighting
[2026-01-29T22:58:06.213543] High prop at exactly tau (0.99) at rel_day 72: potential IF underweighting
[2026-01-29T22:58:19.495472] High prop at exactly tau (0.99) at rel_day 73: potential IF underweighting
[2026-01-29T22:58:32.638580] High prop at exactly tau (0.99) at rel_day 74: potential IF underweighting
[2026-01-29T22:58:45.564794] High prop at exactly tau (0.99) at rel_day 75: potential IF underweighting
[2026-01-29T22:58:58.485794] High prop at exactly tau (0.99) at rel_day 76: potential IF underweighting
[2026-01-29T22:59:11.422906] High prop at exactly tau (0.99) at rel_day 77: potential IF underweighting
[2026-01-29T22:59:24.451216] High prop at exactly tau (0.99) at rel_day 78: potential IF underweighting
[2026-01-29T22:59:37.411793] High prop at exactly tau (0.99) at rel_day 79: potential IF underweighting
[2026-01-29T22:59:50.309314] High prop at exactly tau (0.99) at rel_day 80: potential IF underweighting
[2026-01-29T23:00:03.220739] High prop at exactly tau (0.99) at rel_day 81: potential IF underweighting
[2026-01-29T23:00:16.164472] High prop at exactly tau (0.99) at rel_day 82: potential IF underweighting
[2026-01-29T23:00:29.073886] High prop at exactly tau (0.99) at rel_day 83: potential IF underweighting
[2026-01-29T23:00:41.980986] High prop at exactly tau (0.99) at rel_day 84: potential IF underweighting
[2026-01-29T23:00:54.858291] High prop at exactly tau (0.99) at rel_day 85: potential IF underweighting
[2026-01-29T23:01:07.740481] High prop at exactly tau (0.99) at rel_day 86: potential IF underweighting
[2026-01-29T23:01:20.603344] High prop at exactly tau (0.99) at rel_day 87: potential IF underweighting
[2026-01-29T23:01:33.472113] High prop at exactly tau (0.99) at rel_day 88: potential IF underweighting
[2026-01-29T23:01:46.362583] High prop at exactly tau (0.99) at rel_day 89: potential IF underweighting
[2026-01-29T23:01:59.238843] High prop at exactly tau (0.99) at rel_day 90: potential IF underweighting
[2026-01-29T23:02:12.082556] High prop at exactly tau (0.99) at rel_day 91: potential IF underweighting
[2026-01-29T23:02:25.278504] High prop at exactly tau (0.99) at rel_day 92: potential IF underweighting
[2026-01-29T23:02:38.121193] High prop at exactly tau (0.99) at rel_day 93: potential IF underweighting
[2026-01-29T23:02:50.989233] High prop at exactly tau (0.99) at rel_day 94: potential IF underweighting
[2026-01-29T23:03:03.839747] High prop at exactly tau (0.99) at rel_day 95: potential IF underweighting
[2026-01-29T23:03:16.686098] High prop at exactly tau (0.99) at rel_day 96: potential IF underweighting
[2026-01-29T23:03:29.702804] High prop at exactly tau (0.99) at rel_day 97: potential IF underweighting
[2026-01-29T23:03:42.524483] High prop at exactly tau (0.99) at rel_day 98: potential IF underweighting
[2026-01-29T23:03:55.306286] High prop at exactly tau (0.99) at rel_day 99: potential IF underweighting
[2026-01-29T23:04:08.139323] High prop at exactly tau (0.99) at rel_day 100: potential IF underweighting
[2026-01-29T23:04:20.951702] High prop at exactly tau (0.98) at rel_day 101: potential IF underweighting
[2026-01-29T23:04:33.727009] High prop at exactly tau (0.98) at rel_day 102: potential IF underweighting
[2026-01-29T23:04:46.510820] High prop at exactly tau (0.98) at rel_day 103: potential IF underweighting
[2026-01-29T23:04:59.285091] High prop at exactly tau (0.98) at rel_day 104: potential IF underweighting
[2026-01-29T23:05:12.078776] High prop at exactly tau (0.98) at rel_day 105: potential IF underweighting
[2026-01-29T23:05:24.863514] High prop at exactly tau (0.98) at rel_day 106: potential IF underweighting
[2026-01-29T23:05:37.655590] High prop at exactly tau (0.98) at rel_day 107: potential IF underweighting
[2026-01-29T23:05:50.423051] High prop at exactly tau (0.98) at rel_day 108: potential IF underweighting
[2026-01-29T23:06:03.208791] High prop at exactly tau (0.98) at rel_day 109: potential IF underweighting
[2026-01-29T23:06:15.967223] High prop at exactly tau (0.98) at rel_day 110: potential IF underweighting
[2026-01-29T23:06:28.751589] High prop at exactly tau (0.98) at rel_day 111: potential IF underweighting
[2026-01-29T23:06:41.521078] High prop at exactly tau (0.98) at rel_day 112: potential IF underweighting
[2026-01-29T23:06:54.275904] High prop at exactly tau (0.98) at rel_day 113: potential IF underweighting
[2026-01-29T23:07:07.018288] High prop at exactly tau (0.98) at rel_day 114: potential IF underweighting
[2026-01-29T23:07:19.778609] High prop at exactly tau (0.98) at rel_day 115: potential IF underweighting
[2026-01-29T23:07:32.525376] High prop at exactly tau (0.98) at rel_day 116: potential IF underweighting
[2026-01-29T23:07:45.236016] High prop at exactly tau (0.98) at rel_day 117: potential IF underweighting
[2026-01-29T23:07:57.916123] High prop at exactly tau (0.98) at rel_day 118: potential IF underweighting
[2026-01-29T23:08:10.732443] High prop at exactly tau (0.98) at rel_day 119: potential IF underweighting
[2026-01-29T23:08:23.435532] High prop at exactly tau (0.98) at rel_day 120: potential IF underweighting
[2026-01-29T23:08:47.020710] RMST conditions on survival to calendar_day — deliberate for definition, see method docs.
[2026-01-29T23:08:47.275554] High prop at exactly tau (1.00) at rel_day -60: potential IF underweighting
[2026-01-29T23:09:01.653686] High prop at exactly tau (1.00) at rel_day -59: potential IF underweighting
[2026-01-29T23:09:14.870373] High prop at exactly tau (1.00) at rel_day -58: potential IF underweighting
[2026-01-29T23:09:27.878539] High prop at exactly tau (1.00) at rel_day -57: potential IF underweighting
[2026-01-29T23:09:40.908851] High prop at exactly tau (1.00) at rel_day -56: potential IF underweighting
[2026-01-29T23:09:53.943189] High prop at exactly tau (1.00) at rel_day -55: potential IF underweighting
[2026-01-29T23:10:07.008430] High prop at exactly tau (1.00) at rel_day -54: potential IF underweighting
[2026-01-29T23:10:20.019971] High prop at exactly tau (1.00) at rel_day -53: potential IF underweighting
[2026-01-29T23:10:32.973076] High prop at exactly tau (1.00) at rel_day -52: potential IF underweighting
[2026-01-29T23:10:45.975735] High prop at exactly tau (1.00) at rel_day -51: potential IF underweighting
[2026-01-29T23:10:58.978243] High prop at exactly tau (1.00) at rel_day -50: potential IF underweighting
[2026-01-29T23:11:11.988063] High prop at exactly tau (1.00) at rel_day -49: potential IF underweighting
[2026-01-29T23:11:24.968799] High prop at exactly tau (1.00) at rel_day -48: potential IF underweighting
[2026-01-29T23:11:37.962341] High prop at exactly tau (1.00) at rel_day -47: potential IF underweighting
[2026-01-29T23:11:50.981401] High prop at exactly tau (1.00) at rel_day -46: potential IF underweighting
[2026-01-29T23:12:05.999515] High prop at exactly tau (1.00) at rel_day -45: potential IF underweighting
[2026-01-29T23:12:19.744109] High prop at exactly tau (1.00) at rel_day -44: potential IF underweighting
[2026-01-29T23:12:32.699718] High prop at exactly tau (1.00) at rel_day -43: potential IF underweighting
[2026-01-29T23:12:45.700097] High prop at exactly tau (1.00) at rel_day -42: potential IF underweighting
[2026-01-29T23:12:58.706251] High prop at exactly tau (1.00) at rel_day -41: potential IF underweighting
[2026-01-29T23:13:11.681001] High prop at exactly tau (1.00) at rel_day -40: potential IF underweighting
[2026-01-29T23:13:24.689249] High prop at exactly tau (1.00) at rel_day -39: potential IF underweighting
[2026-01-29T23:13:37.804041] High prop at exactly tau (1.00) at rel_day -38: potential IF underweighting
[2026-01-29T23:13:50.797655] High prop at exactly tau (1.00) at rel_day -37: potential IF underweighting
[2026-01-29T23:14:03.777614] High prop at exactly tau (1.00) at rel_day -36: potential IF underweighting
[2026-01-29T23:14:16.757068] High prop at exactly tau (1.00) at rel_day -35: potential IF underweighting
[2026-01-29T23:14:29.732735] High prop at exactly tau (1.00) at rel_day -34: potential IF underweighting
[2026-01-29T23:14:42.709387] High prop at exactly tau (1.00) at rel_day -33: potential IF underweighting
[2026-01-29T23:14:55.736572] High prop at exactly tau (1.00) at rel_day -32: potential IF underweighting
[2026-01-29T23:15:08.770114] High prop at exactly tau (1.00) at rel_day -31: potential IF underweighting
[2026-01-29T23:15:21.754283] High prop at exactly tau (1.00) at rel_day -30: potential IF underweighting
[2026-01-29T23:15:34.732313] High prop at exactly tau (1.00) at rel_day -29: potential IF underweighting
[2026-01-29T23:15:47.712473] High prop at exactly tau (1.00) at rel_day -28: potential IF underweighting
[2026-01-29T23:16:00.723975] High prop at exactly tau (1.00) at rel_day -27: potential IF underweighting
[2026-01-29T23:16:13.732827] High prop at exactly tau (1.00) at rel_day -26: potential IF underweighting
[2026-01-29T23:16:26.687501] High prop at exactly tau (1.00) at rel_day -25: potential IF underweighting
[2026-01-29T23:16:39.735067] High prop at exactly tau (1.00) at rel_day -24: potential IF underweighting
[2026-01-29T23:16:52.736186] High prop at exactly tau (1.00) at rel_day -23: potential IF underweighting
[2026-01-29T23:17:05.724309] High prop at exactly tau (1.00) at rel_day -22: potential IF underweighting
[2026-01-29T23:17:18.734040] High prop at exactly tau (1.00) at rel_day -21: potential IF underweighting
[2026-01-29T23:17:31.707427] High prop at exactly tau (1.00) at rel_day -20: potential IF underweighting
[2026-01-29T23:17:44.708073] High prop at exactly tau (1.00) at rel_day -19: potential IF underweighting
[2026-01-29T23:17:57.701909] High prop at exactly tau (1.00) at rel_day -18: potential IF underweighting
[2026-01-29T23:18:10.711368] High prop at exactly tau (1.00) at rel_day -17: potential IF underweighting
[2026-01-29T23:18:23.985463] High prop at exactly tau (1.00) at rel_day -16: potential IF underweighting
[2026-01-29T23:18:37.019973] High prop at exactly tau (1.00) at rel_day -15: potential IF underweighting
[2026-01-29T23:18:50.046744] High prop at exactly tau (1.00) at rel_day -14: potential IF underweighting
[2026-01-29T23:19:03.042981] High prop at exactly tau (1.00) at rel_day -13: potential IF underweighting
[2026-01-29T23:19:16.021760] High prop at exactly tau (1.00) at rel_day -12: potential IF underweighting
[2026-01-29T23:19:29.031552] High prop at exactly tau (1.00) at rel_day -11: potential IF underweighting
[2026-01-29T23:19:42.080041] High prop at exactly tau (1.00) at rel_day -10: potential IF underweighting
[2026-01-29T23:19:55.075657] High prop at exactly tau (1.00) at rel_day -9: potential IF underweighting
[2026-01-29T23:20:08.072239] High prop at exactly tau (1.00) at rel_day -8: potential IF underweighting
[2026-01-29T23:20:21.065622] High prop at exactly tau (1.00) at rel_day -7: potential IF underweighting
[2026-01-29T23:20:34.088030] High prop at exactly tau (1.00) at rel_day -6: potential IF underweighting
[2026-01-29T23:20:47.081890] High prop at exactly tau (1.00) at rel_day -5: potential IF underweighting
[2026-01-29T23:21:00.077862] High prop at exactly tau (1.00) at rel_day -4: potential IF underweighting
[2026-01-29T23:21:13.078702] High prop at exactly tau (1.00) at rel_day -3: potential IF underweighting
[2026-01-29T23:21:26.087403] High prop at exactly tau (1.00) at rel_day -2: potential IF underweighting
[2026-01-29T23:21:39.107337] High prop at exactly tau (1.00) at rel_day -1: potential IF underweighting
[2026-01-29T23:21:52.120733] High prop at exactly tau (1.00) at rel_day 0: potential IF underweighting
[2026-01-29T23:22:05.134102] High prop at exactly tau (1.00) at rel_day 1: potential IF underweighting
[2026-01-29T23:22:18.153495] High prop at exactly tau (1.00) at rel_day 2: potential IF underweighting
[2026-01-29T23:22:31.173215] High prop at exactly tau (1.00) at rel_day 3: potential IF underweighting
[2026-01-29T23:22:44.185395] High prop at exactly tau (1.00) at rel_day 4: potential IF underweighting
[2026-01-29T23:22:57.176848] High prop at exactly tau (1.00) at rel_day 5: potential IF underweighting
[2026-01-29T23:23:10.177830] High prop at exactly tau (1.00) at rel_day 6: potential IF underweighting
[2026-01-29T23:23:23.183158] High prop at exactly tau (1.00) at rel_day 7: potential IF underweighting
[2026-01-29T23:23:36.201223] High prop at exactly tau (1.00) at rel_day 8: potential IF underweighting
[2026-01-29T23:23:49.205429] High prop at exactly tau (1.00) at rel_day 9: potential IF underweighting
[2026-01-29T23:24:02.203070] High prop at exactly tau (1.00) at rel_day 10: potential IF underweighting
[2026-01-29T23:24:15.174107] High prop at exactly tau (1.00) at rel_day 11: potential IF underweighting
[2026-01-29T23:24:28.138568] High prop at exactly tau (1.00) at rel_day 12: potential IF underweighting
[2026-01-29T23:24:41.112190] High prop at exactly tau (1.00) at rel_day 13: potential IF underweighting
[2026-01-29T23:24:54.078015] High prop at exactly tau (1.00) at rel_day 14: potential IF underweighting
[2026-01-29T23:25:07.085119] High prop at exactly tau (1.00) at rel_day 15: potential IF underweighting
[2026-01-29T23:25:20.091586] High prop at exactly tau (1.00) at rel_day 16: potential IF underweighting
[2026-01-29T23:25:33.102756] High prop at exactly tau (1.00) at rel_day 17: potential IF underweighting
[2026-01-29T23:25:46.070358] High prop at exactly tau (1.00) at rel_day 18: potential IF underweighting
[2026-01-29T23:25:59.023841] High prop at exactly tau (1.00) at rel_day 19: potential IF underweighting
[2026-01-29T23:26:11.973963] High prop at exactly tau (1.00) at rel_day 20: potential IF underweighting
[2026-01-29T23:26:24.922148] High prop at exactly tau (1.00) at rel_day 21: potential IF underweighting
[2026-01-29T23:26:37.878382] High prop at exactly tau (1.00) at rel_day 22: potential IF underweighting
[2026-01-29T23:26:50.853845] High prop at exactly tau (1.00) at rel_day 23: potential IF underweighting
[2026-01-29T23:27:03.849838] High prop at exactly tau (1.00) at rel_day 24: potential IF underweighting
[2026-01-29T23:27:17.702679] High prop at exactly tau (1.00) at rel_day 25: potential IF underweighting
[2026-01-29T23:27:30.679516] High prop at exactly tau (1.00) at rel_day 26: potential IF underweighting
[2026-01-29T23:27:43.639142] High prop at exactly tau (1.00) at rel_day 27: potential IF underweighting
[2026-01-29T23:27:56.575060] High prop at exactly tau (1.00) at rel_day 28: potential IF underweighting
[2026-01-29T23:28:09.519036] High prop at exactly tau (1.00) at rel_day 29: potential IF underweighting
[2026-01-29T23:28:22.474743] High prop at exactly tau (1.00) at rel_day 30: potential IF underweighting
[2026-01-29T23:28:35.423570] High prop at exactly tau (1.00) at rel_day 31: potential IF underweighting
[2026-01-29T23:28:48.352399] High prop at exactly tau (1.00) at rel_day 32: potential IF underweighting
[2026-01-29T23:29:01.286096] High prop at exactly tau (1.00) at rel_day 33: potential IF underweighting
[2026-01-29T23:29:14.221337] High prop at exactly tau (1.00) at rel_day 34: potential IF underweighting
[2026-01-29T23:29:27.146175] High prop at exactly tau (1.00) at rel_day 35: potential IF underweighting
[2026-01-29T23:29:40.092677] High prop at exactly tau (1.00) at rel_day 36: potential IF underweighting
[2026-01-29T23:29:53.048252] High prop at exactly tau (1.00) at rel_day 37: potential IF underweighting
[2026-01-29T23:30:06.016523] High prop at exactly tau (1.00) at rel_day 38: potential IF underweighting
[2026-01-29T23:30:18.945313] High prop at exactly tau (1.00) at rel_day 39: potential IF underweighting
[2026-01-29T23:30:31.880863] High prop at exactly tau (1.00) at rel_day 40: potential IF underweighting
[2026-01-29T23:30:44.815801] High prop at exactly tau (1.00) at rel_day 41: potential IF underweighting
[2026-01-29T23:30:57.736950] High prop at exactly tau (1.00) at rel_day 42: potential IF underweighting
[2026-01-29T23:31:10.663392] High prop at exactly tau (1.00) at rel_day 43: potential IF underweighting
[2026-01-29T23:31:23.619933] High prop at exactly tau (1.00) at rel_day 44: potential IF underweighting
[2026-01-29T23:31:36.565909] High prop at exactly tau (1.00) at rel_day 45: potential IF underweighting
[2026-01-29T23:31:49.492045] High prop at exactly tau (1.00) at rel_day 46: potential IF underweighting
[2026-01-29T23:32:02.403642] High prop at exactly tau (1.00) at rel_day 47: potential IF underweighting
[2026-01-29T23:32:15.313487] High prop at exactly tau (1.00) at rel_day 48: potential IF underweighting
[2026-01-29T23:32:28.227929] High prop at exactly tau (1.00) at rel_day 49: potential IF underweighting
[2026-01-29T23:32:41.149416] High prop at exactly tau (1.00) at rel_day 50: potential IF underweighting
[2026-01-29T23:32:54.046438] High prop at exactly tau (1.00) at rel_day 51: potential IF underweighting
[2026-01-29T23:33:06.949171] High prop at exactly tau (1.00) at rel_day 52: potential IF underweighting
[2026-01-29T23:33:19.850658] High prop at exactly tau (0.99) at rel_day 53: potential IF underweighting
[2026-01-29T23:33:32.751672] High prop at exactly tau (0.99) at rel_day 54: potential IF underweighting
[2026-01-29T23:33:45.658766] High prop at exactly tau (0.99) at rel_day 55: potential IF underweighting
[2026-01-29T23:33:58.549970] High prop at exactly tau (0.99) at rel_day 56: potential IF underweighting
[2026-01-29T23:34:11.474155] High prop at exactly tau (0.99) at rel_day 57: potential IF underweighting
[2026-01-29T23:34:24.367467] High prop at exactly tau (0.99) at rel_day 58: potential IF underweighting
[2026-01-29T23:34:37.290185] High prop at exactly tau (0.99) at rel_day 59: potential IF underweighting
[2026-01-29T23:34:50.164053] High prop at exactly tau (0.99) at rel_day 60: potential IF underweighting
[2026-01-29T23:35:03.053794] High prop at exactly tau (0.99) at rel_day 61: potential IF underweighting
[2026-01-29T23:35:15.983717] High prop at exactly tau (0.99) at rel_day 62: potential IF underweighting
[2026-01-29T23:35:28.919671] High prop at exactly tau (0.99) at rel_day 63: potential IF underweighting
[2026-01-29T23:35:41.837413] High prop at exactly tau (0.99) at rel_day 64: potential IF underweighting
[2026-01-29T23:35:54.748492] High prop at exactly tau (0.99) at rel_day 65: potential IF underweighting
[2026-01-29T23:36:07.644244] High prop at exactly tau (0.99) at rel_day 66: potential IF underweighting
[2026-01-29T23:36:20.531501] High prop at exactly tau (0.99) at rel_day 67: potential IF underweighting
[2026-01-29T23:36:33.469633] High prop at exactly tau (0.99) at rel_day 68: potential IF underweighting
[2026-01-29T23:36:46.429851] High prop at exactly tau (0.99) at rel_day 69: potential IF underweighting
[2026-01-29T23:36:59.482632] High prop at exactly tau (0.99) at rel_day 70: potential IF underweighting
[2026-01-29T23:37:12.418095] High prop at exactly tau (0.99) at rel_day 71: potential IF underweighting
[2026-01-29T23:37:25.399940] High prop at exactly tau (0.99) at rel_day 72: potential IF underweighting
[2026-01-29T23:37:38.332097] High prop at exactly tau (0.99) at rel_day 73: potential IF underweighting
[2026-01-29T23:37:51.208083] High prop at exactly tau (0.99) at rel_day 74: potential IF underweighting
[2026-01-29T23:38:04.148204] High prop at exactly tau (0.99) at rel_day 75: potential IF underweighting
[2026-01-29T23:38:17.037815] High prop at exactly tau (0.99) at rel_day 76: potential IF underweighting
[2026-01-29T23:38:30.171808] High prop at exactly tau (0.99) at rel_day 77: potential IF underweighting
[2026-01-29T23:38:43.113246] High prop at exactly tau (0.99) at rel_day 78: potential IF underweighting
[2026-01-29T23:38:55.999059] High prop at exactly tau (0.99) at rel_day 79: potential IF underweighting
[2026-01-29T23:39:08.844646] High prop at exactly tau (0.99) at rel_day 80: potential IF underweighting
[2026-01-29T23:39:21.701795] High prop at exactly tau (0.99) at rel_day 81: potential IF underweighting
[2026-01-29T23:39:34.582576] High prop at exactly tau (0.99) at rel_day 82: potential IF underweighting
[2026-01-29T23:39:47.448746] High prop at exactly tau (0.99) at rel_day 83: potential IF underweighting
[2026-01-29T23:40:00.296767] High prop at exactly tau (0.99) at rel_day 84: potential IF underweighting
[2026-01-29T23:40:13.186749] High prop at exactly tau (0.99) at rel_day 85: potential IF underweighting
[2026-01-29T23:40:26.029071] High prop at exactly tau (0.99) at rel_day 86: potential IF underweighting
[2026-01-29T23:40:38.875067] High prop at exactly tau (0.99) at rel_day 87: potential IF underweighting
[2026-01-29T23:40:51.757332] High prop at exactly tau (0.99) at rel_day 88: potential IF underweighting
[2026-01-29T23:41:04.594144] High prop at exactly tau (0.99) at rel_day 89: potential IF underweighting
[2026-01-29T23:41:17.414916] High prop at exactly tau (0.99) at rel_day 90: potential IF underweighting
[2026-01-29T23:41:30.245876] High prop at exactly tau (0.99) at rel_day 91: potential IF underweighting
[2026-01-29T23:41:43.087661] High prop at exactly tau (0.99) at rel_day 92: potential IF underweighting
[2026-01-29T23:41:55.889960] High prop at exactly tau (0.99) at rel_day 93: potential IF underweighting
[2026-01-29T23:42:08.716689] High prop at exactly tau (0.99) at rel_day 94: potential IF underweighting
[2026-01-29T23:42:21.902119] High prop at exactly tau (0.99) at rel_day 95: potential IF underweighting
[2026-01-29T23:42:34.697782] High prop at exactly tau (0.99) at rel_day 96: potential IF underweighting
[2026-01-29T23:42:47.483104] High prop at exactly tau (0.99) at rel_day 97: potential IF underweighting
[2026-01-29T23:43:00.293614] High prop at exactly tau (0.99) at rel_day 98: potential IF underweighting
[2026-01-29T23:43:13.079781] High prop at exactly tau (0.99) at rel_day 99: potential IF underweighting
[2026-01-29T23:43:25.883583] High prop at exactly tau (0.98) at rel_day 100: potential IF underweighting
[2026-01-29T23:43:38.729874] High prop at exactly tau (0.98) at rel_day 101: potential IF underweighting
[2026-01-29T23:43:51.550474] High prop at exactly tau (0.98) at rel_day 102: potential IF underweighting
[2026-01-29T23:44:04.333842] High prop at exactly tau (0.98) at rel_day 103: potential IF underweighting
[2026-01-29T23:44:17.122510] High prop at exactly tau (0.98) at rel_day 104: potential IF underweighting
[2026-01-29T23:44:29.919698] High prop at exactly tau (0.98) at rel_day 105: potential IF underweighting
[2026-01-29T23:44:42.708946] High prop at exactly tau (0.98) at rel_day 106: potential IF underweighting
[2026-01-29T23:44:55.485195] High prop at exactly tau (0.98) at rel_day 107: potential IF underweighting
[2026-01-29T23:45:08.279306] High prop at exactly tau (0.98) at rel_day 108: potential IF underweighting
[2026-01-29T23:45:21.102265] High prop at exactly tau (0.98) at rel_day 109: potential IF underweighting
[2026-01-29T23:45:33.901104] High prop at exactly tau (0.98) at rel_day 110: potential IF underweighting
[2026-01-29T23:45:46.676704] High prop at exactly tau (0.98) at rel_day 111: potential IF underweighting
[2026-01-29T23:45:59.425687] High prop at exactly tau (0.98) at rel_day 112: potential IF underweighting
[2026-01-29T23:46:12.182126] High prop at exactly tau (0.98) at rel_day 113: potential IF underweighting
[2026-01-29T23:46:24.908876] High prop at exactly tau (0.98) at rel_day 114: potential IF underweighting
[2026-01-29T23:46:37.629415] High prop at exactly tau (0.98) at rel_day 115: potential IF underweighting
[2026-01-29T23:46:50.377310] High prop at exactly tau (0.98) at rel_day 116: potential IF underweighting
[2026-01-29T23:47:03.095758] High prop at exactly tau (0.98) at rel_day 117: potential IF underweighting
[2026-01-29T23:47:15.829115] High prop at exactly tau (0.98) at rel_day 118: potential IF underweighting
[2026-01-29T23:47:28.553028] High prop at exactly tau (0.98) at rel_day 119: potential IF underweighting
[2026-01-29T23:47:41.287029] High prop at exactly tau (0.98) at rel_day 120: potential IF underweighting
[2026-01-29T23:48:05.809230] RMST conditions on survival to calendar_day — deliberate for definition, see method docs.
[2026-01-29T23:48:06.042393] High prop at exactly tau (1.00) at rel_day -60: potential IF underweighting
[2026-01-29T23:48:20.140709] High prop at exactly tau (1.00) at rel_day -59: potential IF underweighting
[2026-01-29T23:48:33.143471] High prop at exactly tau (1.00) at rel_day -58: potential IF underweighting
[2026-01-29T23:48:46.154202] High prop at exactly tau (1.00) at rel_day -57: potential IF underweighting
[2026-01-29T23:48:59.158835] High prop at exactly tau (1.00) at rel_day -56: potential IF underweighting
[2026-01-29T23:49:12.308986] High prop at exactly tau (1.00) at rel_day -55: potential IF underweighting
[2026-01-29T23:49:25.303665] High prop at exactly tau (1.00) at rel_day -54: potential IF underweighting
[2026-01-29T23:49:38.295713] High prop at exactly tau (1.00) at rel_day -53: potential IF underweighting
[2026-01-29T23:49:51.278455] High prop at exactly tau (1.00) at rel_day -52: potential IF underweighting
[2026-01-29T23:50:04.289737] High prop at exactly tau (1.00) at rel_day -51: potential IF underweighting
[2026-01-29T23:50:17.281719] High prop at exactly tau (1.00) at rel_day -50: potential IF underweighting
[2026-01-29T23:50:30.373610] High prop at exactly tau (1.00) at rel_day -49: potential IF underweighting
[2026-01-29T23:50:43.357432] High prop at exactly tau (1.00) at rel_day -48: potential IF underweighting
[2026-01-29T23:50:56.337104] High prop at exactly tau (1.00) at rel_day -47: potential IF underweighting
[2026-01-29T23:51:09.316860] High prop at exactly tau (1.00) at rel_day -46: potential IF underweighting
[2026-01-29T23:51:22.285303] High prop at exactly tau (1.00) at rel_day -45: potential IF underweighting
[2026-01-29T23:51:35.261722] High prop at exactly tau (1.00) at rel_day -44: potential IF underweighting
[2026-01-29T23:51:48.257215] High prop at exactly tau (1.00) at rel_day -43: potential IF underweighting
[2026-01-29T23:52:01.244801] High prop at exactly tau (1.00) at rel_day -42: potential IF underweighting
[2026-01-29T23:52:14.212942] High prop at exactly tau (1.00) at rel_day -41: potential IF underweighting
[2026-01-29T23:52:27.227352] High prop at exactly tau (1.00) at rel_day -40: potential IF underweighting
[2026-01-29T23:52:40.230769] High prop at exactly tau (1.00) at rel_day -39: potential IF underweighting
[2026-01-29T23:52:53.244408] High prop at exactly tau (1.00) at rel_day -38: potential IF underweighting
[2026-01-29T23:53:06.271455] High prop at exactly tau (1.00) at rel_day -37: potential IF underweighting
[2026-01-29T23:53:19.281804] High prop at exactly tau (1.00) at rel_day -36: potential IF underweighting
[2026-01-29T23:53:32.257626] High prop at exactly tau (1.00) at rel_day -35: potential IF underweighting
[2026-01-29T23:53:45.247780] High prop at exactly tau (1.00) at rel_day -34: potential IF underweighting
[2026-01-29T23:53:58.217913] High prop at exactly tau (1.00) at rel_day -33: potential IF underweighting
[2026-01-29T23:54:11.202958] High prop at exactly tau (1.00) at rel_day -32: potential IF underweighting
[2026-01-29T23:54:24.163186] High prop at exactly tau (1.00) at rel_day -31: potential IF underweighting
[2026-01-29T23:54:37.146536] High prop at exactly tau (1.00) at rel_day -30: potential IF underweighting
[2026-01-29T23:54:50.125278] High prop at exactly tau (1.00) at rel_day -29: potential IF underweighting
[2026-01-29T23:55:03.104214] High prop at exactly tau (1.00) at rel_day -28: potential IF underweighting
[2026-01-29T23:55:16.097675] High prop at exactly tau (1.00) at rel_day -27: potential IF underweighting
[2026-01-29T23:55:29.072940] High prop at exactly tau (1.00) at rel_day -26: potential IF underweighting
[2026-01-29T23:55:42.065501] High prop at exactly tau (1.00) at rel_day -25: potential IF underweighting
[2026-01-29T23:55:55.048411] High prop at exactly tau (1.00) at rel_day -24: potential IF underweighting
[2026-01-29T23:56:08.006229] High prop at exactly tau (1.00) at rel_day -23: potential IF underweighting
[2026-01-29T23:56:20.975642] High prop at exactly tau (1.00) at rel_day -22: potential IF underweighting
[2026-01-29T23:56:33.952052] High prop at exactly tau (1.00) at rel_day -21: potential IF underweighting
[2026-01-29T23:56:46.968375] High prop at exactly tau (1.00) at rel_day -20: potential IF underweighting
[2026-01-29T23:56:59.963872] High prop at exactly tau (1.00) at rel_day -19: potential IF underweighting
[2026-01-29T23:57:12.997262] High prop at exactly tau (1.00) at rel_day -18: potential IF underweighting
[2026-01-29T23:57:27.383645] High prop at exactly tau (1.00) at rel_day -17: potential IF underweighting
[2026-01-29T23:57:40.392820] High prop at exactly tau (1.00) at rel_day -16: potential IF underweighting
[2026-01-29T23:57:53.413355] High prop at exactly tau (1.00) at rel_day -15: potential IF underweighting
[2026-01-29T23:58:06.435108] High prop at exactly tau (1.00) at rel_day -14: potential IF underweighting
[2026-01-29T23:58:19.460208] High prop at exactly tau (1.00) at rel_day -13: potential IF underweighting
[2026-01-29T23:58:32.454598] High prop at exactly tau (1.00) at rel_day -12: potential IF underweighting
[2026-01-29T23:58:45.471264] High prop at exactly tau (1.00) at rel_day -11: potential IF underweighting
[2026-01-29T23:58:58.482568] High prop at exactly tau (1.00) at rel_day -10: potential IF underweighting
[2026-01-29T23:59:11.482978] High prop at exactly tau (1.00) at rel_day -9: potential IF underweighting
[2026-01-29T23:59:24.471068] High prop at exactly tau (1.00) at rel_day -8: potential IF underweighting
[2026-01-29T23:59:37.500773] High prop at exactly tau (1.00) at rel_day -7: potential IF underweighting
[2026-01-29T23:59:50.540331] High prop at exactly tau (1.00) at rel_day -6: potential IF underweighting
[2026-01-30T00:00:03.572696] High prop at exactly tau (1.00) at rel_day -5: potential IF underweighting
[2026-01-30T00:00:16.575567] High prop at exactly tau (1.00) at rel_day -4: potential IF underweighting
[2026-01-30T00:00:29.555058] High prop at exactly tau (1.00) at rel_day -3: potential IF underweighting
[2026-01-30T00:00:42.580625] High prop at exactly tau (1.00) at rel_day -2: potential IF underweighting
[2026-01-30T00:00:55.607044] High prop at exactly tau (1.00) at rel_day -1: potential IF underweighting
[2026-01-30T00:01:08.628814] High prop at exactly tau (1.00) at rel_day 0: potential IF underweighting
[2026-01-30T00:01:21.621020] High prop at exactly tau (1.00) at rel_day 1: potential IF underweighting
[2026-01-30T00:01:34.612692] High prop at exactly tau (1.00) at rel_day 2: potential IF underweighting
[2026-01-30T00:01:47.624344] High prop at exactly tau (1.00) at rel_day 3: potential IF underweighting
[2026-01-30T00:02:00.606395] High prop at exactly tau (1.00) at rel_day 4: potential IF underweighting
[2026-01-30T00:02:13.590922] High prop at exactly tau (1.00) at rel_day 5: potential IF underweighting
[2026-01-30T00:02:26.583841] High prop at exactly tau (1.00) at rel_day 6: potential IF underweighting
[2026-01-30T00:02:39.591607] High prop at exactly tau (1.00) at rel_day 7: potential IF underweighting
[2026-01-30T00:02:52.593307] High prop at exactly tau (1.00) at rel_day 8: potential IF underweighting
[2026-01-30T00:03:05.583851] High prop at exactly tau (1.00) at rel_day 9: potential IF underweighting
[2026-01-30T00:03:18.583916] High prop at exactly tau (1.00) at rel_day 10: potential IF underweighting
[2026-01-30T00:03:31.562930] High prop at exactly tau (1.00) at rel_day 11: potential IF underweighting
[2026-01-30T00:03:44.534783] High prop at exactly tau (1.00) at rel_day 12: potential IF underweighting
[2026-01-30T00:03:57.501733] High prop at exactly tau (1.00) at rel_day 13: potential IF underweighting
[2026-01-30T00:04:10.479115] High prop at exactly tau (1.00) at rel_day 14: potential IF underweighting
[2026-01-30T00:04:23.436857] High prop at exactly tau (1.00) at rel_day 15: potential IF underweighting
[2026-01-30T00:04:36.429069] High prop at exactly tau (1.00) at rel_day 16: potential IF underweighting
[2026-01-30T00:04:49.385827] High prop at exactly tau (1.00) at rel_day 17: potential IF underweighting
[2026-01-30T00:05:02.385726] High prop at exactly tau (1.00) at rel_day 18: potential IF underweighting
[2026-01-30T00:05:15.358651] High prop at exactly tau (1.00) at rel_day 19: potential IF underweighting
[2026-01-30T00:05:28.304984] High prop at exactly tau (1.00) at rel_day 20: potential IF underweighting
[2026-01-30T00:05:41.258344] High prop at exactly tau (1.00) at rel_day 21: potential IF underweighting
[2026-01-30T00:05:54.221878] High prop at exactly tau (1.00) at rel_day 22: potential IF underweighting
[2026-01-30T00:06:07.186098] High prop at exactly tau (1.00) at rel_day 23: potential IF underweighting
[2026-01-30T00:06:20.143830] High prop at exactly tau (1.00) at rel_day 24: potential IF underweighting
[2026-01-30T00:06:33.098163] High prop at exactly tau (1.00) at rel_day 25: potential IF underweighting
[2026-01-30T00:06:46.070060] High prop at exactly tau (1.00) at rel_day 26: potential IF underweighting
[2026-01-30T00:06:59.037274] High prop at exactly tau (1.00) at rel_day 27: potential IF underweighting
[2026-01-30T00:07:12.035966] High prop at exactly tau (1.00) at rel_day 28: potential IF underweighting
[2026-01-30T00:07:25.011492] High prop at exactly tau (1.00) at rel_day 29: potential IF underweighting
[2026-01-30T00:07:37.995430] High prop at exactly tau (1.00) at rel_day 30: potential IF underweighting
[2026-01-30T00:07:50.963812] High prop at exactly tau (1.00) at rel_day 31: potential IF underweighting
[2026-01-30T00:08:03.897270] High prop at exactly tau (1.00) at rel_day 32: potential IF underweighting
[2026-01-30T00:08:16.861126] High prop at exactly tau (1.00) at rel_day 33: potential IF underweighting
[2026-01-30T00:08:29.815648] High prop at exactly tau (1.00) at rel_day 34: potential IF underweighting
[2026-01-30T00:08:42.773380] High prop at exactly tau (1.00) at rel_day 35: potential IF underweighting
[2026-01-30T00:08:55.757564] High prop at exactly tau (1.00) at rel_day 36: potential IF underweighting
[2026-01-30T00:09:08.777163] High prop at exactly tau (1.00) at rel_day 37: potential IF underweighting
[2026-01-30T00:09:21.738961] High prop at exactly tau (1.00) at rel_day 38: potential IF underweighting
[2026-01-30T00:09:34.683169] High prop at exactly tau (1.00) at rel_day 39: potential IF underweighting
[2026-01-30T00:09:47.606637] High prop at exactly tau (1.00) at rel_day 40: potential IF underweighting
[2026-01-30T00:10:00.542736] High prop at exactly tau (1.00) at rel_day 41: potential IF underweighting
[2026-01-30T00:10:13.500195] High prop at exactly tau (1.00) at rel_day 42: potential IF underweighting
[2026-01-30T00:10:26.444740] High prop at exactly tau (1.00) at rel_day 43: potential IF underweighting
[2026-01-30T00:10:39.380051] High prop at exactly tau (1.00) at rel_day 44: potential IF underweighting
[2026-01-30T00:10:52.329149] High prop at exactly tau (1.00) at rel_day 45: potential IF underweighting
[2026-01-30T00:11:05.268812] High prop at exactly tau (1.00) at rel_day 46: potential IF underweighting
[2026-01-30T00:11:18.214567] High prop at exactly tau (1.00) at rel_day 47: potential IF underweighting
[2026-01-30T00:11:31.126149] High prop at exactly tau (1.00) at rel_day 48: potential IF underweighting
[2026-01-30T00:11:44.059948] High prop at exactly tau (1.00) at rel_day 49: potential IF underweighting
[2026-01-30T00:11:56.991070] High prop at exactly tau (1.00) at rel_day 50: potential IF underweighting
[2026-01-30T00:12:09.914435] High prop at exactly tau (1.00) at rel_day 51: potential IF underweighting
[2026-01-30T00:12:23.048405] High prop at exactly tau (1.00) at rel_day 52: potential IF underweighting
[2026-01-30T00:12:36.018961] High prop at exactly tau (0.99) at rel_day 53: potential IF underweighting
[2026-01-30T00:12:48.933486] High prop at exactly tau (0.99) at rel_day 54: potential IF underweighting
[2026-01-30T00:13:01.864539] High prop at exactly tau (0.99) at rel_day 55: potential IF underweighting
[2026-01-30T00:13:14.782161] High prop at exactly tau (0.99) at rel_day 56: potential IF underweighting
[2026-01-30T00:13:27.688322] High prop at exactly tau (0.99) at rel_day 57: potential IF underweighting
[2026-01-30T00:13:40.649868] High prop at exactly tau (0.99) at rel_day 58: potential IF underweighting
[2026-01-30T00:13:53.551425] High prop at exactly tau (0.99) at rel_day 59: potential IF underweighting
[2026-01-30T00:14:06.441294] High prop at exactly tau (0.99) at rel_day 60: potential IF underweighting
[2026-01-30T00:14:19.335790] High prop at exactly tau (0.99) at rel_day 61: potential IF underweighting
[2026-01-30T00:14:32.238362] High prop at exactly tau (0.99) at rel_day 62: potential IF underweighting
[2026-01-30T00:14:45.143797] High prop at exactly tau (0.99) at rel_day 63: potential IF underweighting
[2026-01-30T00:14:58.047458] High prop at exactly tau (0.99) at rel_day 64: potential IF underweighting
[2026-01-30T00:15:10.969050] High prop at exactly tau (0.99) at rel_day 65: potential IF underweighting
[2026-01-30T00:15:23.849773] High prop at exactly tau (0.99) at rel_day 66: potential IF underweighting
[2026-01-30T00:15:36.771955] High prop at exactly tau (0.99) at rel_day 67: potential IF underweighting
[2026-01-30T00:15:49.644448] High prop at exactly tau (0.99) at rel_day 68: potential IF underweighting
[2026-01-30T00:16:02.515105] High prop at exactly tau (0.99) at rel_day 69: potential IF underweighting
[2026-01-30T00:16:15.390444] High prop at exactly tau (0.99) at rel_day 70: potential IF underweighting
[2026-01-30T00:16:28.254823] High prop at exactly tau (0.99) at rel_day 71: potential IF underweighting
[2026-01-30T00:16:41.147399] High prop at exactly tau (0.99) at rel_day 72: potential IF underweighting
[2026-01-30T00:16:54.049035] High prop at exactly tau (0.99) at rel_day 73: potential IF underweighting
[2026-01-30T00:17:06.914474] High prop at exactly tau (0.99) at rel_day 74: potential IF underweighting
[2026-01-30T00:17:19.816398] High prop at exactly tau (0.99) at rel_day 75: potential IF underweighting
[2026-01-30T00:17:32.701620] High prop at exactly tau (0.99) at rel_day 76: potential IF underweighting
[2026-01-30T00:17:45.592885] High prop at exactly tau (0.99) at rel_day 77: potential IF underweighting
[2026-01-30T00:17:58.458712] High prop at exactly tau (0.99) at rel_day 78: potential IF underweighting
[2026-01-30T00:18:11.314791] High prop at exactly tau (0.99) at rel_day 79: potential IF underweighting
[2026-01-30T00:18:24.174273] High prop at exactly tau (0.99) at rel_day 80: potential IF underweighting
[2026-01-30T00:18:37.036007] High prop at exactly tau (0.99) at rel_day 81: potential IF underweighting
[2026-01-30T00:18:49.908289] High prop at exactly tau (0.99) at rel_day 82: potential IF underweighting
[2026-01-30T00:19:02.790496] High prop at exactly tau (0.99) at rel_day 83: potential IF underweighting
[2026-01-30T00:19:15.639354] High prop at exactly tau (0.99) at rel_day 84: potential IF underweighting
[2026-01-30T00:19:28.481996] High prop at exactly tau (0.99) at rel_day 85: potential IF underweighting
[2026-01-30T00:19:41.348323] High prop at exactly tau (0.99) at rel_day 86: potential IF underweighting
[2026-01-30T00:19:54.190187] High prop at exactly tau (0.99) at rel_day 87: potential IF underweighting
[2026-01-30T00:20:07.034338] High prop at exactly tau (0.99) at rel_day 88: potential IF underweighting
[2026-01-30T00:20:19.877387] High prop at exactly tau (0.99) at rel_day 89: potential IF underweighting
[2026-01-30T00:20:32.692685] High prop at exactly tau (0.99) at rel_day 90: potential IF underweighting
[2026-01-30T00:20:45.533969] High prop at exactly tau (0.99) at rel_day 91: potential IF underweighting
[2026-01-30T00:20:58.366362] High prop at exactly tau (0.99) at rel_day 92: potential IF underweighting
[2026-01-30T00:21:11.165427] High prop at exactly tau (0.99) at rel_day 93: potential IF underweighting
[2026-01-30T00:21:24.005841] High prop at exactly tau (0.99) at rel_day 94: potential IF underweighting
[2026-01-30T00:21:36.836952] High prop at exactly tau (0.99) at rel_day 95: potential IF underweighting
[2026-01-30T00:21:49.660258] High prop at exactly tau (0.99) at rel_day 96: potential IF underweighting
[2026-01-30T00:22:02.483035] High prop at exactly tau (0.99) at rel_day 97: potential IF underweighting
[2026-01-30T00:22:15.274212] High prop at exactly tau (0.99) at rel_day 98: potential IF underweighting
[2026-01-30T00:22:28.113403] High prop at exactly tau (0.99) at rel_day 99: potential IF underweighting
[2026-01-30T00:22:40.954129] High prop at exactly tau (0.98) at rel_day 100: potential IF underweighting
[2026-01-30T00:22:53.784689] High prop at exactly tau (0.98) at rel_day 101: potential IF underweighting
[2026-01-30T00:23:06.605882] High prop at exactly tau (0.98) at rel_day 102: potential IF underweighting
[2026-01-30T00:23:19.398825] High prop at exactly tau (0.98) at rel_day 103: potential IF underweighting
[2026-01-30T00:23:32.187024] High prop at exactly tau (0.98) at rel_day 104: potential IF underweighting
[2026-01-30T00:23:44.966465] High prop at exactly tau (0.98) at rel_day 105: potential IF underweighting
[2026-01-30T00:23:57.729312] High prop at exactly tau (0.98) at rel_day 106: potential IF underweighting
[2026-01-30T00:24:10.533944] High prop at exactly tau (0.98) at rel_day 107: potential IF underweighting
[2026-01-30T00:24:23.341833] High prop at exactly tau (0.98) at rel_day 108: potential IF underweighting
[2026-01-30T00:24:36.131330] High prop at exactly tau (0.98) at rel_day 109: potential IF underweighting
[2026-01-30T00:24:48.944562] High prop at exactly tau (0.98) at rel_day 110: potential IF underweighting
[2026-01-30T00:25:01.712336] High prop at exactly tau (0.98) at rel_day 111: potential IF underweighting
[2026-01-30T00:25:14.450160] High prop at exactly tau (0.98) at rel_day 112: potential IF underweighting
[2026-01-30T00:25:27.198508] High prop at exactly tau (0.98) at rel_day 113: potential IF underweighting
[2026-01-30T00:25:39.936106] High prop at exactly tau (0.98) at rel_day 114: potential IF underweighting
[2026-01-30T00:25:52.651643] High prop at exactly tau (0.98) at rel_day 115: potential IF underweighting
[2026-01-30T00:26:05.408338] High prop at exactly tau (0.98) at rel_day 116: potential IF underweighting
[2026-01-30T00:26:18.178235] High prop at exactly tau (0.98) at rel_day 117: potential IF underweighting
[2026-01-30T00:26:30.915419] High prop at exactly tau (0.98) at rel_day 118: potential IF underweighting
[2026-01-30T00:26:43.662134] High prop at exactly tau (0.98) at rel_day 119: potential IF underweighting
[2026-01-30T00:26:56.398546] High prop at exactly tau (0.98) at rel_day 120: potential IF underweighting
[2026-01-30T00:27:19.981416] RMST conditions on survival to calendar_day — deliberate for definition, see method docs.
[2026-01-30T00:27:20.210007] High prop at exactly tau (1.00) at rel_day -60: potential IF underweighting
[2026-01-30T00:27:35.813318] High prop at exactly tau (1.00) at rel_day -59: potential IF underweighting
[2026-01-30T00:27:48.850909] High prop at exactly tau (1.00) at rel_day -58: potential IF underweighting
[2026-01-30T00:28:01.902167] High prop at exactly tau (1.00) at rel_day -57: potential IF underweighting
[2026-01-30T00:28:14.968688] High prop at exactly tau (1.00) at rel_day -56: potential IF underweighting
[2026-01-30T00:28:27.979709] High prop at exactly tau (1.00) at rel_day -55: potential IF underweighting
[2026-01-30T00:28:40.961254] High prop at exactly tau (1.00) at rel_day -54: potential IF underweighting
[2026-01-30T00:28:53.959862] High prop at exactly tau (1.00) at rel_day -53: potential IF underweighting
[2026-01-30T00:29:06.981107] High prop at exactly tau (1.00) at rel_day -52: potential IF underweighting
[2026-01-30T00:29:20.009702] High prop at exactly tau (1.00) at rel_day -51: potential IF underweighting
[2026-01-30T00:29:32.995594] High prop at exactly tau (1.00) at rel_day -50: potential IF underweighting
[2026-01-30T00:29:45.973011] High prop at exactly tau (1.00) at rel_day -49: potential IF underweighting
[2026-01-30T00:29:58.983154] High prop at exactly tau (1.00) at rel_day -48: potential IF underweighting
[2026-01-30T00:30:12.036270] High prop at exactly tau (1.00) at rel_day -47: potential IF underweighting
[2026-01-30T00:30:25.011342] High prop at exactly tau (1.00) at rel_day -46: potential IF underweighting
[2026-01-30T00:30:38.026511] High prop at exactly tau (1.00) at rel_day -45: potential IF underweighting
[2026-01-30T00:30:50.992625] High prop at exactly tau (1.00) at rel_day -44: potential IF underweighting
[2026-01-30T00:31:03.943243] High prop at exactly tau (1.00) at rel_day -43: potential IF underweighting
[2026-01-30T00:31:16.917026] High prop at exactly tau (1.00) at rel_day -42: potential IF underweighting
[2026-01-30T00:31:29.926998] High prop at exactly tau (1.00) at rel_day -41: potential IF underweighting
[2026-01-30T00:31:42.974381] High prop at exactly tau (1.00) at rel_day -40: potential IF underweighting
[2026-01-30T00:31:55.982676] High prop at exactly tau (1.00) at rel_day -39: potential IF underweighting
[2026-01-30T00:32:08.985595] High prop at exactly tau (1.00) at rel_day -38: potential IF underweighting
[2026-01-30T00:32:22.006889] High prop at exactly tau (1.00) at rel_day -37: potential IF underweighting
[2026-01-30T00:32:34.968776] High prop at exactly tau (1.00) at rel_day -36: potential IF underweighting
[2026-01-30T00:32:47.954223] High prop at exactly tau (1.00) at rel_day -35: potential IF underweighting
[2026-01-30T00:33:00.917930] High prop at exactly tau (1.00) at rel_day -34: potential IF underweighting
[2026-01-30T00:33:13.886851] High prop at exactly tau (1.00) at rel_day -33: potential IF underweighting
[2026-01-30T00:33:26.869208] High prop at exactly tau (1.00) at rel_day -32: potential IF underweighting
[2026-01-30T00:33:39.895992] High prop at exactly tau (1.00) at rel_day -31: potential IF underweighting
[2026-01-30T00:33:52.875897] High prop at exactly tau (1.00) at rel_day -30: potential IF underweighting
[2026-01-30T00:34:05.867219] High prop at exactly tau (1.00) at rel_day -29: potential IF underweighting
[2026-01-30T00:34:18.848678] High prop at exactly tau (1.00) at rel_day -28: potential IF underweighting
[2026-01-30T00:34:31.833823] High prop at exactly tau (1.00) at rel_day -27: potential IF underweighting
[2026-01-30T00:34:44.825549] High prop at exactly tau (1.00) at rel_day -26: potential IF underweighting
[2026-01-30T00:34:57.808147] High prop at exactly tau (1.00) at rel_day -25: potential IF underweighting
[2026-01-30T00:35:10.801306] High prop at exactly tau (1.00) at rel_day -24: potential IF underweighting
[2026-01-30T00:35:23.761523] High prop at exactly tau (1.00) at rel_day -23: potential IF underweighting
[2026-01-30T00:35:36.741264] High prop at exactly tau (1.00) at rel_day -22: potential IF underweighting
[2026-01-30T00:35:49.713219] High prop at exactly tau (1.00) at rel_day -21: potential IF underweighting
[2026-01-30T00:36:02.676679] High prop at exactly tau (1.00) at rel_day -20: potential IF underweighting
[2026-01-30T00:36:15.669659] High prop at exactly tau (1.00) at rel_day -19: potential IF underweighting
[2026-01-30T00:36:28.711881] High prop at exactly tau (1.00) at rel_day -18: potential IF underweighting
[2026-01-30T00:36:41.786917] High prop at exactly tau (1.00) at rel_day -17: potential IF underweighting
[2026-01-30T00:36:54.981588] High prop at exactly tau (1.00) at rel_day -16: potential IF underweighting
[2026-01-30T00:37:08.010027] High prop at exactly tau (1.00) at rel_day -15: potential IF underweighting
[2026-01-30T00:37:21.123927] High prop at exactly tau (1.00) at rel_day -14: potential IF underweighting
[2026-01-30T00:37:34.101558] High prop at exactly tau (1.00) at rel_day -13: potential IF underweighting
[2026-01-30T00:37:47.132687] High prop at exactly tau (1.00) at rel_day -12: potential IF underweighting
[2026-01-30T00:38:00.144824] High prop at exactly tau (1.00) at rel_day -11: potential IF underweighting
[2026-01-30T00:38:13.175193] High prop at exactly tau (1.00) at rel_day -10: potential IF underweighting
[2026-01-30T00:38:26.170164] High prop at exactly tau (1.00) at rel_day -9: potential IF underweighting
[2026-01-30T00:38:39.586452] High prop at exactly tau (1.00) at rel_day -8: potential IF underweighting
[2026-01-30T00:38:52.617522] High prop at exactly tau (1.00) at rel_day -7: potential IF underweighting
[2026-01-30T00:39:05.620645] High prop at exactly tau (1.00) at rel_day -6: potential IF underweighting
[2026-01-30T00:39:18.607634] High prop at exactly tau (1.00) at rel_day -5: potential IF underweighting
[2026-01-30T00:39:31.785205] High prop at exactly tau (1.00) at rel_day -4: potential IF underweighting
[2026-01-30T00:39:44.791305] High prop at exactly tau (1.00) at rel_day -3: potential IF underweighting
[2026-01-30T00:39:57.818150] High prop at exactly tau (1.00) at rel_day -2: potential IF underweighting
[2026-01-30T00:40:10.865376] High prop at exactly tau (1.00) at rel_day -1: potential IF underweighting
[2026-01-30T00:40:23.864155] High prop at exactly tau (1.00) at rel_day 0: potential IF underweighting
[2026-01-30T00:40:36.876055] High prop at exactly tau (1.00) at rel_day 1: potential IF underweighting
[2026-01-30T00:40:49.852605] High prop at exactly tau (1.00) at rel_day 2: potential IF underweighting
[2026-01-30T00:41:02.841656] High prop at exactly tau (1.00) at rel_day 3: potential IF underweighting
[2026-01-30T00:41:15.816329] High prop at exactly tau (1.00) at rel_day 4: potential IF underweighting
[2026-01-30T00:41:28.789650] High prop at exactly tau (1.00) at rel_day 5: potential IF underweighting
[2026-01-30T00:41:41.787415] High prop at exactly tau (1.00) at rel_day 6: potential IF underweighting
[2026-01-30T00:41:54.771115] High prop at exactly tau (1.00) at rel_day 7: potential IF underweighting
[2026-01-30T00:42:07.760487] High prop at exactly tau (1.00) at rel_day 8: potential IF underweighting
[2026-01-30T00:42:20.755171] High prop at exactly tau (1.00) at rel_day 9: potential IF underweighting
[2026-01-30T00:42:34.000926] High prop at exactly tau (1.00) at rel_day 10: potential IF underweighting
[2026-01-30T00:42:46.967923] High prop at exactly tau (1.00) at rel_day 11: potential IF underweighting
[2026-01-30T00:42:59.917627] High prop at exactly tau (1.00) at rel_day 12: potential IF underweighting
[2026-01-30T00:43:12.879014] High prop at exactly tau (1.00) at rel_day 13: potential IF underweighting
[2026-01-30T00:43:25.831622] High prop at exactly tau (1.00) at rel_day 14: potential IF underweighting
[2026-01-30T00:43:38.819030] High prop at exactly tau (1.00) at rel_day 15: potential IF underweighting
[2026-01-30T00:43:51.786259] High prop at exactly tau (1.00) at rel_day 16: potential IF underweighting
[2026-01-30T00:44:04.756586] High prop at exactly tau (1.00) at rel_day 17: potential IF underweighting
[2026-01-30T00:44:17.693759] High prop at exactly tau (1.00) at rel_day 18: potential IF underweighting
[2026-01-30T00:44:30.626200] High prop at exactly tau (1.00) at rel_day 19: potential IF underweighting
[2026-01-30T00:44:43.603297] High prop at exactly tau (1.00) at rel_day 20: potential IF underweighting
[2026-01-30T00:44:56.587261] High prop at exactly tau (1.00) at rel_day 21: potential IF underweighting
[2026-01-30T00:45:09.544900] High prop at exactly tau (1.00) at rel_day 22: potential IF underweighting
[2026-01-30T00:45:22.567939] High prop at exactly tau (1.00) at rel_day 23: potential IF underweighting
[2026-01-30T00:45:35.566104] High prop at exactly tau (1.00) at rel_day 24: potential IF underweighting
[2026-01-30T00:45:48.513252] High prop at exactly tau (1.00) at rel_day 25: potential IF underweighting
[2026-01-30T00:46:01.462622] High prop at exactly tau (1.00) at rel_day 26: potential IF underweighting
[2026-01-30T00:46:14.397921] High prop at exactly tau (1.00) at rel_day 27: potential IF underweighting
[2026-01-30T00:46:27.341150] High prop at exactly tau (1.00) at rel_day 28: potential IF underweighting
[2026-01-30T00:46:40.294802] High prop at exactly tau (1.00) at rel_day 29: potential IF underweighting
[2026-01-30T00:46:53.276556] High prop at exactly tau (1.00) at rel_day 30: potential IF underweighting
[2026-01-30T00:47:06.257633] High prop at exactly tau (1.00) at rel_day 31: potential IF underweighting
[2026-01-30T00:47:19.218472] High prop at exactly tau (1.00) at rel_day 32: potential IF underweighting
[2026-01-30T00:47:32.134795] High prop at exactly tau (1.00) at rel_day 33: potential IF underweighting
[2026-01-30T00:47:45.064737] High prop at exactly tau (1.00) at rel_day 34: potential IF underweighting
[2026-01-30T00:47:58.018055] High prop at exactly tau (1.00) at rel_day 35: potential IF underweighting
[2026-01-30T00:48:10.965769] High prop at exactly tau (1.00) at rel_day 36: potential IF underweighting
[2026-01-30T00:48:23.930044] High prop at exactly tau (1.00) at rel_day 37: potential IF underweighting
[2026-01-30T00:48:36.914347] High prop at exactly tau (1.00) at rel_day 38: potential IF underweighting
[2026-01-30T00:48:49.838605] High prop at exactly tau (1.00) at rel_day 39: potential IF underweighting
[2026-01-30T00:49:02.748815] High prop at exactly tau (1.00) at rel_day 40: potential IF underweighting
[2026-01-30T00:49:15.676500] High prop at exactly tau (1.00) at rel_day 41: potential IF underweighting
[2026-01-30T00:49:28.598878] High prop at exactly tau (1.00) at rel_day 42: potential IF underweighting
[2026-01-30T00:49:41.505398] High prop at exactly tau (1.00) at rel_day 43: potential IF underweighting
[2026-01-30T00:49:54.420988] High prop at exactly tau (1.00) at rel_day 44: potential IF underweighting
[2026-01-30T00:50:07.361997] High prop at exactly tau (1.00) at rel_day 45: potential IF underweighting
[2026-01-30T00:50:20.301628] High prop at exactly tau (1.00) at rel_day 46: potential IF underweighting
[2026-01-30T00:50:33.328071] High prop at exactly tau (1.00) at rel_day 47: potential IF underweighting
[2026-01-30T00:50:46.247082] High prop at exactly tau (1.00) at rel_day 48: potential IF underweighting
[2026-01-30T00:50:59.158998] High prop at exactly tau (1.00) at rel_day 49: potential IF underweighting
[2026-01-30T00:51:12.078214] High prop at exactly tau (1.00) at rel_day 50: potential IF underweighting
[2026-01-30T00:51:25.030800] High prop at exactly tau (1.00) at rel_day 51: potential IF underweighting
[2026-01-30T00:51:37.973721] High prop at exactly tau (1.00) at rel_day 52: potential IF underweighting
[2026-01-30T00:51:50.902570] High prop at exactly tau (0.99) at rel_day 53: potential IF underweighting
[2026-01-30T00:52:03.832464] High prop at exactly tau (0.99) at rel_day 54: potential IF underweighting
[2026-01-30T00:52:16.771299] High prop at exactly tau (0.99) at rel_day 55: potential IF underweighting
[2026-01-30T00:52:29.707000] High prop at exactly tau (0.99) at rel_day 56: potential IF underweighting
[2026-01-30T00:52:42.619923] High prop at exactly tau (0.99) at rel_day 57: potential IF underweighting
[2026-01-30T00:52:55.528007] High prop at exactly tau (0.99) at rel_day 58: potential IF underweighting
[2026-01-30T00:53:08.427968] High prop at exactly tau (0.99) at rel_day 59: potential IF underweighting
[2026-01-30T00:53:21.346708] High prop at exactly tau (0.99) at rel_day 60: potential IF underweighting
[2026-01-30T00:53:34.236925] High prop at exactly tau (0.99) at rel_day 61: potential IF underweighting
[2026-01-30T00:53:47.157634] High prop at exactly tau (0.99) at rel_day 62: potential IF underweighting
[2026-01-30T00:54:00.072621] High prop at exactly tau (0.99) at rel_day 63: potential IF underweighting
[2026-01-30T00:54:12.968680] High prop at exactly tau (0.99) at rel_day 64: potential IF underweighting
[2026-01-30T00:54:25.881658] High prop at exactly tau (0.99) at rel_day 65: potential IF underweighting
[2026-01-30T00:54:38.791150] High prop at exactly tau (0.99) at rel_day 66: potential IF underweighting
[2026-01-30T00:54:51.720658] High prop at exactly tau (0.99) at rel_day 67: potential IF underweighting
[2026-01-30T00:55:04.616342] High prop at exactly tau (0.99) at rel_day 68: potential IF underweighting
[2026-01-30T00:55:17.550271] High prop at exactly tau (0.99) at rel_day 69: potential IF underweighting
[2026-01-30T00:55:30.455018] High prop at exactly tau (0.99) at rel_day 70: potential IF underweighting
[2026-01-30T00:55:43.341431] High prop at exactly tau (0.99) at rel_day 71: potential IF underweighting
[2026-01-30T00:55:56.220879] High prop at exactly tau (0.99) at rel_day 72: potential IF underweighting
[2026-01-30T00:56:09.090131] High prop at exactly tau (0.99) at rel_day 73: potential IF underweighting
[2026-01-30T00:56:21.938289] High prop at exactly tau (0.99) at rel_day 74: potential IF underweighting
[2026-01-30T00:56:34.797358] High prop at exactly tau (0.99) at rel_day 75: potential IF underweighting
[2026-01-30T00:56:47.709583] High prop at exactly tau (0.99) at rel_day 76: potential IF underweighting
[2026-01-30T00:57:00.592587] High prop at exactly tau (0.99) at rel_day 77: potential IF underweighting
[2026-01-30T00:57:13.488608] High prop at exactly tau (0.99) at rel_day 78: potential IF underweighting
[2026-01-30T00:57:26.338100] High prop at exactly tau (0.99) at rel_day 79: potential IF underweighting
[2026-01-30T00:57:39.725200] High prop at exactly tau (0.99) at rel_day 80: potential IF underweighting
[2026-01-30T00:57:52.593869] High prop at exactly tau (0.99) at rel_day 81: potential IF underweighting
[2026-01-30T00:58:05.441729] High prop at exactly tau (0.99) at rel_day 82: potential IF underweighting
[2026-01-30T00:58:18.279625] High prop at exactly tau (0.99) at rel_day 83: potential IF underweighting
[2026-01-30T00:58:31.124936] High prop at exactly tau (0.99) at rel_day 84: potential IF underweighting
[2026-01-30T00:58:43.977149] High prop at exactly tau (0.99) at rel_day 85: potential IF underweighting
[2026-01-30T00:58:56.840858] High prop at exactly tau (0.99) at rel_day 86: potential IF underweighting
[2026-01-30T00:59:09.683396] High prop at exactly tau (0.99) at rel_day 87: potential IF underweighting
[2026-01-30T00:59:22.522181] High prop at exactly tau (0.99) at rel_day 88: potential IF underweighting
[2026-01-30T00:59:35.373804] High prop at exactly tau (0.99) at rel_day 89: potential IF underweighting
[2026-01-30T00:59:48.189163] High prop at exactly tau (0.99) at rel_day 90: potential IF underweighting
[2026-01-30T01:00:00.983279] High prop at exactly tau (0.99) at rel_day 91: potential IF underweighting
[2026-01-30T01:00:13.822486] High prop at exactly tau (0.99) at rel_day 92: potential IF underweighting
[2026-01-30T01:00:26.638599] High prop at exactly tau (0.99) at rel_day 93: potential IF underweighting
[2026-01-30T01:00:39.485962] High prop at exactly tau (0.99) at rel_day 94: potential IF underweighting
[2026-01-30T01:00:52.335320] High prop at exactly tau (0.99) at rel_day 95: potential IF underweighting
[2026-01-30T01:01:05.139086] High prop at exactly tau (0.99) at rel_day 96: potential IF underweighting
[2026-01-30T01:01:17.925921] High prop at exactly tau (0.99) at rel_day 97: potential IF underweighting
[2026-01-30T01:01:30.710783] High prop at exactly tau (0.99) at rel_day 98: potential IF underweighting
[2026-01-30T01:01:43.517736] High prop at exactly tau (0.99) at rel_day 99: potential IF underweighting
[2026-01-30T01:01:56.346914] High prop at exactly tau (0.98) at rel_day 100: potential IF underweighting
[2026-01-30T01:02:09.148939] High prop at exactly tau (0.98) at rel_day 101: potential IF underweighting
[2026-01-30T01:02:21.958083] High prop at exactly tau (0.98) at rel_day 102: potential IF underweighting
[2026-01-30T01:02:34.728105] High prop at exactly tau (0.98) at rel_day 103: potential IF underweighting
[2026-01-30T01:02:47.533700] High prop at exactly tau (0.98) at rel_day 104: potential IF underweighting
[2026-01-30T01:03:00.341283] High prop at exactly tau (0.98) at rel_day 105: potential IF underweighting
[2026-01-30T01:03:13.123551] High prop at exactly tau (0.98) at rel_day 106: potential IF underweighting
[2026-01-30T01:03:25.914002] High prop at exactly tau (0.98) at rel_day 107: potential IF underweighting
[2026-01-30T01:03:38.685814] High prop at exactly tau (0.98) at rel_day 108: potential IF underweighting
[2026-01-30T01:03:51.455914] High prop at exactly tau (0.98) at rel_day 109: potential IF underweighting
[2026-01-30T01:04:04.209725] High prop at exactly tau (0.98) at rel_day 110: potential IF underweighting
[2026-01-30T01:04:16.938503] High prop at exactly tau (0.98) at rel_day 111: potential IF underweighting
[2026-01-30T01:04:29.670008] High prop at exactly tau (0.98) at rel_day 112: potential IF underweighting
[2026-01-30T01:04:42.406158] High prop at exactly tau (0.98) at rel_day 113: potential IF underweighting
[2026-01-30T01:04:55.149143] High prop at exactly tau (0.98) at rel_day 114: potential IF underweighting
[2026-01-30T01:05:07.891889] High prop at exactly tau (0.98) at rel_day 115: potential IF underweighting
[2026-01-30T01:05:20.607940] High prop at exactly tau (0.98) at rel_day 116: potential IF underweighting
[2026-01-30T01:05:33.316042] High prop at exactly tau (0.98) at rel_day 117: potential IF underweighting
[2026-01-30T01:05:46.046978] High prop at exactly tau (0.98) at rel_day 118: potential IF underweighting
[2026-01-30T01:05:58.740050] High prop at exactly tau (0.98) at rel_day 119: potential IF underweighting
[2026-01-30T01:06:11.431450] High prop at exactly tau (0.98) at rel_day 120: potential IF underweighting
[2026-01-30T01:06:34.980995] RMST conditions on survival to calendar_day — deliberate for definition, see method docs.
[2026-01-30T01:06:35.198921] High prop at exactly tau (1.00) at rel_day -60: potential IF underweighting
[2026-01-30T01:06:49.071134] High prop at exactly tau (1.00) at rel_day -59: potential IF underweighting
[2026-01-30T01:07:02.089755] High prop at exactly tau (1.00) at rel_day -58: potential IF underweighting
[2026-01-30T01:07:15.089688] High prop at exactly tau (1.00) at rel_day -57: potential IF underweighting
[2026-01-30T01:07:28.131379] High prop at exactly tau (1.00) at rel_day -56: potential IF underweighting
[2026-01-30T01:07:41.131688] High prop at exactly tau (1.00) at rel_day -55: potential IF underweighting
[2026-01-30T01:07:54.117762] High prop at exactly tau (1.00) at rel_day -54: potential IF underweighting
[2026-01-30T01:08:07.117441] High prop at exactly tau (1.00) at rel_day -53: potential IF underweighting
[2026-01-30T01:08:20.136472] High prop at exactly tau (1.00) at rel_day -52: potential IF underweighting
[2026-01-30T01:08:33.161769] High prop at exactly tau (1.00) at rel_day -51: potential IF underweighting
[2026-01-30T01:08:46.184171] High prop at exactly tau (1.00) at rel_day -50: potential IF underweighting
[2026-01-30T01:08:59.180933] High prop at exactly tau (1.00) at rel_day -49: potential IF underweighting
[2026-01-30T01:09:12.208395] High prop at exactly tau (1.00) at rel_day -48: potential IF underweighting
[2026-01-30T01:09:25.207602] High prop at exactly tau (1.00) at rel_day -47: potential IF underweighting
[2026-01-30T01:09:38.203416] High prop at exactly tau (1.00) at rel_day -46: potential IF underweighting
[2026-01-30T01:09:51.211411] High prop at exactly tau (1.00) at rel_day -45: potential IF underweighting
[2026-01-30T01:10:04.227149] High prop at exactly tau (1.00) at rel_day -44: potential IF underweighting
[2026-01-30T01:10:17.269493] High prop at exactly tau (1.00) at rel_day -43: potential IF underweighting
[2026-01-30T01:10:30.262287] High prop at exactly tau (1.00) at rel_day -42: potential IF underweighting
[2026-01-30T01:10:43.254012] High prop at exactly tau (1.00) at rel_day -41: potential IF underweighting
[2026-01-30T01:10:56.248807] High prop at exactly tau (1.00) at rel_day -40: potential IF underweighting
[2026-01-30T01:11:09.287185] High prop at exactly tau (1.00) at rel_day -39: potential IF underweighting
[2026-01-30T01:11:22.297740] High prop at exactly tau (1.00) at rel_day -38: potential IF underweighting
[2026-01-30T01:11:35.287982] High prop at exactly tau (1.00) at rel_day -37: potential IF underweighting
[2026-01-30T01:11:48.272989] High prop at exactly tau (1.00) at rel_day -36: potential IF underweighting
[2026-01-30T01:12:01.266270] High prop at exactly tau (1.00) at rel_day -35: potential IF underweighting
[2026-01-30T01:12:14.250243] High prop at exactly tau (1.00) at rel_day -34: potential IF underweighting
[2026-01-30T01:12:27.228395] High prop at exactly tau (1.00) at rel_day -33: potential IF underweighting
[2026-01-30T01:12:42.353002] High prop at exactly tau (1.00) at rel_day -32: potential IF underweighting
[2026-01-30T01:12:59.556062] High prop at exactly tau (1.00) at rel_day -31: potential IF underweighting
[2026-01-30T01:13:16.931794] High prop at exactly tau (1.00) at rel_day -30: potential IF underweighting
[2026-01-30T01:13:35.266449] High prop at exactly tau (1.00) at rel_day -29: potential IF underweighting
[2026-01-30T01:13:53.579698] High prop at exactly tau (1.00) at rel_day -28: potential IF underweighting
[2026-01-30T01:14:11.264347] High prop at exactly tau (1.00) at rel_day -27: potential IF underweighting
[2026-01-30T01:14:29.597442] High prop at exactly tau (1.00) at rel_day -26: potential IF underweighting
[2026-01-30T01:14:47.552965] High prop at exactly tau (1.00) at rel_day -25: potential IF underweighting
[2026-01-30T01:15:06.633798] High prop at exactly tau (1.00) at rel_day -24: potential IF underweighting
[2026-01-30T01:15:24.137133] High prop at exactly tau (1.00) at rel_day -23: potential IF underweighting
[2026-01-30T01:15:42.025386] High prop at exactly tau (1.00) at rel_day -22: potential IF underweighting
[2026-01-30T01:16:00.268245] High prop at exactly tau (1.00) at rel_day -21: potential IF underweighting
[2026-01-30T01:16:17.961096] High prop at exactly tau (1.00) at rel_day -20: potential IF underweighting
[2026-01-30T01:16:36.314418] High prop at exactly tau (1.00) at rel_day -19: potential IF underweighting
[2026-01-30T01:16:55.855029] High prop at exactly tau (1.00) at rel_day -18: potential IF underweighting
[2026-01-30T01:17:13.482761] High prop at exactly tau (1.00) at rel_day -17: potential IF underweighting
[2026-01-30T01:17:31.875734] High prop at exactly tau (1.00) at rel_day -16: potential IF underweighting
[2026-01-30T01:17:50.304896] High prop at exactly tau (1.00) at rel_day -15: potential IF underweighting
[2026-01-30T01:18:07.889778] High prop at exactly tau (1.00) at rel_day -14: potential IF underweighting
[2026-01-30T01:18:27.027869] High prop at exactly tau (1.00) at rel_day -13: potential IF underweighting
[2026-01-30T01:18:44.691008] High prop at exactly tau (1.00) at rel_day -12: potential IF underweighting
[2026-01-30T01:19:02.644434] High prop at exactly tau (1.00) at rel_day -11: potential IF underweighting
[2026-01-30T01:19:20.392397] High prop at exactly tau (1.00) at rel_day -10: potential IF underweighting
[2026-01-30T01:19:38.671252] High prop at exactly tau (1.00) at rel_day -9: potential IF underweighting
[2026-01-30T01:19:56.248816] High prop at exactly tau (1.00) at rel_day -8: potential IF underweighting
[2026-01-30T01:20:13.978992] High prop at exactly tau (1.00) at rel_day -7: potential IF underweighting
[2026-01-30T01:20:30.575003] High prop at exactly tau (1.00) at rel_day -6: potential IF underweighting
[2026-01-30T01:20:43.572889] High prop at exactly tau (1.00) at rel_day -5: potential IF underweighting
[2026-01-30T01:20:56.573831] High prop at exactly tau (1.00) at rel_day -4: potential IF underweighting
[2026-01-30T01:21:09.582664] High prop at exactly tau (1.00) at rel_day -3: potential IF underweighting
[2026-01-30T01:21:22.580728] High prop at exactly tau (1.00) at rel_day -2: potential IF underweighting
[2026-01-30T01:21:35.585956] High prop at exactly tau (1.00) at rel_day -1: potential IF underweighting
[2026-01-30T01:21:48.609802] High prop at exactly tau (1.00) at rel_day 0: potential IF underweighting
[2026-01-30T01:22:01.610088] High prop at exactly tau (1.00) at rel_day 1: potential IF underweighting
[2026-01-30T01:22:14.624980] High prop at exactly tau (1.00) at rel_day 2: potential IF underweighting
[2026-01-30T01:22:27.662035] High prop at exactly tau (1.00) at rel_day 3: potential IF underweighting
[2026-01-30T01:22:40.671239] High prop at exactly tau (1.00) at rel_day 4: potential IF underweighting
[2026-01-30T01:22:53.687801] High prop at exactly tau (1.00) at rel_day 5: potential IF underweighting
[2026-01-30T01:23:06.688437] High prop at exactly tau (1.00) at rel_day 6: potential IF underweighting
[2026-01-30T01:23:19.678060] High prop at exactly tau (1.00) at rel_day 7: potential IF underweighting
[2026-01-30T01:23:32.670062] High prop at exactly tau (1.00) at rel_day 8: potential IF underweighting
[2026-01-30T01:23:45.696793] High prop at exactly tau (1.00) at rel_day 9: potential IF underweighting
[2026-01-30T01:23:58.702497] High prop at exactly tau (1.00) at rel_day 10: potential IF underweighting
[2026-01-30T01:24:11.675822] High prop at exactly tau (1.00) at rel_day 11: potential IF underweighting
[2026-01-30T01:24:24.692907] High prop at exactly tau (1.00) at rel_day 12: potential IF underweighting
[2026-01-30T01:24:37.667393] High prop at exactly tau (1.00) at rel_day 13: potential IF underweighting
[2026-01-30T01:24:50.682161] High prop at exactly tau (1.00) at rel_day 14: potential IF underweighting
[2026-01-30T01:25:03.688263] High prop at exactly tau (1.00) at rel_day 15: potential IF underweighting
[2026-01-30T01:25:16.720287] High prop at exactly tau (1.00) at rel_day 16: potential IF underweighting
[2026-01-30T01:25:29.723342] High prop at exactly tau (1.00) at rel_day 17: potential IF underweighting
[2026-01-30T01:25:42.703065] High prop at exactly tau (1.00) at rel_day 18: potential IF underweighting
[2026-01-30T01:25:55.665242] High prop at exactly tau (1.00) at rel_day 19: potential IF underweighting
[2026-01-30T01:26:08.615961] High prop at exactly tau (1.00) at rel_day 20: potential IF underweighting
[2026-01-30T01:26:21.581967] High prop at exactly tau (1.00) at rel_day 21: potential IF underweighting
[2026-01-30T01:26:34.547480] High prop at exactly tau (1.00) at rel_day 22: potential IF underweighting
[2026-01-30T01:26:47.547916] High prop at exactly tau (1.00) at rel_day 23: potential IF underweighting
[2026-01-30T01:27:00.507101] High prop at exactly tau (1.00) at rel_day 24: potential IF underweighting
[2026-01-30T01:27:13.458614] High prop at exactly tau (1.00) at rel_day 25: potential IF underweighting
[2026-01-30T01:27:26.415624] High prop at exactly tau (1.00) at rel_day 26: potential IF underweighting
[2026-01-30T01:27:39.396224] High prop at exactly tau (1.00) at rel_day 27: potential IF underweighting
[2026-01-30T01:27:52.366850] High prop at exactly tau (1.00) at rel_day 28: potential IF underweighting
[2026-01-30T01:28:05.315615] High prop at exactly tau (1.00) at rel_day 29: potential IF underweighting
[2026-01-30T01:28:18.275723] High prop at exactly tau (1.00) at rel_day 30: potential IF underweighting
[2026-01-30T01:28:31.223294] High prop at exactly tau (1.00) at rel_day 31: potential IF underweighting
[2026-01-30T01:28:44.156001] High prop at exactly tau (1.00) at rel_day 32: potential IF underweighting
[2026-01-30T01:28:57.106573] High prop at exactly tau (1.00) at rel_day 33: potential IF underweighting
[2026-01-30T01:29:10.049390] High prop at exactly tau (1.00) at rel_day 34: potential IF underweighting
[2026-01-30T01:29:22.976629] High prop at exactly tau (1.00) at rel_day 35: potential IF underweighting
[2026-01-30T01:29:35.931267] High prop at exactly tau (1.00) at rel_day 36: potential IF underweighting
[2026-01-30T01:29:48.892290] High prop at exactly tau (1.00) at rel_day 37: potential IF underweighting
[2026-01-30T01:30:01.830355] High prop at exactly tau (1.00) at rel_day 38: potential IF underweighting
[2026-01-30T01:30:14.797485] High prop at exactly tau (1.00) at rel_day 39: potential IF underweighting
[2026-01-30T01:30:27.780364] High prop at exactly tau (1.00) at rel_day 40: potential IF underweighting
[2026-01-30T01:30:40.716774] High prop at exactly tau (1.00) at rel_day 41: potential IF underweighting
[2026-01-30T01:30:53.658010] High prop at exactly tau (1.00) at rel_day 42: potential IF underweighting
[2026-01-30T01:31:06.574762] High prop at exactly tau (1.00) at rel_day 43: potential IF underweighting
[2026-01-30T01:31:19.499610] High prop at exactly tau (1.00) at rel_day 44: potential IF underweighting
[2026-01-30T01:31:32.436531] High prop at exactly tau (1.00) at rel_day 45: potential IF underweighting
[2026-01-30T01:31:45.365989] High prop at exactly tau (1.00) at rel_day 46: potential IF underweighting
[2026-01-30T01:31:58.290273] High prop at exactly tau (1.00) at rel_day 47: potential IF underweighting
[2026-01-30T01:32:11.223965] High prop at exactly tau (1.00) at rel_day 48: potential IF underweighting
[2026-01-30T01:32:24.138636] High prop at exactly tau (1.00) at rel_day 49: potential IF underweighting
[2026-01-30T01:32:37.062989] High prop at exactly tau (1.00) at rel_day 50: potential IF underweighting
[2026-01-30T01:32:50.005871] High prop at exactly tau (1.00) at rel_day 51: potential IF underweighting
[2026-01-30T01:33:02.969519] High prop at exactly tau (1.00) at rel_day 52: potential IF underweighting
[2026-01-30T01:33:15.910564] High prop at exactly tau (1.00) at rel_day 53: potential IF underweighting
[2026-01-30T01:33:28.857995] High prop at exactly tau (0.99) at rel_day 54: potential IF underweighting
[2026-01-30T01:33:41.785972] High prop at exactly tau (0.99) at rel_day 55: potential IF underweighting
[2026-01-30T01:33:54.690759] High prop at exactly tau (0.99) at rel_day 56: potential IF underweighting
[2026-01-30T01:34:07.589571] High prop at exactly tau (0.99) at rel_day 57: potential IF underweighting
[2026-01-30T01:34:20.477190] High prop at exactly tau (0.99) at rel_day 58: potential IF underweighting
[2026-01-30T01:34:33.366589] High prop at exactly tau (0.99) at rel_day 59: potential IF underweighting
[2026-01-30T01:34:46.263758] High prop at exactly tau (0.99) at rel_day 60: potential IF underweighting
[2026-01-30T01:34:59.155850] High prop at exactly tau (0.99) at rel_day 61: potential IF underweighting
[2026-01-30T01:35:12.089677] High prop at exactly tau (0.99) at rel_day 62: potential IF underweighting
[2026-01-30T01:35:24.966910] High prop at exactly tau (0.99) at rel_day 63: potential IF underweighting
[2026-01-30T01:35:38.248065] High prop at exactly tau (0.99) at rel_day 64: potential IF underweighting
[2026-01-30T01:35:51.138951] High prop at exactly tau (0.99) at rel_day 65: potential IF underweighting
[2026-01-30T01:36:04.043316] High prop at exactly tau (0.99) at rel_day 66: potential IF underweighting
[2026-01-30T01:36:16.935704] High prop at exactly tau (0.99) at rel_day 67: potential IF underweighting
[2026-01-30T01:36:29.866382] High prop at exactly tau (0.99) at rel_day 68: potential IF underweighting
[2026-01-30T01:36:43.791131] High prop at exactly tau (0.99) at rel_day 69: potential IF underweighting
[2026-01-30T01:37:01.367236] High prop at exactly tau (0.99) at rel_day 70: potential IF underweighting
[2026-01-30T01:37:18.381488] High prop at exactly tau (0.99) at rel_day 71: potential IF underweighting
[2026-01-30T01:37:31.282595] High prop at exactly tau (0.99) at rel_day 72: potential IF underweighting
[2026-01-30T01:37:44.234661] High prop at exactly tau (0.99) at rel_day 73: potential IF underweighting
[2026-01-30T01:37:57.150690] High prop at exactly tau (0.99) at rel_day 74: potential IF underweighting
[2026-01-30T01:38:10.049095] High prop at exactly tau (0.99) at rel_day 75: potential IF underweighting
[2026-01-30T01:38:22.954818] High prop at exactly tau (0.99) at rel_day 76: potential IF underweighting
[2026-01-30T01:38:36.126502] High prop at exactly tau (0.99) at rel_day 77: potential IF underweighting
[2026-01-30T01:38:49.026076] High prop at exactly tau (0.99) at rel_day 78: potential IF underweighting
[2026-01-30T01:39:01.921783] High prop at exactly tau (0.99) at rel_day 79: potential IF underweighting
[2026-01-30T01:39:14.789803] High prop at exactly tau (0.99) at rel_day 80: potential IF underweighting
[2026-01-30T01:39:27.643278] High prop at exactly tau (0.99) at rel_day 81: potential IF underweighting
[2026-01-30T01:39:40.544881] High prop at exactly tau (0.99) at rel_day 82: potential IF underweighting
[2026-01-30T01:39:53.439681] High prop at exactly tau (0.99) at rel_day 83: potential IF underweighting
[2026-01-30T01:40:06.368937] High prop at exactly tau (0.99) at rel_day 84: potential IF underweighting
[2026-01-30T01:40:19.251987] High prop at exactly tau (0.99) at rel_day 85: potential IF underweighting
[2026-01-30T01:40:32.124207] High prop at exactly tau (0.99) at rel_day 86: potential IF underweighting
[2026-01-30T01:40:45.090574] High prop at exactly tau (0.99) at rel_day 87: potential IF underweighting
[2026-01-30T01:40:57.938745] High prop at exactly tau (0.99) at rel_day 88: potential IF underweighting
[2026-01-30T01:41:10.793462] High prop at exactly tau (0.99) at rel_day 89: potential IF underweighting
[2026-01-30T01:41:23.638321] High prop at exactly tau (0.99) at rel_day 90: potential IF underweighting
[2026-01-30T01:41:36.488772] High prop at exactly tau (0.99) at rel_day 91: potential IF underweighting
[2026-01-30T01:41:49.312638] High prop at exactly tau (0.99) at rel_day 92: potential IF underweighting
[2026-01-30T01:42:02.133886] High prop at exactly tau (0.99) at rel_day 93: potential IF underweighting
[2026-01-30T01:42:15.014855] High prop at exactly tau (0.99) at rel_day 94: potential IF underweighting
[2026-01-30T01:42:27.826788] High prop at exactly tau (0.99) at rel_day 95: potential IF underweighting
[2026-01-30T01:42:40.652404] High prop at exactly tau (0.99) at rel_day 96: potential IF underweighting
[2026-01-30T01:42:53.517108] High prop at exactly tau (0.99) at rel_day 97: potential IF underweighting
[2026-01-30T01:43:06.332289] High prop at exactly tau (0.99) at rel_day 98: potential IF underweighting
[2026-01-30T01:43:19.157044] High prop at exactly tau (0.99) at rel_day 99: potential IF underweighting
[2026-01-30T01:43:31.993528] High prop at exactly tau (0.99) at rel_day 100: potential IF underweighting
[2026-01-30T01:43:44.870776] High prop at exactly tau (0.98) at rel_day 101: potential IF underweighting
[2026-01-30T01:43:57.712475] High prop at exactly tau (0.98) at rel_day 102: potential IF underweighting
[2026-01-30T01:44:10.521272] High prop at exactly tau (0.98) at rel_day 103: potential IF underweighting
[2026-01-30T01:44:23.307304] High prop at exactly tau (0.98) at rel_day 104: potential IF underweighting
[2026-01-30T01:44:36.125588] High prop at exactly tau (0.98) at rel_day 105: potential IF underweighting
[2026-01-30T01:44:48.933716] High prop at exactly tau (0.98) at rel_day 106: potential IF underweighting
[2026-01-30T01:45:01.709590] High prop at exactly tau (0.98) at rel_day 107: potential IF underweighting
[2026-01-30T01:45:14.529659] High prop at exactly tau (0.98) at rel_day 108: potential IF underweighting
[2026-01-30T01:45:27.316525] High prop at exactly tau (0.98) at rel_day 109: potential IF underweighting
[2026-01-30T01:45:40.103669] High prop at exactly tau (0.98) at rel_day 110: potential IF underweighting
[2026-01-30T01:45:52.889809] High prop at exactly tau (0.98) at rel_day 111: potential IF underweighting
[2026-01-30T01:46:05.650318] High prop at exactly tau (0.98) at rel_day 112: potential IF underweighting
[2026-01-30T01:46:18.409508] High prop at exactly tau (0.98) at rel_day 113: potential IF underweighting
[2026-01-30T01:46:31.184219] High prop at exactly tau (0.98) at rel_day 114: potential IF underweighting
[2026-01-30T01:46:43.959275] High prop at exactly tau (0.98) at rel_day 115: potential IF underweighting
[2026-01-30T01:46:56.709242] High prop at exactly tau (0.98) at rel_day 116: potential IF underweighting
[2026-01-30T01:47:09.475994] High prop at exactly tau (0.98) at rel_day 117: potential IF underweighting
[2026-01-30T01:47:22.216111] High prop at exactly tau (0.98) at rel_day 118: potential IF underweighting
[2026-01-30T01:47:34.939935] High prop at exactly tau (0.98) at rel_day 119: potential IF underweighting
[2026-01-30T01:47:47.650396] High prop at exactly tau (0.98) at rel_day 120: potential IF underweighting
[2026-01-30T01:48:12.927857] RMST conditions on survival to calendar_day — deliberate for definition, see method docs.
[2026-01-30T01:48:13.156478] High prop at exactly tau (1.00) at rel_day -60: potential IF underweighting
[2026-01-30T01:48:27.160760] High prop at exactly tau (1.00) at rel_day -59: potential IF underweighting
[2026-01-30T01:48:40.177185] High prop at exactly tau (1.00) at rel_day -58: potential IF underweighting
[2026-01-30T01:48:53.155010] High prop at exactly tau (1.00) at rel_day -57: potential IF underweighting
[2026-01-30T01:49:06.161705] High prop at exactly tau (1.00) at rel_day -56: potential IF underweighting
[2026-01-30T01:49:19.132078] High prop at exactly tau (1.00) at rel_day -55: potential IF underweighting
[2026-01-30T01:49:32.274733] High prop at exactly tau (1.00) at rel_day -54: potential IF underweighting
[2026-01-30T01:49:45.348384] High prop at exactly tau (1.00) at rel_day -53: potential IF underweighting
[2026-01-30T01:49:58.338605] High prop at exactly tau (1.00) at rel_day -52: potential IF underweighting
[2026-01-30T01:50:11.366338] High prop at exactly tau (1.00) at rel_day -51: potential IF underweighting
[2026-01-30T01:50:24.349090] High prop at exactly tau (1.00) at rel_day -50: potential IF underweighting
[2026-01-30T01:50:39.216714] High prop at exactly tau (1.00) at rel_day -49: potential IF underweighting
[2026-01-30T01:50:52.182734] High prop at exactly tau (1.00) at rel_day -48: potential IF underweighting
[2026-01-30T01:51:05.139352] High prop at exactly tau (1.00) at rel_day -47: potential IF underweighting
[2026-01-30T01:51:18.129666] High prop at exactly tau (1.00) at rel_day -46: potential IF underweighting
[2026-01-30T01:51:31.119646] High prop at exactly tau (1.00) at rel_day -45: potential IF underweighting
[2026-01-30T01:51:44.123533] High prop at exactly tau (1.00) at rel_day -44: potential IF underweighting
[2026-01-30T01:51:57.091506] High prop at exactly tau (1.00) at rel_day -43: potential IF underweighting
[2026-01-30T01:52:10.064510] High prop at exactly tau (1.00) at rel_day -42: potential IF underweighting
[2026-01-30T01:52:23.031082] High prop at exactly tau (1.00) at rel_day -41: potential IF underweighting
[2026-01-30T01:52:36.014049] High prop at exactly tau (1.00) at rel_day -40: potential IF underweighting
[2026-01-30T01:52:48.983189] High prop at exactly tau (1.00) at rel_day -39: potential IF underweighting
[2026-01-30T01:53:01.956353] High prop at exactly tau (1.00) at rel_day -38: potential IF underweighting
[2026-01-30T01:53:14.928823] High prop at exactly tau (1.00) at rel_day -37: potential IF underweighting
[2026-01-30T01:53:27.909710] High prop at exactly tau (1.00) at rel_day -36: potential IF underweighting
[2026-01-30T01:53:40.874881] High prop at exactly tau (1.00) at rel_day -35: potential IF underweighting
[2026-01-30T01:53:53.851463] High prop at exactly tau (1.00) at rel_day -34: potential IF underweighting
[2026-01-30T01:54:06.839230] High prop at exactly tau (1.00) at rel_day -33: potential IF underweighting
[2026-01-30T01:54:19.821243] High prop at exactly tau (1.00) at rel_day -32: potential IF underweighting
[2026-01-30T01:54:32.815437] High prop at exactly tau (1.00) at rel_day -31: potential IF underweighting
[2026-01-30T01:54:45.793167] High prop at exactly tau (1.00) at rel_day -30: potential IF underweighting
[2026-01-30T01:54:58.772849] High prop at exactly tau (1.00) at rel_day -29: potential IF underweighting
[2026-01-30T01:55:11.765216] High prop at exactly tau (1.00) at rel_day -28: potential IF underweighting
[2026-01-30T01:55:24.745868] High prop at exactly tau (1.00) at rel_day -27: potential IF underweighting
[2026-01-30T01:55:37.734645] High prop at exactly tau (1.00) at rel_day -26: potential IF underweighting
[2026-01-30T01:55:50.726181] High prop at exactly tau (1.00) at rel_day -25: potential IF underweighting
[2026-01-30T01:56:03.721101] High prop at exactly tau (1.00) at rel_day -24: potential IF underweighting
[2026-01-30T01:56:16.720931] High prop at exactly tau (1.00) at rel_day -23: potential IF underweighting
[2026-01-30T01:56:29.682531] High prop at exactly tau (1.00) at rel_day -22: potential IF underweighting
[2026-01-30T01:56:42.679310] High prop at exactly tau (1.00) at rel_day -21: potential IF underweighting
[2026-01-30T01:56:55.645367] High prop at exactly tau (1.00) at rel_day -20: potential IF underweighting
[2026-01-30T01:57:08.633307] High prop at exactly tau (1.00) at rel_day -19: potential IF underweighting
[2026-01-30T01:57:21.614550] High prop at exactly tau (1.00) at rel_day -18: potential IF underweighting
[2026-01-30T01:57:34.592112] High prop at exactly tau (1.00) at rel_day -17: potential IF underweighting
[2026-01-30T01:57:47.613592] High prop at exactly tau (1.00) at rel_day -16: potential IF underweighting
[2026-01-30T01:58:00.604204] High prop at exactly tau (1.00) at rel_day -15: potential IF underweighting
[2026-01-30T01:58:13.589306] High prop at exactly tau (1.00) at rel_day -14: potential IF underweighting
[2026-01-30T01:58:26.561980] High prop at exactly tau (1.00) at rel_day -13: potential IF underweighting
[2026-01-30T01:58:39.537521] High prop at exactly tau (1.00) at rel_day -12: potential IF underweighting
[2026-01-30T01:58:52.547333] High prop at exactly tau (1.00) at rel_day -11: potential IF underweighting
[2026-01-30T01:59:05.531505] High prop at exactly tau (1.00) at rel_day -10: potential IF underweighting
[2026-01-30T01:59:18.510743] High prop at exactly tau (1.00) at rel_day -9: potential IF underweighting
[2026-01-30T01:59:31.491277] High prop at exactly tau (1.00) at rel_day -8: potential IF underweighting
[2026-01-30T01:59:44.494433] High prop at exactly tau (1.00) at rel_day -7: potential IF underweighting
[2026-01-30T01:59:57.512282] High prop at exactly tau (1.00) at rel_day -6: potential IF underweighting
[2026-01-30T02:00:10.512369] High prop at exactly tau (1.00) at rel_day -5: potential IF underweighting
[2026-01-30T02:00:23.572305] High prop at exactly tau (1.00) at rel_day -4: potential IF underweighting
[2026-01-30T02:00:36.560926] High prop at exactly tau (1.00) at rel_day -3: potential IF underweighting
[2026-01-30T02:00:49.572684] High prop at exactly tau (1.00) at rel_day -2: potential IF underweighting
[2026-01-30T02:01:02.565736] High prop at exactly tau (1.00) at rel_day -1: potential IF underweighting
[2026-01-30T02:01:15.563837] High prop at exactly tau (1.00) at rel_day 0: potential IF underweighting
[2026-01-30T02:01:28.555602] High prop at exactly tau (1.00) at rel_day 1: potential IF underweighting
[2026-01-30T02:01:41.545089] High prop at exactly tau (1.00) at rel_day 2: potential IF underweighting
[2026-01-30T02:01:54.520502] High prop at exactly tau (1.00) at rel_day 3: potential IF underweighting
[2026-01-30T02:02:07.498498] High prop at exactly tau (1.00) at rel_day 4: potential IF underweighting
[2026-01-30T02:02:20.488596] High prop at exactly tau (1.00) at rel_day 5: potential IF underweighting
[2026-01-30T02:02:33.478431] High prop at exactly tau (1.00) at rel_day 6: potential IF underweighting
[2026-01-30T02:02:46.472564] High prop at exactly tau (1.00) at rel_day 7: potential IF underweighting
[2026-01-30T02:02:59.448417] High prop at exactly tau (1.00) at rel_day 8: potential IF underweighting
[2026-01-30T02:03:12.461597] High prop at exactly tau (1.00) at rel_day 9: potential IF underweighting
[2026-01-30T02:03:25.456169] High prop at exactly tau (1.00) at rel_day 10: potential IF underweighting
[2026-01-30T02:03:38.424513] High prop at exactly tau (1.00) at rel_day 11: potential IF underweighting
[2026-01-30T02:03:51.427627] High prop at exactly tau (1.00) at rel_day 12: potential IF underweighting
[2026-01-30T02:04:04.383985] High prop at exactly tau (1.00) at rel_day 13: potential IF underweighting
[2026-01-30T02:04:17.334691] High prop at exactly tau (1.00) at rel_day 14: potential IF underweighting
[2026-01-30T02:04:30.293943] High prop at exactly tau (1.00) at rel_day 15: potential IF underweighting
[2026-01-30T02:04:43.270128] High prop at exactly tau (1.00) at rel_day 16: potential IF underweighting
[2026-01-30T02:04:56.242290] High prop at exactly tau (1.00) at rel_day 17: potential IF underweighting
[2026-01-30T02:05:09.216917] High prop at exactly tau (1.00) at rel_day 18: potential IF underweighting
[2026-01-30T02:05:22.164011] High prop at exactly tau (1.00) at rel_day 19: potential IF underweighting
[2026-01-30T02:05:35.113224] High prop at exactly tau (1.00) at rel_day 20: potential IF underweighting
[2026-01-30T02:05:48.868903] High prop at exactly tau (1.00) at rel_day 21: potential IF underweighting
[2026-01-30T02:06:01.817425] High prop at exactly tau (1.00) at rel_day 22: potential IF underweighting
[2026-01-30T02:06:14.759504] High prop at exactly tau (1.00) at rel_day 23: potential IF underweighting
[2026-01-30T02:06:27.713371] High prop at exactly tau (1.00) at rel_day 24: potential IF underweighting
[2026-01-30T02:06:40.664032] High prop at exactly tau (1.00) at rel_day 25: potential IF underweighting
[2026-01-30T02:06:53.657363] High prop at exactly tau (1.00) at rel_day 26: potential IF underweighting
[2026-01-30T02:07:06.604987] High prop at exactly tau (1.00) at rel_day 27: potential IF underweighting
[2026-01-30T02:07:19.558009] High prop at exactly tau (1.00) at rel_day 28: potential IF underweighting
[2026-01-30T02:07:32.520851] High prop at exactly tau (1.00) at rel_day 29: potential IF underweighting
[2026-01-30T02:07:45.489260] High prop at exactly tau (1.00) at rel_day 30: potential IF underweighting
[2026-01-30T02:07:58.422613] High prop at exactly tau (1.00) at rel_day 31: potential IF underweighting
[2026-01-30T02:08:11.373500] High prop at exactly tau (1.00) at rel_day 32: potential IF underweighting
[2026-01-30T02:08:24.313964] High prop at exactly tau (1.00) at rel_day 33: potential IF underweighting
[2026-01-30T02:08:37.251178] High prop at exactly tau (1.00) at rel_day 34: potential IF underweighting
[2026-01-30T02:08:50.189124] High prop at exactly tau (1.00) at rel_day 35: potential IF underweighting
[2026-01-30T02:09:03.126729] High prop at exactly tau (1.00) at rel_day 36: potential IF underweighting
[2026-01-30T02:09:16.072211] High prop at exactly tau (1.00) at rel_day 37: potential IF underweighting
[2026-01-30T02:09:29.009759] High prop at exactly tau (1.00) at rel_day 38: potential IF underweighting
[2026-01-30T02:09:41.926604] High prop at exactly tau (1.00) at rel_day 39: potential IF underweighting
[2026-01-30T02:09:54.826620] High prop at exactly tau (1.00) at rel_day 40: potential IF underweighting
[2026-01-30T02:10:07.837536] High prop at exactly tau (1.00) at rel_day 41: potential IF underweighting
[2026-01-30T02:10:20.748569] High prop at exactly tau (1.00) at rel_day 42: potential IF underweighting
[2026-01-30T02:10:33.678355] High prop at exactly tau (1.00) at rel_day 43: potential IF underweighting
[2026-01-30T02:10:46.621671] High prop at exactly tau (1.00) at rel_day 44: potential IF underweighting
[2026-01-30T02:10:59.566555] High prop at exactly tau (1.00) at rel_day 45: potential IF underweighting
[2026-01-30T02:11:12.476262] High prop at exactly tau (1.00) at rel_day 46: potential IF underweighting
[2026-01-30T02:11:25.388039] High prop at exactly tau (1.00) at rel_day 47: potential IF underweighting
[2026-01-30T02:11:38.310103] High prop at exactly tau (1.00) at rel_day 48: potential IF underweighting
[2026-01-30T02:11:51.247848] High prop at exactly tau (1.00) at rel_day 49: potential IF underweighting
[2026-01-30T02:12:04.199131] High prop at exactly tau (1.00) at rel_day 50: potential IF underweighting
[2026-01-30T02:12:17.137288] High prop at exactly tau (1.00) at rel_day 51: potential IF underweighting
[2026-01-30T02:12:30.018910] High prop at exactly tau (1.00) at rel_day 52: potential IF underweighting
[2026-01-30T02:12:42.930523] High prop at exactly tau (0.99) at rel_day 53: potential IF underweighting
[2026-01-30T02:12:55.823118] High prop at exactly tau (0.99) at rel_day 54: potential IF underweighting
[2026-01-30T02:13:08.730921] High prop at exactly tau (0.99) at rel_day 55: potential IF underweighting
[2026-01-30T02:13:21.623054] High prop at exactly tau (0.99) at rel_day 56: potential IF underweighting
[2026-01-30T02:13:34.546458] High prop at exactly tau (0.99) at rel_day 57: potential IF underweighting
[2026-01-30T02:13:47.459150] High prop at exactly tau (0.99) at rel_day 58: potential IF underweighting
[2026-01-30T02:14:00.343028] High prop at exactly tau (0.99) at rel_day 59: potential IF underweighting
[2026-01-30T02:14:13.235454] High prop at exactly tau (0.99) at rel_day 60: potential IF underweighting
[2026-01-30T02:14:26.121243] High prop at exactly tau (0.99) at rel_day 61: potential IF underweighting
[2026-01-30T02:14:39.014175] High prop at exactly tau (0.99) at rel_day 62: potential IF underweighting
[2026-01-30T02:14:51.951247] High prop at exactly tau (0.99) at rel_day 63: potential IF underweighting
[2026-01-30T02:15:04.857639] High prop at exactly tau (0.99) at rel_day 64: potential IF underweighting
[2026-01-30T02:15:17.749213] High prop at exactly tau (0.99) at rel_day 65: potential IF underweighting
[2026-01-30T02:15:30.651874] High prop at exactly tau (0.99) at rel_day 66: potential IF underweighting
[2026-01-30T02:15:43.586818] High prop at exactly tau (0.99) at rel_day 67: potential IF underweighting
[2026-01-30T02:15:56.452398] High prop at exactly tau (0.99) at rel_day 68: potential IF underweighting
[2026-01-30T02:16:09.343569] High prop at exactly tau (0.99) at rel_day 69: potential IF underweighting
[2026-01-30T02:16:22.216292] High prop at exactly tau (0.99) at rel_day 70: potential IF underweighting
[2026-01-30T02:16:35.096968] High prop at exactly tau (0.99) at rel_day 71: potential IF underweighting
[2026-01-30T02:16:47.986349] High prop at exactly tau (0.99) at rel_day 72: potential IF underweighting
[2026-01-30T02:17:00.867769] High prop at exactly tau (0.99) at rel_day 73: potential IF underweighting
[2026-01-30T02:17:13.744866] High prop at exactly tau (0.99) at rel_day 74: potential IF underweighting
[2026-01-30T02:17:26.624861] High prop at exactly tau (0.99) at rel_day 75: potential IF underweighting
[2026-01-30T02:17:39.522546] High prop at exactly tau (0.99) at rel_day 76: potential IF underweighting
[2026-01-30T02:17:52.390894] High prop at exactly tau (0.99) at rel_day 77: potential IF underweighting
[2026-01-30T02:18:05.267393] High prop at exactly tau (0.99) at rel_day 78: potential IF underweighting
[2026-01-30T02:18:18.139345] High prop at exactly tau (0.99) at rel_day 79: potential IF underweighting
[2026-01-30T02:18:31.020643] High prop at exactly tau (0.99) at rel_day 80: potential IF underweighting
[2026-01-30T02:18:43.883137] High prop at exactly tau (0.99) at rel_day 81: potential IF underweighting
[2026-01-30T02:18:56.732670] High prop at exactly tau (0.99) at rel_day 82: potential IF underweighting
[2026-01-30T02:19:09.582354] High prop at exactly tau (0.99) at rel_day 83: potential IF underweighting
[2026-01-30T02:19:22.429475] High prop at exactly tau (0.99) at rel_day 84: potential IF underweighting
[2026-01-30T02:19:35.256113] High prop at exactly tau (0.99) at rel_day 85: potential IF underweighting
[2026-01-30T02:19:48.088875] High prop at exactly tau (0.99) at rel_day 86: potential IF underweighting
[2026-01-30T02:20:00.940783] High prop at exactly tau (0.99) at rel_day 87: potential IF underweighting
[2026-01-30T02:20:13.796817] High prop at exactly tau (0.99) at rel_day 88: potential IF underweighting
[2026-01-30T02:20:26.616476] High prop at exactly tau (0.99) at rel_day 89: potential IF underweighting
[2026-01-30T02:20:39.475699] High prop at exactly tau (0.99) at rel_day 90: potential IF underweighting
[2026-01-30T02:20:52.588031] High prop at exactly tau (0.99) at rel_day 91: potential IF underweighting
[2026-01-30T02:21:05.410744] High prop at exactly tau (0.99) at rel_day 92: potential IF underweighting
[2026-01-30T02:21:18.230066] High prop at exactly tau (0.99) at rel_day 93: potential IF underweighting
[2026-01-30T02:21:31.061413] High prop at exactly tau (0.99) at rel_day 94: potential IF underweighting
[2026-01-30T02:21:43.889518] High prop at exactly tau (0.99) at rel_day 95: potential IF underweighting
[2026-01-30T02:21:56.722226] High prop at exactly tau (0.99) at rel_day 96: potential IF underweighting
[2026-01-30T02:22:09.525412] High prop at exactly tau (0.99) at rel_day 97: potential IF underweighting
[2026-01-30T02:22:22.358950] High prop at exactly tau (0.99) at rel_day 98: potential IF underweighting
[2026-01-30T02:22:35.160717] High prop at exactly tau (0.99) at rel_day 99: potential IF underweighting
[2026-01-30T02:22:47.969505] High prop at exactly tau (0.99) at rel_day 100: potential IF underweighting
[2026-01-30T02:23:00.769309] High prop at exactly tau (0.98) at rel_day 101: potential IF underweighting
[2026-01-30T02:23:13.567462] High prop at exactly tau (0.98) at rel_day 102: potential IF underweighting
[2026-01-30T02:23:26.334481] High prop at exactly tau (0.98) at rel_day 103: potential IF underweighting
[2026-01-30T02:23:39.112681] High prop at exactly tau (0.98) at rel_day 104: potential IF underweighting
[2026-01-30T02:23:51.902325] High prop at exactly tau (0.98) at rel_day 105: potential IF underweighting
[2026-01-30T02:24:04.676483] High prop at exactly tau (0.98) at rel_day 106: potential IF underweighting
[2026-01-30T02:24:17.457692] High prop at exactly tau (0.98) at rel_day 107: potential IF underweighting
[2026-01-30T02:24:30.238314] High prop at exactly tau (0.98) at rel_day 108: potential IF underweighting
[2026-01-30T02:24:43.008592] High prop at exactly tau (0.98) at rel_day 109: potential IF underweighting
[2026-01-30T02:24:55.802140] High prop at exactly tau (0.98) at rel_day 110: potential IF underweighting
[2026-01-30T02:25:08.573321] High prop at exactly tau (0.98) at rel_day 111: potential IF underweighting
[2026-01-30T02:25:21.325165] High prop at exactly tau (0.98) at rel_day 112: potential IF underweighting
[2026-01-30T02:25:34.056126] High prop at exactly tau (0.98) at rel_day 113: potential IF underweighting
[2026-01-30T02:25:46.796830] High prop at exactly tau (0.98) at rel_day 114: potential IF underweighting
[2026-01-30T02:25:59.503474] High prop at exactly tau (0.98) at rel_day 115: potential IF underweighting
[2026-01-30T02:26:12.252185] High prop at exactly tau (0.98) at rel_day 116: potential IF underweighting
[2026-01-30T02:26:24.956242] High prop at exactly tau (0.98) at rel_day 117: potential IF underweighting
[2026-01-30T02:26:37.652548] High prop at exactly tau (0.98) at rel_day 118: potential IF underweighting
[2026-01-30T02:26:50.386392] High prop at exactly tau (0.98) at rel_day 119: potential IF underweighting
[2026-01-30T02:27:03.096996] High prop at exactly tau (0.98) at rel_day 120: potential IF underweighting
[2026-01-30T02:27:26.734761] RMST conditions on survival to calendar_day — deliberate for definition, see method docs.
[2026-01-30T02:27:26.988617] High prop at exactly tau (1.00) at rel_day -60: potential IF underweighting
[2026-01-30T02:27:41.036392] High prop at exactly tau (1.00) at rel_day -59: potential IF underweighting
[2026-01-30T02:27:54.011939] High prop at exactly tau (1.00) at rel_day -58: potential IF underweighting
[2026-01-30T02:28:06.990719] High prop at exactly tau (1.00) at rel_day -57: potential IF underweighting
[2026-01-30T02:28:19.970647] High prop at exactly tau (1.00) at rel_day -56: potential IF underweighting
[2026-01-30T02:28:32.939939] High prop at exactly tau (1.00) at rel_day -55: potential IF underweighting
[2026-01-30T02:28:45.921383] High prop at exactly tau (1.00) at rel_day -54: potential IF underweighting
[2026-01-30T02:28:58.871297] High prop at exactly tau (1.00) at rel_day -53: potential IF underweighting
[2026-01-30T02:29:11.823824] High prop at exactly tau (1.00) at rel_day -52: potential IF underweighting
[2026-01-30T02:29:24.773730] High prop at exactly tau (1.00) at rel_day -51: potential IF underweighting
[2026-01-30T02:29:37.732343] High prop at exactly tau (1.00) at rel_day -50: potential IF underweighting
[2026-01-30T02:29:50.716790] High prop at exactly tau (1.00) at rel_day -49: potential IF underweighting
[2026-01-30T02:30:03.683111] High prop at exactly tau (1.00) at rel_day -48: potential IF underweighting
[2026-01-30T02:30:16.702165] High prop at exactly tau (1.00) at rel_day -47: potential IF underweighting
[2026-01-30T02:30:29.637690] High prop at exactly tau (1.00) at rel_day -46: potential IF underweighting
[2026-01-30T02:30:42.610608] High prop at exactly tau (1.00) at rel_day -45: potential IF underweighting
[2026-01-30T02:30:55.574618] High prop at exactly tau (1.00) at rel_day -44: potential IF underweighting
[2026-01-30T02:31:08.544735] High prop at exactly tau (1.00) at rel_day -43: potential IF underweighting
[2026-01-30T02:31:21.516160] High prop at exactly tau (1.00) at rel_day -42: potential IF underweighting
[2026-01-30T02:31:34.491141] High prop at exactly tau (1.00) at rel_day -41: potential IF underweighting
[2026-01-30T02:31:47.456362] High prop at exactly tau (1.00) at rel_day -40: potential IF underweighting
[2026-01-30T02:32:00.433320] High prop at exactly tau (1.00) at rel_day -39: potential IF underweighting
[2026-01-30T02:32:13.382009] High prop at exactly tau (1.00) at rel_day -38: potential IF underweighting
[2026-01-30T02:32:26.342431] High prop at exactly tau (1.00) at rel_day -37: potential IF underweighting
[2026-01-30T02:32:39.310049] High prop at exactly tau (1.00) at rel_day -36: potential IF underweighting
[2026-01-30T02:32:52.301143] High prop at exactly tau (1.00) at rel_day -35: potential IF underweighting
[2026-01-30T02:33:05.245309] High prop at exactly tau (1.00) at rel_day -34: potential IF underweighting
[2026-01-30T02:33:18.200890] High prop at exactly tau (1.00) at rel_day -33: potential IF underweighting
[2026-01-30T02:33:31.141795] High prop at exactly tau (1.00) at rel_day -32: potential IF underweighting
[2026-01-30T02:33:44.105191] High prop at exactly tau (1.00) at rel_day -31: potential IF underweighting
[2026-01-30T02:33:57.082912] High prop at exactly tau (1.00) at rel_day -30: potential IF underweighting
[2026-01-30T02:34:10.058077] High prop at exactly tau (1.00) at rel_day -29: potential IF underweighting
[2026-01-30T02:34:23.020181] High prop at exactly tau (1.00) at rel_day -28: potential IF underweighting
[2026-01-30T02:34:35.980209] High prop at exactly tau (1.00) at rel_day -27: potential IF underweighting
[2026-01-30T02:34:48.952982] High prop at exactly tau (1.00) at rel_day -26: potential IF underweighting
[2026-01-30T02:35:01.938714] High prop at exactly tau (1.00) at rel_day -25: potential IF underweighting
[2026-01-30T02:35:14.940492] High prop at exactly tau (1.00) at rel_day -24: potential IF underweighting
[2026-01-30T02:35:27.894805] High prop at exactly tau (1.00) at rel_day -23: potential IF underweighting
[2026-01-30T02:35:40.858087] High prop at exactly tau (1.00) at rel_day -22: potential IF underweighting
[2026-01-30T02:35:54.985687] High prop at exactly tau (1.00) at rel_day -21: potential IF underweighting
[2026-01-30T02:36:07.982854] High prop at exactly tau (1.00) at rel_day -20: potential IF underweighting
[2026-01-30T02:36:20.970657] High prop at exactly tau (1.00) at rel_day -19: potential IF underweighting
[2026-01-30T02:36:34.025169] High prop at exactly tau (1.00) at rel_day -18: potential IF underweighting
[2026-01-30T02:36:47.070327] High prop at exactly tau (1.00) at rel_day -17: potential IF underweighting
[2026-01-30T02:37:00.238572] High prop at exactly tau (1.00) at rel_day -16: potential IF underweighting
[2026-01-30T02:37:13.214891] High prop at exactly tau (1.00) at rel_day -15: potential IF underweighting
[2026-01-30T02:37:26.320294] High prop at exactly tau (1.00) at rel_day -14: potential IF underweighting
[2026-01-30T02:37:39.364053] High prop at exactly tau (1.00) at rel_day -13: potential IF underweighting
[2026-01-30T02:37:52.360441] High prop at exactly tau (1.00) at rel_day -12: potential IF underweighting
[2026-01-30T02:38:05.360402] High prop at exactly tau (1.00) at rel_day -11: potential IF underweighting
[2026-01-30T02:38:18.347506] High prop at exactly tau (1.00) at rel_day -10: potential IF underweighting
[2026-01-30T02:38:31.826664] High prop at exactly tau (1.00) at rel_day -9: potential IF underweighting
[2026-01-30T02:38:44.871468] High prop at exactly tau (1.00) at rel_day -8: potential IF underweighting
[2026-01-30T02:38:57.887286] High prop at exactly tau (1.00) at rel_day -7: potential IF underweighting
[2026-01-30T02:39:10.883821] High prop at exactly tau (1.00) at rel_day -6: potential IF underweighting
[2026-01-30T02:39:23.850960] High prop at exactly tau (1.00) at rel_day -5: potential IF underweighting
[2026-01-30T02:39:36.855714] High prop at exactly tau (1.00) at rel_day -4: potential IF underweighting
[2026-01-30T02:39:49.861114] High prop at exactly tau (1.00) at rel_day -3: potential IF underweighting
[2026-01-30T02:40:02.856146] High prop at exactly tau (1.00) at rel_day -2: potential IF underweighting
[2026-01-30T02:40:15.880160] High prop at exactly tau (1.00) at rel_day -1: potential IF underweighting
[2026-01-30T02:40:28.856155] High prop at exactly tau (1.00) at rel_day 0: potential IF underweighting
[2026-01-30T02:40:41.854742] High prop at exactly tau (1.00) at rel_day 1: potential IF underweighting
[2026-01-30T02:40:54.831143] High prop at exactly tau (1.00) at rel_day 2: potential IF underweighting
[2026-01-30T02:41:07.809258] High prop at exactly tau (1.00) at rel_day 3: potential IF underweighting
[2026-01-30T02:41:20.782425] High prop at exactly tau (1.00) at rel_day 4: potential IF underweighting
[2026-01-30T02:41:33.755644] High prop at exactly tau (1.00) at rel_day 5: potential IF underweighting
[2026-01-30T02:41:46.714692] High prop at exactly tau (1.00) at rel_day 6: potential IF underweighting
[2026-01-30T02:41:59.690187] High prop at exactly tau (1.00) at rel_day 7: potential IF underweighting
[2026-01-30T02:42:12.653538] High prop at exactly tau (1.00) at rel_day 8: potential IF underweighting
[2026-01-30T02:42:25.644535] High prop at exactly tau (1.00) at rel_day 9: potential IF underweighting
[2026-01-30T02:42:38.587656] High prop at exactly tau (1.00) at rel_day 10: potential IF underweighting
[2026-01-30T02:42:51.541927] High prop at exactly tau (1.00) at rel_day 11: potential IF underweighting
[2026-01-30T02:43:04.524688] High prop at exactly tau (1.00) at rel_day 12: potential IF underweighting
[2026-01-30T02:43:17.512355] High prop at exactly tau (1.00) at rel_day 13: potential IF underweighting
[2026-01-30T02:43:30.461912] High prop at exactly tau (1.00) at rel_day 14: potential IF underweighting
[2026-01-30T02:43:43.431717] High prop at exactly tau (1.00) at rel_day 15: potential IF underweighting
[2026-01-30T02:43:56.398481] High prop at exactly tau (1.00) at rel_day 16: potential IF underweighting
[2026-01-30T02:44:09.388052] High prop at exactly tau (1.00) at rel_day 17: potential IF underweighting
[2026-01-30T02:44:22.342677] High prop at exactly tau (1.00) at rel_day 18: potential IF underweighting
[2026-01-30T02:44:35.285062] High prop at exactly tau (1.00) at rel_day 19: potential IF underweighting
[2026-01-30T02:44:48.272399] High prop at exactly tau (1.00) at rel_day 20: potential IF underweighting
[2026-01-30T02:45:01.227193] High prop at exactly tau (1.00) at rel_day 21: potential IF underweighting
[2026-01-30T02:45:14.218759] High prop at exactly tau (1.00) at rel_day 22: potential IF underweighting
[2026-01-30T02:45:27.177993] High prop at exactly tau (1.00) at rel_day 23: potential IF underweighting
[2026-01-30T02:45:40.151615] High prop at exactly tau (1.00) at rel_day 24: potential IF underweighting
[2026-01-30T02:45:53.084316] High prop at exactly tau (1.00) at rel_day 25: potential IF underweighting
[2026-01-30T02:46:06.008322] High prop at exactly tau (1.00) at rel_day 26: potential IF underweighting
[2026-01-30T02:46:18.954645] High prop at exactly tau (1.00) at rel_day 27: potential IF underweighting
[2026-01-30T02:46:31.880159] High prop at exactly tau (1.00) at rel_day 28: potential IF underweighting
[2026-01-30T02:46:44.846466] High prop at exactly tau (1.00) at rel_day 29: potential IF underweighting
[2026-01-30T02:46:57.802444] High prop at exactly tau (1.00) at rel_day 30: potential IF underweighting
[2026-01-30T02:47:10.767370] High prop at exactly tau (1.00) at rel_day 31: potential IF underweighting
[2026-01-30T02:47:23.712213] High prop at exactly tau (1.00) at rel_day 32: potential IF underweighting
[2026-01-30T02:47:36.636393] High prop at exactly tau (1.00) at rel_day 33: potential IF underweighting
[2026-01-30T02:47:49.577530] High prop at exactly tau (1.00) at rel_day 34: potential IF underweighting
[2026-01-30T02:48:02.525866] High prop at exactly tau (1.00) at rel_day 35: potential IF underweighting
[2026-01-30T02:48:15.496048] High prop at exactly tau (1.00) at rel_day 36: potential IF underweighting
[2026-01-30T02:48:28.431411] High prop at exactly tau (1.00) at rel_day 37: potential IF underweighting
[2026-01-30T02:48:41.407451] High prop at exactly tau (1.00) at rel_day 38: potential IF underweighting
[2026-01-30T02:48:54.330203] High prop at exactly tau (1.00) at rel_day 39: potential IF underweighting
[2026-01-30T02:49:07.244021] High prop at exactly tau (1.00) at rel_day 40: potential IF underweighting
[2026-01-30T02:49:20.130019] High prop at exactly tau (1.00) at rel_day 41: potential IF underweighting
[2026-01-30T02:49:33.054977] High prop at exactly tau (1.00) at rel_day 42: potential IF underweighting
[2026-01-30T02:49:45.981441] High prop at exactly tau (1.00) at rel_day 43: potential IF underweighting
[2026-01-30T02:49:58.901953] High prop at exactly tau (1.00) at rel_day 44: potential IF underweighting
[2026-01-30T02:50:11.841929] High prop at exactly tau (1.00) at rel_day 45: potential IF underweighting
[2026-01-30T02:50:24.750526] High prop at exactly tau (1.00) at rel_day 46: potential IF underweighting
[2026-01-30T02:50:37.745121] High prop at exactly tau (1.00) at rel_day 47: potential IF underweighting
[2026-01-30T02:50:50.923400] High prop at exactly tau (1.00) at rel_day 48: potential IF underweighting
[2026-01-30T02:51:03.831718] High prop at exactly tau (1.00) at rel_day 49: potential IF underweighting
[2026-01-30T02:51:16.702110] High prop at exactly tau (1.00) at rel_day 50: potential IF underweighting
[2026-01-30T02:51:29.589460] High prop at exactly tau (1.00) at rel_day 51: potential IF underweighting
[2026-01-30T02:51:42.505355] High prop at exactly tau (0.99) at rel_day 52: potential IF underweighting
[2026-01-30T02:51:55.418598] High prop at exactly tau (0.99) at rel_day 53: potential IF underweighting
[2026-01-30T02:52:08.306695] High prop at exactly tau (0.99) at rel_day 54: potential IF underweighting
[2026-01-30T02:52:21.219352] High prop at exactly tau (0.99) at rel_day 55: potential IF underweighting
[2026-01-30T02:52:34.100834] High prop at exactly tau (0.99) at rel_day 56: potential IF underweighting
[2026-01-30T02:52:46.997312] High prop at exactly tau (0.99) at rel_day 57: potential IF underweighting
[2026-01-30T02:52:59.883366] High prop at exactly tau (0.99) at rel_day 58: potential IF underweighting
[2026-01-30T02:53:12.777022] High prop at exactly tau (0.99) at rel_day 59: potential IF underweighting
[2026-01-30T02:53:25.654653] High prop at exactly tau (0.99) at rel_day 60: potential IF underweighting
[2026-01-30T02:53:38.543072] High prop at exactly tau (0.99) at rel_day 61: potential IF underweighting
[2026-01-30T02:53:51.422556] High prop at exactly tau (0.99) at rel_day 62: potential IF underweighting
[2026-01-30T02:54:04.296485] High prop at exactly tau (0.99) at rel_day 63: potential IF underweighting
[2026-01-30T02:54:17.155145] High prop at exactly tau (0.99) at rel_day 64: potential IF underweighting
[2026-01-30T02:54:30.050648] High prop at exactly tau (0.99) at rel_day 65: potential IF underweighting
[2026-01-30T02:54:42.936802] High prop at exactly tau (0.99) at rel_day 66: potential IF underweighting
[2026-01-30T02:54:55.821797] High prop at exactly tau (0.99) at rel_day 67: potential IF underweighting
[2026-01-30T02:55:08.722346] High prop at exactly tau (0.99) at rel_day 68: potential IF underweighting
[2026-01-30T02:55:21.617814] High prop at exactly tau (0.99) at rel_day 69: potential IF underweighting
[2026-01-30T02:55:34.479711] High prop at exactly tau (0.99) at rel_day 70: potential IF underweighting
[2026-01-30T02:55:47.347371] High prop at exactly tau (0.99) at rel_day 71: potential IF underweighting
[2026-01-30T02:56:00.197466] High prop at exactly tau (0.99) at rel_day 72: potential IF underweighting
[2026-01-30T02:56:13.041121] High prop at exactly tau (0.99) at rel_day 73: potential IF underweighting
[2026-01-30T02:56:25.925876] High prop at exactly tau (0.99) at rel_day 74: potential IF underweighting
[2026-01-30T02:56:38.805361] High prop at exactly tau (0.99) at rel_day 75: potential IF underweighting
[2026-01-30T02:56:51.667871] High prop at exactly tau (0.99) at rel_day 76: potential IF underweighting
[2026-01-30T02:57:04.538239] High prop at exactly tau (0.99) at rel_day 77: potential IF underweighting
[2026-01-30T02:57:17.373431] High prop at exactly tau (0.99) at rel_day 78: potential IF underweighting
[2026-01-30T02:57:30.242647] High prop at exactly tau (0.99) at rel_day 79: potential IF underweighting
[2026-01-30T02:57:43.103537] High prop at exactly tau (0.99) at rel_day 80: potential IF underweighting
[2026-01-30T02:57:55.941169] High prop at exactly tau (0.99) at rel_day 81: potential IF underweighting
[2026-01-30T02:58:08.790427] High prop at exactly tau (0.99) at rel_day 82: potential IF underweighting
[2026-01-30T02:58:21.625231] High prop at exactly tau (0.99) at rel_day 83: potential IF underweighting
[2026-01-30T02:58:34.443375] High prop at exactly tau (0.99) at rel_day 84: potential IF underweighting
[2026-01-30T02:58:47.301047] High prop at exactly tau (0.99) at rel_day 85: potential IF underweighting
[2026-01-30T02:59:00.176849] High prop at exactly tau (0.99) at rel_day 86: potential IF underweighting
[2026-01-30T02:59:13.011684] High prop at exactly tau (0.99) at rel_day 87: potential IF underweighting
[2026-01-30T02:59:25.859523] High prop at exactly tau (0.99) at rel_day 88: potential IF underweighting
[2026-01-30T02:59:38.674986] High prop at exactly tau (0.99) at rel_day 89: potential IF underweighting
[2026-01-30T02:59:51.480011] High prop at exactly tau (0.99) at rel_day 90: potential IF underweighting
[2026-01-30T03:00:04.268120] High prop at exactly tau (0.99) at rel_day 91: potential IF underweighting
[2026-01-30T03:00:17.091457] High prop at exactly tau (0.99) at rel_day 92: potential IF underweighting
[2026-01-30T03:00:29.881917] High prop at exactly tau (0.99) at rel_day 93: potential IF underweighting
[2026-01-30T03:00:42.695486] High prop at exactly tau (0.99) at rel_day 94: potential IF underweighting
[2026-01-30T03:00:55.546961] High prop at exactly tau (0.99) at rel_day 95: potential IF underweighting
[2026-01-30T03:01:08.390552] High prop at exactly tau (0.99) at rel_day 96: potential IF underweighting
[2026-01-30T03:01:21.209023] High prop at exactly tau (0.99) at rel_day 97: potential IF underweighting
[2026-01-30T03:01:34.011485] High prop at exactly tau (0.99) at rel_day 98: potential IF underweighting
[2026-01-30T03:01:46.827186] High prop at exactly tau (0.99) at rel_day 99: potential IF underweighting
[2026-01-30T03:01:59.633814] High prop at exactly tau (0.99) at rel_day 100: potential IF underweighting
[2026-01-30T03:02:12.442159] High prop at exactly tau (0.98) at rel_day 101: potential IF underweighting
[2026-01-30T03:02:25.229964] High prop at exactly tau (0.98) at rel_day 102: potential IF underweighting
[2026-01-30T03:02:38.020826] High prop at exactly tau (0.98) at rel_day 103: potential IF underweighting
[2026-01-30T03:02:50.798869] High prop at exactly tau (0.98) at rel_day 104: potential IF underweighting
[2026-01-30T03:03:03.576091] High prop at exactly tau (0.98) at rel_day 105: potential IF underweighting
[2026-01-30T03:03:16.342242] High prop at exactly tau (0.98) at rel_day 106: potential IF underweighting
[2026-01-30T03:03:29.087051] High prop at exactly tau (0.98) at rel_day 107: potential IF underweighting
[2026-01-30T03:03:41.856209] High prop at exactly tau (0.98) at rel_day 108: potential IF underweighting
[2026-01-30T03:03:54.613298] High prop at exactly tau (0.98) at rel_day 109: potential IF underweighting
[2026-01-30T03:04:07.381270] High prop at exactly tau (0.98) at rel_day 110: potential IF underweighting
[2026-01-30T03:04:20.135490] High prop at exactly tau (0.98) at rel_day 111: potential IF underweighting
[2026-01-30T03:04:32.864892] High prop at exactly tau (0.98) at rel_day 112: potential IF underweighting
[2026-01-30T03:04:45.588590] High prop at exactly tau (0.98) at rel_day 113: potential IF underweighting
[2026-01-30T03:04:58.307907] High prop at exactly tau (0.98) at rel_day 114: potential IF underweighting
[2026-01-30T03:05:11.052734] High prop at exactly tau (0.98) at rel_day 115: potential IF underweighting
[2026-01-30T03:05:23.762169] High prop at exactly tau (0.98) at rel_day 116: potential IF underweighting
[2026-01-30T03:05:36.477799] High prop at exactly tau (0.98) at rel_day 117: potential IF underweighting
[2026-01-30T03:05:49.202688] High prop at exactly tau (0.98) at rel_day 118: potential IF underweighting
[2026-01-30T03:06:02.427205] High prop at exactly tau (0.98) at rel_day 119: potential IF underweighting
[2026-01-30T03:06:15.120801] High prop at exactly tau (0.98) at rel_day 120: potential IF underweighting
[2026-01-30T03:06:38.099610] RMST conditions on survival to calendar_day — deliberate for definition, see method docs.
[2026-01-30T03:06:38.372405] High prop at exactly tau (1.00) at rel_day -60: potential IF underweighting
[2026-01-30T03:06:52.901179] High prop at exactly tau (1.00) at rel_day -59: potential IF underweighting
[2026-01-30T03:07:05.914532] High prop at exactly tau (1.00) at rel_day -58: potential IF underweighting
[2026-01-30T03:07:18.950413] High prop at exactly tau (1.00) at rel_day -57: potential IF underweighting
[2026-01-30T03:07:31.943933] High prop at exactly tau (1.00) at rel_day -56: potential IF underweighting
[2026-01-30T03:07:44.965961] High prop at exactly tau (1.00) at rel_day -55: potential IF underweighting
[2026-01-30T03:07:58.129965] High prop at exactly tau (1.00) at rel_day -54: potential IF underweighting
[2026-01-30T03:08:11.084371] High prop at exactly tau (1.00) at rel_day -53: potential IF underweighting
[2026-01-30T03:08:24.065412] High prop at exactly tau (1.00) at rel_day -52: potential IF underweighting
[2026-01-30T03:08:37.033129] High prop at exactly tau (1.00) at rel_day -51: potential IF underweighting
[2026-01-30T03:08:50.040370] High prop at exactly tau (1.00) at rel_day -50: potential IF underweighting
[2026-01-30T03:09:02.995250] High prop at exactly tau (1.00) at rel_day -49: potential IF underweighting
[2026-01-30T03:09:15.968544] High prop at exactly tau (1.00) at rel_day -48: potential IF underweighting
[2026-01-30T03:09:28.964271] High prop at exactly tau (1.00) at rel_day -47: potential IF underweighting
[2026-01-30T03:09:41.954804] High prop at exactly tau (1.00) at rel_day -46: potential IF underweighting
[2026-01-30T03:09:54.940906] High prop at exactly tau (1.00) at rel_day -45: potential IF underweighting
[2026-01-30T03:10:08.001980] High prop at exactly tau (1.00) at rel_day -44: potential IF underweighting
[2026-01-30T03:10:20.965452] High prop at exactly tau (1.00) at rel_day -43: potential IF underweighting
[2026-01-30T03:10:33.956379] High prop at exactly tau (1.00) at rel_day -42: potential IF underweighting
[2026-01-30T03:10:46.951924] High prop at exactly tau (1.00) at rel_day -41: potential IF underweighting
[2026-01-30T03:10:59.933487] High prop at exactly tau (1.00) at rel_day -40: potential IF underweighting
[2026-01-30T03:11:12.901195] High prop at exactly tau (1.00) at rel_day -39: potential IF underweighting
[2026-01-30T03:11:25.857751] High prop at exactly tau (1.00) at rel_day -38: potential IF underweighting
[2026-01-30T03:11:38.838213] High prop at exactly tau (1.00) at rel_day -37: potential IF underweighting
[2026-01-30T03:11:51.846406] High prop at exactly tau (1.00) at rel_day -36: potential IF underweighting
[2026-01-30T03:12:04.837810] High prop at exactly tau (1.00) at rel_day -35: potential IF underweighting
[2026-01-30T03:12:17.844733] High prop at exactly tau (1.00) at rel_day -34: potential IF underweighting
[2026-01-30T03:12:30.799130] High prop at exactly tau (1.00) at rel_day -33: potential IF underweighting
[2026-01-30T03:12:43.784531] High prop at exactly tau (1.00) at rel_day -32: potential IF underweighting
[2026-01-30T03:12:56.734404] High prop at exactly tau (1.00) at rel_day -31: potential IF underweighting
[2026-01-30T03:13:09.701150] High prop at exactly tau (1.00) at rel_day -30: potential IF underweighting
[2026-01-30T03:13:22.678461] High prop at exactly tau (1.00) at rel_day -29: potential IF underweighting
[2026-01-30T03:13:35.733089] High prop at exactly tau (1.00) at rel_day -28: potential IF underweighting
[2026-01-30T03:13:48.688729] High prop at exactly tau (1.00) at rel_day -27: potential IF underweighting
[2026-01-30T03:14:01.657484] High prop at exactly tau (1.00) at rel_day -26: potential IF underweighting
[2026-01-30T03:14:14.617784] High prop at exactly tau (1.00) at rel_day -25: potential IF underweighting
[2026-01-30T03:14:27.585688] High prop at exactly tau (1.00) at rel_day -24: potential IF underweighting
[2026-01-30T03:14:40.549355] High prop at exactly tau (1.00) at rel_day -23: potential IF underweighting
[2026-01-30T03:14:54.098535] High prop at exactly tau (1.00) at rel_day -22: potential IF underweighting
[2026-01-30T03:15:07.120189] High prop at exactly tau (1.00) at rel_day -21: potential IF underweighting
[2026-01-30T03:15:20.118945] High prop at exactly tau (1.00) at rel_day -20: potential IF underweighting
[2026-01-30T03:15:33.111083] High prop at exactly tau (1.00) at rel_day -19: potential IF underweighting
[2026-01-30T03:15:46.107054] High prop at exactly tau (1.00) at rel_day -18: potential IF underweighting
[2026-01-30T03:15:59.091009] High prop at exactly tau (1.00) at rel_day -17: potential IF underweighting
[2026-01-30T03:16:12.107922] High prop at exactly tau (1.00) at rel_day -16: potential IF underweighting
[2026-01-30T03:16:25.134650] High prop at exactly tau (1.00) at rel_day -15: potential IF underweighting
[2026-01-30T03:16:38.143625] High prop at exactly tau (1.00) at rel_day -14: potential IF underweighting
[2026-01-30T03:16:51.150780] High prop at exactly tau (1.00) at rel_day -13: potential IF underweighting
[2026-01-30T03:17:04.176489] High prop at exactly tau (1.00) at rel_day -12: potential IF underweighting
[2026-01-30T03:17:17.185157] High prop at exactly tau (1.00) at rel_day -11: potential IF underweighting
[2026-01-30T03:17:30.178278] High prop at exactly tau (1.00) at rel_day -10: potential IF underweighting
[2026-01-30T03:17:43.183299] High prop at exactly tau (1.00) at rel_day -9: potential IF underweighting
[2026-01-30T03:17:56.186143] High prop at exactly tau (1.00) at rel_day -8: potential IF underweighting
[2026-01-30T03:18:09.204951] High prop at exactly tau (1.00) at rel_day -7: potential IF underweighting
[2026-01-30T03:18:22.190440] High prop at exactly tau (1.00) at rel_day -6: potential IF underweighting
[2026-01-30T03:18:35.176428] High prop at exactly tau (1.00) at rel_day -5: potential IF underweighting
[2026-01-30T03:18:48.181920] High prop at exactly tau (1.00) at rel_day -4: potential IF underweighting
[2026-01-30T03:19:01.165797] High prop at exactly tau (1.00) at rel_day -3: potential IF underweighting
[2026-01-30T03:19:14.128000] High prop at exactly tau (1.00) at rel_day -2: potential IF underweighting
[2026-01-30T03:19:27.121768] High prop at exactly tau (1.00) at rel_day -1: potential IF underweighting
[2026-01-30T03:19:40.111324] High prop at exactly tau (1.00) at rel_day 0: potential IF underweighting
[2026-01-30T03:19:53.127814] High prop at exactly tau (1.00) at rel_day 1: potential IF underweighting
[2026-01-30T03:20:06.107036] High prop at exactly tau (1.00) at rel_day 2: potential IF underweighting
[2026-01-30T03:20:19.127719] High prop at exactly tau (1.00) at rel_day 3: potential IF underweighting
[2026-01-30T03:20:32.095293] High prop at exactly tau (1.00) at rel_day 4: potential IF underweighting
[2026-01-30T03:20:45.076528] High prop at exactly tau (1.00) at rel_day 5: potential IF underweighting
[2026-01-30T03:20:58.787145] High prop at exactly tau (1.00) at rel_day 6: potential IF underweighting
[2026-01-30T03:21:11.773801] High prop at exactly tau (1.00) at rel_day 7: potential IF underweighting
[2026-01-30T03:21:24.758174] High prop at exactly tau (1.00) at rel_day 8: potential IF underweighting
[2026-01-30T03:21:37.779996] High prop at exactly tau (1.00) at rel_day 9: potential IF underweighting
[2026-01-30T03:21:50.785212] High prop at exactly tau (1.00) at rel_day 10: potential IF underweighting
[2026-01-30T03:22:03.754504] High prop at exactly tau (1.00) at rel_day 11: potential IF underweighting
[2026-01-30T03:22:16.735469] High prop at exactly tau (1.00) at rel_day 12: potential IF underweighting
[2026-01-30T03:22:29.747359] High prop at exactly tau (1.00) at rel_day 13: potential IF underweighting
[2026-01-30T03:22:42.795515] High prop at exactly tau (1.00) at rel_day 14: potential IF underweighting
[2026-01-30T03:22:55.787131] High prop at exactly tau (1.00) at rel_day 15: potential IF underweighting
[2026-01-30T03:23:08.779378] High prop at exactly tau (1.00) at rel_day 16: potential IF underweighting
[2026-01-30T03:23:21.770445] High prop at exactly tau (1.00) at rel_day 17: potential IF underweighting
[2026-01-30T03:23:34.733385] High prop at exactly tau (1.00) at rel_day 18: potential IF underweighting
[2026-01-30T03:23:47.692652] High prop at exactly tau (1.00) at rel_day 19: potential IF underweighting
[2026-01-30T03:24:00.656145] High prop at exactly tau (1.00) at rel_day 20: potential IF underweighting
[2026-01-30T03:24:13.634517] High prop at exactly tau (1.00) at rel_day 21: potential IF underweighting
[2026-01-30T03:24:26.599721] High prop at exactly tau (1.00) at rel_day 22: potential IF underweighting
[2026-01-30T03:24:39.590155] High prop at exactly tau (1.00) at rel_day 23: potential IF underweighting
[2026-01-30T03:24:52.581168] High prop at exactly tau (1.00) at rel_day 24: potential IF underweighting
[2026-01-30T03:25:05.537063] High prop at exactly tau (1.00) at rel_day 25: potential IF underweighting
[2026-01-30T03:25:18.527186] High prop at exactly tau (1.00) at rel_day 26: potential IF underweighting
[2026-01-30T03:25:31.489424] High prop at exactly tau (1.00) at rel_day 27: potential IF underweighting
[2026-01-30T03:25:44.469187] High prop at exactly tau (1.00) at rel_day 28: potential IF underweighting
[2026-01-30T03:25:57.418193] High prop at exactly tau (1.00) at rel_day 29: potential IF underweighting
[2026-01-30T03:26:10.362168] High prop at exactly tau (1.00) at rel_day 30: potential IF underweighting
[2026-01-30T03:26:23.310766] High prop at exactly tau (1.00) at rel_day 31: potential IF underweighting
[2026-01-30T03:26:36.230823] High prop at exactly tau (1.00) at rel_day 32: potential IF underweighting
[2026-01-30T03:26:49.180444] High prop at exactly tau (1.00) at rel_day 33: potential IF underweighting
[2026-01-30T03:27:02.127168] High prop at exactly tau (1.00) at rel_day 34: potential IF underweighting
[2026-01-30T03:27:15.073808] High prop at exactly tau (1.00) at rel_day 35: potential IF underweighting
[2026-01-30T03:27:28.011470] High prop at exactly tau (1.00) at rel_day 36: potential IF underweighting
[2026-01-30T03:27:40.979980] High prop at exactly tau (1.00) at rel_day 37: potential IF underweighting
[2026-01-30T03:27:53.927543] High prop at exactly tau (1.00) at rel_day 38: potential IF underweighting
[2026-01-30T03:28:06.877540] High prop at exactly tau (1.00) at rel_day 39: potential IF underweighting
[2026-01-30T03:28:19.829723] High prop at exactly tau (1.00) at rel_day 40: potential IF underweighting
[2026-01-30T03:28:32.771574] High prop at exactly tau (1.00) at rel_day 41: potential IF underweighting
[2026-01-30T03:28:45.689175] High prop at exactly tau (1.00) at rel_day 42: potential IF underweighting
[2026-01-30T03:28:58.609078] High prop at exactly tau (1.00) at rel_day 43: potential IF underweighting
[2026-01-30T03:29:11.545618] High prop at exactly tau (1.00) at rel_day 44: potential IF underweighting
[2026-01-30T03:29:24.471814] High prop at exactly tau (1.00) at rel_day 45: potential IF underweighting
[2026-01-30T03:29:37.385670] High prop at exactly tau (1.00) at rel_day 46: potential IF underweighting
[2026-01-30T03:29:50.328864] High prop at exactly tau (1.00) at rel_day 47: potential IF underweighting
[2026-01-30T03:30:03.222690] High prop at exactly tau (1.00) at rel_day 48: potential IF underweighting
[2026-01-30T03:30:16.156993] High prop at exactly tau (1.00) at rel_day 49: potential IF underweighting
[2026-01-30T03:30:29.096736] High prop at exactly tau (1.00) at rel_day 50: potential IF underweighting
[2026-01-30T03:30:42.032388] High prop at exactly tau (1.00) at rel_day 51: potential IF underweighting
[2026-01-30T03:30:54.959257] High prop at exactly tau (1.00) at rel_day 52: potential IF underweighting
[2026-01-30T03:31:07.879509] High prop at exactly tau (1.00) at rel_day 53: potential IF underweighting
[2026-01-30T03:31:20.790103] High prop at exactly tau (0.99) at rel_day 54: potential IF underweighting
[2026-01-30T03:31:33.700355] High prop at exactly tau (0.99) at rel_day 55: potential IF underweighting
[2026-01-30T03:31:46.625187] High prop at exactly tau (0.99) at rel_day 56: potential IF underweighting
[2026-01-30T03:31:59.522652] High prop at exactly tau (0.99) at rel_day 57: potential IF underweighting
[2026-01-30T03:32:12.445887] High prop at exactly tau (0.99) at rel_day 58: potential IF underweighting
[2026-01-30T03:32:25.574435] High prop at exactly tau (0.99) at rel_day 59: potential IF underweighting
[2026-01-30T03:32:38.492662] High prop at exactly tau (0.99) at rel_day 60: potential IF underweighting
[2026-01-30T03:32:51.397272] High prop at exactly tau (0.99) at rel_day 61: potential IF underweighting
[2026-01-30T03:33:04.280131] High prop at exactly tau (0.99) at rel_day 62: potential IF underweighting
[2026-01-30T03:33:17.156672] High prop at exactly tau (0.99) at rel_day 63: potential IF underweighting
[2026-01-30T03:33:30.033953] High prop at exactly tau (0.99) at rel_day 64: potential IF underweighting
[2026-01-30T03:33:42.925765] High prop at exactly tau (0.99) at rel_day 65: potential IF underweighting
[2026-01-30T03:33:55.811364] High prop at exactly tau (0.99) at rel_day 66: potential IF underweighting
[2026-01-30T03:34:08.703248] High prop at exactly tau (0.99) at rel_day 67: potential IF underweighting
[2026-01-30T03:34:21.582401] High prop at exactly tau (0.99) at rel_day 68: potential IF underweighting
[2026-01-30T03:34:34.459048] High prop at exactly tau (0.99) at rel_day 69: potential IF underweighting
[2026-01-30T03:34:47.379777] High prop at exactly tau (0.99) at rel_day 70: potential IF underweighting
[2026-01-30T03:35:00.272021] High prop at exactly tau (0.99) at rel_day 71: potential IF underweighting
[2026-01-30T03:35:13.171626] High prop at exactly tau (0.99) at rel_day 72: potential IF underweighting
[2026-01-30T03:35:26.042029] High prop at exactly tau (0.99) at rel_day 73: potential IF underweighting
[2026-01-30T03:35:38.931055] High prop at exactly tau (0.99) at rel_day 74: potential IF underweighting
[2026-01-30T03:35:51.811862] High prop at exactly tau (0.99) at rel_day 75: potential IF underweighting
[2026-01-30T03:36:04.873517] High prop at exactly tau (0.99) at rel_day 76: potential IF underweighting
[2026-01-30T03:36:17.739936] High prop at exactly tau (0.99) at rel_day 77: potential IF underweighting
[2026-01-30T03:36:30.651170] High prop at exactly tau (0.99) at rel_day 78: potential IF underweighting
[2026-01-30T03:36:43.561329] High prop at exactly tau (0.99) at rel_day 79: potential IF underweighting
[2026-01-30T03:36:56.678912] High prop at exactly tau (0.99) at rel_day 80: potential IF underweighting
[2026-01-30T03:37:09.565158] High prop at exactly tau (0.99) at rel_day 81: potential IF underweighting
[2026-01-30T03:37:22.547114] High prop at exactly tau (0.99) at rel_day 82: potential IF underweighting
[2026-01-30T03:37:35.452842] High prop at exactly tau (0.99) at rel_day 83: potential IF underweighting
[2026-01-30T03:37:48.352902] High prop at exactly tau (0.99) at rel_day 84: potential IF underweighting
[2026-01-30T03:38:01.248378] High prop at exactly tau (0.99) at rel_day 85: potential IF underweighting
[2026-01-30T03:38:14.087004] High prop at exactly tau (0.99) at rel_day 86: potential IF underweighting
[2026-01-30T03:38:26.932448] High prop at exactly tau (0.99) at rel_day 87: potential IF underweighting
[2026-01-30T03:38:40.019342] High prop at exactly tau (0.99) at rel_day 88: potential IF underweighting
[2026-01-30T03:38:52.891958] High prop at exactly tau (0.99) at rel_day 89: potential IF underweighting
[2026-01-30T03:39:05.768160] High prop at exactly tau (0.99) at rel_day 90: potential IF underweighting
[2026-01-30T03:39:18.582360] High prop at exactly tau (0.99) at rel_day 91: potential IF underweighting
[2026-01-30T03:39:31.447521] High prop at exactly tau (0.99) at rel_day 92: potential IF underweighting
[2026-01-30T03:39:44.290731] High prop at exactly tau (0.99) at rel_day 93: potential IF underweighting
[2026-01-30T03:39:57.154560] High prop at exactly tau (0.99) at rel_day 94: potential IF underweighting
[2026-01-30T03:40:09.999489] High prop at exactly tau (0.99) at rel_day 95: potential IF underweighting
[2026-01-30T03:40:22.794394] High prop at exactly tau (0.99) at rel_day 96: potential IF underweighting
[2026-01-30T03:40:35.585240] High prop at exactly tau (0.99) at rel_day 97: potential IF underweighting
[2026-01-30T03:40:48.370270] High prop at exactly tau (0.99) at rel_day 98: potential IF underweighting
[2026-01-30T03:41:01.174400] High prop at exactly tau (0.99) at rel_day 99: potential IF underweighting
[2026-01-30T03:41:13.979619] High prop at exactly tau (0.99) at rel_day 100: potential IF underweighting
[2026-01-30T03:41:26.803258] High prop at exactly tau (0.98) at rel_day 101: potential IF underweighting
[2026-01-30T03:41:39.634869] High prop at exactly tau (0.98) at rel_day 102: potential IF underweighting
[2026-01-30T03:41:52.451403] High prop at exactly tau (0.98) at rel_day 103: potential IF underweighting
[2026-01-30T03:42:05.248258] High prop at exactly tau (0.98) at rel_day 104: potential IF underweighting
[2026-01-30T03:42:18.062430] High prop at exactly tau (0.98) at rel_day 105: potential IF underweighting
[2026-01-30T03:42:30.878748] High prop at exactly tau (0.98) at rel_day 106: potential IF underweighting
[2026-01-30T03:42:43.696058] High prop at exactly tau (0.98) at rel_day 107: potential IF underweighting
[2026-01-30T03:42:56.500505] High prop at exactly tau (0.98) at rel_day 108: potential IF underweighting
[2026-01-30T03:43:09.273003] High prop at exactly tau (0.98) at rel_day 109: potential IF underweighting
[2026-01-30T03:43:22.029008] High prop at exactly tau (0.98) at rel_day 110: potential IF underweighting
[2026-01-30T03:43:34.797202] High prop at exactly tau (0.98) at rel_day 111: potential IF underweighting
[2026-01-30T03:43:47.594386] High prop at exactly tau (0.98) at rel_day 112: potential IF underweighting
[2026-01-30T03:44:00.366220] High prop at exactly tau (0.98) at rel_day 113: potential IF underweighting
[2026-01-30T03:44:13.120374] High prop at exactly tau (0.98) at rel_day 114: potential IF underweighting
[2026-01-30T03:44:25.886260] High prop at exactly tau (0.98) at rel_day 115: potential IF underweighting
[2026-01-30T03:44:38.649575] High prop at exactly tau (0.98) at rel_day 116: potential IF underweighting
[2026-01-30T03:44:51.380141] High prop at exactly tau (0.98) at rel_day 117: potential IF underweighting
[2026-01-30T03:45:04.110598] High prop at exactly tau (0.98) at rel_day 118: potential IF underweighting
[2026-01-30T03:45:16.851329] High prop at exactly tau (0.98) at rel_day 119: potential IF underweighting
[2026-01-30T03:45:29.563803] High prop at exactly tau (0.98) at rel_day 120: potential IF underweighting
[2026-01-30T03:45:53.546801] RMST conditions on survival to calendar_day — deliberate for definition, see method docs.
[2026-01-30T03:45:53.776705] High prop at exactly tau (1.00) at rel_day -60: potential IF underweighting
[2026-01-30T03:46:08.134190] High prop at exactly tau (1.00) at rel_day -59: potential IF underweighting
[2026-01-30T03:46:21.099303] High prop at exactly tau (1.00) at rel_day -58: potential IF underweighting
[2026-01-30T03:46:34.059956] High prop at exactly tau (1.00) at rel_day -57: potential IF underweighting
[2026-01-30T03:46:47.061521] High prop at exactly tau (1.00) at rel_day -56: potential IF underweighting
[2026-01-30T03:47:00.063094] High prop at exactly tau (1.00) at rel_day -55: potential IF underweighting
[2026-01-30T03:47:13.041642] High prop at exactly tau (1.00) at rel_day -54: potential IF underweighting
[2026-01-30T03:47:26.009654] High prop at exactly tau (1.00) at rel_day -53: potential IF underweighting
[2026-01-30T03:47:38.967063] High prop at exactly tau (1.00) at rel_day -52: potential IF underweighting
[2026-01-30T03:47:51.940697] High prop at exactly tau (1.00) at rel_day -51: potential IF underweighting
[2026-01-30T03:48:04.925929] High prop at exactly tau (1.00) at rel_day -50: potential IF underweighting
[2026-01-30T03:48:17.882338] High prop at exactly tau (1.00) at rel_day -49: potential IF underweighting
[2026-01-30T03:48:30.837981] High prop at exactly tau (1.00) at rel_day -48: potential IF underweighting
[2026-01-30T03:48:43.814238] High prop at exactly tau (1.00) at rel_day -47: potential IF underweighting
[2026-01-30T03:48:56.792703] High prop at exactly tau (1.00) at rel_day -46: potential IF underweighting
[2026-01-30T03:49:09.751394] High prop at exactly tau (1.00) at rel_day -45: potential IF underweighting
[2026-01-30T03:49:22.728586] High prop at exactly tau (1.00) at rel_day -44: potential IF underweighting
[2026-01-30T03:49:35.692356] High prop at exactly tau (1.00) at rel_day -43: potential IF underweighting
[2026-01-30T03:49:48.676812] High prop at exactly tau (1.00) at rel_day -42: potential IF underweighting
[2026-01-30T03:50:01.640603] High prop at exactly tau (1.00) at rel_day -41: potential IF underweighting
[2026-01-30T03:50:14.657014] High prop at exactly tau (1.00) at rel_day -40: potential IF underweighting
[2026-01-30T03:50:27.699991] High prop at exactly tau (1.00) at rel_day -39: potential IF underweighting
[2026-01-30T03:50:40.663161] High prop at exactly tau (1.00) at rel_day -38: potential IF underweighting
[2026-01-30T03:50:53.620079] High prop at exactly tau (1.00) at rel_day -37: potential IF underweighting
[2026-01-30T03:51:09.137707] High prop at exactly tau (1.00) at rel_day -36: potential IF underweighting
[2026-01-30T03:51:27.919515] High prop at exactly tau (1.00) at rel_day -35: potential IF underweighting
[2026-01-30T03:51:45.752759] High prop at exactly tau (1.00) at rel_day -34: potential IF underweighting
[2026-01-30T03:52:04.365248] High prop at exactly tau (1.00) at rel_day -33: potential IF underweighting
[2026-01-30T03:52:24.133689] High prop at exactly tau (1.00) at rel_day -32: potential IF underweighting
[2026-01-30T03:52:42.687668] High prop at exactly tau (1.00) at rel_day -31: potential IF underweighting
[2026-01-30T03:53:01.401592] High prop at exactly tau (1.00) at rel_day -30: potential IF underweighting
[2026-01-30T03:53:20.359575] High prop at exactly tau (1.00) at rel_day -29: potential IF underweighting
[2026-01-30T03:53:39.041169] High prop at exactly tau (1.00) at rel_day -28: potential IF underweighting
[2026-01-30T03:53:58.290262] High prop at exactly tau (1.00) at rel_day -27: potential IF underweighting
[2026-01-30T03:54:17.050692] High prop at exactly tau (1.00) at rel_day -26: potential IF underweighting
[2026-01-30T03:54:36.221666] High prop at exactly tau (1.00) at rel_day -25: potential IF underweighting
[2026-01-30T03:54:55.709908] High prop at exactly tau (1.00) at rel_day -24: potential IF underweighting
[2026-01-30T03:55:14.408663] High prop at exactly tau (1.00) at rel_day -23: potential IF underweighting
[2026-01-30T03:55:33.926226] High prop at exactly tau (1.00) at rel_day -22: potential IF underweighting
[2026-01-30T03:55:52.491951] High prop at exactly tau (1.00) at rel_day -21: potential IF underweighting
[2026-01-30T03:56:11.188657] High prop at exactly tau (1.00) at rel_day -20: potential IF underweighting
[2026-01-30T03:56:29.743898] High prop at exactly tau (1.00) at rel_day -19: potential IF underweighting
[2026-01-30T03:56:48.563255] High prop at exactly tau (1.00) at rel_day -18: potential IF underweighting
[2026-01-30T03:57:06.693453] High prop at exactly tau (1.00) at rel_day -17: potential IF underweighting
[2026-01-30T03:57:24.645796] High prop at exactly tau (1.00) at rel_day -16: potential IF underweighting
[2026-01-30T03:57:43.606123] High prop at exactly tau (1.00) at rel_day -15: potential IF underweighting
[2026-01-30T03:58:02.607114] High prop at exactly tau (1.00) at rel_day -14: potential IF underweighting
[2026-01-30T03:58:22.090580] High prop at exactly tau (1.00) at rel_day -13: potential IF underweighting
[2026-01-30T03:58:41.037966] High prop at exactly tau (1.00) at rel_day -12: potential IF underweighting
[2026-01-30T03:59:00.176541] High prop at exactly tau (1.00) at rel_day -11: potential IF underweighting
[2026-01-30T03:59:18.856215] High prop at exactly tau (1.00) at rel_day -10: potential IF underweighting
[2026-01-30T03:59:38.083608] High prop at exactly tau (1.00) at rel_day -9: potential IF underweighting
[2026-01-30T03:59:57.329350] High prop at exactly tau (1.00) at rel_day -8: potential IF underweighting
[2026-01-30T04:00:17.233586] High prop at exactly tau (1.00) at rel_day -7: potential IF underweighting
[2026-01-30T04:00:36.417700] High prop at exactly tau (1.00) at rel_day -6: potential IF underweighting
[2026-01-30T04:00:55.904250] High prop at exactly tau (1.00) at rel_day -5: potential IF underweighting
[2026-01-30T04:01:15.824945] High prop at exactly tau (1.00) at rel_day -4: potential IF underweighting
[2026-01-30T04:01:36.060488] High prop at exactly tau (1.00) at rel_day -3: potential IF underweighting
[2026-01-30T04:01:55.038640] High prop at exactly tau (1.00) at rel_day -2: potential IF underweighting
[2026-01-30T04:02:13.803303] High prop at exactly tau (1.00) at rel_day -1: potential IF underweighting
[2026-01-30T04:02:31.775035] High prop at exactly tau (1.00) at rel_day 0: potential IF underweighting
[2026-01-30T04:02:51.651764] High prop at exactly tau (1.00) at rel_day 1: potential IF underweighting
[2026-01-30T04:03:10.778780] High prop at exactly tau (1.00) at rel_day 2: potential IF underweighting
[2026-01-30T04:03:30.366015] High prop at exactly tau (1.00) at rel_day 3: potential IF underweighting
[2026-01-30T04:03:49.799626] High prop at exactly tau (1.00) at rel_day 4: potential IF underweighting
[2026-01-30T04:04:08.899245] High prop at exactly tau (1.00) at rel_day 5: potential IF underweighting
[2026-01-30T04:04:28.184014] High prop at exactly tau (1.00) at rel_day 6: potential IF underweighting
[2026-01-30T04:04:47.088006] High prop at exactly tau (1.00) at rel_day 7: potential IF underweighting
[2026-01-30T04:05:06.522787] High prop at exactly tau (1.00) at rel_day 8: potential IF underweighting
[2026-01-30T04:05:24.755455] High prop at exactly tau (1.00) at rel_day 9: potential IF underweighting
[2026-01-30T04:05:43.283492] High prop at exactly tau (1.00) at rel_day 10: potential IF underweighting
[2026-01-30T04:06:02.060105] High prop at exactly tau (1.00) at rel_day 11: potential IF underweighting
[2026-01-30T04:06:21.879106] High prop at exactly tau (1.00) at rel_day 12: potential IF underweighting
[2026-01-30T04:06:41.203685] High prop at exactly tau (1.00) at rel_day 13: potential IF underweighting
[2026-01-30T04:06:59.698707] High prop at exactly tau (1.00) at rel_day 14: potential IF underweighting
[2026-01-30T04:07:19.964030] High prop at exactly tau (1.00) at rel_day 15: potential IF underweighting
[2026-01-30T04:07:38.646254] High prop at exactly tau (1.00) at rel_day 16: potential IF underweighting
[2026-01-30T04:07:52.180610] High prop at exactly tau (1.00) at rel_day 17: potential IF underweighting
[2026-01-30T04:08:05.150587] High prop at exactly tau (1.00) at rel_day 18: potential IF underweighting
[2026-01-30T04:08:18.117196] High prop at exactly tau (1.00) at rel_day 19: potential IF underweighting
[2026-01-30T04:08:31.085409] High prop at exactly tau (1.00) at rel_day 20: potential IF underweighting
[2026-01-30T04:08:44.041380] High prop at exactly tau (1.00) at rel_day 21: potential IF underweighting
[2026-01-30T04:08:56.972411] High prop at exactly tau (1.00) at rel_day 22: potential IF underweighting
[2026-01-30T04:09:09.943035] High prop at exactly tau (1.00) at rel_day 23: potential IF underweighting
[2026-01-30T04:09:22.894515] High prop at exactly tau (1.00) at rel_day 24: potential IF underweighting
[2026-01-30T04:09:35.830208] High prop at exactly tau (1.00) at rel_day 25: potential IF underweighting
[2026-01-30T04:09:48.779860] High prop at exactly tau (1.00) at rel_day 26: potential IF underweighting
[2026-01-30T04:10:01.724823] High prop at exactly tau (1.00) at rel_day 27: potential IF underweighting
[2026-01-30T04:10:14.669235] High prop at exactly tau (1.00) at rel_day 28: potential IF underweighting
[2026-01-30T04:10:27.629433] High prop at exactly tau (1.00) at rel_day 29: potential IF underweighting
[2026-01-30T04:10:40.580111] High prop at exactly tau (1.00) at rel_day 30: potential IF underweighting
[2026-01-30T04:10:53.521094] High prop at exactly tau (1.00) at rel_day 31: potential IF underweighting
[2026-01-30T04:11:06.531639] High prop at exactly tau (1.00) at rel_day 32: potential IF underweighting
[2026-01-30T04:11:19.470509] High prop at exactly tau (1.00) at rel_day 33: potential IF underweighting
[2026-01-30T04:11:32.409854] High prop at exactly tau (1.00) at rel_day 34: potential IF underweighting
[2026-01-30T04:11:45.368651] High prop at exactly tau (1.00) at rel_day 35: potential IF underweighting
[2026-01-30T04:11:58.296300] High prop at exactly tau (1.00) at rel_day 36: potential IF underweighting
[2026-01-30T04:12:11.248287] High prop at exactly tau (1.00) at rel_day 37: potential IF underweighting
[2026-01-30T04:12:24.187499] High prop at exactly tau (1.00) at rel_day 38: potential IF underweighting
[2026-01-30T04:12:37.107832] High prop at exactly tau (1.00) at rel_day 39: potential IF underweighting
[2026-01-30T04:12:50.089028] High prop at exactly tau (1.00) at rel_day 40: potential IF underweighting
[2026-01-30T04:13:03.048222] High prop at exactly tau (1.00) at rel_day 41: potential IF underweighting
[2026-01-30T04:13:15.986123] High prop at exactly tau (1.00) at rel_day 42: potential IF underweighting
[2026-01-30T04:13:28.886533] High prop at exactly tau (1.00) at rel_day 43: potential IF underweighting
[2026-01-30T04:13:41.841611] High prop at exactly tau (1.00) at rel_day 44: potential IF underweighting
[2026-01-30T04:13:54.921218] High prop at exactly tau (1.00) at rel_day 45: potential IF underweighting
[2026-01-30T04:14:07.827567] High prop at exactly tau (1.00) at rel_day 46: potential IF underweighting
[2026-01-30T04:14:20.732525] High prop at exactly tau (1.00) at rel_day 47: potential IF underweighting
[2026-01-30T04:14:33.650409] High prop at exactly tau (1.00) at rel_day 48: potential IF underweighting
[2026-01-30T04:14:46.595831] High prop at exactly tau (1.00) at rel_day 49: potential IF underweighting
[2026-01-30T04:14:59.538390] High prop at exactly tau (1.00) at rel_day 50: potential IF underweighting
[2026-01-30T04:15:12.464941] High prop at exactly tau (1.00) at rel_day 51: potential IF underweighting
[2026-01-30T04:15:25.369258] High prop at exactly tau (1.00) at rel_day 52: potential IF underweighting
[2026-01-30T04:15:38.281724] High prop at exactly tau (0.99) at rel_day 53: potential IF underweighting
[2026-01-30T04:15:51.208672] High prop at exactly tau (0.99) at rel_day 54: potential IF underweighting
[2026-01-30T04:16:04.114189] High prop at exactly tau (0.99) at rel_day 55: potential IF underweighting
[2026-01-30T04:16:17.026654] High prop at exactly tau (0.99) at rel_day 56: potential IF underweighting
[2026-01-30T04:16:29.922737] High prop at exactly tau (0.99) at rel_day 57: potential IF underweighting
[2026-01-30T04:16:42.834565] High prop at exactly tau (0.99) at rel_day 58: potential IF underweighting
[2026-01-30T04:16:55.742456] High prop at exactly tau (0.99) at rel_day 59: potential IF underweighting
[2026-01-30T04:17:08.628672] High prop at exactly tau (0.99) at rel_day 60: potential IF underweighting
[2026-01-30T04:17:21.524290] High prop at exactly tau (0.99) at rel_day 61: potential IF underweighting
[2026-01-30T04:17:34.408890] High prop at exactly tau (0.99) at rel_day 62: potential IF underweighting
[2026-01-30T04:17:47.309341] High prop at exactly tau (0.99) at rel_day 63: potential IF underweighting
[2026-01-30T04:18:00.204104] High prop at exactly tau (0.99) at rel_day 64: potential IF underweighting
[2026-01-30T04:18:13.128592] High prop at exactly tau (0.99) at rel_day 65: potential IF underweighting
[2026-01-30T04:18:26.013438] High prop at exactly tau (0.99) at rel_day 66: potential IF underweighting
[2026-01-30T04:18:38.882511] High prop at exactly tau (0.99) at rel_day 67: potential IF underweighting
[2026-01-30T04:18:51.783390] High prop at exactly tau (0.99) at rel_day 68: potential IF underweighting
[2026-01-30T04:19:04.635641] High prop at exactly tau (0.99) at rel_day 69: potential IF underweighting
[2026-01-30T04:19:17.475734] High prop at exactly tau (0.99) at rel_day 70: potential IF underweighting
[2026-01-30T04:19:30.323828] High prop at exactly tau (0.99) at rel_day 71: potential IF underweighting
[2026-01-30T04:19:43.183775] High prop at exactly tau (0.99) at rel_day 72: potential IF underweighting
[2026-01-30T04:19:56.060168] High prop at exactly tau (0.99) at rel_day 73: potential IF underweighting
[2026-01-30T04:20:08.933390] High prop at exactly tau (0.99) at rel_day 74: potential IF underweighting
[2026-01-30T04:20:21.849100] High prop at exactly tau (0.99) at rel_day 75: potential IF underweighting
[2026-01-30T04:20:34.730313] High prop at exactly tau (0.99) at rel_day 76: potential IF underweighting
[2026-01-30T04:20:47.589206] High prop at exactly tau (0.99) at rel_day 77: potential IF underweighting
[2026-01-30T04:21:00.429921] High prop at exactly tau (0.99) at rel_day 78: potential IF underweighting
[2026-01-30T04:21:13.309057] High prop at exactly tau (0.99) at rel_day 79: potential IF underweighting
[2026-01-30T04:21:26.174268] High prop at exactly tau (0.99) at rel_day 80: potential IF underweighting
[2026-01-30T04:21:39.019661] High prop at exactly tau (0.99) at rel_day 81: potential IF underweighting
[2026-01-30T04:21:51.869659] High prop at exactly tau (0.99) at rel_day 82: potential IF underweighting
[2026-01-30T04:22:04.710636] High prop at exactly tau (0.99) at rel_day 83: potential IF underweighting
[2026-01-30T04:22:17.551731] High prop at exactly tau (0.99) at rel_day 84: potential IF underweighting
[2026-01-30T04:22:30.382789] High prop at exactly tau (0.99) at rel_day 85: potential IF underweighting
[2026-01-30T04:22:43.870845] High prop at exactly tau (0.99) at rel_day 86: potential IF underweighting
[2026-01-30T04:22:57.153396] High prop at exactly tau (0.99) at rel_day 87: potential IF underweighting
[2026-01-30T04:23:09.973231] High prop at exactly tau (0.99) at rel_day 88: potential IF underweighting
[2026-01-30T04:23:22.780659] High prop at exactly tau (0.99) at rel_day 89: potential IF underweighting
[2026-01-30T04:23:35.559280] High prop at exactly tau (0.99) at rel_day 90: potential IF underweighting
[2026-01-30T04:23:48.392990] High prop at exactly tau (0.99) at rel_day 91: potential IF underweighting
[2026-01-30T04:24:01.239879] High prop at exactly tau (0.99) at rel_day 92: potential IF underweighting
[2026-01-30T04:24:14.073932] High prop at exactly tau (0.99) at rel_day 93: potential IF underweighting
[2026-01-30T04:24:26.886107] High prop at exactly tau (0.99) at rel_day 94: potential IF underweighting
[2026-01-30T04:24:39.688168] High prop at exactly tau (0.99) at rel_day 95: potential IF underweighting
[2026-01-30T04:24:52.507640] High prop at exactly tau (0.99) at rel_day 96: potential IF underweighting
[2026-01-30T04:25:05.319185] High prop at exactly tau (0.99) at rel_day 97: potential IF underweighting
[2026-01-30T04:25:18.134372] High prop at exactly tau (0.99) at rel_day 98: potential IF underweighting
[2026-01-30T04:25:30.897220] High prop at exactly tau (0.99) at rel_day 99: potential IF underweighting
[2026-01-30T04:25:43.700167] High prop at exactly tau (0.98) at rel_day 100: potential IF underweighting
[2026-01-30T04:25:56.483486] High prop at exactly tau (0.98) at rel_day 101: potential IF underweighting
[2026-01-30T04:26:09.277344] High prop at exactly tau (0.98) at rel_day 102: potential IF underweighting
[2026-01-30T04:26:22.036244] High prop at exactly tau (0.98) at rel_day 103: potential IF underweighting
[2026-01-30T04:26:34.800823] High prop at exactly tau (0.98) at rel_day 104: potential IF underweighting
[2026-01-30T04:26:47.561150] High prop at exactly tau (0.98) at rel_day 105: potential IF underweighting
[2026-01-30T04:27:00.355976] High prop at exactly tau (0.98) at rel_day 106: potential IF underweighting
[2026-01-30T04:27:13.130980] High prop at exactly tau (0.98) at rel_day 107: potential IF underweighting
[2026-01-30T04:27:25.891328] High prop at exactly tau (0.98) at rel_day 108: potential IF underweighting
[2026-01-30T04:27:38.648080] High prop at exactly tau (0.98) at rel_day 109: potential IF underweighting
[2026-01-30T04:27:51.419017] High prop at exactly tau (0.98) at rel_day 110: potential IF underweighting
[2026-01-30T04:28:04.181907] High prop at exactly tau (0.98) at rel_day 111: potential IF underweighting
[2026-01-30T04:28:16.937494] High prop at exactly tau (0.98) at rel_day 112: potential IF underweighting
[2026-01-30T04:28:29.694269] High prop at exactly tau (0.98) at rel_day 113: potential IF underweighting
[2026-01-30T04:28:42.438558] High prop at exactly tau (0.98) at rel_day 114: potential IF underweighting
[2026-01-30T04:28:55.161802] High prop at exactly tau (0.98) at rel_day 115: potential IF underweighting
[2026-01-30T04:29:07.904572] High prop at exactly tau (0.98) at rel_day 116: potential IF underweighting
[2026-01-30T04:29:20.604992] High prop at exactly tau (0.98) at rel_day 117: potential IF underweighting
[2026-01-30T04:29:33.342667] High prop at exactly tau (0.98) at rel_day 118: potential IF underweighting
[2026-01-30T04:29:46.054561] High prop at exactly tau (0.98) at rel_day 119: potential IF underweighting
[2026-01-30T04:29:58.774401] High prop at exactly tau (0.98) at rel_day 120: potential IF underweighting
[2026-01-30T04:30:22.438650] RMST conditions on survival to calendar_day — deliberate for definition, see method docs.
[2026-01-30T04:30:22.697872] High prop at exactly tau (1.00) at rel_day -60: potential IF underweighting
[2026-01-30T04:30:37.231763] High prop at exactly tau (1.00) at rel_day -59: potential IF underweighting
[2026-01-30T04:30:50.257447] High prop at exactly tau (1.00) at rel_day -58: potential IF underweighting
[2026-01-30T04:31:03.327428] High prop at exactly tau (1.00) at rel_day -57: potential IF underweighting
[2026-01-30T04:31:16.365872] High prop at exactly tau (1.00) at rel_day -56: potential IF underweighting
[2026-01-30T04:31:29.381083] High prop at exactly tau (1.00) at rel_day -55: potential IF underweighting
[2026-01-30T04:31:42.433896] High prop at exactly tau (1.00) at rel_day -54: potential IF underweighting
[2026-01-30T04:31:55.442939] High prop at exactly tau (1.00) at rel_day -53: potential IF underweighting
[2026-01-30T04:32:08.750261] High prop at exactly tau (1.00) at rel_day -52: potential IF underweighting
[2026-01-30T04:32:21.740177] High prop at exactly tau (1.00) at rel_day -51: potential IF underweighting
[2026-01-30T04:32:34.743724] High prop at exactly tau (1.00) at rel_day -50: potential IF underweighting
[2026-01-30T04:32:47.747535] High prop at exactly tau (1.00) at rel_day -49: potential IF underweighting
[2026-01-30T04:33:00.738552] High prop at exactly tau (1.00) at rel_day -48: potential IF underweighting
[2026-01-30T04:33:13.730056] High prop at exactly tau (1.00) at rel_day -47: potential IF underweighting
[2026-01-30T04:33:26.727403] High prop at exactly tau (1.00) at rel_day -46: potential IF underweighting
[2026-01-30T04:33:39.697562] High prop at exactly tau (1.00) at rel_day -45: potential IF underweighting
[2026-01-30T04:33:52.732163] High prop at exactly tau (1.00) at rel_day -44: potential IF underweighting
[2026-01-30T04:34:05.711685] High prop at exactly tau (1.00) at rel_day -43: potential IF underweighting
[2026-01-30T04:34:18.712673] High prop at exactly tau (1.00) at rel_day -42: potential IF underweighting
[2026-01-30T04:34:31.724128] High prop at exactly tau (1.00) at rel_day -41: potential IF underweighting
[2026-01-30T04:34:44.704191] High prop at exactly tau (1.00) at rel_day -40: potential IF underweighting
[2026-01-30T04:34:57.698070] High prop at exactly tau (1.00) at rel_day -39: potential IF underweighting
[2026-01-30T04:35:10.780198] High prop at exactly tau (1.00) at rel_day -38: potential IF underweighting
[2026-01-30T04:35:23.788012] High prop at exactly tau (1.00) at rel_day -37: potential IF underweighting
[2026-01-30T04:35:36.784005] High prop at exactly tau (1.00) at rel_day -36: potential IF underweighting
[2026-01-30T04:35:49.779293] High prop at exactly tau (1.00) at rel_day -35: potential IF underweighting
[2026-01-30T04:36:02.759130] High prop at exactly tau (1.00) at rel_day -34: potential IF underweighting
[2026-01-30T04:36:15.755521] High prop at exactly tau (1.00) at rel_day -33: potential IF underweighting
[2026-01-30T04:36:28.817587] High prop at exactly tau (1.00) at rel_day -32: potential IF underweighting
[2026-01-30T04:36:41.905639] High prop at exactly tau (1.00) at rel_day -31: potential IF underweighting
[2026-01-30T04:36:55.125307] High prop at exactly tau (1.00) at rel_day -30: potential IF underweighting
[2026-01-30T04:37:08.166681] High prop at exactly tau (1.00) at rel_day -29: potential IF underweighting
[2026-01-30T04:37:21.310263] High prop at exactly tau (1.00) at rel_day -28: potential IF underweighting
[2026-01-30T04:37:34.355463] High prop at exactly tau (1.00) at rel_day -27: potential IF underweighting
[2026-01-30T04:37:47.927323] High prop at exactly tau (1.00) at rel_day -26: potential IF underweighting
[2026-01-30T04:38:01.938912] High prop at exactly tau (1.00) at rel_day -25: potential IF underweighting
[2026-01-30T04:38:14.939749] High prop at exactly tau (1.00) at rel_day -24: potential IF underweighting
[2026-01-30T04:38:27.940564] High prop at exactly tau (1.00) at rel_day -23: potential IF underweighting
[2026-01-30T04:38:41.260053] High prop at exactly tau (1.00) at rel_day -22: potential IF underweighting
[2026-01-30T04:38:54.290335] High prop at exactly tau (1.00) at rel_day -21: potential IF underweighting
[2026-01-30T04:39:07.281970] High prop at exactly tau (1.00) at rel_day -20: potential IF underweighting
[2026-01-30T04:39:20.278784] High prop at exactly tau (1.00) at rel_day -19: potential IF underweighting
[2026-01-30T04:39:33.304228] High prop at exactly tau (1.00) at rel_day -18: potential IF underweighting
[2026-01-30T04:39:46.303134] High prop at exactly tau (1.00) at rel_day -17: potential IF underweighting
[2026-01-30T04:39:59.297658] High prop at exactly tau (1.00) at rel_day -16: potential IF underweighting
[2026-01-30T04:40:12.332511] High prop at exactly tau (1.00) at rel_day -15: potential IF underweighting
[2026-01-30T04:40:25.326028] High prop at exactly tau (1.00) at rel_day -14: potential IF underweighting
[2026-01-30T04:40:38.334035] High prop at exactly tau (1.00) at rel_day -13: potential IF underweighting
[2026-01-30T04:40:51.320436] High prop at exactly tau (1.00) at rel_day -12: potential IF underweighting
[2026-01-30T04:41:04.308027] High prop at exactly tau (1.00) at rel_day -11: potential IF underweighting
[2026-01-30T04:41:17.307183] High prop at exactly tau (1.00) at rel_day -10: potential IF underweighting
[2026-01-30T04:41:30.301516] High prop at exactly tau (1.00) at rel_day -9: potential IF underweighting
[2026-01-30T04:41:43.296177] High prop at exactly tau (1.00) at rel_day -8: potential IF underweighting
[2026-01-30T04:41:56.307408] High prop at exactly tau (1.00) at rel_day -7: potential IF underweighting
[2026-01-30T04:42:09.319064] High prop at exactly tau (1.00) at rel_day -6: potential IF underweighting
[2026-01-30T04:42:22.347948] High prop at exactly tau (1.00) at rel_day -5: potential IF underweighting
[2026-01-30T04:42:35.384336] High prop at exactly tau (1.00) at rel_day -4: potential IF underweighting
[2026-01-30T04:42:48.416798] High prop at exactly tau (1.00) at rel_day -3: potential IF underweighting
[2026-01-30T04:43:01.433087] High prop at exactly tau (1.00) at rel_day -2: potential IF underweighting
[2026-01-30T04:43:14.437307] High prop at exactly tau (1.00) at rel_day -1: potential IF underweighting
[2026-01-30T04:43:27.463932] High prop at exactly tau (1.00) at rel_day 0: potential IF underweighting
[2026-01-30T04:43:40.509881] High prop at exactly tau (1.00) at rel_day 1: potential IF underweighting
[2026-01-30T04:43:53.522814] High prop at exactly tau (1.00) at rel_day 2: potential IF underweighting
[2026-01-30T04:44:06.540437] High prop at exactly tau (1.00) at rel_day 3: potential IF underweighting
[2026-01-30T04:44:19.518912] High prop at exactly tau (1.00) at rel_day 4: potential IF underweighting
[2026-01-30T04:44:32.521724] High prop at exactly tau (1.00) at rel_day 5: potential IF underweighting
[2026-01-30T04:44:45.539802] High prop at exactly tau (1.00) at rel_day 6: potential IF underweighting
[2026-01-30T04:44:58.543472] High prop at exactly tau (1.00) at rel_day 7: potential IF underweighting
[2026-01-30T04:45:11.536746] High prop at exactly tau (1.00) at rel_day 8: potential IF underweighting
[2026-01-30T04:45:24.554063] High prop at exactly tau (1.00) at rel_day 9: potential IF underweighting
[2026-01-30T04:45:37.541755] High prop at exactly tau (1.00) at rel_day 10: potential IF underweighting
[2026-01-30T04:45:50.509333] High prop at exactly tau (1.00) at rel_day 11: potential IF underweighting
[2026-01-30T04:46:03.481768] High prop at exactly tau (1.00) at rel_day 12: potential IF underweighting
[2026-01-30T04:46:16.434419] High prop at exactly tau (1.00) at rel_day 13: potential IF underweighting
[2026-01-30T04:46:29.410861] High prop at exactly tau (1.00) at rel_day 14: potential IF underweighting
[2026-01-30T04:46:42.400164] High prop at exactly tau (1.00) at rel_day 15: potential IF underweighting
[2026-01-30T04:46:55.379121] High prop at exactly tau (1.00) at rel_day 16: potential IF underweighting
[2026-01-30T04:47:08.387156] High prop at exactly tau (1.00) at rel_day 17: potential IF underweighting
[2026-01-30T04:47:21.371188] High prop at exactly tau (1.00) at rel_day 18: potential IF underweighting
[2026-01-30T04:47:34.344212] High prop at exactly tau (1.00) at rel_day 19: potential IF underweighting
[2026-01-30T04:47:47.306106] High prop at exactly tau (1.00) at rel_day 20: potential IF underweighting
[2026-01-30T04:48:00.280491] High prop at exactly tau (1.00) at rel_day 21: potential IF underweighting
[2026-01-30T04:48:13.221042] High prop at exactly tau (1.00) at rel_day 22: potential IF underweighting
[2026-01-30T04:48:26.207651] High prop at exactly tau (1.00) at rel_day 23: potential IF underweighting
[2026-01-30T04:48:39.174799] High prop at exactly tau (1.00) at rel_day 24: potential IF underweighting
[2026-01-30T04:48:52.156701] High prop at exactly tau (1.00) at rel_day 25: potential IF underweighting
[2026-01-30T04:49:05.094855] High prop at exactly tau (1.00) at rel_day 26: potential IF underweighting
[2026-01-30T04:49:18.040009] High prop at exactly tau (1.00) at rel_day 27: potential IF underweighting
[2026-01-30T04:49:31.012675] High prop at exactly tau (1.00) at rel_day 28: potential IF underweighting
[2026-01-30T04:49:43.981808] High prop at exactly tau (1.00) at rel_day 29: potential IF underweighting
[2026-01-30T04:49:56.965981] High prop at exactly tau (1.00) at rel_day 30: potential IF underweighting
[2026-01-30T04:50:09.945114] High prop at exactly tau (1.00) at rel_day 31: potential IF underweighting
[2026-01-30T04:50:22.890218] High prop at exactly tau (1.00) at rel_day 32: potential IF underweighting
[2026-01-30T04:50:36.010946] High prop at exactly tau (1.00) at rel_day 33: potential IF underweighting
[2026-01-30T04:50:49.023204] High prop at exactly tau (1.00) at rel_day 34: potential IF underweighting
[2026-01-30T04:51:01.978372] High prop at exactly tau (1.00) at rel_day 35: potential IF underweighting
[2026-01-30T04:51:14.913503] High prop at exactly tau (1.00) at rel_day 36: potential IF underweighting
[2026-01-30T04:51:27.867600] High prop at exactly tau (1.00) at rel_day 37: potential IF underweighting
[2026-01-30T04:51:40.838168] High prop at exactly tau (1.00) at rel_day 38: potential IF underweighting
[2026-01-30T04:51:53.793350] High prop at exactly tau (1.00) at rel_day 39: potential IF underweighting
[2026-01-30T04:52:06.755989] High prop at exactly tau (1.00) at rel_day 40: potential IF underweighting
[2026-01-30T04:52:19.743067] High prop at exactly tau (1.00) at rel_day 41: potential IF underweighting
[2026-01-30T04:52:32.676266] High prop at exactly tau (1.00) at rel_day 42: potential IF underweighting
[2026-01-30T04:52:45.618324] High prop at exactly tau (1.00) at rel_day 43: potential IF underweighting
[2026-01-30T04:52:58.913147] High prop at exactly tau (1.00) at rel_day 44: potential IF underweighting
[2026-01-30T04:53:11.842779] High prop at exactly tau (1.00) at rel_day 45: potential IF underweighting
[2026-01-30T04:53:24.805156] High prop at exactly tau (1.00) at rel_day 46: potential IF underweighting
[2026-01-30T04:53:37.770856] High prop at exactly tau (1.00) at rel_day 47: potential IF underweighting
[2026-01-30T04:53:50.702224] High prop at exactly tau (1.00) at rel_day 48: potential IF underweighting
[2026-01-30T04:54:03.644821] High prop at exactly tau (1.00) at rel_day 49: potential IF underweighting
[2026-01-30T04:54:16.555626] High prop at exactly tau (1.00) at rel_day 50: potential IF underweighting
[2026-01-30T04:54:29.496682] High prop at exactly tau (1.00) at rel_day 51: potential IF underweighting
[2026-01-30T04:54:42.449075] High prop at exactly tau (1.00) at rel_day 52: potential IF underweighting
[2026-01-30T04:54:55.393159] High prop at exactly tau (1.00) at rel_day 53: potential IF underweighting
[2026-01-30T04:55:08.308760] High prop at exactly tau (0.99) at rel_day 54: potential IF underweighting
[2026-01-30T04:55:21.238333] High prop at exactly tau (0.99) at rel_day 55: potential IF underweighting
[2026-01-30T04:55:34.178207] High prop at exactly tau (0.99) at rel_day 56: potential IF underweighting
[2026-01-30T04:55:47.091422] High prop at exactly tau (0.99) at rel_day 57: potential IF underweighting
[2026-01-30T04:56:00.006131] High prop at exactly tau (0.99) at rel_day 58: potential IF underweighting
[2026-01-30T04:56:12.959456] High prop at exactly tau (0.99) at rel_day 59: potential IF underweighting
[2026-01-30T04:56:25.859104] High prop at exactly tau (0.99) at rel_day 60: potential IF underweighting
[2026-01-30T04:56:38.762509] High prop at exactly tau (0.99) at rel_day 61: potential IF underweighting
[2026-01-30T04:56:51.670567] High prop at exactly tau (0.99) at rel_day 62: potential IF underweighting
[2026-01-30T04:57:04.581516] High prop at exactly tau (0.99) at rel_day 63: potential IF underweighting
[2026-01-30T04:57:17.478760] High prop at exactly tau (0.99) at rel_day 64: potential IF underweighting
[2026-01-30T04:57:30.406066] High prop at exactly tau (0.99) at rel_day 65: potential IF underweighting
[2026-01-30T04:57:43.326344] High prop at exactly tau (0.99) at rel_day 66: potential IF underweighting
[2026-01-30T04:57:56.237023] High prop at exactly tau (0.99) at rel_day 67: potential IF underweighting
[2026-01-30T04:58:09.126602] High prop at exactly tau (0.99) at rel_day 68: potential IF underweighting
[2026-01-30T04:58:22.012055] High prop at exactly tau (0.99) at rel_day 69: potential IF underweighting
[2026-01-30T04:58:34.886683] High prop at exactly tau (0.99) at rel_day 70: potential IF underweighting
[2026-01-30T04:58:47.791508] High prop at exactly tau (0.99) at rel_day 71: potential IF underweighting
[2026-01-30T04:59:00.678511] High prop at exactly tau (0.99) at rel_day 72: potential IF underweighting
[2026-01-30T04:59:13.556785] High prop at exactly tau (0.99) at rel_day 73: potential IF underweighting
[2026-01-30T04:59:26.423983] High prop at exactly tau (0.99) at rel_day 74: potential IF underweighting
[2026-01-30T04:59:39.330767] High prop at exactly tau (0.99) at rel_day 75: potential IF underweighting
[2026-01-30T04:59:52.231241] High prop at exactly tau (0.99) at rel_day 76: potential IF underweighting
[2026-01-30T05:00:05.116258] High prop at exactly tau (0.99) at rel_day 77: potential IF underweighting
[2026-01-30T05:00:18.010169] High prop at exactly tau (0.99) at rel_day 78: potential IF underweighting
[2026-01-30T05:00:30.868124] High prop at exactly tau (0.99) at rel_day 79: potential IF underweighting
[2026-01-30T05:00:43.714571] High prop at exactly tau (0.99) at rel_day 80: potential IF underweighting
[2026-01-30T05:00:56.583177] High prop at exactly tau (0.99) at rel_day 81: potential IF underweighting
[2026-01-30T05:01:09.463164] High prop at exactly tau (0.99) at rel_day 82: potential IF underweighting
[2026-01-30T05:01:22.370711] High prop at exactly tau (0.99) at rel_day 83: potential IF underweighting
[2026-01-30T05:01:35.234740] High prop at exactly tau (0.99) at rel_day 84: potential IF underweighting
[2026-01-30T05:01:48.113608] High prop at exactly tau (0.99) at rel_day 85: potential IF underweighting
[2026-01-30T05:02:00.972724] High prop at exactly tau (0.99) at rel_day 86: potential IF underweighting
[2026-01-30T05:02:13.834609] High prop at exactly tau (0.99) at rel_day 87: potential IF underweighting
[2026-01-30T05:02:26.694305] High prop at exactly tau (0.99) at rel_day 88: potential IF underweighting
[2026-01-30T05:02:39.553879] High prop at exactly tau (0.99) at rel_day 89: potential IF underweighting
[2026-01-30T05:02:52.393050] High prop at exactly tau (0.99) at rel_day 90: potential IF underweighting
[2026-01-30T05:03:05.215339] High prop at exactly tau (0.99) at rel_day 91: potential IF underweighting
[2026-01-30T05:03:18.072033] High prop at exactly tau (0.99) at rel_day 92: potential IF underweighting
[2026-01-30T05:03:30.904352] High prop at exactly tau (0.99) at rel_day 93: potential IF underweighting
[2026-01-30T05:03:43.757446] High prop at exactly tau (0.99) at rel_day 94: potential IF underweighting
[2026-01-30T05:03:56.570638] High prop at exactly tau (0.99) at rel_day 95: potential IF underweighting
[2026-01-30T05:04:09.402662] High prop at exactly tau (0.99) at rel_day 96: potential IF underweighting
[2026-01-30T05:04:22.221523] High prop at exactly tau (0.99) at rel_day 97: potential IF underweighting
[2026-01-30T05:04:35.061283] High prop at exactly tau (0.99) at rel_day 98: potential IF underweighting
[2026-01-30T05:04:47.859567] High prop at exactly tau (0.99) at rel_day 99: potential IF underweighting
[2026-01-30T05:05:00.678394] High prop at exactly tau (0.99) at rel_day 100: potential IF underweighting
[2026-01-30T05:05:13.508014] High prop at exactly tau (0.98) at rel_day 101: potential IF underweighting
[2026-01-30T05:05:26.312555] High prop at exactly tau (0.98) at rel_day 102: potential IF underweighting
[2026-01-30T05:05:39.118155] High prop at exactly tau (0.98) at rel_day 103: potential IF underweighting
[2026-01-30T05:05:51.941814] High prop at exactly tau (0.98) at rel_day 104: potential IF underweighting
[2026-01-30T05:06:04.761691] High prop at exactly tau (0.98) at rel_day 105: potential IF underweighting
[2026-01-30T05:06:17.554864] High prop at exactly tau (0.98) at rel_day 106: potential IF underweighting
[2026-01-30T05:06:30.348225] High prop at exactly tau (0.98) at rel_day 107: potential IF underweighting
[2026-01-30T05:06:43.165669] High prop at exactly tau (0.98) at rel_day 108: potential IF underweighting
[2026-01-30T05:06:55.943852] High prop at exactly tau (0.98) at rel_day 109: potential IF underweighting
[2026-01-30T05:07:08.714078] High prop at exactly tau (0.98) at rel_day 110: potential IF underweighting
[2026-01-30T05:07:21.481597] High prop at exactly tau (0.98) at rel_day 111: potential IF underweighting
[2026-01-30T05:07:34.245683] High prop at exactly tau (0.98) at rel_day 112: potential IF underweighting
[2026-01-30T05:07:47.007462] High prop at exactly tau (0.98) at rel_day 113: potential IF underweighting
[2026-01-30T05:08:00.129998] High prop at exactly tau (0.98) at rel_day 114: potential IF underweighting
[2026-01-30T05:08:12.866485] High prop at exactly tau (0.98) at rel_day 115: potential IF underweighting
[2026-01-30T05:08:25.616837] High prop at exactly tau (0.98) at rel_day 116: potential IF underweighting
[2026-01-30T05:08:38.365269] High prop at exactly tau (0.98) at rel_day 117: potential IF underweighting
[2026-01-30T05:08:51.097047] High prop at exactly tau (0.98) at rel_day 118: potential IF underweighting
[2026-01-30T05:09:03.810138] High prop at exactly tau (0.98) at rel_day 119: potential IF underweighting
[2026-01-30T05:09:16.528145] High prop at exactly tau (0.98) at rel_day 120: potential IF underweighting
[2026-01-30T05:09:40.432876] RMST conditions on survival to calendar_day — deliberate for definition, see method docs.
[2026-01-30T05:09:40.673208] High prop at exactly tau (1.00) at rel_day -60: potential IF underweighting
[2026-01-30T05:09:54.352739] High prop at exactly tau (1.00) at rel_day -59: potential IF underweighting
[2026-01-30T05:10:07.320493] High prop at exactly tau (1.00) at rel_day -58: potential IF underweighting
[2026-01-30T05:10:20.358072] High prop at exactly tau (1.00) at rel_day -57: potential IF underweighting
[2026-01-30T05:10:33.362330] High prop at exactly tau (1.00) at rel_day -56: potential IF underweighting
[2026-01-30T05:10:46.347040] High prop at exactly tau (1.00) at rel_day -55: potential IF underweighting
[2026-01-30T05:10:59.345242] High prop at exactly tau (1.00) at rel_day -54: potential IF underweighting
[2026-01-30T05:11:12.340138] High prop at exactly tau (1.00) at rel_day -53: potential IF underweighting
[2026-01-30T05:11:25.337904] High prop at exactly tau (1.00) at rel_day -52: potential IF underweighting
[2026-01-30T05:11:38.342050] High prop at exactly tau (1.00) at rel_day -51: potential IF underweighting
[2026-01-30T05:11:51.339022] High prop at exactly tau (1.00) at rel_day -50: potential IF underweighting
[2026-01-30T05:12:04.415458] High prop at exactly tau (1.00) at rel_day -49: potential IF underweighting
[2026-01-30T05:12:17.382831] High prop at exactly tau (1.00) at rel_day -48: potential IF underweighting
[2026-01-30T05:12:30.358682] High prop at exactly tau (1.00) at rel_day -47: potential IF underweighting
[2026-01-30T05:12:43.323484] High prop at exactly tau (1.00) at rel_day -46: potential IF underweighting
[2026-01-30T05:12:56.317075] High prop at exactly tau (1.00) at rel_day -45: potential IF underweighting
[2026-01-30T05:13:09.296204] High prop at exactly tau (1.00) at rel_day -44: potential IF underweighting
[2026-01-30T05:13:22.264177] High prop at exactly tau (1.00) at rel_day -43: potential IF underweighting
[2026-01-30T05:13:35.267505] High prop at exactly tau (1.00) at rel_day -42: potential IF underweighting
[2026-01-30T05:13:48.244998] High prop at exactly tau (1.00) at rel_day -41: potential IF underweighting
[2026-01-30T05:14:01.341856] High prop at exactly tau (1.00) at rel_day -40: potential IF underweighting
[2026-01-30T05:14:14.374039] High prop at exactly tau (1.00) at rel_day -39: potential IF underweighting
[2026-01-30T05:14:27.345827] High prop at exactly tau (1.00) at rel_day -38: potential IF underweighting
[2026-01-30T05:14:40.320895] High prop at exactly tau (1.00) at rel_day -37: potential IF underweighting
[2026-01-30T05:14:53.325509] High prop at exactly tau (1.00) at rel_day -36: potential IF underweighting
[2026-01-30T05:15:06.314326] High prop at exactly tau (1.00) at rel_day -35: potential IF underweighting
[2026-01-30T05:15:19.308612] High prop at exactly tau (1.00) at rel_day -34: potential IF underweighting
[2026-01-30T05:15:32.283668] High prop at exactly tau (1.00) at rel_day -33: potential IF underweighting
[2026-01-30T05:15:45.273997] High prop at exactly tau (1.00) at rel_day -32: potential IF underweighting
[2026-01-30T05:15:58.247767] High prop at exactly tau (1.00) at rel_day -31: potential IF underweighting
[2026-01-30T05:16:11.242071] High prop at exactly tau (1.00) at rel_day -30: potential IF underweighting
[2026-01-30T05:16:24.199780] High prop at exactly tau (1.00) at rel_day -29: potential IF underweighting
[2026-01-30T05:16:37.161344] High prop at exactly tau (1.00) at rel_day -28: potential IF underweighting
[2026-01-30T05:16:50.141816] High prop at exactly tau (1.00) at rel_day -27: potential IF underweighting
[2026-01-30T05:17:03.156049] High prop at exactly tau (1.00) at rel_day -26: potential IF underweighting
[2026-01-30T05:17:16.150220] High prop at exactly tau (1.00) at rel_day -25: potential IF underweighting
[2026-01-30T05:17:29.127433] High prop at exactly tau (1.00) at rel_day -24: potential IF underweighting
[2026-01-30T05:17:42.097565] High prop at exactly tau (1.00) at rel_day -23: potential IF underweighting
[2026-01-30T05:17:55.067080] High prop at exactly tau (1.00) at rel_day -22: potential IF underweighting
[2026-01-30T05:18:08.051282] High prop at exactly tau (1.00) at rel_day -21: potential IF underweighting
[2026-01-30T05:18:21.050632] High prop at exactly tau (1.00) at rel_day -20: potential IF underweighting
[2026-01-30T05:18:34.023263] High prop at exactly tau (1.00) at rel_day -19: potential IF underweighting
[2026-01-30T05:18:47.010707] High prop at exactly tau (1.00) at rel_day -18: potential IF underweighting
[2026-01-30T05:19:00.008872] High prop at exactly tau (1.00) at rel_day -17: potential IF underweighting
[2026-01-30T05:19:13.033154] High prop at exactly tau (1.00) at rel_day -16: potential IF underweighting
[2026-01-30T05:19:26.040718] High prop at exactly tau (1.00) at rel_day -15: potential IF underweighting
[2026-01-30T05:19:39.031025] High prop at exactly tau (1.00) at rel_day -14: potential IF underweighting
[2026-01-30T05:19:52.001291] High prop at exactly tau (1.00) at rel_day -13: potential IF underweighting
[2026-01-30T05:20:04.983070] High prop at exactly tau (1.00) at rel_day -12: potential IF underweighting
[2026-01-30T05:20:17.979437] High prop at exactly tau (1.00) at rel_day -11: potential IF underweighting
[2026-01-30T05:20:30.968914] High prop at exactly tau (1.00) at rel_day -10: potential IF underweighting
[2026-01-30T05:20:43.997138] High prop at exactly tau (1.00) at rel_day -9: potential IF underweighting
[2026-01-30T05:20:56.982389] High prop at exactly tau (1.00) at rel_day -8: potential IF underweighting
[2026-01-30T05:21:09.964026] High prop at exactly tau (1.00) at rel_day -7: potential IF underweighting
[2026-01-30T05:21:22.955803] High prop at exactly tau (1.00) at rel_day -6: potential IF underweighting
[2026-01-30T05:21:35.959478] High prop at exactly tau (1.00) at rel_day -5: potential IF underweighting
[2026-01-30T05:21:48.967713] High prop at exactly tau (1.00) at rel_day -4: potential IF underweighting
[2026-01-30T05:22:01.962926] High prop at exactly tau (1.00) at rel_day -3: potential IF underweighting
[2026-01-30T05:22:14.974842] High prop at exactly tau (1.00) at rel_day -2: potential IF underweighting
[2026-01-30T05:22:27.986234] High prop at exactly tau (1.00) at rel_day -1: potential IF underweighting
[2026-01-30T05:22:40.998753] High prop at exactly tau (1.00) at rel_day 0: potential IF underweighting
[2026-01-30T05:22:54.007659] High prop at exactly tau (1.00) at rel_day 1: potential IF underweighting
[2026-01-30T05:23:07.972212] High prop at exactly tau (1.00) at rel_day 2: potential IF underweighting
[2026-01-30T05:23:20.982809] High prop at exactly tau (1.00) at rel_day 3: potential IF underweighting
[2026-01-30T05:23:33.981855] High prop at exactly tau (1.00) at rel_day 4: potential IF underweighting
[2026-01-30T05:23:46.981142] High prop at exactly tau (1.00) at rel_day 5: potential IF underweighting
[2026-01-30T05:23:59.959998] High prop at exactly tau (1.00) at rel_day 6: potential IF underweighting
[2026-01-30T05:24:12.938894] High prop at exactly tau (1.00) at rel_day 7: potential IF underweighting
[2026-01-30T05:24:25.924264] High prop at exactly tau (1.00) at rel_day 8: potential IF underweighting
[2026-01-30T05:24:38.918240] High prop at exactly tau (1.00) at rel_day 9: potential IF underweighting
[2026-01-30T05:24:51.880991] High prop at exactly tau (1.00) at rel_day 10: potential IF underweighting
[2026-01-30T05:25:04.834593] High prop at exactly tau (1.00) at rel_day 11: potential IF underweighting
[2026-01-30T05:25:17.833417] High prop at exactly tau (1.00) at rel_day 12: potential IF underweighting
[2026-01-30T05:25:30.797515] High prop at exactly tau (1.00) at rel_day 13: potential IF underweighting
[2026-01-30T05:25:43.785925] High prop at exactly tau (1.00) at rel_day 14: potential IF underweighting
[2026-01-30T05:25:56.764391] High prop at exactly tau (1.00) at rel_day 15: potential IF underweighting
[2026-01-30T05:26:09.758228] High prop at exactly tau (1.00) at rel_day 16: potential IF underweighting
[2026-01-30T05:26:22.737547] High prop at exactly tau (1.00) at rel_day 17: potential IF underweighting
[2026-01-30T05:26:35.695188] High prop at exactly tau (1.00) at rel_day 18: potential IF underweighting
[2026-01-30T05:26:48.646474] High prop at exactly tau (1.00) at rel_day 19: potential IF underweighting
[2026-01-30T05:27:01.607870] High prop at exactly tau (1.00) at rel_day 20: potential IF underweighting
[2026-01-30T05:27:14.569971] High prop at exactly tau (1.00) at rel_day 21: potential IF underweighting
[2026-01-30T05:27:27.528648] High prop at exactly tau (1.00) at rel_day 22: potential IF underweighting
[2026-01-30T05:27:40.503366] High prop at exactly tau (1.00) at rel_day 23: potential IF underweighting
[2026-01-30T05:27:53.487072] High prop at exactly tau (1.00) at rel_day 24: potential IF underweighting
[2026-01-30T05:28:06.455961] High prop at exactly tau (1.00) at rel_day 25: potential IF underweighting
[2026-01-30T05:28:19.404661] High prop at exactly tau (1.00) at rel_day 26: potential IF underweighting
[2026-01-30T05:28:32.344736] High prop at exactly tau (1.00) at rel_day 27: potential IF underweighting
[2026-01-30T05:28:45.280895] High prop at exactly tau (1.00) at rel_day 28: potential IF underweighting
[2026-01-30T05:28:58.222545] High prop at exactly tau (1.00) at rel_day 29: potential IF underweighting
[2026-01-30T05:29:11.179639] High prop at exactly tau (1.00) at rel_day 30: potential IF underweighting
[2026-01-30T05:29:24.127762] High prop at exactly tau (1.00) at rel_day 31: potential IF underweighting
[2026-01-30T05:29:37.073678] High prop at exactly tau (1.00) at rel_day 32: potential IF underweighting
[2026-01-30T05:29:49.995717] High prop at exactly tau (1.00) at rel_day 33: potential IF underweighting
[2026-01-30T05:30:02.970964] High prop at exactly tau (1.00) at rel_day 34: potential IF underweighting
[2026-01-30T05:30:15.908363] High prop at exactly tau (1.00) at rel_day 35: potential IF underweighting
[2026-01-30T05:30:28.838393] High prop at exactly tau (1.00) at rel_day 36: potential IF underweighting
[2026-01-30T05:30:41.768407] High prop at exactly tau (1.00) at rel_day 37: potential IF underweighting
[2026-01-30T05:30:54.730198] High prop at exactly tau (1.00) at rel_day 38: potential IF underweighting
[2026-01-30T05:31:07.698985] High prop at exactly tau (1.00) at rel_day 39: potential IF underweighting
[2026-01-30T05:31:20.627660] High prop at exactly tau (1.00) at rel_day 40: potential IF underweighting
[2026-01-30T05:31:33.546168] High prop at exactly tau (1.00) at rel_day 41: potential IF underweighting
[2026-01-30T05:31:46.496286] High prop at exactly tau (1.00) at rel_day 42: potential IF underweighting
[2026-01-30T05:31:59.429882] High prop at exactly tau (1.00) at rel_day 43: potential IF underweighting
[2026-01-30T05:32:12.385040] High prop at exactly tau (1.00) at rel_day 44: potential IF underweighting
[2026-01-30T05:32:25.340876] High prop at exactly tau (1.00) at rel_day 45: potential IF underweighting
[2026-01-30T05:32:38.271915] High prop at exactly tau (1.00) at rel_day 46: potential IF underweighting
[2026-01-30T05:32:51.203498] High prop at exactly tau (1.00) at rel_day 47: potential IF underweighting
[2026-01-30T05:33:04.136071] High prop at exactly tau (1.00) at rel_day 48: potential IF underweighting
[2026-01-30T05:33:17.070990] High prop at exactly tau (1.00) at rel_day 49: potential IF underweighting
[2026-01-30T05:33:29.984044] High prop at exactly tau (1.00) at rel_day 50: potential IF underweighting
[2026-01-30T05:33:42.930131] High prop at exactly tau (1.00) at rel_day 51: potential IF underweighting
[2026-01-30T05:33:55.850554] High prop at exactly tau (1.00) at rel_day 52: potential IF underweighting
[2026-01-30T05:34:08.788426] High prop at exactly tau (1.00) at rel_day 53: potential IF underweighting
[2026-01-30T05:34:21.720244] High prop at exactly tau (0.99) at rel_day 54: potential IF underweighting
[2026-01-30T05:34:34.648374] High prop at exactly tau (0.99) at rel_day 55: potential IF underweighting
[2026-01-30T05:34:47.566289] High prop at exactly tau (0.99) at rel_day 56: potential IF underweighting
[2026-01-30T05:35:00.471588] High prop at exactly tau (0.99) at rel_day 57: potential IF underweighting
[2026-01-30T05:35:13.416285] High prop at exactly tau (0.99) at rel_day 58: potential IF underweighting
[2026-01-30T05:35:26.427668] High prop at exactly tau (0.99) at rel_day 59: potential IF underweighting
[2026-01-30T05:35:39.356302] High prop at exactly tau (0.99) at rel_day 60: potential IF underweighting
[2026-01-30T05:35:52.267998] High prop at exactly tau (0.99) at rel_day 61: potential IF underweighting
[2026-01-30T05:36:05.161869] High prop at exactly tau (0.99) at rel_day 62: potential IF underweighting
[2026-01-30T05:36:18.064325] High prop at exactly tau (0.99) at rel_day 63: potential IF underweighting
[2026-01-30T05:36:30.990443] High prop at exactly tau (0.99) at rel_day 64: potential IF underweighting
[2026-01-30T05:36:43.963314] High prop at exactly tau (0.99) at rel_day 65: potential IF underweighting
[2026-01-30T05:36:56.973327] High prop at exactly tau (0.99) at rel_day 66: potential IF underweighting
[2026-01-30T05:37:09.854340] High prop at exactly tau (0.99) at rel_day 67: potential IF underweighting
[2026-01-30T05:37:22.845262] High prop at exactly tau (0.99) at rel_day 68: potential IF underweighting
[2026-01-30T05:37:35.774393] High prop at exactly tau (0.99) at rel_day 69: potential IF underweighting
[2026-01-30T05:37:48.665261] High prop at exactly tau (0.99) at rel_day 70: potential IF underweighting
[2026-01-30T05:38:01.591321] High prop at exactly tau (0.99) at rel_day 71: potential IF underweighting
[2026-01-30T05:38:15.285932] High prop at exactly tau (0.99) at rel_day 72: potential IF underweighting
[2026-01-30T05:38:28.174214] High prop at exactly tau (0.99) at rel_day 73: potential IF underweighting
[2026-01-30T05:38:41.340283] High prop at exactly tau (0.99) at rel_day 74: potential IF underweighting
[2026-01-30T05:38:54.244149] High prop at exactly tau (0.99) at rel_day 75: potential IF underweighting
[2026-01-30T05:39:07.096405] High prop at exactly tau (0.99) at rel_day 76: potential IF underweighting
[2026-01-30T05:39:19.945893] High prop at exactly tau (0.99) at rel_day 77: potential IF underweighting
[2026-01-30T05:39:32.811117] High prop at exactly tau (0.99) at rel_day 78: potential IF underweighting
[2026-01-30T05:39:45.665582] High prop at exactly tau (0.99) at rel_day 79: potential IF underweighting
[2026-01-30T05:39:58.532320] High prop at exactly tau (0.99) at rel_day 80: potential IF underweighting
[2026-01-30T05:40:11.419478] High prop at exactly tau (0.99) at rel_day 81: potential IF underweighting
[2026-01-30T05:40:24.312700] High prop at exactly tau (0.99) at rel_day 82: potential IF underweighting
[2026-01-30T05:40:37.181922] High prop at exactly tau (0.99) at rel_day 83: potential IF underweighting
[2026-01-30T05:40:50.039538] High prop at exactly tau (0.99) at rel_day 84: potential IF underweighting
[2026-01-30T05:41:02.899327] High prop at exactly tau (0.99) at rel_day 85: potential IF underweighting
[2026-01-30T05:41:15.728507] High prop at exactly tau (0.99) at rel_day 86: potential IF underweighting
[2026-01-30T05:41:28.562770] High prop at exactly tau (0.99) at rel_day 87: potential IF underweighting
[2026-01-30T05:41:41.428067] High prop at exactly tau (0.99) at rel_day 88: potential IF underweighting
[2026-01-30T05:41:54.296721] High prop at exactly tau (0.99) at rel_day 89: potential IF underweighting
[2026-01-30T05:42:07.157262] High prop at exactly tau (0.99) at rel_day 90: potential IF underweighting
[2026-01-30T05:42:19.991307] High prop at exactly tau (0.99) at rel_day 91: potential IF underweighting
[2026-01-30T05:42:32.828952] High prop at exactly tau (0.99) at rel_day 92: potential IF underweighting
[2026-01-30T05:42:45.640252] High prop at exactly tau (0.99) at rel_day 93: potential IF underweighting
[2026-01-30T05:42:58.466636] High prop at exactly tau (0.99) at rel_day 94: potential IF underweighting
[2026-01-30T05:43:11.274957] High prop at exactly tau (0.99) at rel_day 95: potential IF underweighting
[2026-01-30T05:43:24.082695] High prop at exactly tau (0.99) at rel_day 96: potential IF underweighting
[2026-01-30T05:43:36.916733] High prop at exactly tau (0.99) at rel_day 97: potential IF underweighting
[2026-01-30T05:43:49.710038] High prop at exactly tau (0.99) at rel_day 98: potential IF underweighting
[2026-01-30T05:44:02.507732] High prop at exactly tau (0.99) at rel_day 99: potential IF underweighting
[2026-01-30T05:44:15.292845] High prop at exactly tau (0.98) at rel_day 100: potential IF underweighting
[2026-01-30T05:44:28.086954] High prop at exactly tau (0.98) at rel_day 101: potential IF underweighting
[2026-01-30T05:44:40.897410] High prop at exactly tau (0.98) at rel_day 102: potential IF underweighting
[2026-01-30T05:44:53.694360] High prop at exactly tau (0.98) at rel_day 103: potential IF underweighting
[2026-01-30T05:45:06.511973] High prop at exactly tau (0.98) at rel_day 104: potential IF underweighting
[2026-01-30T05:45:19.317296] High prop at exactly tau (0.98) at rel_day 105: potential IF underweighting
[2026-01-30T05:45:32.132866] High prop at exactly tau (0.98) at rel_day 106: potential IF underweighting
[2026-01-30T05:45:44.929376] High prop at exactly tau (0.98) at rel_day 107: potential IF underweighting
[2026-01-30T05:45:57.720403] High prop at exactly tau (0.98) at rel_day 108: potential IF underweighting
[2026-01-30T05:46:10.498294] High prop at exactly tau (0.98) at rel_day 109: potential IF underweighting
[2026-01-30T05:46:23.258556] High prop at exactly tau (0.98) at rel_day 110: potential IF underweighting
[2026-01-30T05:46:36.017002] High prop at exactly tau (0.98) at rel_day 111: potential IF underweighting
[2026-01-30T05:46:48.765186] High prop at exactly tau (0.98) at rel_day 112: potential IF underweighting
[2026-01-30T05:47:01.526491] High prop at exactly tau (0.98) at rel_day 113: potential IF underweighting
[2026-01-30T05:47:14.266811] High prop at exactly tau (0.98) at rel_day 114: potential IF underweighting
[2026-01-30T05:47:27.031575] High prop at exactly tau (0.98) at rel_day 115: potential IF underweighting
[2026-01-30T05:47:39.779348] High prop at exactly tau (0.98) at rel_day 116: potential IF underweighting
[2026-01-30T05:47:52.531389] High prop at exactly tau (0.98) at rel_day 117: potential IF underweighting
[2026-01-30T05:48:05.279507] High prop at exactly tau (0.98) at rel_day 118: potential IF underweighting
[2026-01-30T05:48:18.009217] High prop at exactly tau (0.98) at rel_day 119: potential IF underweighting
[2026-01-30T05:48:30.742053] High prop at exactly tau (0.98) at rel_day 120: potential IF underweighting
[2026-01-30T05:48:53.430316] RMST conditions on survival to calendar_day — deliberate for definition, see method docs.
[2026-01-30T05:48:53.701983] High prop at exactly tau (1.00) at rel_day -60: potential IF underweighting
[2026-01-30T05:49:07.117542] High prop at exactly tau (1.00) at rel_day -59: potential IF underweighting
[2026-01-30T05:49:20.122223] High prop at exactly tau (1.00) at rel_day -58: potential IF underweighting
[2026-01-30T05:49:33.111223] High prop at exactly tau (1.00) at rel_day -57: potential IF underweighting
[2026-01-30T05:49:46.097854] High prop at exactly tau (1.00) at rel_day -56: potential IF underweighting
[2026-01-30T05:49:59.092692] High prop at exactly tau (1.00) at rel_day -55: potential IF underweighting
[2026-01-30T05:50:12.106199] High prop at exactly tau (1.00) at rel_day -54: potential IF underweighting
[2026-01-30T05:50:25.084550] High prop at exactly tau (1.00) at rel_day -53: potential IF underweighting
[2026-01-30T05:50:38.143622] High prop at exactly tau (1.00) at rel_day -52: potential IF underweighting
[2026-01-30T05:50:51.121572] High prop at exactly tau (1.00) at rel_day -51: potential IF underweighting
[2026-01-30T05:51:04.090724] High prop at exactly tau (1.00) at rel_day -50: potential IF underweighting
[2026-01-30T05:51:17.077153] High prop at exactly tau (1.00) at rel_day -49: potential IF underweighting
[2026-01-30T05:51:30.063362] High prop at exactly tau (1.00) at rel_day -48: potential IF underweighting
[2026-01-30T05:51:43.109559] High prop at exactly tau (1.00) at rel_day -47: potential IF underweighting
[2026-01-30T05:51:56.106169] High prop at exactly tau (1.00) at rel_day -46: potential IF underweighting
[2026-01-30T05:52:09.116271] High prop at exactly tau (1.00) at rel_day -45: potential IF underweighting
[2026-01-30T05:52:22.139401] High prop at exactly tau (1.00) at rel_day -44: potential IF underweighting
[2026-01-30T05:52:35.115413] High prop at exactly tau (1.00) at rel_day -43: potential IF underweighting
[2026-01-30T05:52:48.090877] High prop at exactly tau (1.00) at rel_day -42: potential IF underweighting
[2026-01-30T05:53:01.102665] High prop at exactly tau (1.00) at rel_day -41: potential IF underweighting
[2026-01-30T05:53:15.328687] High prop at exactly tau (1.00) at rel_day -40: potential IF underweighting
[2026-01-30T05:53:28.313342] High prop at exactly tau (1.00) at rel_day -39: potential IF underweighting
[2026-01-30T05:53:41.311267] High prop at exactly tau (1.00) at rel_day -38: potential IF underweighting
[2026-01-30T05:53:54.298455] High prop at exactly tau (1.00) at rel_day -37: potential IF underweighting
[2026-01-30T05:54:07.287692] High prop at exactly tau (1.00) at rel_day -36: potential IF underweighting
[2026-01-30T05:54:20.255671] High prop at exactly tau (1.00) at rel_day -35: potential IF underweighting
[2026-01-30T05:54:33.231670] High prop at exactly tau (1.00) at rel_day -34: potential IF underweighting
[2026-01-30T05:54:46.192868] High prop at exactly tau (1.00) at rel_day -33: potential IF underweighting
[2026-01-30T05:54:59.148581] High prop at exactly tau (1.00) at rel_day -32: potential IF underweighting
[2026-01-30T05:55:12.131564] High prop at exactly tau (1.00) at rel_day -31: potential IF underweighting
[2026-01-30T05:55:25.095304] High prop at exactly tau (1.00) at rel_day -30: potential IF underweighting
[2026-01-30T05:55:38.106267] High prop at exactly tau (1.00) at rel_day -29: potential IF underweighting
[2026-01-30T05:55:51.088085] High prop at exactly tau (1.00) at rel_day -28: potential IF underweighting
[2026-01-30T05:56:04.054194] High prop at exactly tau (1.00) at rel_day -27: potential IF underweighting
[2026-01-30T05:56:17.046280] High prop at exactly tau (1.00) at rel_day -26: potential IF underweighting
[2026-01-30T05:56:30.051444] High prop at exactly tau (1.00) at rel_day -25: potential IF underweighting
[2026-01-30T05:56:43.053013] High prop at exactly tau (1.00) at rel_day -24: potential IF underweighting
[2026-01-30T05:56:56.067357] High prop at exactly tau (1.00) at rel_day -23: potential IF underweighting
[2026-01-30T05:57:09.074537] High prop at exactly tau (1.00) at rel_day -22: potential IF underweighting
[2026-01-30T05:57:22.042158] High prop at exactly tau (1.00) at rel_day -21: potential IF underweighting
[2026-01-30T05:57:35.017850] High prop at exactly tau (1.00) at rel_day -20: potential IF underweighting
[2026-01-30T05:57:47.983910] High prop at exactly tau (1.00) at rel_day -19: potential IF underweighting
[2026-01-30T05:58:00.982368] High prop at exactly tau (1.00) at rel_day -18: potential IF underweighting
[2026-01-30T05:58:13.954826] High prop at exactly tau (1.00) at rel_day -17: potential IF underweighting
[2026-01-30T05:58:26.973390] High prop at exactly tau (1.00) at rel_day -16: potential IF underweighting
[2026-01-30T05:58:40.004514] High prop at exactly tau (1.00) at rel_day -15: potential IF underweighting
[2026-01-30T05:58:53.016857] High prop at exactly tau (1.00) at rel_day -14: potential IF underweighting
[2026-01-30T05:59:06.033909] High prop at exactly tau (1.00) at rel_day -13: potential IF underweighting
[2026-01-30T05:59:19.056170] High prop at exactly tau (1.00) at rel_day -12: potential IF underweighting
[2026-01-30T05:59:32.085648] High prop at exactly tau (1.00) at rel_day -11: potential IF underweighting
[2026-01-30T05:59:45.093463] High prop at exactly tau (1.00) at rel_day -10: potential IF underweighting
[2026-01-30T05:59:58.101870] High prop at exactly tau (1.00) at rel_day -9: potential IF underweighting
[2026-01-30T06:00:11.128455] High prop at exactly tau (1.00) at rel_day -8: potential IF underweighting
[2026-01-30T06:00:24.120809] High prop at exactly tau (1.00) at rel_day -7: potential IF underweighting
[2026-01-30T06:00:37.137956] High prop at exactly tau (1.00) at rel_day -6: potential IF underweighting
[2026-01-30T06:00:50.131192] High prop at exactly tau (1.00) at rel_day -5: potential IF underweighting
[2026-01-30T06:01:03.120324] High prop at exactly tau (1.00) at rel_day -4: potential IF underweighting
[2026-01-30T06:01:16.113388] High prop at exactly tau (1.00) at rel_day -3: potential IF underweighting
[2026-01-30T06:01:29.100339] High prop at exactly tau (1.00) at rel_day -2: potential IF underweighting
[2026-01-30T06:01:42.105711] High prop at exactly tau (1.00) at rel_day -1: potential IF underweighting
[2026-01-30T06:01:55.128350] High prop at exactly tau (1.00) at rel_day 0: potential IF underweighting
[2026-01-30T06:02:08.125267] High prop at exactly tau (1.00) at rel_day 1: potential IF underweighting
[2026-01-30T06:02:21.145593] High prop at exactly tau (1.00) at rel_day 2: potential IF underweighting
[2026-01-30T06:02:34.175522] High prop at exactly tau (1.00) at rel_day 3: potential IF underweighting
[2026-01-30T06:02:47.198161] High prop at exactly tau (1.00) at rel_day 4: potential IF underweighting
[2026-01-30T06:03:00.223073] High prop at exactly tau (1.00) at rel_day 5: potential IF underweighting
[2026-01-30T06:03:13.201432] High prop at exactly tau (1.00) at rel_day 6: potential IF underweighting
[2026-01-30T06:03:26.193653] High prop at exactly tau (1.00) at rel_day 7: potential IF underweighting
[2026-01-30T06:03:39.182721] High prop at exactly tau (1.00) at rel_day 8: potential IF underweighting
[2026-01-30T06:03:52.176775] High prop at exactly tau (1.00) at rel_day 9: potential IF underweighting
[2026-01-30T06:04:05.150973] High prop at exactly tau (1.00) at rel_day 10: potential IF underweighting
[2026-01-30T06:04:18.112381] High prop at exactly tau (1.00) at rel_day 11: potential IF underweighting
[2026-01-30T06:04:31.082296] High prop at exactly tau (1.00) at rel_day 12: potential IF underweighting
[2026-01-30T06:04:44.070266] High prop at exactly tau (1.00) at rel_day 13: potential IF underweighting
[2026-01-30T06:04:57.074132] High prop at exactly tau (1.00) at rel_day 14: potential IF underweighting
[2026-01-30T06:05:10.060228] High prop at exactly tau (1.00) at rel_day 15: potential IF underweighting
[2026-01-30T06:05:23.038288] High prop at exactly tau (1.00) at rel_day 16: potential IF underweighting
[2026-01-30T06:05:36.014756] High prop at exactly tau (1.00) at rel_day 17: potential IF underweighting
[2026-01-30T06:05:48.971303] High prop at exactly tau (1.00) at rel_day 18: potential IF underweighting
[2026-01-30T06:06:01.917894] High prop at exactly tau (1.00) at rel_day 19: potential IF underweighting
[2026-01-30T06:06:14.874007] High prop at exactly tau (1.00) at rel_day 20: potential IF underweighting
[2026-01-30T06:06:27.826721] High prop at exactly tau (1.00) at rel_day 21: potential IF underweighting
[2026-01-30T06:06:40.808012] High prop at exactly tau (1.00) at rel_day 22: potential IF underweighting
[2026-01-30T06:06:53.800867] High prop at exactly tau (1.00) at rel_day 23: potential IF underweighting
[2026-01-30T06:07:06.767429] High prop at exactly tau (1.00) at rel_day 24: potential IF underweighting
[2026-01-30T06:07:19.780383] High prop at exactly tau (1.00) at rel_day 25: potential IF underweighting
[2026-01-30T06:07:32.730859] High prop at exactly tau (1.00) at rel_day 26: potential IF underweighting
[2026-01-30T06:07:45.686889] High prop at exactly tau (1.00) at rel_day 27: potential IF underweighting
[2026-01-30T06:07:58.660792] High prop at exactly tau (1.00) at rel_day 28: potential IF underweighting
[2026-01-30T06:08:11.703518] High prop at exactly tau (1.00) at rel_day 29: potential IF underweighting
[2026-01-30T06:08:24.870087] High prop at exactly tau (1.00) at rel_day 30: potential IF underweighting
[2026-01-30T06:08:37.810699] High prop at exactly tau (1.00) at rel_day 31: potential IF underweighting
[2026-01-30T06:08:50.754428] High prop at exactly tau (1.00) at rel_day 32: potential IF underweighting
[2026-01-30T06:09:03.707516] High prop at exactly tau (1.00) at rel_day 33: potential IF underweighting
[2026-01-30T06:09:16.680432] High prop at exactly tau (1.00) at rel_day 34: potential IF underweighting
[2026-01-30T06:09:29.644307] High prop at exactly tau (1.00) at rel_day 35: potential IF underweighting
[2026-01-30T06:09:42.598804] High prop at exactly tau (1.00) at rel_day 36: potential IF underweighting
[2026-01-30T06:09:55.543380] High prop at exactly tau (1.00) at rel_day 37: potential IF underweighting
[2026-01-30T06:10:08.499066] High prop at exactly tau (1.00) at rel_day 38: potential IF underweighting
[2026-01-30T06:10:21.455090] High prop at exactly tau (1.00) at rel_day 39: potential IF underweighting
[2026-01-30T06:10:34.388173] High prop at exactly tau (1.00) at rel_day 40: potential IF underweighting
[2026-01-30T06:10:47.321454] High prop at exactly tau (1.00) at rel_day 41: potential IF underweighting
[2026-01-30T06:11:00.265884] High prop at exactly tau (1.00) at rel_day 42: potential IF underweighting
[2026-01-30T06:11:13.219158] High prop at exactly tau (1.00) at rel_day 43: potential IF underweighting
[2026-01-30T06:11:26.171835] High prop at exactly tau (1.00) at rel_day 44: potential IF underweighting
[2026-01-30T06:11:39.139161] High prop at exactly tau (1.00) at rel_day 45: potential IF underweighting
[2026-01-30T06:11:52.063028] High prop at exactly tau (1.00) at rel_day 46: potential IF underweighting
[2026-01-30T06:12:05.080061] High prop at exactly tau (1.00) at rel_day 47: potential IF underweighting
[2026-01-30T06:12:18.040842] High prop at exactly tau (1.00) at rel_day 48: potential IF underweighting
[2026-01-30T06:12:30.989337] High prop at exactly tau (1.00) at rel_day 49: potential IF underweighting
[2026-01-30T06:12:43.936983] High prop at exactly tau (1.00) at rel_day 50: potential IF underweighting
[2026-01-30T06:12:56.904792] High prop at exactly tau (1.00) at rel_day 51: potential IF underweighting
[2026-01-30T06:13:09.848320] High prop at exactly tau (0.99) at rel_day 52: potential IF underweighting
[2026-01-30T06:13:22.826941] High prop at exactly tau (0.99) at rel_day 53: potential IF underweighting
[2026-01-30T06:13:35.835643] High prop at exactly tau (0.99) at rel_day 54: potential IF underweighting
[2026-01-30T06:13:48.776279] High prop at exactly tau (0.99) at rel_day 55: potential IF underweighting
[2026-01-30T06:14:01.732354] High prop at exactly tau (0.99) at rel_day 56: potential IF underweighting
[2026-01-30T06:14:14.648442] High prop at exactly tau (0.99) at rel_day 57: potential IF underweighting
[2026-01-30T06:14:27.573282] High prop at exactly tau (0.99) at rel_day 58: potential IF underweighting
[2026-01-30T06:14:40.529650] High prop at exactly tau (0.99) at rel_day 59: potential IF underweighting
[2026-01-30T06:14:53.455074] High prop at exactly tau (0.99) at rel_day 60: potential IF underweighting
[2026-01-30T06:15:06.382311] High prop at exactly tau (0.99) at rel_day 61: potential IF underweighting
[2026-01-30T06:15:19.323526] High prop at exactly tau (0.99) at rel_day 62: potential IF underweighting
[2026-01-30T06:15:32.223875] High prop at exactly tau (0.99) at rel_day 63: potential IF underweighting
[2026-01-30T06:15:45.136374] High prop at exactly tau (0.99) at rel_day 64: potential IF underweighting
[2026-01-30T06:15:58.054223] High prop at exactly tau (0.99) at rel_day 65: potential IF underweighting
[2026-01-30T06:16:10.954291] High prop at exactly tau (0.99) at rel_day 66: potential IF underweighting
[2026-01-30T06:16:23.835884] High prop at exactly tau (0.99) at rel_day 67: potential IF underweighting
[2026-01-30T06:16:36.768688] High prop at exactly tau (0.99) at rel_day 68: potential IF underweighting
[2026-01-30T06:16:49.696206] High prop at exactly tau (0.99) at rel_day 69: potential IF underweighting
[2026-01-30T06:17:02.609895] High prop at exactly tau (0.99) at rel_day 70: potential IF underweighting
[2026-01-30T06:17:15.486259] High prop at exactly tau (0.99) at rel_day 71: potential IF underweighting
[2026-01-30T06:17:28.374771] High prop at exactly tau (0.99) at rel_day 72: potential IF underweighting
[2026-01-30T06:17:41.269348] High prop at exactly tau (0.99) at rel_day 73: potential IF underweighting
[2026-01-30T06:17:54.159088] High prop at exactly tau (0.99) at rel_day 74: potential IF underweighting
[2026-01-30T06:18:07.059025] High prop at exactly tau (0.99) at rel_day 75: potential IF underweighting
[2026-01-30T06:18:19.927745] High prop at exactly tau (0.99) at rel_day 76: potential IF underweighting
[2026-01-30T06:18:32.808721] High prop at exactly tau (0.99) at rel_day 77: potential IF underweighting
[2026-01-30T06:18:45.719248] High prop at exactly tau (0.99) at rel_day 78: potential IF underweighting
[2026-01-30T06:18:58.605920] High prop at exactly tau (0.99) at rel_day 79: potential IF underweighting
[2026-01-30T06:19:11.476009] High prop at exactly tau (0.99) at rel_day 80: potential IF underweighting
[2026-01-30T06:19:24.355336] High prop at exactly tau (0.99) at rel_day 81: potential IF underweighting
[2026-01-30T06:19:37.247753] High prop at exactly tau (0.99) at rel_day 82: potential IF underweighting
[2026-01-30T06:19:50.113147] High prop at exactly tau (0.99) at rel_day 83: potential IF underweighting
[2026-01-30T06:20:02.969692] High prop at exactly tau (0.99) at rel_day 84: potential IF underweighting
[2026-01-30T06:20:15.829847] High prop at exactly tau (0.99) at rel_day 85: potential IF underweighting
[2026-01-30T06:20:28.706919] High prop at exactly tau (0.99) at rel_day 86: potential IF underweighting
[2026-01-30T06:20:41.579788] High prop at exactly tau (0.99) at rel_day 87: potential IF underweighting
[2026-01-30T06:20:54.416073] High prop at exactly tau (0.99) at rel_day 88: potential IF underweighting
[2026-01-30T06:21:07.263181] High prop at exactly tau (0.99) at rel_day 89: potential IF underweighting
[2026-01-30T06:21:20.090738] High prop at exactly tau (0.99) at rel_day 90: potential IF underweighting
[2026-01-30T06:21:32.943808] High prop at exactly tau (0.99) at rel_day 91: potential IF underweighting
[2026-01-30T06:21:45.769789] High prop at exactly tau (0.99) at rel_day 92: potential IF underweighting
[2026-01-30T06:21:58.641286] High prop at exactly tau (0.99) at rel_day 93: potential IF underweighting
[2026-01-30T06:22:11.499581] High prop at exactly tau (0.99) at rel_day 94: potential IF underweighting
[2026-01-30T06:22:24.360984] High prop at exactly tau (0.99) at rel_day 95: potential IF underweighting
[2026-01-30T06:22:37.185897] High prop at exactly tau (0.99) at rel_day 96: potential IF underweighting
[2026-01-30T06:22:50.020529] High prop at exactly tau (0.99) at rel_day 97: potential IF underweighting
[2026-01-30T06:23:02.843328] High prop at exactly tau (0.99) at rel_day 98: potential IF underweighting
[2026-01-30T06:23:15.848093] High prop at exactly tau (0.99) at rel_day 99: potential IF underweighting
[2026-01-30T06:23:28.646355] High prop at exactly tau (0.98) at rel_day 100: potential IF underweighting
[2026-01-30T06:23:41.475932] High prop at exactly tau (0.98) at rel_day 101: potential IF underweighting
[2026-01-30T06:23:54.326686] High prop at exactly tau (0.98) at rel_day 102: potential IF underweighting
[2026-01-30T06:24:07.139807] High prop at exactly tau (0.98) at rel_day 103: potential IF underweighting
[2026-01-30T06:24:19.953275] High prop at exactly tau (0.98) at rel_day 104: potential IF underweighting
[2026-01-30T06:24:32.743754] High prop at exactly tau (0.98) at rel_day 105: potential IF underweighting
[2026-01-30T06:24:45.530018] High prop at exactly tau (0.98) at rel_day 106: potential IF underweighting
[2026-01-30T06:24:58.313380] High prop at exactly tau (0.98) at rel_day 107: potential IF underweighting
[2026-01-30T06:25:11.102931] High prop at exactly tau (0.98) at rel_day 108: potential IF underweighting
[2026-01-30T06:25:23.909443] High prop at exactly tau (0.98) at rel_day 109: potential IF underweighting
[2026-01-30T06:25:36.699000] High prop at exactly tau (0.98) at rel_day 110: potential IF underweighting
[2026-01-30T06:25:49.474989] High prop at exactly tau (0.98) at rel_day 111: potential IF underweighting
[2026-01-30T06:26:02.254974] High prop at exactly tau (0.98) at rel_day 112: potential IF underweighting
[2026-01-30T06:26:15.023867] High prop at exactly tau (0.98) at rel_day 113: potential IF underweighting
[2026-01-30T06:26:27.799347] High prop at exactly tau (0.98) at rel_day 114: potential IF underweighting
[2026-01-30T06:26:40.564056] High prop at exactly tau (0.98) at rel_day 115: potential IF underweighting
[2026-01-30T06:26:53.294614] High prop at exactly tau (0.98) at rel_day 116: potential IF underweighting
[2026-01-30T06:27:06.027246] High prop at exactly tau (0.98) at rel_day 117: potential IF underweighting
[2026-01-30T06:27:18.721903] High prop at exactly tau (0.98) at rel_day 118: potential IF underweighting
[2026-01-30T06:27:31.446324] High prop at exactly tau (0.98) at rel_day 119: potential IF underweighting
[2026-01-30T06:27:44.151673] High prop at exactly tau (0.98) at rel_day 120: potential IF underweighting
[2026-01-30T06:28:07.576909] RMST conditions on survival to calendar_day — deliberate for definition, see method docs.
[2026-01-30T06:28:07.833616] High prop at exactly tau (1.00) at rel_day -60: potential IF underweighting
[2026-01-30T06:28:21.962735] High prop at exactly tau (1.00) at rel_day -59: potential IF underweighting
[2026-01-30T06:28:35.144701] High prop at exactly tau (1.00) at rel_day -58: potential IF underweighting
[2026-01-30T06:28:48.185257] High prop at exactly tau (1.00) at rel_day -57: potential IF underweighting
[2026-01-30T06:29:01.196822] High prop at exactly tau (1.00) at rel_day -56: potential IF underweighting
[2026-01-30T06:29:14.203186] High prop at exactly tau (1.00) at rel_day -55: potential IF underweighting
[2026-01-30T06:29:27.193962] High prop at exactly tau (1.00) at rel_day -54: potential IF underweighting
[2026-01-30T06:29:40.202063] High prop at exactly tau (1.00) at rel_day -53: potential IF underweighting
[2026-01-30T06:29:53.230944] High prop at exactly tau (1.00) at rel_day -52: potential IF underweighting
[2026-01-30T06:30:06.261676] High prop at exactly tau (1.00) at rel_day -51: potential IF underweighting
[2026-01-30T06:30:19.339244] High prop at exactly tau (1.00) at rel_day -50: potential IF underweighting
[2026-01-30T06:30:32.362423] High prop at exactly tau (1.00) at rel_day -49: potential IF underweighting
[2026-01-30T06:30:45.379647] High prop at exactly tau (1.00) at rel_day -48: potential IF underweighting
[2026-01-30T06:30:58.370182] High prop at exactly tau (1.00) at rel_day -47: potential IF underweighting
[2026-01-30T06:31:11.356342] High prop at exactly tau (1.00) at rel_day -46: potential IF underweighting
[2026-01-30T06:31:24.350436] High prop at exactly tau (1.00) at rel_day -45: potential IF underweighting
[2026-01-30T06:31:37.332727] High prop at exactly tau (1.00) at rel_day -44: potential IF underweighting
[2026-01-30T06:31:50.314341] High prop at exactly tau (1.00) at rel_day -43: potential IF underweighting
[2026-01-30T06:32:03.333856] High prop at exactly tau (1.00) at rel_day -42: potential IF underweighting
[2026-01-30T06:32:16.340815] High prop at exactly tau (1.00) at rel_day -41: potential IF underweighting
[2026-01-30T06:32:29.345454] High prop at exactly tau (1.00) at rel_day -40: potential IF underweighting
[2026-01-30T06:32:42.345300] High prop at exactly tau (1.00) at rel_day -39: potential IF underweighting
[2026-01-30T06:32:55.340235] High prop at exactly tau (1.00) at rel_day -38: potential IF underweighting
[2026-01-30T06:33:08.358532] High prop at exactly tau (1.00) at rel_day -37: potential IF underweighting
[2026-01-30T06:33:21.327214] High prop at exactly tau (1.00) at rel_day -36: potential IF underweighting
[2026-01-30T06:33:34.290351] High prop at exactly tau (1.00) at rel_day -35: potential IF underweighting
[2026-01-30T06:33:47.300474] High prop at exactly tau (1.00) at rel_day -34: potential IF underweighting
[2026-01-30T06:34:00.276420] High prop at exactly tau (1.00) at rel_day -33: potential IF underweighting
[2026-01-30T06:34:13.297830] High prop at exactly tau (1.00) at rel_day -32: potential IF underweighting
[2026-01-30T06:34:26.309293] High prop at exactly tau (1.00) at rel_day -31: potential IF underweighting
[2026-01-30T06:34:39.336851] High prop at exactly tau (1.00) at rel_day -30: potential IF underweighting
[2026-01-30T06:34:52.328303] High prop at exactly tau (1.00) at rel_day -29: potential IF underweighting
[2026-01-30T06:35:05.338971] High prop at exactly tau (1.00) at rel_day -28: potential IF underweighting
[2026-01-30T06:35:18.408870] High prop at exactly tau (1.00) at rel_day -27: potential IF underweighting
[2026-01-30T06:35:31.408892] High prop at exactly tau (1.00) at rel_day -26: potential IF underweighting
[2026-01-30T06:35:44.420192] High prop at exactly tau (1.00) at rel_day -25: potential IF underweighting
[2026-01-30T06:35:57.436518] High prop at exactly tau (1.00) at rel_day -24: potential IF underweighting
[2026-01-30T06:36:10.426410] High prop at exactly tau (1.00) at rel_day -23: potential IF underweighting
[2026-01-30T06:36:23.438751] High prop at exactly tau (1.00) at rel_day -22: potential IF underweighting
[2026-01-30T06:36:36.506864] High prop at exactly tau (1.00) at rel_day -21: potential IF underweighting
[2026-01-30T06:36:49.608985] High prop at exactly tau (1.00) at rel_day -20: potential IF underweighting
[2026-01-30T06:37:02.821495] High prop at exactly tau (1.00) at rel_day -19: potential IF underweighting
[2026-01-30T06:37:15.932551] High prop at exactly tau (1.00) at rel_day -18: potential IF underweighting
[2026-01-30T06:37:28.981491] High prop at exactly tau (1.00) at rel_day -17: potential IF underweighting
[2026-01-30T06:37:42.037188] High prop at exactly tau (1.00) at rel_day -16: potential IF underweighting
[2026-01-30T06:37:55.058692] High prop at exactly tau (1.00) at rel_day -15: potential IF underweighting
[2026-01-30T06:38:08.053534] High prop at exactly tau (1.00) at rel_day -14: potential IF underweighting
[2026-01-30T06:38:22.640838] High prop at exactly tau (1.00) at rel_day -13: potential IF underweighting
[2026-01-30T06:38:35.939467] High prop at exactly tau (1.00) at rel_day -12: potential IF underweighting
[2026-01-30T06:38:48.971309] High prop at exactly tau (1.00) at rel_day -11: potential IF underweighting
[2026-01-30T06:39:02.008309] High prop at exactly tau (1.00) at rel_day -10: potential IF underweighting
[2026-01-30T06:39:15.021399] High prop at exactly tau (1.00) at rel_day -9: potential IF underweighting
[2026-01-30T06:39:28.050148] High prop at exactly tau (1.00) at rel_day -8: potential IF underweighting
[2026-01-30T06:39:41.092479] High prop at exactly tau (1.00) at rel_day -7: potential IF underweighting
[2026-01-30T06:39:54.116488] High prop at exactly tau (1.00) at rel_day -6: potential IF underweighting
[2026-01-30T06:40:07.175790] High prop at exactly tau (1.00) at rel_day -5: potential IF underweighting
[2026-01-30T06:40:20.207863] High prop at exactly tau (1.00) at rel_day -4: potential IF underweighting
[2026-01-30T06:40:33.206748] High prop at exactly tau (1.00) at rel_day -3: potential IF underweighting
[2026-01-30T06:40:46.247568] High prop at exactly tau (1.00) at rel_day -2: potential IF underweighting
[2026-01-30T06:40:59.251293] High prop at exactly tau (1.00) at rel_day -1: potential IF underweighting
[2026-01-30T06:41:12.255348] High prop at exactly tau (1.00) at rel_day 0: potential IF underweighting
[2026-01-30T06:41:25.275301] High prop at exactly tau (1.00) at rel_day 1: potential IF underweighting
[2026-01-30T06:41:38.270115] High prop at exactly tau (1.00) at rel_day 2: potential IF underweighting
[2026-01-30T06:41:51.274713] High prop at exactly tau (1.00) at rel_day 3: potential IF underweighting
[2026-01-30T06:42:04.283477] High prop at exactly tau (1.00) at rel_day 4: potential IF underweighting
[2026-01-30T06:42:17.275452] High prop at exactly tau (1.00) at rel_day 5: potential IF underweighting
[2026-01-30T06:42:30.257087] High prop at exactly tau (1.00) at rel_day 6: potential IF underweighting
[2026-01-30T06:42:43.242744] High prop at exactly tau (1.00) at rel_day 7: potential IF underweighting
[2026-01-30T06:42:56.218862] High prop at exactly tau (1.00) at rel_day 8: potential IF underweighting
[2026-01-30T06:43:09.238963] High prop at exactly tau (1.00) at rel_day 9: potential IF underweighting
[2026-01-30T06:43:22.253920] High prop at exactly tau (1.00) at rel_day 10: potential IF underweighting
[2026-01-30T06:43:35.277248] High prop at exactly tau (1.00) at rel_day 11: potential IF underweighting
[2026-01-30T06:43:48.288529] High prop at exactly tau (1.00) at rel_day 12: potential IF underweighting
[2026-01-30T06:44:01.283857] High prop at exactly tau (1.00) at rel_day 13: potential IF underweighting
[2026-01-30T06:44:14.245024] High prop at exactly tau (1.00) at rel_day 14: potential IF underweighting
[2026-01-30T06:44:27.212020] High prop at exactly tau (1.00) at rel_day 15: potential IF underweighting
[2026-01-30T06:44:40.212588] High prop at exactly tau (1.00) at rel_day 16: potential IF underweighting
[2026-01-30T06:44:53.211890] High prop at exactly tau (1.00) at rel_day 17: potential IF underweighting
[2026-01-30T06:45:06.172873] High prop at exactly tau (1.00) at rel_day 18: potential IF underweighting
[2026-01-30T06:45:19.208940] High prop at exactly tau (1.00) at rel_day 19: potential IF underweighting
[2026-01-30T06:45:32.181698] High prop at exactly tau (1.00) at rel_day 20: potential IF underweighting
[2026-01-30T06:45:45.162857] High prop at exactly tau (1.00) at rel_day 21: potential IF underweighting
[2026-01-30T06:45:58.127723] High prop at exactly tau (1.00) at rel_day 22: potential IF underweighting
[2026-01-30T06:46:11.097665] High prop at exactly tau (1.00) at rel_day 23: potential IF underweighting
[2026-01-30T06:46:24.052081] High prop at exactly tau (1.00) at rel_day 24: potential IF underweighting
[2026-01-30T06:46:37.010706] High prop at exactly tau (1.00) at rel_day 25: potential IF underweighting
[2026-01-30T06:46:49.984682] High prop at exactly tau (1.00) at rel_day 26: potential IF underweighting
[2026-01-30T06:47:02.951563] High prop at exactly tau (1.00) at rel_day 27: potential IF underweighting
[2026-01-30T06:47:15.920915] High prop at exactly tau (1.00) at rel_day 28: potential IF underweighting
[2026-01-30T06:47:28.885356] High prop at exactly tau (1.00) at rel_day 29: potential IF underweighting
[2026-01-30T06:47:41.872633] High prop at exactly tau (1.00) at rel_day 30: potential IF underweighting
[2026-01-30T06:47:54.844877] High prop at exactly tau (1.00) at rel_day 31: potential IF underweighting
[2026-01-30T06:48:07.772413] High prop at exactly tau (1.00) at rel_day 32: potential IF underweighting
[2026-01-30T06:48:20.704325] High prop at exactly tau (1.00) at rel_day 33: potential IF underweighting
[2026-01-30T06:48:33.621406] High prop at exactly tau (1.00) at rel_day 34: potential IF underweighting
[2026-01-30T06:48:46.572162] High prop at exactly tau (1.00) at rel_day 35: potential IF underweighting
[2026-01-30T06:48:59.510360] High prop at exactly tau (1.00) at rel_day 36: potential IF underweighting
[2026-01-30T06:49:12.491246] High prop at exactly tau (1.00) at rel_day 37: potential IF underweighting
[2026-01-30T06:49:25.437586] High prop at exactly tau (1.00) at rel_day 38: potential IF underweighting
[2026-01-30T06:49:38.400118] High prop at exactly tau (1.00) at rel_day 39: potential IF underweighting
[2026-01-30T06:49:51.345867] High prop at exactly tau (1.00) at rel_day 40: potential IF underweighting
[2026-01-30T06:50:04.304279] High prop at exactly tau (1.00) at rel_day 41: potential IF underweighting
[2026-01-30T06:50:17.248444] High prop at exactly tau (1.00) at rel_day 42: potential IF underweighting
[2026-01-30T06:50:30.267532] High prop at exactly tau (1.00) at rel_day 43: potential IF underweighting
[2026-01-30T06:50:43.210208] High prop at exactly tau (1.00) at rel_day 44: potential IF underweighting
[2026-01-30T06:50:56.170567] High prop at exactly tau (1.00) at rel_day 45: potential IF underweighting
[2026-01-30T06:51:09.126488] High prop at exactly tau (1.00) at rel_day 46: potential IF underweighting
[2026-01-30T06:51:22.082924] High prop at exactly tau (1.00) at rel_day 47: potential IF underweighting
[2026-01-30T06:51:35.026099] High prop at exactly tau (1.00) at rel_day 48: potential IF underweighting
[2026-01-30T06:51:47.958945] High prop at exactly tau (1.00) at rel_day 49: potential IF underweighting
[2026-01-30T06:52:00.904101] High prop at exactly tau (1.00) at rel_day 50: potential IF underweighting
[2026-01-30T06:52:13.853707] High prop at exactly tau (1.00) at rel_day 51: potential IF underweighting
[2026-01-30T06:52:26.816117] High prop at exactly tau (1.00) at rel_day 52: potential IF underweighting
[2026-01-30T06:52:39.768091] High prop at exactly tau (1.00) at rel_day 53: potential IF underweighting
[2026-01-30T06:52:52.674089] High prop at exactly tau (0.99) at rel_day 54: potential IF underweighting
[2026-01-30T06:53:05.607135] High prop at exactly tau (0.99) at rel_day 55: potential IF underweighting
[2026-01-30T06:53:18.527674] High prop at exactly tau (0.99) at rel_day 56: potential IF underweighting
[2026-01-30T06:53:31.930392] High prop at exactly tau (0.99) at rel_day 57: potential IF underweighting
[2026-01-30T06:53:44.825234] High prop at exactly tau (0.99) at rel_day 58: potential IF underweighting
[2026-01-30T06:53:57.719538] High prop at exactly tau (0.99) at rel_day 59: potential IF underweighting
[2026-01-30T06:54:10.619580] High prop at exactly tau (0.99) at rel_day 60: potential IF underweighting
[2026-01-30T06:54:23.512132] High prop at exactly tau (0.99) at rel_day 61: potential IF underweighting
[2026-01-30T06:54:36.423024] High prop at exactly tau (0.99) at rel_day 62: potential IF underweighting
[2026-01-30T06:54:49.313292] High prop at exactly tau (0.99) at rel_day 63: potential IF underweighting
[2026-01-30T06:55:02.225294] High prop at exactly tau (0.99) at rel_day 64: potential IF underweighting
[2026-01-30T06:55:15.170288] High prop at exactly tau (0.99) at rel_day 65: potential IF underweighting
[2026-01-30T06:55:28.070098] High prop at exactly tau (0.99) at rel_day 66: potential IF underweighting
[2026-01-30T06:55:40.977652] High prop at exactly tau (0.99) at rel_day 67: potential IF underweighting
[2026-01-30T06:55:53.875974] High prop at exactly tau (0.99) at rel_day 68: potential IF underweighting
[2026-01-30T06:56:06.781562] High prop at exactly tau (0.99) at rel_day 69: potential IF underweighting
[2026-01-30T06:56:19.682541] High prop at exactly tau (0.99) at rel_day 70: potential IF underweighting
[2026-01-30T06:56:32.597718] High prop at exactly tau (0.99) at rel_day 71: potential IF underweighting
[2026-01-30T06:56:45.491661] High prop at exactly tau (0.99) at rel_day 72: potential IF underweighting
[2026-01-30T06:56:58.418657] High prop at exactly tau (0.99) at rel_day 73: potential IF underweighting
[2026-01-30T06:57:11.310758] High prop at exactly tau (0.99) at rel_day 74: potential IF underweighting
[2026-01-30T06:57:24.189836] High prop at exactly tau (0.99) at rel_day 75: potential IF underweighting
[2026-01-30T06:57:37.059529] High prop at exactly tau (0.99) at rel_day 76: potential IF underweighting
[2026-01-30T06:57:49.929915] High prop at exactly tau (0.99) at rel_day 77: potential IF underweighting
[2026-01-30T06:58:02.790130] High prop at exactly tau (0.99) at rel_day 78: potential IF underweighting
[2026-01-30T06:58:15.664463] High prop at exactly tau (0.99) at rel_day 79: potential IF underweighting
[2026-01-30T06:58:28.513503] High prop at exactly tau (0.99) at rel_day 80: potential IF underweighting
[2026-01-30T06:58:41.373856] High prop at exactly tau (0.99) at rel_day 81: potential IF underweighting
[2026-01-30T06:58:54.252119] High prop at exactly tau (0.99) at rel_day 82: potential IF underweighting
[2026-01-30T06:59:07.163898] High prop at exactly tau (0.99) at rel_day 83: potential IF underweighting
[2026-01-30T06:59:20.020041] High prop at exactly tau (0.99) at rel_day 84: potential IF underweighting
[2026-01-30T06:59:32.890694] High prop at exactly tau (0.99) at rel_day 85: potential IF underweighting
[2026-01-30T06:59:45.747179] High prop at exactly tau (0.99) at rel_day 86: potential IF underweighting
[2026-01-30T06:59:58.635708] High prop at exactly tau (0.99) at rel_day 87: potential IF underweighting
[2026-01-30T07:00:11.543221] High prop at exactly tau (0.99) at rel_day 88: potential IF underweighting
[2026-01-30T07:00:24.374033] High prop at exactly tau (0.99) at rel_day 89: potential IF underweighting
[2026-01-30T07:00:37.211560] High prop at exactly tau (0.99) at rel_day 90: potential IF underweighting
[2026-01-30T07:00:50.062077] High prop at exactly tau (0.99) at rel_day 91: potential IF underweighting
[2026-01-30T07:01:02.882470] High prop at exactly tau (0.99) at rel_day 92: potential IF underweighting
[2026-01-30T07:01:15.729950] High prop at exactly tau (0.99) at rel_day 93: potential IF underweighting
[2026-01-30T07:01:28.601750] High prop at exactly tau (0.99) at rel_day 94: potential IF underweighting
[2026-01-30T07:01:41.437836] High prop at exactly tau (0.99) at rel_day 95: potential IF underweighting
[2026-01-30T07:01:54.288857] High prop at exactly tau (0.99) at rel_day 96: potential IF underweighting
[2026-01-30T07:02:07.135704] High prop at exactly tau (0.99) at rel_day 97: potential IF underweighting
[2026-01-30T07:02:19.931489] High prop at exactly tau (0.99) at rel_day 98: potential IF underweighting
[2026-01-30T07:02:32.716784] High prop at exactly tau (0.99) at rel_day 99: potential IF underweighting
[2026-01-30T07:02:45.536907] High prop at exactly tau (0.98) at rel_day 100: potential IF underweighting
[2026-01-30T07:02:58.358373] High prop at exactly tau (0.98) at rel_day 101: potential IF underweighting
[2026-01-30T07:03:11.180939] High prop at exactly tau (0.98) at rel_day 102: potential IF underweighting
[2026-01-30T07:03:24.015110] High prop at exactly tau (0.98) at rel_day 103: potential IF underweighting
[2026-01-30T07:03:36.813023] High prop at exactly tau (0.98) at rel_day 104: potential IF underweighting
[2026-01-30T07:03:49.641767] High prop at exactly tau (0.98) at rel_day 105: potential IF underweighting
[2026-01-30T07:04:02.439916] High prop at exactly tau (0.98) at rel_day 106: potential IF underweighting
[2026-01-30T07:04:15.237946] High prop at exactly tau (0.98) at rel_day 107: potential IF underweighting
[2026-01-30T07:04:28.024298] High prop at exactly tau (0.98) at rel_day 108: potential IF underweighting
[2026-01-30T07:04:40.812732] High prop at exactly tau (0.98) at rel_day 109: potential IF underweighting
[2026-01-30T07:04:53.593726] High prop at exactly tau (0.98) at rel_day 110: potential IF underweighting
[2026-01-30T07:05:06.390604] High prop at exactly tau (0.98) at rel_day 111: potential IF underweighting
[2026-01-30T07:05:19.184583] High prop at exactly tau (0.98) at rel_day 112: potential IF underweighting
[2026-01-30T07:05:31.938461] High prop at exactly tau (0.98) at rel_day 113: potential IF underweighting
[2026-01-30T07:05:44.686268] High prop at exactly tau (0.98) at rel_day 114: potential IF underweighting
[2026-01-30T07:05:57.445145] High prop at exactly tau (0.98) at rel_day 115: potential IF underweighting
[2026-01-30T07:06:10.219151] High prop at exactly tau (0.98) at rel_day 116: potential IF underweighting
[2026-01-30T07:06:22.985963] High prop at exactly tau (0.98) at rel_day 117: potential IF underweighting
[2026-01-30T07:06:35.754827] High prop at exactly tau (0.98) at rel_day 118: potential IF underweighting
[2026-01-30T07:06:48.534215] High prop at exactly tau (0.98) at rel_day 119: potential IF underweighting
[2026-01-30T07:07:01.249026] High prop at exactly tau (0.98) at rel_day 120: potential IF underweighting
[2026-01-30T07:07:24.950304] RMST conditions on survival to calendar_day — deliberate for definition, see method docs.
[2026-01-30T07:07:25.190929] High prop at exactly tau (1.00) at rel_day -60: potential IF underweighting
[2026-01-30T07:07:39.638712] High prop at exactly tau (1.00) at rel_day -59: potential IF underweighting
[2026-01-30T07:07:52.718558] High prop at exactly tau (1.00) at rel_day -58: potential IF underweighting
[2026-01-30T07:08:05.787385] High prop at exactly tau (1.00) at rel_day -57: potential IF underweighting
[2026-01-30T07:08:18.814182] High prop at exactly tau (1.00) at rel_day -56: potential IF underweighting
[2026-01-30T07:08:33.626466] High prop at exactly tau (1.00) at rel_day -55: potential IF underweighting
[2026-01-30T07:08:46.642994] High prop at exactly tau (1.00) at rel_day -54: potential IF underweighting
[2026-01-30T07:08:59.718906] High prop at exactly tau (1.00) at rel_day -53: potential IF underweighting
[2026-01-30T07:09:12.706121] High prop at exactly tau (1.00) at rel_day -52: potential IF underweighting
[2026-01-30T07:09:25.691751] High prop at exactly tau (1.00) at rel_day -51: potential IF underweighting
[2026-01-30T07:09:38.670929] High prop at exactly tau (1.00) at rel_day -50: potential IF underweighting
[2026-01-30T07:09:51.675494] High prop at exactly tau (1.00) at rel_day -49: potential IF underweighting
[2026-01-30T07:10:04.710381] High prop at exactly tau (1.00) at rel_day -48: potential IF underweighting
[2026-01-30T07:10:17.760183] High prop at exactly tau (1.00) at rel_day -47: potential IF underweighting
[2026-01-30T07:10:30.735643] High prop at exactly tau (1.00) at rel_day -46: potential IF underweighting
[2026-01-30T07:10:43.705305] High prop at exactly tau (1.00) at rel_day -45: potential IF underweighting
[2026-01-30T07:10:56.690075] High prop at exactly tau (1.00) at rel_day -44: potential IF underweighting
[2026-01-30T07:11:09.698182] High prop at exactly tau (1.00) at rel_day -43: potential IF underweighting
[2026-01-30T07:11:22.919617] High prop at exactly tau (1.00) at rel_day -42: potential IF underweighting
[2026-01-30T07:11:36.033542] High prop at exactly tau (1.00) at rel_day -41: potential IF underweighting
[2026-01-30T07:11:49.067731] High prop at exactly tau (1.00) at rel_day -40: potential IF underweighting
[2026-01-30T07:12:02.089677] High prop at exactly tau (1.00) at rel_day -39: potential IF underweighting
[2026-01-30T07:12:15.084886] High prop at exactly tau (1.00) at rel_day -38: potential IF underweighting
[2026-01-30T07:12:28.137205] High prop at exactly tau (1.00) at rel_day -37: potential IF underweighting
[2026-01-30T07:12:41.134824] High prop at exactly tau (1.00) at rel_day -36: potential IF underweighting
[2026-01-30T07:12:54.167058] High prop at exactly tau (1.00) at rel_day -35: potential IF underweighting
[2026-01-30T07:13:07.218666] High prop at exactly tau (1.00) at rel_day -34: potential IF underweighting
[2026-01-30T07:13:20.234846] High prop at exactly tau (1.00) at rel_day -33: potential IF underweighting
[2026-01-30T07:13:33.272353] High prop at exactly tau (1.00) at rel_day -32: potential IF underweighting
[2026-01-30T07:13:46.382266] High prop at exactly tau (1.00) at rel_day -31: potential IF underweighting
[2026-01-30T07:13:59.388686] High prop at exactly tau (1.00) at rel_day -30: potential IF underweighting
[2026-01-30T07:14:12.402795] High prop at exactly tau (1.00) at rel_day -29: potential IF underweighting
[2026-01-30T07:14:25.410899] High prop at exactly tau (1.00) at rel_day -28: potential IF underweighting
[2026-01-30T07:14:38.415285] High prop at exactly tau (1.00) at rel_day -27: potential IF underweighting
[2026-01-30T07:14:51.434745] High prop at exactly tau (1.00) at rel_day -26: potential IF underweighting
[2026-01-30T07:15:04.442914] High prop at exactly tau (1.00) at rel_day -25: potential IF underweighting
[2026-01-30T07:15:17.446733] High prop at exactly tau (1.00) at rel_day -24: potential IF underweighting
[2026-01-30T07:15:30.441841] High prop at exactly tau (1.00) at rel_day -23: potential IF underweighting
[2026-01-30T07:15:43.466170] High prop at exactly tau (1.00) at rel_day -22: potential IF underweighting
[2026-01-30T07:15:56.449322] High prop at exactly tau (1.00) at rel_day -21: potential IF underweighting
[2026-01-30T07:16:09.458668] High prop at exactly tau (1.00) at rel_day -20: potential IF underweighting
[2026-01-30T07:16:22.471657] High prop at exactly tau (1.00) at rel_day -19: potential IF underweighting
[2026-01-30T07:16:35.464111] High prop at exactly tau (1.00) at rel_day -18: potential IF underweighting
[2026-01-30T07:16:48.496356] High prop at exactly tau (1.00) at rel_day -17: potential IF underweighting
[2026-01-30T07:17:01.538770] High prop at exactly tau (1.00) at rel_day -16: potential IF underweighting
[2026-01-30T07:17:14.534709] High prop at exactly tau (1.00) at rel_day -15: potential IF underweighting
[2026-01-30T07:17:27.573199] High prop at exactly tau (1.00) at rel_day -14: potential IF underweighting
[2026-01-30T07:17:40.582649] High prop at exactly tau (1.00) at rel_day -13: potential IF underweighting
[2026-01-30T07:17:53.591143] High prop at exactly tau (1.00) at rel_day -12: potential IF underweighting
[2026-01-30T07:18:06.575608] High prop at exactly tau (1.00) at rel_day -11: potential IF underweighting
[2026-01-30T07:18:19.562479] High prop at exactly tau (1.00) at rel_day -10: potential IF underweighting
[2026-01-30T07:18:32.598129] High prop at exactly tau (1.00) at rel_day -9: potential IF underweighting
[2026-01-30T07:18:45.621056] High prop at exactly tau (1.00) at rel_day -8: potential IF underweighting
[2026-01-30T07:18:58.649789] High prop at exactly tau (1.00) at rel_day -7: potential IF underweighting
[2026-01-30T07:19:11.689775] High prop at exactly tau (1.00) at rel_day -6: potential IF underweighting
[2026-01-30T07:19:24.700829] High prop at exactly tau (1.00) at rel_day -5: potential IF underweighting
[2026-01-30T07:19:37.745708] High prop at exactly tau (1.00) at rel_day -4: potential IF underweighting
[2026-01-30T07:19:50.742219] High prop at exactly tau (1.00) at rel_day -3: potential IF underweighting
[2026-01-30T07:20:03.758079] High prop at exactly tau (1.00) at rel_day -2: potential IF underweighting
[2026-01-30T07:20:16.786126] High prop at exactly tau (1.00) at rel_day -1: potential IF underweighting
[2026-01-30T07:20:29.794561] High prop at exactly tau (1.00) at rel_day 0: potential IF underweighting
[2026-01-30T07:20:42.819648] High prop at exactly tau (1.00) at rel_day 1: potential IF underweighting
[2026-01-30T07:20:55.823270] High prop at exactly tau (1.00) at rel_day 2: potential IF underweighting
[2026-01-30T07:21:08.857692] High prop at exactly tau (1.00) at rel_day 3: potential IF underweighting
[2026-01-30T07:21:21.872802] High prop at exactly tau (1.00) at rel_day 4: potential IF underweighting
[2026-01-30T07:21:34.863620] High prop at exactly tau (1.00) at rel_day 5: potential IF underweighting
[2026-01-30T07:21:47.892088] High prop at exactly tau (1.00) at rel_day 6: potential IF underweighting
[2026-01-30T07:22:00.933078] High prop at exactly tau (1.00) at rel_day 7: potential IF underweighting
[2026-01-30T07:22:13.952720] High prop at exactly tau (1.00) at rel_day 8: potential IF underweighting
[2026-01-30T07:22:26.973732] High prop at exactly tau (1.00) at rel_day 9: potential IF underweighting
[2026-01-30T07:22:39.971901] High prop at exactly tau (1.00) at rel_day 10: potential IF underweighting
[2026-01-30T07:22:52.985257] High prop at exactly tau (1.00) at rel_day 11: potential IF underweighting
[2026-01-30T07:23:05.985167] High prop at exactly tau (1.00) at rel_day 12: potential IF underweighting
[2026-01-30T07:23:18.954329] High prop at exactly tau (1.00) at rel_day 13: potential IF underweighting
[2026-01-30T07:23:32.174640] High prop at exactly tau (1.00) at rel_day 14: potential IF underweighting
[2026-01-30T07:23:45.430482] High prop at exactly tau (1.00) at rel_day 15: potential IF underweighting
[2026-01-30T07:23:58.402353] High prop at exactly tau (1.00) at rel_day 16: potential IF underweighting
[2026-01-30T07:24:11.418566] High prop at exactly tau (1.00) at rel_day 17: potential IF underweighting
[2026-01-30T07:24:24.400217] High prop at exactly tau (1.00) at rel_day 18: potential IF underweighting
[2026-01-30T07:24:37.394059] High prop at exactly tau (1.00) at rel_day 19: potential IF underweighting
[2026-01-30T07:24:50.404057] High prop at exactly tau (1.00) at rel_day 20: potential IF underweighting
[2026-01-30T07:25:03.394217] High prop at exactly tau (1.00) at rel_day 21: potential IF underweighting
[2026-01-30T07:25:16.375129] High prop at exactly tau (1.00) at rel_day 22: potential IF underweighting
[2026-01-30T07:25:29.380782] High prop at exactly tau (1.00) at rel_day 23: potential IF underweighting
[2026-01-30T07:25:42.352369] High prop at exactly tau (1.00) at rel_day 24: potential IF underweighting
[2026-01-30T07:25:55.340449] High prop at exactly tau (1.00) at rel_day 25: potential IF underweighting
[2026-01-30T07:26:08.641977] High prop at exactly tau (1.00) at rel_day 26: potential IF underweighting
[2026-01-30T07:26:21.650318] High prop at exactly tau (1.00) at rel_day 27: potential IF underweighting
[2026-01-30T07:26:34.624189] High prop at exactly tau (1.00) at rel_day 28: potential IF underweighting
[2026-01-30T07:26:47.582478] High prop at exactly tau (1.00) at rel_day 29: potential IF underweighting
[2026-01-30T07:27:00.578892] High prop at exactly tau (1.00) at rel_day 30: potential IF underweighting
[2026-01-30T07:27:13.591020] High prop at exactly tau (1.00) at rel_day 31: potential IF underweighting
[2026-01-30T07:27:26.539450] High prop at exactly tau (1.00) at rel_day 32: potential IF underweighting
[2026-01-30T07:27:39.511492] High prop at exactly tau (1.00) at rel_day 33: potential IF underweighting
[2026-01-30T07:27:52.477578] High prop at exactly tau (1.00) at rel_day 34: potential IF underweighting
[2026-01-30T07:28:05.447270] High prop at exactly tau (1.00) at rel_day 35: potential IF underweighting
[2026-01-30T07:28:18.394078] High prop at exactly tau (1.00) at rel_day 36: potential IF underweighting
[2026-01-30T07:28:31.383711] High prop at exactly tau (1.00) at rel_day 37: potential IF underweighting
[2026-01-30T07:28:44.366217] High prop at exactly tau (1.00) at rel_day 38: potential IF underweighting
[2026-01-30T07:28:57.331795] High prop at exactly tau (1.00) at rel_day 39: potential IF underweighting
[2026-01-30T07:29:10.289686] High prop at exactly tau (1.00) at rel_day 40: potential IF underweighting
[2026-01-30T07:29:23.241963] High prop at exactly tau (1.00) at rel_day 41: potential IF underweighting
[2026-01-30T07:29:36.206024] High prop at exactly tau (1.00) at rel_day 42: potential IF underweighting
[2026-01-30T07:29:49.132114] High prop at exactly tau (1.00) at rel_day 43: potential IF underweighting
[2026-01-30T07:30:02.086550] High prop at exactly tau (1.00) at rel_day 44: potential IF underweighting
[2026-01-30T07:30:15.048867] High prop at exactly tau (1.00) at rel_day 45: potential IF underweighting
[2026-01-30T07:30:27.976766] High prop at exactly tau (1.00) at rel_day 46: potential IF underweighting
[2026-01-30T07:30:40.895856] High prop at exactly tau (1.00) at rel_day 47: potential IF underweighting
[2026-01-30T07:30:53.814372] High prop at exactly tau (1.00) at rel_day 48: potential IF underweighting
[2026-01-30T07:31:06.745465] High prop at exactly tau (1.00) at rel_day 49: potential IF underweighting
[2026-01-30T07:31:19.671140] High prop at exactly tau (1.00) at rel_day 50: potential IF underweighting
[2026-01-30T07:31:32.629594] High prop at exactly tau (0.99) at rel_day 51: potential IF underweighting
[2026-01-30T07:31:45.604771] High prop at exactly tau (0.99) at rel_day 52: potential IF underweighting
[2026-01-30T07:31:58.539927] High prop at exactly tau (0.99) at rel_day 53: potential IF underweighting
[2026-01-30T07:32:11.484916] High prop at exactly tau (0.99) at rel_day 54: potential IF underweighting
[2026-01-30T07:32:24.667280] High prop at exactly tau (0.99) at rel_day 55: potential IF underweighting
[2026-01-30T07:32:37.633230] High prop at exactly tau (0.99) at rel_day 56: potential IF underweighting
[2026-01-30T07:32:50.553751] High prop at exactly tau (0.99) at rel_day 57: potential IF underweighting
[2026-01-30T07:33:03.492119] High prop at exactly tau (0.99) at rel_day 58: potential IF underweighting
[2026-01-30T07:33:16.410143] High prop at exactly tau (0.99) at rel_day 59: potential IF underweighting
[2026-01-30T07:33:29.311887] High prop at exactly tau (0.99) at rel_day 60: potential IF underweighting
[2026-01-30T07:33:42.239432] High prop at exactly tau (0.99) at rel_day 61: potential IF underweighting
[2026-01-30T07:33:55.166591] High prop at exactly tau (0.99) at rel_day 62: potential IF underweighting
[2026-01-30T07:34:08.078470] High prop at exactly tau (0.99) at rel_day 63: potential IF underweighting
[2026-01-30T07:34:21.018578] High prop at exactly tau (0.99) at rel_day 64: potential IF underweighting
[2026-01-30T07:34:33.983308] High prop at exactly tau (0.99) at rel_day 65: potential IF underweighting
[2026-01-30T07:34:46.930679] High prop at exactly tau (0.99) at rel_day 66: potential IF underweighting
[2026-01-30T07:34:59.904938] High prop at exactly tau (0.99) at rel_day 67: potential IF underweighting
[2026-01-30T07:35:12.819827] High prop at exactly tau (0.99) at rel_day 68: potential IF underweighting
[2026-01-30T07:35:25.739037] High prop at exactly tau (0.99) at rel_day 69: potential IF underweighting
[2026-01-30T07:35:38.651641] High prop at exactly tau (0.99) at rel_day 70: potential IF underweighting
[2026-01-30T07:35:51.547659] High prop at exactly tau (0.99) at rel_day 71: potential IF underweighting
[2026-01-30T07:36:04.438135] High prop at exactly tau (0.99) at rel_day 72: potential IF underweighting
[2026-01-30T07:36:17.334897] High prop at exactly tau (0.99) at rel_day 73: potential IF underweighting
[2026-01-30T07:36:30.273566] High prop at exactly tau (0.99) at rel_day 74: potential IF underweighting
[2026-01-30T07:36:43.207058] High prop at exactly tau (0.99) at rel_day 75: potential IF underweighting
[2026-01-30T07:36:56.252684] High prop at exactly tau (0.99) at rel_day 76: potential IF underweighting
[2026-01-30T07:37:09.171189] High prop at exactly tau (0.99) at rel_day 77: potential IF underweighting
[2026-01-30T07:37:22.184681] High prop at exactly tau (0.99) at rel_day 78: potential IF underweighting
[2026-01-30T07:37:35.101135] High prop at exactly tau (0.99) at rel_day 79: potential IF underweighting
[2026-01-30T07:37:47.973939] High prop at exactly tau (0.99) at rel_day 80: potential IF underweighting
[2026-01-30T07:38:00.878839] High prop at exactly tau (0.99) at rel_day 81: potential IF underweighting
[2026-01-30T07:38:13.740318] High prop at exactly tau (0.99) at rel_day 82: potential IF underweighting
[2026-01-30T07:38:26.628940] High prop at exactly tau (0.99) at rel_day 83: potential IF underweighting
[2026-01-30T07:38:40.431840] High prop at exactly tau (0.99) at rel_day 84: potential IF underweighting
[2026-01-30T07:38:53.325888] High prop at exactly tau (0.99) at rel_day 85: potential IF underweighting
[2026-01-30T07:39:06.193123] High prop at exactly tau (0.99) at rel_day 86: potential IF underweighting
[2026-01-30T07:39:19.032462] High prop at exactly tau (0.99) at rel_day 87: potential IF underweighting
[2026-01-30T07:39:31.875065] High prop at exactly tau (0.99) at rel_day 88: potential IF underweighting
[2026-01-30T07:39:44.745844] High prop at exactly tau (0.99) at rel_day 89: potential IF underweighting
[2026-01-30T07:39:57.638741] High prop at exactly tau (0.99) at rel_day 90: potential IF underweighting
[2026-01-30T07:40:10.526526] High prop at exactly tau (0.99) at rel_day 91: potential IF underweighting
[2026-01-30T07:40:23.393429] High prop at exactly tau (0.99) at rel_day 92: potential IF underweighting
[2026-01-30T07:40:36.217829] High prop at exactly tau (0.99) at rel_day 93: potential IF underweighting
[2026-01-30T07:40:49.064005] High prop at exactly tau (0.99) at rel_day 94: potential IF underweighting
[2026-01-30T07:41:01.920513] High prop at exactly tau (0.99) at rel_day 95: potential IF underweighting
[2026-01-30T07:41:14.751852] High prop at exactly tau (0.99) at rel_day 96: potential IF underweighting
[2026-01-30T07:41:27.563978] High prop at exactly tau (0.99) at rel_day 97: potential IF underweighting
[2026-01-30T07:41:40.388627] High prop at exactly tau (0.99) at rel_day 98: potential IF underweighting
[2026-01-30T07:41:53.225700] High prop at exactly tau (0.99) at rel_day 99: potential IF underweighting
[2026-01-30T07:42:06.055048] High prop at exactly tau (0.98) at rel_day 100: potential IF underweighting
[2026-01-30T07:42:18.862489] High prop at exactly tau (0.98) at rel_day 101: potential IF underweighting
[2026-01-30T07:42:31.721510] High prop at exactly tau (0.98) at rel_day 102: potential IF underweighting
[2026-01-30T07:42:44.525126] High prop at exactly tau (0.98) at rel_day 103: potential IF underweighting
[2026-01-30T07:42:57.333786] High prop at exactly tau (0.98) at rel_day 104: potential IF underweighting
[2026-01-30T07:43:10.149085] High prop at exactly tau (0.98) at rel_day 105: potential IF underweighting
[2026-01-30T07:43:22.953696] High prop at exactly tau (0.98) at rel_day 106: potential IF underweighting
[2026-01-30T07:43:35.787199] High prop at exactly tau (0.98) at rel_day 107: potential IF underweighting
[2026-01-30T07:43:48.628990] High prop at exactly tau (0.98) at rel_day 108: potential IF underweighting
[2026-01-30T07:44:01.451505] High prop at exactly tau (0.98) at rel_day 109: potential IF underweighting
[2026-01-30T07:44:14.248932] High prop at exactly tau (0.98) at rel_day 110: potential IF underweighting
[2026-01-30T07:44:27.041284] High prop at exactly tau (0.98) at rel_day 111: potential IF underweighting
[2026-01-30T07:44:39.844831] High prop at exactly tau (0.98) at rel_day 112: potential IF underweighting
[2026-01-30T07:44:52.643374] High prop at exactly tau (0.98) at rel_day 113: potential IF underweighting
[2026-01-30T07:45:05.448037] High prop at exactly tau (0.98) at rel_day 114: potential IF underweighting
[2026-01-30T07:45:18.233697] High prop at exactly tau (0.98) at rel_day 115: potential IF underweighting
[2026-01-30T07:45:30.980004] High prop at exactly tau (0.98) at rel_day 116: potential IF underweighting
[2026-01-30T07:45:43.737911] High prop at exactly tau (0.98) at rel_day 117: potential IF underweighting
[2026-01-30T07:45:56.497263] High prop at exactly tau (0.98) at rel_day 118: potential IF underweighting
[2026-01-30T07:46:09.240219] High prop at exactly tau (0.98) at rel_day 119: potential IF underweighting
[2026-01-30T07:46:21.956842] High prop at exactly tau (0.98) at rel_day 120: potential IF underweighting
[2026-01-30T07:46:45.658480] RMST conditions on survival to calendar_day — deliberate for definition, see method docs.
[2026-01-30T07:46:45.905722] High prop at exactly tau (1.00) at rel_day -60: potential IF underweighting
[2026-01-30T07:47:00.503301] High prop at exactly tau (1.00) at rel_day -59: potential IF underweighting
[2026-01-30T07:47:13.562088] High prop at exactly tau (1.00) at rel_day -58: potential IF underweighting
[2026-01-30T07:47:26.605275] High prop at exactly tau (1.00) at rel_day -57: potential IF underweighting
[2026-01-30T07:47:39.650869] High prop at exactly tau (1.00) at rel_day -56: potential IF underweighting
[2026-01-30T07:47:52.741217] High prop at exactly tau (1.00) at rel_day -55: potential IF underweighting
[2026-01-30T07:48:05.792117] High prop at exactly tau (1.00) at rel_day -54: potential IF underweighting
[2026-01-30T07:48:18.840212] High prop at exactly tau (1.00) at rel_day -53: potential IF underweighting
[2026-01-30T07:48:31.843745] High prop at exactly tau (1.00) at rel_day -52: potential IF underweighting
[2026-01-30T07:48:45.056744] High prop at exactly tau (1.00) at rel_day -51: potential IF underweighting
[2026-01-30T07:48:58.058872] High prop at exactly tau (1.00) at rel_day -50: potential IF underweighting
[2026-01-30T07:49:11.084822] High prop at exactly tau (1.00) at rel_day -49: potential IF underweighting
[2026-01-30T07:49:24.100570] High prop at exactly tau (1.00) at rel_day -48: potential IF underweighting
[2026-01-30T07:49:37.124332] High prop at exactly tau (1.00) at rel_day -47: potential IF underweighting
[2026-01-30T07:49:50.162482] High prop at exactly tau (1.00) at rel_day -46: potential IF underweighting
[2026-01-30T07:50:03.215818] High prop at exactly tau (1.00) at rel_day -45: potential IF underweighting
[2026-01-30T07:50:16.340800] High prop at exactly tau (1.00) at rel_day -44: potential IF underweighting
[2026-01-30T07:50:29.446857] High prop at exactly tau (1.00) at rel_day -43: potential IF underweighting
[2026-01-30T07:50:42.446530] High prop at exactly tau (1.00) at rel_day -42: potential IF underweighting
[2026-01-30T07:50:55.458792] High prop at exactly tau (1.00) at rel_day -41: potential IF underweighting
[2026-01-30T07:51:08.467033] High prop at exactly tau (1.00) at rel_day -40: potential IF underweighting
[2026-01-30T07:51:21.445706] High prop at exactly tau (1.00) at rel_day -39: potential IF underweighting
[2026-01-30T07:51:34.453246] High prop at exactly tau (1.00) at rel_day -38: potential IF underweighting
[2026-01-30T07:51:47.500021] High prop at exactly tau (1.00) at rel_day -37: potential IF underweighting
[2026-01-30T07:52:00.494309] High prop at exactly tau (1.00) at rel_day -36: potential IF underweighting
[2026-01-30T07:52:13.471751] High prop at exactly tau (1.00) at rel_day -35: potential IF underweighting
[2026-01-30T07:52:26.484000] High prop at exactly tau (1.00) at rel_day -34: potential IF underweighting
[2026-01-30T07:52:39.496422] High prop at exactly tau (1.00) at rel_day -33: potential IF underweighting
[2026-01-30T07:52:52.508836] High prop at exactly tau (1.00) at rel_day -32: potential IF underweighting
[2026-01-30T07:53:05.490005] High prop at exactly tau (1.00) at rel_day -31: potential IF underweighting
[2026-01-30T07:53:18.468495] High prop at exactly tau (1.00) at rel_day -30: potential IF underweighting
[2026-01-30T07:53:31.449477] High prop at exactly tau (1.00) at rel_day -29: potential IF underweighting
[2026-01-30T07:53:45.949378] High prop at exactly tau (1.00) at rel_day -28: potential IF underweighting
[2026-01-30T07:53:58.957399] High prop at exactly tau (1.00) at rel_day -27: potential IF underweighting
[2026-01-30T07:54:11.948091] High prop at exactly tau (1.00) at rel_day -26: potential IF underweighting
[2026-01-30T07:54:24.933711] High prop at exactly tau (1.00) at rel_day -25: potential IF underweighting
[2026-01-30T07:54:37.910752] High prop at exactly tau (1.00) at rel_day -24: potential IF underweighting
[2026-01-30T07:54:50.899282] High prop at exactly tau (1.00) at rel_day -23: potential IF underweighting
[2026-01-30T07:55:03.888044] High prop at exactly tau (1.00) at rel_day -22: potential IF underweighting
[2026-01-30T07:55:16.893102] High prop at exactly tau (1.00) at rel_day -21: potential IF underweighting
[2026-01-30T07:55:29.892983] High prop at exactly tau (1.00) at rel_day -20: potential IF underweighting
[2026-01-30T07:55:42.904074] High prop at exactly tau (1.00) at rel_day -19: potential IF underweighting
[2026-01-30T07:55:55.895750] High prop at exactly tau (1.00) at rel_day -18: potential IF underweighting
[2026-01-30T07:56:08.885283] High prop at exactly tau (1.00) at rel_day -17: potential IF underweighting
[2026-01-30T07:56:21.882323] High prop at exactly tau (1.00) at rel_day -16: potential IF underweighting
[2026-01-30T07:56:34.883078] High prop at exactly tau (1.00) at rel_day -15: potential IF underweighting
[2026-01-30T07:56:47.898483] High prop at exactly tau (1.00) at rel_day -14: potential IF underweighting
[2026-01-30T07:57:00.908378] High prop at exactly tau (1.00) at rel_day -13: potential IF underweighting
[2026-01-30T07:57:13.899629] High prop at exactly tau (1.00) at rel_day -12: potential IF underweighting
[2026-01-30T07:57:26.898597] High prop at exactly tau (1.00) at rel_day -11: potential IF underweighting
[2026-01-30T07:57:39.905594] High prop at exactly tau (1.00) at rel_day -10: potential IF underweighting
[2026-01-30T07:57:52.937850] High prop at exactly tau (1.00) at rel_day -9: potential IF underweighting
[2026-01-30T07:58:05.965531] High prop at exactly tau (1.00) at rel_day -8: potential IF underweighting
[2026-01-30T07:58:19.008492] High prop at exactly tau (1.00) at rel_day -7: potential IF underweighting
[2026-01-30T07:58:32.026465] High prop at exactly tau (1.00) at rel_day -6: potential IF underweighting
[2026-01-30T07:58:45.040048] High prop at exactly tau (1.00) at rel_day -5: potential IF underweighting
[2026-01-30T07:58:58.056677] High prop at exactly tau (1.00) at rel_day -4: potential IF underweighting
[2026-01-30T07:59:11.044230] High prop at exactly tau (1.00) at rel_day -3: potential IF underweighting
[2026-01-30T07:59:24.070149] High prop at exactly tau (1.00) at rel_day -2: potential IF underweighting
[2026-01-30T07:59:37.082160] High prop at exactly tau (1.00) at rel_day -1: potential IF underweighting
[2026-01-30T07:59:50.163197] High prop at exactly tau (1.00) at rel_day 0: potential IF underweighting
[2026-01-30T08:00:03.209017] High prop at exactly tau (1.00) at rel_day 1: potential IF underweighting
[2026-01-30T08:00:16.242452] High prop at exactly tau (1.00) at rel_day 2: potential IF underweighting
[2026-01-30T08:00:29.250807] High prop at exactly tau (1.00) at rel_day 3: potential IF underweighting
[2026-01-30T08:00:42.296108] High prop at exactly tau (1.00) at rel_day 4: potential IF underweighting
[2026-01-30T08:00:55.285259] High prop at exactly tau (1.00) at rel_day 5: potential IF underweighting
[2026-01-30T08:01:08.291655] High prop at exactly tau (1.00) at rel_day 6: potential IF underweighting
[2026-01-30T08:01:21.316588] High prop at exactly tau (1.00) at rel_day 7: potential IF underweighting
[2026-01-30T08:01:34.282996] High prop at exactly tau (1.00) at rel_day 8: potential IF underweighting
[2026-01-30T08:01:47.287558] High prop at exactly tau (1.00) at rel_day 9: potential IF underweighting
[2026-01-30T08:02:00.285942] High prop at exactly tau (1.00) at rel_day 10: potential IF underweighting
[2026-01-30T08:02:13.268255] High prop at exactly tau (1.00) at rel_day 11: potential IF underweighting
[2026-01-30T08:02:26.261507] High prop at exactly tau (1.00) at rel_day 12: potential IF underweighting
[2026-01-30T08:02:39.247118] High prop at exactly tau (1.00) at rel_day 13: potential IF underweighting
[2026-01-30T08:02:52.228026] High prop at exactly tau (1.00) at rel_day 14: potential IF underweighting
[2026-01-30T08:03:05.201781] High prop at exactly tau (1.00) at rel_day 15: potential IF underweighting
[2026-01-30T08:03:18.167386] High prop at exactly tau (1.00) at rel_day 16: potential IF underweighting
[2026-01-30T08:03:31.145354] High prop at exactly tau (1.00) at rel_day 17: potential IF underweighting
[2026-01-30T08:03:44.109930] High prop at exactly tau (1.00) at rel_day 18: potential IF underweighting
[2026-01-30T08:03:57.062614] High prop at exactly tau (1.00) at rel_day 19: potential IF underweighting
[2026-01-30T08:04:10.042420] High prop at exactly tau (1.00) at rel_day 20: potential IF underweighting
[2026-01-30T08:04:23.014828] High prop at exactly tau (1.00) at rel_day 21: potential IF underweighting
[2026-01-30T08:04:35.962807] High prop at exactly tau (1.00) at rel_day 22: potential IF underweighting
[2026-01-30T08:04:48.933860] High prop at exactly tau (1.00) at rel_day 23: potential IF underweighting
[2026-01-30T08:05:01.908940] High prop at exactly tau (1.00) at rel_day 24: potential IF underweighting
[2026-01-30T08:05:14.867631] High prop at exactly tau (1.00) at rel_day 25: potential IF underweighting
[2026-01-30T08:05:27.850209] High prop at exactly tau (1.00) at rel_day 26: potential IF underweighting
[2026-01-30T08:05:40.801799] High prop at exactly tau (1.00) at rel_day 27: potential IF underweighting
[2026-01-30T08:05:53.755468] High prop at exactly tau (1.00) at rel_day 28: potential IF underweighting
[2026-01-30T08:06:06.711806] High prop at exactly tau (1.00) at rel_day 29: potential IF underweighting
[2026-01-30T08:06:19.653569] High prop at exactly tau (1.00) at rel_day 30: potential IF underweighting
[2026-01-30T08:06:32.615163] High prop at exactly tau (1.00) at rel_day 31: potential IF underweighting
[2026-01-30T08:06:45.622680] High prop at exactly tau (1.00) at rel_day 32: potential IF underweighting
[2026-01-30T08:06:58.612252] High prop at exactly tau (1.00) at rel_day 33: potential IF underweighting
[2026-01-30T08:07:11.572194] High prop at exactly tau (1.00) at rel_day 34: potential IF underweighting
[2026-01-30T08:07:24.568626] High prop at exactly tau (1.00) at rel_day 35: potential IF underweighting
[2026-01-30T08:07:37.517402] High prop at exactly tau (1.00) at rel_day 36: potential IF underweighting
[2026-01-30T08:07:50.505099] High prop at exactly tau (1.00) at rel_day 37: potential IF underweighting
[2026-01-30T08:08:03.467485] High prop at exactly tau (1.00) at rel_day 38: potential IF underweighting
[2026-01-30T08:08:16.388954] High prop at exactly tau (1.00) at rel_day 39: potential IF underweighting
[2026-01-30T08:08:29.335847] High prop at exactly tau (1.00) at rel_day 40: potential IF underweighting
[2026-01-30T08:08:42.302772] High prop at exactly tau (1.00) at rel_day 41: potential IF underweighting
[2026-01-30T08:08:56.041893] High prop at exactly tau (1.00) at rel_day 42: potential IF underweighting
[2026-01-30T08:09:09.012088] High prop at exactly tau (1.00) at rel_day 43: potential IF underweighting
[2026-01-30T08:09:21.936343] High prop at exactly tau (1.00) at rel_day 44: potential IF underweighting
[2026-01-30T08:09:34.890193] High prop at exactly tau (1.00) at rel_day 45: potential IF underweighting
[2026-01-30T08:09:47.862809] High prop at exactly tau (1.00) at rel_day 46: potential IF underweighting
[2026-01-30T08:10:00.841373] High prop at exactly tau (1.00) at rel_day 47: potential IF underweighting
[2026-01-30T08:10:13.778928] High prop at exactly tau (1.00) at rel_day 48: potential IF underweighting
[2026-01-30T08:10:26.704454] High prop at exactly tau (1.00) at rel_day 49: potential IF underweighting
[2026-01-30T08:10:39.655672] High prop at exactly tau (1.00) at rel_day 50: potential IF underweighting
[2026-01-30T08:10:52.597736] High prop at exactly tau (1.00) at rel_day 51: potential IF underweighting
[2026-01-30T08:11:05.539089] High prop at exactly tau (1.00) at rel_day 52: potential IF underweighting
[2026-01-30T08:11:18.470412] High prop at exactly tau (0.99) at rel_day 53: potential IF underweighting
[2026-01-30T08:11:31.423942] High prop at exactly tau (0.99) at rel_day 54: potential IF underweighting
[2026-01-30T08:11:44.338723] High prop at exactly tau (0.99) at rel_day 55: potential IF underweighting
[2026-01-30T08:11:57.280952] High prop at exactly tau (0.99) at rel_day 56: potential IF underweighting
[2026-01-30T08:12:10.234818] High prop at exactly tau (0.99) at rel_day 57: potential IF underweighting
[2026-01-30T08:12:23.187464] High prop at exactly tau (0.99) at rel_day 58: potential IF underweighting
[2026-01-30T08:12:36.118512] High prop at exactly tau (0.99) at rel_day 59: potential IF underweighting
[2026-01-30T08:12:49.035990] High prop at exactly tau (0.99) at rel_day 60: potential IF underweighting
[2026-01-30T08:13:01.951598] High prop at exactly tau (0.99) at rel_day 61: potential IF underweighting
[2026-01-30T08:13:14.870573] High prop at exactly tau (0.99) at rel_day 62: potential IF underweighting
[2026-01-30T08:13:27.792473] High prop at exactly tau (0.99) at rel_day 63: potential IF underweighting
[2026-01-30T08:13:40.765603] High prop at exactly tau (0.99) at rel_day 64: potential IF underweighting
[2026-01-30T08:13:53.691321] High prop at exactly tau (0.99) at rel_day 65: potential IF underweighting
[2026-01-30T08:14:06.686917] High prop at exactly tau (0.99) at rel_day 66: potential IF underweighting
[2026-01-30T08:14:19.591572] High prop at exactly tau (0.99) at rel_day 67: potential IF underweighting
[2026-01-30T08:14:32.500406] High prop at exactly tau (0.99) at rel_day 68: potential IF underweighting
[2026-01-30T08:14:45.418837] High prop at exactly tau (0.99) at rel_day 69: potential IF underweighting
[2026-01-30T08:14:58.389841] High prop at exactly tau (0.99) at rel_day 70: potential IF underweighting
[2026-01-30T08:15:11.319838] High prop at exactly tau (0.99) at rel_day 71: potential IF underweighting
[2026-01-30T08:15:24.267059] High prop at exactly tau (0.99) at rel_day 72: potential IF underweighting
[2026-01-30T08:15:37.158168] High prop at exactly tau (0.99) at rel_day 73: potential IF underweighting
[2026-01-30T08:15:50.097548] High prop at exactly tau (0.99) at rel_day 74: potential IF underweighting
[2026-01-30T08:16:03.038426] High prop at exactly tau (0.99) at rel_day 75: potential IF underweighting
[2026-01-30T08:16:15.965898] High prop at exactly tau (0.99) at rel_day 76: potential IF underweighting
[2026-01-30T08:16:28.872778] High prop at exactly tau (0.99) at rel_day 77: potential IF underweighting
[2026-01-30T08:16:41.761484] High prop at exactly tau (0.99) at rel_day 78: potential IF underweighting
[2026-01-30T08:16:54.629432] High prop at exactly tau (0.99) at rel_day 79: potential IF underweighting
[2026-01-30T08:17:07.525651] High prop at exactly tau (0.99) at rel_day 80: potential IF underweighting
[2026-01-30T08:17:20.408295] High prop at exactly tau (0.99) at rel_day 81: potential IF underweighting
[2026-01-30T08:17:33.264324] High prop at exactly tau (0.99) at rel_day 82: potential IF underweighting
[2026-01-30T08:17:46.125296] High prop at exactly tau (0.99) at rel_day 83: potential IF underweighting
[2026-01-30T08:17:58.984259] High prop at exactly tau (0.99) at rel_day 84: potential IF underweighting
[2026-01-30T08:18:11.858602] High prop at exactly tau (0.99) at rel_day 85: potential IF underweighting
[2026-01-30T08:18:24.738260] High prop at exactly tau (0.99) at rel_day 86: potential IF underweighting
[2026-01-30T08:18:37.599176] High prop at exactly tau (0.99) at rel_day 87: potential IF underweighting
[2026-01-30T08:18:50.456061] High prop at exactly tau (0.99) at rel_day 88: potential IF underweighting
[2026-01-30T08:19:03.306433] High prop at exactly tau (0.99) at rel_day 89: potential IF underweighting
[2026-01-30T08:19:16.134198] High prop at exactly tau (0.99) at rel_day 90: potential IF underweighting
[2026-01-30T08:19:28.961994] High prop at exactly tau (0.99) at rel_day 91: potential IF underweighting
[2026-01-30T08:19:41.796639] High prop at exactly tau (0.99) at rel_day 92: potential IF underweighting
[2026-01-30T08:19:54.611622] High prop at exactly tau (0.99) at rel_day 93: potential IF underweighting
[2026-01-30T08:20:07.423968] High prop at exactly tau (0.99) at rel_day 94: potential IF underweighting
[2026-01-30T08:20:20.274996] High prop at exactly tau (0.99) at rel_day 95: potential IF underweighting
[2026-01-30T08:20:33.094669] High prop at exactly tau (0.99) at rel_day 96: potential IF underweighting
[2026-01-30T08:20:45.910431] High prop at exactly tau (0.99) at rel_day 97: potential IF underweighting
[2026-01-30T08:20:58.706572] High prop at exactly tau (0.99) at rel_day 98: potential IF underweighting
[2026-01-30T08:21:11.524153] High prop at exactly tau (0.99) at rel_day 99: potential IF underweighting
[2026-01-30T08:21:24.329950] High prop at exactly tau (0.98) at rel_day 100: potential IF underweighting
[2026-01-30T08:21:37.168201] High prop at exactly tau (0.98) at rel_day 101: potential IF underweighting
[2026-01-30T08:21:50.012381] High prop at exactly tau (0.98) at rel_day 102: potential IF underweighting
[2026-01-30T08:22:02.825686] High prop at exactly tau (0.98) at rel_day 103: potential IF underweighting
[2026-01-30T08:22:15.640612] High prop at exactly tau (0.98) at rel_day 104: potential IF underweighting
[2026-01-30T08:22:28.471154] High prop at exactly tau (0.98) at rel_day 105: potential IF underweighting
[2026-01-30T08:22:41.280515] High prop at exactly tau (0.98) at rel_day 106: potential IF underweighting
[2026-01-30T08:22:54.079627] High prop at exactly tau (0.98) at rel_day 107: potential IF underweighting
[2026-01-30T08:23:06.883685] High prop at exactly tau (0.98) at rel_day 108: potential IF underweighting
[2026-01-30T08:23:19.653366] High prop at exactly tau (0.98) at rel_day 109: potential IF underweighting
[2026-01-30T08:23:32.414156] High prop at exactly tau (0.98) at rel_day 110: potential IF underweighting
[2026-01-30T08:23:45.195765] High prop at exactly tau (0.98) at rel_day 111: potential IF underweighting
[2026-01-30T08:23:58.159915] High prop at exactly tau (0.98) at rel_day 112: potential IF underweighting
[2026-01-30T08:24:10.925817] High prop at exactly tau (0.98) at rel_day 113: potential IF underweighting
[2026-01-30T08:24:23.667968] High prop at exactly tau (0.98) at rel_day 114: potential IF underweighting
[2026-01-30T08:24:36.436741] High prop at exactly tau (0.98) at rel_day 115: potential IF underweighting
[2026-01-30T08:24:49.183404] High prop at exactly tau (0.98) at rel_day 116: potential IF underweighting
[2026-01-30T08:25:01.934267] High prop at exactly tau (0.98) at rel_day 117: potential IF underweighting
[2026-01-30T08:25:14.653480] High prop at exactly tau (0.98) at rel_day 118: potential IF underweighting
[2026-01-30T08:25:27.380706] High prop at exactly tau (0.98) at rel_day 119: potential IF underweighting
[2026-01-30T08:25:40.079671] High prop at exactly tau (0.98) at rel_day 120: potential IF underweighting
[2026-01-30T08:26:03.702220] RMST conditions on survival to calendar_day — deliberate for definition, see method docs.
[2026-01-30T08:26:03.932662] High prop at exactly tau (1.00) at rel_day -60: potential IF underweighting
[2026-01-30T08:26:17.912383] High prop at exactly tau (1.00) at rel_day -59: potential IF underweighting
[2026-01-30T08:26:30.898186] High prop at exactly tau (1.00) at rel_day -58: potential IF underweighting
[2026-01-30T08:26:43.896602] High prop at exactly tau (1.00) at rel_day -57: potential IF underweighting
[2026-01-30T08:26:56.870975] High prop at exactly tau (1.00) at rel_day -56: potential IF underweighting
[2026-01-30T08:27:09.876489] High prop at exactly tau (1.00) at rel_day -55: potential IF underweighting
[2026-01-30T08:27:22.874395] High prop at exactly tau (1.00) at rel_day -54: potential IF underweighting
[2026-01-30T08:27:35.840583] High prop at exactly tau (1.00) at rel_day -53: potential IF underweighting
[2026-01-30T08:27:48.841272] High prop at exactly tau (1.00) at rel_day -52: potential IF underweighting
[2026-01-30T08:28:01.837372] High prop at exactly tau (1.00) at rel_day -51: potential IF underweighting
[2026-01-30T08:28:14.815461] High prop at exactly tau (1.00) at rel_day -50: potential IF underweighting
[2026-01-30T08:28:27.803509] High prop at exactly tau (1.00) at rel_day -49: potential IF underweighting
[2026-01-30T08:28:40.785399] High prop at exactly tau (1.00) at rel_day -48: potential IF underweighting
[2026-01-30T08:28:53.783445] High prop at exactly tau (1.00) at rel_day -47: potential IF underweighting
[2026-01-30T08:29:06.783705] High prop at exactly tau (1.00) at rel_day -46: potential IF underweighting
[2026-01-30T08:29:19.794388] High prop at exactly tau (1.00) at rel_day -45: potential IF underweighting
[2026-01-30T08:29:32.794219] High prop at exactly tau (1.00) at rel_day -44: potential IF underweighting
[2026-01-30T08:29:45.806925] High prop at exactly tau (1.00) at rel_day -43: potential IF underweighting
[2026-01-30T08:29:58.828445] High prop at exactly tau (1.00) at rel_day -42: potential IF underweighting
[2026-01-30T08:30:11.863271] High prop at exactly tau (1.00) at rel_day -41: potential IF underweighting
[2026-01-30T08:30:24.881734] High prop at exactly tau (1.00) at rel_day -40: potential IF underweighting
[2026-01-30T08:30:37.862363] High prop at exactly tau (1.00) at rel_day -39: potential IF underweighting
[2026-01-30T08:30:50.848632] High prop at exactly tau (1.00) at rel_day -38: potential IF underweighting
[2026-01-30T08:31:03.823011] High prop at exactly tau (1.00) at rel_day -37: potential IF underweighting
[2026-01-30T08:31:16.815512] High prop at exactly tau (1.00) at rel_day -36: potential IF underweighting
[2026-01-30T08:31:29.806816] High prop at exactly tau (1.00) at rel_day -35: potential IF underweighting
[2026-01-30T08:31:42.788109] High prop at exactly tau (1.00) at rel_day -34: potential IF underweighting
[2026-01-30T08:31:55.774589] High prop at exactly tau (1.00) at rel_day -33: potential IF underweighting
[2026-01-30T08:32:08.755814] High prop at exactly tau (1.00) at rel_day -32: potential IF underweighting
[2026-01-30T08:32:21.743503] High prop at exactly tau (1.00) at rel_day -31: potential IF underweighting
[2026-01-30T08:32:34.711122] High prop at exactly tau (1.00) at rel_day -30: potential IF underweighting
[2026-01-30T08:32:47.705546] High prop at exactly tau (1.00) at rel_day -29: potential IF underweighting
[2026-01-30T08:33:00.709573] High prop at exactly tau (1.00) at rel_day -28: potential IF underweighting
[2026-01-30T08:33:13.701230] High prop at exactly tau (1.00) at rel_day -27: potential IF underweighting
[2026-01-30T08:33:26.734121] High prop at exactly tau (1.00) at rel_day -26: potential IF underweighting
[2026-01-30T08:33:39.752445] High prop at exactly tau (1.00) at rel_day -25: potential IF underweighting
[2026-01-30T08:33:52.746705] High prop at exactly tau (1.00) at rel_day -24: potential IF underweighting
[2026-01-30T08:34:05.735074] High prop at exactly tau (1.00) at rel_day -23: potential IF underweighting
[2026-01-30T08:34:18.761148] High prop at exactly tau (1.00) at rel_day -22: potential IF underweighting
[2026-01-30T08:34:31.757950] High prop at exactly tau (1.00) at rel_day -21: potential IF underweighting
[2026-01-30T08:34:44.754942] High prop at exactly tau (1.00) at rel_day -20: potential IF underweighting
[2026-01-30T08:34:57.787413] High prop at exactly tau (1.00) at rel_day -19: potential IF underweighting
[2026-01-30T08:35:10.800664] High prop at exactly tau (1.00) at rel_day -18: potential IF underweighting
[2026-01-30T08:35:23.836402] High prop at exactly tau (1.00) at rel_day -17: potential IF underweighting
[2026-01-30T08:35:36.848807] High prop at exactly tau (1.00) at rel_day -16: potential IF underweighting
[2026-01-30T08:35:49.857608] High prop at exactly tau (1.00) at rel_day -15: potential IF underweighting
[2026-01-30T08:36:02.856331] High prop at exactly tau (1.00) at rel_day -14: potential IF underweighting
[2026-01-30T08:36:15.875076] High prop at exactly tau (1.00) at rel_day -13: potential IF underweighting
[2026-01-30T08:36:28.947592] High prop at exactly tau (1.00) at rel_day -12: potential IF underweighting
[2026-01-30T08:36:41.992515] High prop at exactly tau (1.00) at rel_day -11: potential IF underweighting
[2026-01-30T08:36:55.198319] High prop at exactly tau (1.00) at rel_day -10: potential IF underweighting
[2026-01-30T08:37:08.267070] High prop at exactly tau (1.00) at rel_day -9: potential IF underweighting
[2026-01-30T08:37:21.411523] High prop at exactly tau (1.00) at rel_day -8: potential IF underweighting
[2026-01-30T08:37:34.435690] High prop at exactly tau (1.00) at rel_day -7: potential IF underweighting
[2026-01-30T08:37:47.510204] High prop at exactly tau (1.00) at rel_day -6: potential IF underweighting
[2026-01-30T08:38:00.543049] High prop at exactly tau (1.00) at rel_day -5: potential IF underweighting
[2026-01-30T08:38:13.560638] High prop at exactly tau (1.00) at rel_day -4: potential IF underweighting
[2026-01-30T08:38:26.576922] High prop at exactly tau (1.00) at rel_day -3: potential IF underweighting
[2026-01-30T08:38:40.010223] High prop at exactly tau (1.00) at rel_day -2: potential IF underweighting
[2026-01-30T08:38:54.212694] High prop at exactly tau (1.00) at rel_day -1: potential IF underweighting
[2026-01-30T08:39:13.524026] High prop at exactly tau (1.00) at rel_day 0: potential IF underweighting
[2026-01-30T08:39:32.967959] High prop at exactly tau (1.00) at rel_day 1: potential IF underweighting
[2026-01-30T08:39:51.743055] High prop at exactly tau (1.00) at rel_day 2: potential IF underweighting
[2026-01-30T08:40:10.975196] High prop at exactly tau (1.00) at rel_day 3: potential IF underweighting
[2026-01-30T08:40:28.878027] High prop at exactly tau (1.00) at rel_day 4: potential IF underweighting
[2026-01-30T08:40:48.050058] High prop at exactly tau (1.00) at rel_day 5: potential IF underweighting
[2026-01-30T08:41:07.408601] High prop at exactly tau (1.00) at rel_day 6: potential IF underweighting
[2026-01-30T08:41:26.081811] High prop at exactly tau (1.00) at rel_day 7: potential IF underweighting
[2026-01-30T08:41:44.880144] High prop at exactly tau (1.00) at rel_day 8: potential IF underweighting
[2026-01-30T08:42:04.072005] High prop at exactly tau (1.00) at rel_day 9: potential IF underweighting
[2026-01-30T08:42:23.231913] High prop at exactly tau (1.00) at rel_day 10: potential IF underweighting
[2026-01-30T08:42:42.984730] High prop at exactly tau (1.00) at rel_day 11: potential IF underweighting
[2026-01-30T08:43:01.639503] High prop at exactly tau (1.00) at rel_day 12: potential IF underweighting
[2026-01-30T08:43:20.649693] High prop at exactly tau (1.00) at rel_day 13: potential IF underweighting
[2026-01-30T08:43:39.238443] High prop at exactly tau (1.00) at rel_day 14: potential IF underweighting
[2026-01-30T08:43:58.197654] High prop at exactly tau (1.00) at rel_day 15: potential IF underweighting
[2026-01-30T08:44:16.826865] High prop at exactly tau (1.00) at rel_day 16: potential IF underweighting
[2026-01-30T08:44:36.655278] High prop at exactly tau (1.00) at rel_day 17: potential IF underweighting
[2026-01-30T08:44:55.409590] High prop at exactly tau (1.00) at rel_day 18: potential IF underweighting
[2026-01-30T08:45:14.984099] High prop at exactly tau (1.00) at rel_day 19: potential IF underweighting
[2026-01-30T08:45:34.862565] High prop at exactly tau (1.00) at rel_day 20: potential IF underweighting
[2026-01-30T08:45:54.741556] High prop at exactly tau (1.00) at rel_day 21: potential IF underweighting
[2026-01-30T08:46:13.353295] High prop at exactly tau (1.00) at rel_day 22: potential IF underweighting
[2026-01-30T08:46:32.805232] High prop at exactly tau (1.00) at rel_day 23: potential IF underweighting
[2026-01-30T08:46:52.394941] High prop at exactly tau (1.00) at rel_day 24: potential IF underweighting
[2026-01-30T08:47:11.568566] High prop at exactly tau (1.00) at rel_day 25: potential IF underweighting
[2026-01-30T08:47:30.839493] High prop at exactly tau (1.00) at rel_day 26: potential IF underweighting
[2026-01-30T08:47:50.718207] High prop at exactly tau (1.00) at rel_day 27: potential IF underweighting
[2026-01-30T08:48:09.024918] High prop at exactly tau (1.00) at rel_day 28: potential IF underweighting
[2026-01-30T08:48:21.996613] High prop at exactly tau (1.00) at rel_day 29: potential IF underweighting
[2026-01-30T08:48:34.950033] High prop at exactly tau (1.00) at rel_day 30: potential IF underweighting
[2026-01-30T08:48:47.931071] High prop at exactly tau (1.00) at rel_day 31: potential IF underweighting
[2026-01-30T08:49:00.910868] High prop at exactly tau (1.00) at rel_day 32: potential IF underweighting
[2026-01-30T08:49:13.886594] High prop at exactly tau (1.00) at rel_day 33: potential IF underweighting
[2026-01-30T08:49:26.837133] High prop at exactly tau (1.00) at rel_day 34: potential IF underweighting
[2026-01-30T08:49:39.786055] High prop at exactly tau (1.00) at rel_day 35: potential IF underweighting
[2026-01-30T08:49:52.744508] High prop at exactly tau (1.00) at rel_day 36: potential IF underweighting
[2026-01-30T08:50:05.741317] High prop at exactly tau (1.00) at rel_day 37: potential IF underweighting
[2026-01-30T08:50:18.703589] High prop at exactly tau (1.00) at rel_day 38: potential IF underweighting
[2026-01-30T08:50:31.762682] High prop at exactly tau (1.00) at rel_day 39: potential IF underweighting
[2026-01-30T08:50:44.712297] High prop at exactly tau (1.00) at rel_day 40: potential IF underweighting
[2026-01-30T08:50:57.649199] High prop at exactly tau (1.00) at rel_day 41: potential IF underweighting
[2026-01-30T08:51:10.589897] High prop at exactly tau (1.00) at rel_day 42: potential IF underweighting
[2026-01-30T08:51:23.521675] High prop at exactly tau (1.00) at rel_day 43: potential IF underweighting
[2026-01-30T08:51:36.484253] High prop at exactly tau (1.00) at rel_day 44: potential IF underweighting
[2026-01-30T08:51:49.449094] High prop at exactly tau (1.00) at rel_day 45: potential IF underweighting
[2026-01-30T08:52:02.379760] High prop at exactly tau (1.00) at rel_day 46: potential IF underweighting
[2026-01-30T08:52:15.316761] High prop at exactly tau (1.00) at rel_day 47: potential IF underweighting
[2026-01-30T08:52:28.287992] High prop at exactly tau (1.00) at rel_day 48: potential IF underweighting
[2026-01-30T08:52:41.238943] High prop at exactly tau (1.00) at rel_day 49: potential IF underweighting
[2026-01-30T08:52:54.178598] High prop at exactly tau (1.00) at rel_day 50: potential IF underweighting
[2026-01-30T08:53:07.141920] High prop at exactly tau (1.00) at rel_day 51: potential IF underweighting
[2026-01-30T08:53:20.075967] High prop at exactly tau (0.99) at rel_day 52: potential IF underweighting
[2026-01-30T08:53:32.984891] High prop at exactly tau (0.99) at rel_day 53: potential IF underweighting
[2026-01-30T08:53:45.894423] High prop at exactly tau (0.99) at rel_day 54: potential IF underweighting
[2026-01-30T08:53:58.852583] High prop at exactly tau (0.99) at rel_day 55: potential IF underweighting
[2026-01-30T08:54:11.777319] High prop at exactly tau (0.99) at rel_day 56: potential IF underweighting
[2026-01-30T08:54:24.708605] High prop at exactly tau (0.99) at rel_day 57: potential IF underweighting
[2026-01-30T08:54:37.648686] High prop at exactly tau (0.99) at rel_day 58: potential IF underweighting
[2026-01-30T08:54:50.532048] High prop at exactly tau (0.99) at rel_day 59: potential IF underweighting
[2026-01-30T08:55:03.433615] High prop at exactly tau (0.99) at rel_day 60: potential IF underweighting
[2026-01-30T08:55:16.349037] High prop at exactly tau (0.99) at rel_day 61: potential IF underweighting
[2026-01-30T08:55:29.240185] High prop at exactly tau (0.99) at rel_day 62: potential IF underweighting
[2026-01-30T08:55:42.122894] High prop at exactly tau (0.99) at rel_day 63: potential IF underweighting
[2026-01-30T08:55:55.026500] High prop at exactly tau (0.99) at rel_day 64: potential IF underweighting
[2026-01-30T08:56:07.961125] High prop at exactly tau (0.99) at rel_day 65: potential IF underweighting
[2026-01-30T08:56:20.843657] High prop at exactly tau (0.99) at rel_day 66: potential IF underweighting
[2026-01-30T08:56:33.763049] High prop at exactly tau (0.99) at rel_day 67: potential IF underweighting
[2026-01-30T08:56:46.659729] High prop at exactly tau (0.99) at rel_day 68: potential IF underweighting
[2026-01-30T08:56:59.537774] High prop at exactly tau (0.99) at rel_day 69: potential IF underweighting
[2026-01-30T08:57:12.404284] High prop at exactly tau (0.99) at rel_day 70: potential IF underweighting
[2026-01-30T08:57:25.293618] High prop at exactly tau (0.99) at rel_day 71: potential IF underweighting
[2026-01-30T08:57:38.170044] High prop at exactly tau (0.99) at rel_day 72: potential IF underweighting
[2026-01-30T08:57:51.074171] High prop at exactly tau (0.99) at rel_day 73: potential IF underweighting
[2026-01-30T08:58:03.988667] High prop at exactly tau (0.99) at rel_day 74: potential IF underweighting
[2026-01-30T08:58:16.907427] High prop at exactly tau (0.99) at rel_day 75: potential IF underweighting
[2026-01-30T08:58:29.789681] High prop at exactly tau (0.99) at rel_day 76: potential IF underweighting
[2026-01-30T08:58:42.686892] High prop at exactly tau (0.99) at rel_day 77: potential IF underweighting
[2026-01-30T08:58:55.573160] High prop at exactly tau (0.99) at rel_day 78: potential IF underweighting
[2026-01-30T08:59:08.455851] High prop at exactly tau (0.99) at rel_day 79: potential IF underweighting
[2026-01-30T08:59:21.312284] High prop at exactly tau (0.99) at rel_day 80: potential IF underweighting
[2026-01-30T08:59:34.173102] High prop at exactly tau (0.99) at rel_day 81: potential IF underweighting
[2026-01-30T08:59:47.040415] High prop at exactly tau (0.99) at rel_day 82: potential IF underweighting
[2026-01-30T08:59:59.877197] High prop at exactly tau (0.99) at rel_day 83: potential IF underweighting
[2026-01-30T09:00:12.738842] High prop at exactly tau (0.99) at rel_day 84: potential IF underweighting
[2026-01-30T09:00:25.577170] High prop at exactly tau (0.99) at rel_day 85: potential IF underweighting
[2026-01-30T09:00:38.429790] High prop at exactly tau (0.99) at rel_day 86: potential IF underweighting
[2026-01-30T09:00:51.274630] High prop at exactly tau (0.99) at rel_day 87: potential IF underweighting
[2026-01-30T09:01:04.121494] High prop at exactly tau (0.99) at rel_day 88: potential IF underweighting
[2026-01-30T09:01:16.963348] High prop at exactly tau (0.99) at rel_day 89: potential IF underweighting
[2026-01-30T09:01:29.804922] High prop at exactly tau (0.99) at rel_day 90: potential IF underweighting
[2026-01-30T09:01:42.659711] High prop at exactly tau (0.99) at rel_day 91: potential IF underweighting
[2026-01-30T09:01:55.531702] High prop at exactly tau (0.99) at rel_day 92: potential IF underweighting
[2026-01-30T09:02:08.346930] High prop at exactly tau (0.99) at rel_day 93: potential IF underweighting
[2026-01-30T09:02:21.233141] High prop at exactly tau (0.99) at rel_day 94: potential IF underweighting
[2026-01-30T09:02:34.029420] High prop at exactly tau (0.99) at rel_day 95: potential IF underweighting
[2026-01-30T09:02:46.853456] High prop at exactly tau (0.99) at rel_day 96: potential IF underweighting
[2026-01-30T09:02:59.658795] High prop at exactly tau (0.99) at rel_day 97: potential IF underweighting
[2026-01-30T09:03:12.902719] High prop at exactly tau (0.99) at rel_day 98: potential IF underweighting
[2026-01-30T09:03:25.686178] High prop at exactly tau (0.99) at rel_day 99: potential IF underweighting
[2026-01-30T09:03:38.484776] High prop at exactly tau (0.98) at rel_day 100: potential IF underweighting
[2026-01-30T09:03:51.317800] High prop at exactly tau (0.98) at rel_day 101: potential IF underweighting
[2026-01-30T09:04:04.120520] High prop at exactly tau (0.98) at rel_day 102: potential IF underweighting
[2026-01-30T09:04:16.915441] High prop at exactly tau (0.98) at rel_day 103: potential IF underweighting
[2026-01-30T09:04:29.698877] High prop at exactly tau (0.98) at rel_day 104: potential IF underweighting
[2026-01-30T09:04:42.494266] High prop at exactly tau (0.98) at rel_day 105: potential IF underweighting
[2026-01-30T09:04:55.258836] High prop at exactly tau (0.98) at rel_day 106: potential IF underweighting
[2026-01-30T09:05:08.024954] High prop at exactly tau (0.98) at rel_day 107: potential IF underweighting
[2026-01-30T09:05:20.826272] High prop at exactly tau (0.98) at rel_day 108: potential IF underweighting
[2026-01-30T09:05:33.613705] High prop at exactly tau (0.98) at rel_day 109: potential IF underweighting
[2026-01-30T09:05:46.404419] High prop at exactly tau (0.98) at rel_day 110: potential IF underweighting
[2026-01-30T09:05:59.198275] High prop at exactly tau (0.98) at rel_day 111: potential IF underweighting
[2026-01-30T09:06:11.982643] High prop at exactly tau (0.98) at rel_day 112: potential IF underweighting
[2026-01-30T09:06:24.738378] High prop at exactly tau (0.98) at rel_day 113: potential IF underweighting
[2026-01-30T09:06:37.524269] High prop at exactly tau (0.98) at rel_day 114: potential IF underweighting
[2026-01-30T09:06:50.312525] High prop at exactly tau (0.98) at rel_day 115: potential IF underweighting
[2026-01-30T09:07:03.090152] High prop at exactly tau (0.98) at rel_day 116: potential IF underweighting
[2026-01-30T09:07:15.850154] High prop at exactly tau (0.98) at rel_day 117: potential IF underweighting
[2026-01-30T09:07:28.620762] High prop at exactly tau (0.98) at rel_day 118: potential IF underweighting
[2026-01-30T09:07:41.369078] High prop at exactly tau (0.98) at rel_day 119: potential IF underweighting
[2026-01-30T09:07:54.133395] High prop at exactly tau (0.98) at rel_day 120: potential IF underweighting
[2026-01-30T09:08:17.135263] RMST conditions on survival to calendar_day — deliberate for definition, see method docs.
[2026-01-30T09:08:17.390175] High prop at exactly tau (1.00) at rel_day -60: potential IF underweighting
[2026-01-30T09:08:32.111223] High prop at exactly tau (1.00) at rel_day -59: potential IF underweighting
[2026-01-30T09:08:45.157280] High prop at exactly tau (1.00) at rel_day -58: potential IF underweighting
[2026-01-30T09:08:58.402942] High prop at exactly tau (1.00) at rel_day -57: potential IF underweighting
[2026-01-30T09:09:11.432495] High prop at exactly tau (1.00) at rel_day -56: potential IF underweighting
[2026-01-30T09:09:24.434231] High prop at exactly tau (1.00) at rel_day -55: potential IF underweighting
[2026-01-30T09:09:37.407024] High prop at exactly tau (1.00) at rel_day -54: potential IF underweighting
[2026-01-30T09:09:50.377442] High prop at exactly tau (1.00) at rel_day -53: potential IF underweighting
[2026-01-30T09:10:03.373716] High prop at exactly tau (1.00) at rel_day -52: potential IF underweighting
[2026-01-30T09:10:16.483956] High prop at exactly tau (1.00) at rel_day -51: potential IF underweighting
[2026-01-30T09:10:29.476311] High prop at exactly tau (1.00) at rel_day -50: potential IF underweighting
[2026-01-30T09:10:42.483747] High prop at exactly tau (1.00) at rel_day -49: potential IF underweighting
[2026-01-30T09:10:55.519817] High prop at exactly tau (1.00) at rel_day -48: potential IF underweighting
[2026-01-30T09:11:08.503931] High prop at exactly tau (1.00) at rel_day -47: potential IF underweighting
[2026-01-30T09:11:21.472446] High prop at exactly tau (1.00) at rel_day -46: potential IF underweighting
[2026-01-30T09:11:34.424821] High prop at exactly tau (1.00) at rel_day -45: potential IF underweighting
[2026-01-30T09:11:47.427865] High prop at exactly tau (1.00) at rel_day -44: potential IF underweighting
[2026-01-30T09:12:00.414429] High prop at exactly tau (1.00) at rel_day -43: potential IF underweighting
[2026-01-30T09:12:13.387307] High prop at exactly tau (1.00) at rel_day -42: potential IF underweighting
[2026-01-30T09:12:26.364103] High prop at exactly tau (1.00) at rel_day -41: potential IF underweighting
[2026-01-30T09:12:39.384107] High prop at exactly tau (1.00) at rel_day -40: potential IF underweighting
[2026-01-30T09:12:52.374835] High prop at exactly tau (1.00) at rel_day -39: potential IF underweighting
[2026-01-30T09:13:05.373875] High prop at exactly tau (1.00) at rel_day -38: potential IF underweighting
[2026-01-30T09:13:18.358287] High prop at exactly tau (1.00) at rel_day -37: potential IF underweighting
[2026-01-30T09:13:31.331369] High prop at exactly tau (1.00) at rel_day -36: potential IF underweighting
[2026-01-30T09:13:44.441011] High prop at exactly tau (1.00) at rel_day -35: potential IF underweighting
[2026-01-30T09:13:57.417655] High prop at exactly tau (1.00) at rel_day -34: potential IF underweighting
[2026-01-30T09:14:10.415888] High prop at exactly tau (1.00) at rel_day -33: potential IF underweighting
[2026-01-30T09:14:23.411623] High prop at exactly tau (1.00) at rel_day -32: potential IF underweighting
[2026-01-30T09:14:36.406804] High prop at exactly tau (1.00) at rel_day -31: potential IF underweighting
[2026-01-30T09:14:49.426645] High prop at exactly tau (1.00) at rel_day -30: potential IF underweighting
[2026-01-30T09:15:02.474966] High prop at exactly tau (1.00) at rel_day -29: potential IF underweighting
[2026-01-30T09:15:15.475918] High prop at exactly tau (1.00) at rel_day -28: potential IF underweighting
[2026-01-30T09:15:28.483430] High prop at exactly tau (1.00) at rel_day -27: potential IF underweighting
[2026-01-30T09:15:41.462873] High prop at exactly tau (1.00) at rel_day -26: potential IF underweighting
[2026-01-30T09:15:54.435009] High prop at exactly tau (1.00) at rel_day -25: potential IF underweighting
[2026-01-30T09:16:07.414309] High prop at exactly tau (1.00) at rel_day -24: potential IF underweighting
[2026-01-30T09:16:20.415855] High prop at exactly tau (1.00) at rel_day -23: potential IF underweighting
[2026-01-30T09:16:33.423627] High prop at exactly tau (1.00) at rel_day -22: potential IF underweighting
[2026-01-30T09:16:46.438444] High prop at exactly tau (1.00) at rel_day -21: potential IF underweighting
[2026-01-30T09:16:59.437224] High prop at exactly tau (1.00) at rel_day -20: potential IF underweighting
[2026-01-30T09:17:12.433964] High prop at exactly tau (1.00) at rel_day -19: potential IF underweighting
[2026-01-30T09:17:25.458276] High prop at exactly tau (1.00) at rel_day -18: potential IF underweighting
[2026-01-30T09:17:38.460193] High prop at exactly tau (1.00) at rel_day -17: potential IF underweighting
[2026-01-30T09:17:51.463985] High prop at exactly tau (1.00) at rel_day -16: potential IF underweighting
[2026-01-30T09:18:04.459374] High prop at exactly tau (1.00) at rel_day -15: potential IF underweighting
[2026-01-30T09:18:19.325424] High prop at exactly tau (1.00) at rel_day -14: potential IF underweighting
[2026-01-30T09:18:32.327378] High prop at exactly tau (1.00) at rel_day -13: potential IF underweighting
[2026-01-30T09:18:45.315220] High prop at exactly tau (1.00) at rel_day -12: potential IF underweighting
[2026-01-30T09:18:58.342458] High prop at exactly tau (1.00) at rel_day -11: potential IF underweighting
[2026-01-30T09:19:11.359389] High prop at exactly tau (1.00) at rel_day -10: potential IF underweighting
[2026-01-30T09:19:24.365434] High prop at exactly tau (1.00) at rel_day -9: potential IF underweighting
[2026-01-30T09:19:37.399106] High prop at exactly tau (1.00) at rel_day -8: potential IF underweighting
[2026-01-30T09:19:50.377367] High prop at exactly tau (1.00) at rel_day -7: potential IF underweighting
[2026-01-30T09:20:03.384675] High prop at exactly tau (1.00) at rel_day -6: potential IF underweighting
[2026-01-30T09:20:16.514816] High prop at exactly tau (1.00) at rel_day -5: potential IF underweighting
[2026-01-30T09:20:29.554814] High prop at exactly tau (1.00) at rel_day -4: potential IF underweighting
[2026-01-30T09:20:42.555798] High prop at exactly tau (1.00) at rel_day -3: potential IF underweighting
[2026-01-30T09:20:55.553750] High prop at exactly tau (1.00) at rel_day -2: potential IF underweighting
[2026-01-30T09:21:08.562226] High prop at exactly tau (1.00) at rel_day -1: potential IF underweighting
[2026-01-30T09:21:21.551820] High prop at exactly tau (1.00) at rel_day 0: potential IF underweighting
[2026-01-30T09:21:34.518594] High prop at exactly tau (1.00) at rel_day 1: potential IF underweighting
[2026-01-30T09:21:47.569594] High prop at exactly tau (1.00) at rel_day 2: potential IF underweighting
[2026-01-30T09:22:00.571046] High prop at exactly tau (1.00) at rel_day 3: potential IF underweighting
[2026-01-30T09:22:13.570346] High prop at exactly tau (1.00) at rel_day 4: potential IF underweighting
[2026-01-30T09:22:26.599158] High prop at exactly tau (1.00) at rel_day 5: potential IF underweighting
[2026-01-30T09:22:39.614495] High prop at exactly tau (1.00) at rel_day 6: potential IF underweighting
[2026-01-30T09:22:52.627818] High prop at exactly tau (1.00) at rel_day 7: potential IF underweighting
[2026-01-30T09:23:05.657660] High prop at exactly tau (1.00) at rel_day 8: potential IF underweighting
[2026-01-30T09:23:18.683897] High prop at exactly tau (1.00) at rel_day 9: potential IF underweighting
[2026-01-30T09:23:31.672603] High prop at exactly tau (1.00) at rel_day 10: potential IF underweighting
[2026-01-30T09:23:44.675179] High prop at exactly tau (1.00) at rel_day 11: potential IF underweighting
[2026-01-30T09:23:57.677563] High prop at exactly tau (1.00) at rel_day 12: potential IF underweighting
[2026-01-30T09:24:10.700162] High prop at exactly tau (1.00) at rel_day 13: potential IF underweighting
[2026-01-30T09:24:23.701347] High prop at exactly tau (1.00) at rel_day 14: potential IF underweighting
[2026-01-30T09:24:36.715716] High prop at exactly tau (1.00) at rel_day 15: potential IF underweighting
[2026-01-30T09:24:49.710727] High prop at exactly tau (1.00) at rel_day 16: potential IF underweighting
[2026-01-30T09:25:02.682811] High prop at exactly tau (1.00) at rel_day 17: potential IF underweighting
[2026-01-30T09:25:15.670749] High prop at exactly tau (1.00) at rel_day 18: potential IF underweighting
[2026-01-30T09:25:28.661643] High prop at exactly tau (1.00) at rel_day 19: potential IF underweighting
[2026-01-30T09:25:41.629026] High prop at exactly tau (1.00) at rel_day 20: potential IF underweighting
[2026-01-30T09:25:54.586510] High prop at exactly tau (1.00) at rel_day 21: potential IF underweighting
[2026-01-30T09:26:07.568785] High prop at exactly tau (1.00) at rel_day 22: potential IF underweighting
[2026-01-30T09:26:20.567549] High prop at exactly tau (1.00) at rel_day 23: potential IF underweighting
[2026-01-30T09:26:33.569603] High prop at exactly tau (1.00) at rel_day 24: potential IF underweighting
[2026-01-30T09:26:46.562125] High prop at exactly tau (1.00) at rel_day 25: potential IF underweighting
[2026-01-30T09:26:59.525667] High prop at exactly tau (1.00) at rel_day 26: potential IF underweighting
[2026-01-30T09:27:12.501113] High prop at exactly tau (1.00) at rel_day 27: potential IF underweighting
[2026-01-30T09:27:25.485737] High prop at exactly tau (1.00) at rel_day 28: potential IF underweighting
[2026-01-30T09:27:38.453524] High prop at exactly tau (1.00) at rel_day 29: potential IF underweighting
[2026-01-30T09:27:51.444799] High prop at exactly tau (1.00) at rel_day 30: potential IF underweighting
[2026-01-30T09:28:04.412713] High prop at exactly tau (1.00) at rel_day 31: potential IF underweighting
[2026-01-30T09:28:17.348699] High prop at exactly tau (1.00) at rel_day 32: potential IF underweighting
[2026-01-30T09:28:30.325110] High prop at exactly tau (1.00) at rel_day 33: potential IF underweighting
[2026-01-30T09:28:43.310745] High prop at exactly tau (1.00) at rel_day 34: potential IF underweighting
[2026-01-30T09:28:56.272254] High prop at exactly tau (1.00) at rel_day 35: potential IF underweighting
[2026-01-30T09:29:09.244892] High prop at exactly tau (1.00) at rel_day 36: potential IF underweighting
[2026-01-30T09:29:22.228198] High prop at exactly tau (1.00) at rel_day 37: potential IF underweighting
[2026-01-30T09:29:35.168353] High prop at exactly tau (1.00) at rel_day 38: potential IF underweighting
[2026-01-30T09:29:48.110191] High prop at exactly tau (1.00) at rel_day 39: potential IF underweighting
[2026-01-30T09:30:01.050980] High prop at exactly tau (1.00) at rel_day 40: potential IF underweighting
[2026-01-30T09:30:14.021633] High prop at exactly tau (1.00) at rel_day 41: potential IF underweighting
[2026-01-30T09:30:26.962707] High prop at exactly tau (1.00) at rel_day 42: potential IF underweighting
[2026-01-30T09:30:39.922092] High prop at exactly tau (1.00) at rel_day 43: potential IF underweighting
[2026-01-30T09:30:52.894695] High prop at exactly tau (1.00) at rel_day 44: potential IF underweighting
[2026-01-30T09:31:05.848185] High prop at exactly tau (1.00) at rel_day 45: potential IF underweighting
[2026-01-30T09:31:18.792541] High prop at exactly tau (1.00) at rel_day 46: potential IF underweighting
[2026-01-30T09:31:31.717314] High prop at exactly tau (1.00) at rel_day 47: potential IF underweighting
[2026-01-30T09:31:44.619991] High prop at exactly tau (1.00) at rel_day 48: potential IF underweighting
[2026-01-30T09:31:57.519513] High prop at exactly tau (1.00) at rel_day 49: potential IF underweighting
[2026-01-30T09:32:10.421429] High prop at exactly tau (1.00) at rel_day 50: potential IF underweighting
[2026-01-30T09:32:23.380337] High prop at exactly tau (1.00) at rel_day 51: potential IF underweighting
[2026-01-30T09:32:36.305660] High prop at exactly tau (1.00) at rel_day 52: potential IF underweighting
[2026-01-30T09:32:49.204955] High prop at exactly tau (0.99) at rel_day 53: potential IF underweighting
[2026-01-30T09:33:02.122381] High prop at exactly tau (0.99) at rel_day 54: potential IF underweighting
[2026-01-30T09:33:15.075898] High prop at exactly tau (0.99) at rel_day 55: potential IF underweighting
[2026-01-30T09:33:28.289549] High prop at exactly tau (0.99) at rel_day 56: potential IF underweighting
[2026-01-30T09:33:41.206402] High prop at exactly tau (0.99) at rel_day 57: potential IF underweighting
[2026-01-30T09:33:54.138711] High prop at exactly tau (0.99) at rel_day 58: potential IF underweighting
[2026-01-30T09:34:07.062103] High prop at exactly tau (0.99) at rel_day 59: potential IF underweighting
[2026-01-30T09:34:19.962698] High prop at exactly tau (0.99) at rel_day 60: potential IF underweighting
[2026-01-30T09:34:32.858886] High prop at exactly tau (0.99) at rel_day 61: potential IF underweighting
[2026-01-30T09:34:45.777996] High prop at exactly tau (0.99) at rel_day 62: potential IF underweighting
[2026-01-30T09:34:58.691814] High prop at exactly tau (0.99) at rel_day 63: potential IF underweighting
[2026-01-30T09:35:11.592577] High prop at exactly tau (0.99) at rel_day 64: potential IF underweighting
[2026-01-30T09:35:24.535724] High prop at exactly tau (0.99) at rel_day 65: potential IF underweighting
[2026-01-30T09:35:37.448224] High prop at exactly tau (0.99) at rel_day 66: potential IF underweighting
[2026-01-30T09:35:50.345609] High prop at exactly tau (0.99) at rel_day 67: potential IF underweighting
[2026-01-30T09:36:03.223436] High prop at exactly tau (0.99) at rel_day 68: potential IF underweighting
[2026-01-30T09:36:16.128901] High prop at exactly tau (0.99) at rel_day 69: potential IF underweighting
[2026-01-30T09:36:29.127839] High prop at exactly tau (0.99) at rel_day 70: potential IF underweighting
[2026-01-30T09:36:42.078672] High prop at exactly tau (0.99) at rel_day 71: potential IF underweighting
[2026-01-30T09:36:55.215404] High prop at exactly tau (0.99) at rel_day 72: potential IF underweighting
[2026-01-30T09:37:08.179496] High prop at exactly tau (0.99) at rel_day 73: potential IF underweighting
[2026-01-30T09:37:21.190204] High prop at exactly tau (0.99) at rel_day 74: potential IF underweighting
[2026-01-30T09:37:34.101784] High prop at exactly tau (0.99) at rel_day 75: potential IF underweighting
[2026-01-30T09:37:47.026397] High prop at exactly tau (0.99) at rel_day 76: potential IF underweighting
[2026-01-30T09:37:59.915672] High prop at exactly tau (0.99) at rel_day 77: potential IF underweighting
[2026-01-30T09:38:12.794075] High prop at exactly tau (0.99) at rel_day 78: potential IF underweighting
[2026-01-30T09:38:25.670392] High prop at exactly tau (0.99) at rel_day 79: potential IF underweighting
[2026-01-30T09:38:38.824038] High prop at exactly tau (0.99) at rel_day 80: potential IF underweighting
[2026-01-30T09:38:51.712455] High prop at exactly tau (0.99) at rel_day 81: potential IF underweighting
[2026-01-30T09:39:04.588845] High prop at exactly tau (0.99) at rel_day 82: potential IF underweighting
[2026-01-30T09:39:17.451166] High prop at exactly tau (0.99) at rel_day 83: potential IF underweighting
[2026-01-30T09:39:30.338911] High prop at exactly tau (0.99) at rel_day 84: potential IF underweighting
[2026-01-30T09:39:43.198884] High prop at exactly tau (0.99) at rel_day 85: potential IF underweighting
[2026-01-30T09:39:56.059957] High prop at exactly tau (0.99) at rel_day 86: potential IF underweighting
[2026-01-30T09:40:08.923363] High prop at exactly tau (0.99) at rel_day 87: potential IF underweighting
[2026-01-30T09:40:21.767380] High prop at exactly tau (0.99) at rel_day 88: potential IF underweighting
[2026-01-30T09:40:34.588883] High prop at exactly tau (0.99) at rel_day 89: potential IF underweighting
[2026-01-30T09:40:47.429184] High prop at exactly tau (0.99) at rel_day 90: potential IF underweighting
[2026-01-30T09:41:00.241779] High prop at exactly tau (0.99) at rel_day 91: potential IF underweighting
[2026-01-30T09:41:13.046325] High prop at exactly tau (0.99) at rel_day 92: potential IF underweighting
[2026-01-30T09:41:25.868318] High prop at exactly tau (0.99) at rel_day 93: potential IF underweighting
[2026-01-30T09:41:39.083111] High prop at exactly tau (0.99) at rel_day 94: potential IF underweighting
[2026-01-30T09:41:53.549470] High prop at exactly tau (0.99) at rel_day 95: potential IF underweighting
[2026-01-30T09:42:06.616933] High prop at exactly tau (0.99) at rel_day 96: potential IF underweighting
[2026-01-30T09:42:19.413644] High prop at exactly tau (0.99) at rel_day 97: potential IF underweighting
[2026-01-30T09:42:32.222278] High prop at exactly tau (0.99) at rel_day 98: potential IF underweighting
[2026-01-30T09:42:45.085112] High prop at exactly tau (0.99) at rel_day 99: potential IF underweighting
[2026-01-30T09:42:57.916036] High prop at exactly tau (0.99) at rel_day 100: potential IF underweighting
[2026-01-30T09:43:10.724577] High prop at exactly tau (0.98) at rel_day 101: potential IF underweighting
[2026-01-30T09:43:23.544022] High prop at exactly tau (0.98) at rel_day 102: potential IF underweighting
[2026-01-30T09:43:36.375539] High prop at exactly tau (0.98) at rel_day 103: potential IF underweighting
[2026-01-30T09:43:49.198246] High prop at exactly tau (0.98) at rel_day 104: potential IF underweighting
[2026-01-30T09:44:02.015770] High prop at exactly tau (0.98) at rel_day 105: potential IF underweighting
[2026-01-30T09:44:14.832264] High prop at exactly tau (0.98) at rel_day 106: potential IF underweighting
[2026-01-30T09:44:27.600818] High prop at exactly tau (0.98) at rel_day 107: potential IF underweighting
[2026-01-30T09:44:40.382766] High prop at exactly tau (0.98) at rel_day 108: potential IF underweighting
[2026-01-30T09:44:53.159754] High prop at exactly tau (0.98) at rel_day 109: potential IF underweighting
[2026-01-30T09:45:05.940203] High prop at exactly tau (0.98) at rel_day 110: potential IF underweighting
[2026-01-30T09:45:18.740120] High prop at exactly tau (0.98) at rel_day 111: potential IF underweighting
[2026-01-30T09:45:31.483921] High prop at exactly tau (0.98) at rel_day 112: potential IF underweighting
[2026-01-30T09:45:44.278270] High prop at exactly tau (0.98) at rel_day 113: potential IF underweighting
[2026-01-30T09:45:57.022703] High prop at exactly tau (0.98) at rel_day 114: potential IF underweighting
[2026-01-30T09:46:09.747912] High prop at exactly tau (0.98) at rel_day 115: potential IF underweighting
[2026-01-30T09:46:22.463459] High prop at exactly tau (0.98) at rel_day 116: potential IF underweighting
[2026-01-30T09:46:35.187750] High prop at exactly tau (0.98) at rel_day 117: potential IF underweighting
[2026-01-30T09:46:47.891359] High prop at exactly tau (0.98) at rel_day 118: potential IF underweighting
[2026-01-30T09:47:00.608013] High prop at exactly tau (0.98) at rel_day 119: potential IF underweighting
[2026-01-30T09:47:13.304028] High prop at exactly tau (0.98) at rel_day 120: potential IF underweighting
[2026-01-30T09:47:36.831343] RMST conditions on survival to calendar_day — deliberate for definition, see method docs.
[2026-01-30T09:47:37.079903] High prop at exactly tau (1.00) at rel_day -60: potential IF underweighting
[2026-01-30T09:47:51.587126] High prop at exactly tau (1.00) at rel_day -59: potential IF underweighting
[2026-01-30T09:48:04.571162] High prop at exactly tau (1.00) at rel_day -58: potential IF underweighting
[2026-01-30T09:48:17.538660] High prop at exactly tau (1.00) at rel_day -57: potential IF underweighting
[2026-01-30T09:48:32.070099] High prop at exactly tau (1.00) at rel_day -56: potential IF underweighting
[2026-01-30T09:48:45.043748] High prop at exactly tau (1.00) at rel_day -55: potential IF underweighting
[2026-01-30T09:48:58.045905] High prop at exactly tau (1.00) at rel_day -54: potential IF underweighting
[2026-01-30T09:49:11.289830] High prop at exactly tau (1.00) at rel_day -53: potential IF underweighting
[2026-01-30T09:49:24.276283] High prop at exactly tau (1.00) at rel_day -52: potential IF underweighting
[2026-01-30T09:49:37.238831] High prop at exactly tau (1.00) at rel_day -51: potential IF underweighting
[2026-01-30T09:49:50.242128] High prop at exactly tau (1.00) at rel_day -50: potential IF underweighting
[2026-01-30T09:50:03.232099] High prop at exactly tau (1.00) at rel_day -49: potential IF underweighting
[2026-01-30T09:50:16.265411] High prop at exactly tau (1.00) at rel_day -48: potential IF underweighting
[2026-01-30T09:50:29.341555] High prop at exactly tau (1.00) at rel_day -47: potential IF underweighting
[2026-01-30T09:50:42.310187] High prop at exactly tau (1.00) at rel_day -46: potential IF underweighting
[2026-01-30T09:50:55.259987] High prop at exactly tau (1.00) at rel_day -45: potential IF underweighting
[2026-01-30T09:51:08.242767] High prop at exactly tau (1.00) at rel_day -44: potential IF underweighting
[2026-01-30T09:51:21.218826] High prop at exactly tau (1.00) at rel_day -43: potential IF underweighting
[2026-01-30T09:51:34.180739] High prop at exactly tau (1.00) at rel_day -42: potential IF underweighting
[2026-01-30T09:51:47.177622] High prop at exactly tau (1.00) at rel_day -41: potential IF underweighting
[2026-01-30T09:52:00.164943] High prop at exactly tau (1.00) at rel_day -40: potential IF underweighting
[2026-01-30T09:52:13.139270] High prop at exactly tau (1.00) at rel_day -39: potential IF underweighting
[2026-01-30T09:52:26.145404] High prop at exactly tau (1.00) at rel_day -38: potential IF underweighting
[2026-01-30T09:52:39.118668] High prop at exactly tau (1.00) at rel_day -37: potential IF underweighting
[2026-01-30T09:52:52.075105] High prop at exactly tau (1.00) at rel_day -36: potential IF underweighting
[2026-01-30T09:53:05.041396] High prop at exactly tau (1.00) at rel_day -35: potential IF underweighting
[2026-01-30T09:53:17.990295] High prop at exactly tau (1.00) at rel_day -34: potential IF underweighting
[2026-01-30T09:53:30.949605] High prop at exactly tau (1.00) at rel_day -33: potential IF underweighting
[2026-01-30T09:53:43.892855] High prop at exactly tau (1.00) at rel_day -32: potential IF underweighting
[2026-01-30T09:53:56.842089] High prop at exactly tau (1.00) at rel_day -31: potential IF underweighting
[2026-01-30T09:54:09.792470] High prop at exactly tau (1.00) at rel_day -30: potential IF underweighting
[2026-01-30T09:54:22.756218] High prop at exactly tau (1.00) at rel_day -29: potential IF underweighting
[2026-01-30T09:54:35.707732] High prop at exactly tau (1.00) at rel_day -28: potential IF underweighting
[2026-01-30T09:54:48.652346] High prop at exactly tau (1.00) at rel_day -27: potential IF underweighting
[2026-01-30T09:55:01.601416] High prop at exactly tau (1.00) at rel_day -26: potential IF underweighting
[2026-01-30T09:55:14.599021] High prop at exactly tau (1.00) at rel_day -25: potential IF underweighting
[2026-01-30T09:55:27.581370] High prop at exactly tau (1.00) at rel_day -24: potential IF underweighting
[2026-01-30T09:55:40.539405] High prop at exactly tau (1.00) at rel_day -23: potential IF underweighting
[2026-01-30T09:55:53.508009] High prop at exactly tau (1.00) at rel_day -22: potential IF underweighting
[2026-01-30T09:56:06.462635] High prop at exactly tau (1.00) at rel_day -21: potential IF underweighting
[2026-01-30T09:56:19.447199] High prop at exactly tau (1.00) at rel_day -20: potential IF underweighting
[2026-01-30T09:56:32.437576] High prop at exactly tau (1.00) at rel_day -19: potential IF underweighting
[2026-01-30T09:56:45.445489] High prop at exactly tau (1.00) at rel_day -18: potential IF underweighting
[2026-01-30T09:56:58.426887] High prop at exactly tau (1.00) at rel_day -17: potential IF underweighting
[2026-01-30T09:57:11.417407] High prop at exactly tau (1.00) at rel_day -16: potential IF underweighting
[2026-01-30T09:57:24.396957] High prop at exactly tau (1.00) at rel_day -15: potential IF underweighting
[2026-01-30T09:57:37.374847] High prop at exactly tau (1.00) at rel_day -14: potential IF underweighting
[2026-01-30T09:57:50.384781] High prop at exactly tau (1.00) at rel_day -13: potential IF underweighting
[2026-01-30T09:58:03.369012] High prop at exactly tau (1.00) at rel_day -12: potential IF underweighting
[2026-01-30T09:58:16.361922] High prop at exactly tau (1.00) at rel_day -11: potential IF underweighting
[2026-01-30T09:58:29.366326] High prop at exactly tau (1.00) at rel_day -10: potential IF underweighting
[2026-01-30T09:58:42.395794] High prop at exactly tau (1.00) at rel_day -9: potential IF underweighting
[2026-01-30T09:58:55.417274] High prop at exactly tau (1.00) at rel_day -8: potential IF underweighting
[2026-01-30T09:59:08.422446] High prop at exactly tau (1.00) at rel_day -7: potential IF underweighting
[2026-01-30T09:59:21.420326] High prop at exactly tau (1.00) at rel_day -6: potential IF underweighting
[2026-01-30T09:59:34.408798] High prop at exactly tau (1.00) at rel_day -5: potential IF underweighting
[2026-01-30T09:59:47.421183] High prop at exactly tau (1.00) at rel_day -4: potential IF underweighting
[2026-01-30T10:00:00.431962] High prop at exactly tau (1.00) at rel_day -3: potential IF underweighting
[2026-01-30T10:00:13.450276] High prop at exactly tau (1.00) at rel_day -2: potential IF underweighting
[2026-01-30T10:00:26.489516] High prop at exactly tau (1.00) at rel_day -1: potential IF underweighting
[2026-01-30T10:00:39.513668] High prop at exactly tau (1.00) at rel_day 0: potential IF underweighting
[2026-01-30T10:00:52.554916] High prop at exactly tau (1.00) at rel_day 1: potential IF underweighting
[2026-01-30T10:01:05.557794] High prop at exactly tau (1.00) at rel_day 2: potential IF underweighting
[2026-01-30T10:01:18.546028] High prop at exactly tau (1.00) at rel_day 3: potential IF underweighting
[2026-01-30T10:01:31.506333] High prop at exactly tau (1.00) at rel_day 4: potential IF underweighting
[2026-01-30T10:01:44.477831] High prop at exactly tau (1.00) at rel_day 5: potential IF underweighting
[2026-01-30T10:01:57.467346] High prop at exactly tau (1.00) at rel_day 6: potential IF underweighting
[2026-01-30T10:02:10.471785] High prop at exactly tau (1.00) at rel_day 7: potential IF underweighting
[2026-01-30T10:02:23.444893] High prop at exactly tau (1.00) at rel_day 8: potential IF underweighting
[2026-01-30T10:02:36.445233] High prop at exactly tau (1.00) at rel_day 9: potential IF underweighting
[2026-01-30T10:02:49.433380] High prop at exactly tau (1.00) at rel_day 10: potential IF underweighting
[2026-01-30T10:03:02.449541] High prop at exactly tau (1.00) at rel_day 11: potential IF underweighting
[2026-01-30T10:03:15.423166] High prop at exactly tau (1.00) at rel_day 12: potential IF underweighting
[2026-01-30T10:03:29.220868] High prop at exactly tau (1.00) at rel_day 13: potential IF underweighting
[2026-01-30T10:03:42.209503] High prop at exactly tau (1.00) at rel_day 14: potential IF underweighting
[2026-01-30T10:03:55.220972] High prop at exactly tau (1.00) at rel_day 15: potential IF underweighting
[2026-01-30T10:04:08.238861] High prop at exactly tau (1.00) at rel_day 16: potential IF underweighting
[2026-01-30T10:04:21.208527] High prop at exactly tau (1.00) at rel_day 17: potential IF underweighting
[2026-01-30T10:04:34.206619] High prop at exactly tau (1.00) at rel_day 18: potential IF underweighting
[2026-01-30T10:04:47.186594] High prop at exactly tau (1.00) at rel_day 19: potential IF underweighting
[2026-01-30T10:05:00.147455] High prop at exactly tau (1.00) at rel_day 20: potential IF underweighting
[2026-01-30T10:05:13.101811] High prop at exactly tau (1.00) at rel_day 21: potential IF underweighting
[2026-01-30T10:05:26.091763] High prop at exactly tau (1.00) at rel_day 22: potential IF underweighting
[2026-01-30T10:05:39.062642] High prop at exactly tau (1.00) at rel_day 23: potential IF underweighting
[2026-01-30T10:05:52.019707] High prop at exactly tau (1.00) at rel_day 24: potential IF underweighting
[2026-01-30T10:06:04.948810] High prop at exactly tau (1.00) at rel_day 25: potential IF underweighting
[2026-01-30T10:06:17.865797] High prop at exactly tau (1.00) at rel_day 26: potential IF underweighting
[2026-01-30T10:06:30.807462] High prop at exactly tau (1.00) at rel_day 27: potential IF underweighting
[2026-01-30T10:06:43.773082] High prop at exactly tau (1.00) at rel_day 28: potential IF underweighting
[2026-01-30T10:06:56.752043] High prop at exactly tau (1.00) at rel_day 29: potential IF underweighting
[2026-01-30T10:07:09.698859] High prop at exactly tau (1.00) at rel_day 30: potential IF underweighting
[2026-01-30T10:07:22.668160] High prop at exactly tau (1.00) at rel_day 31: potential IF underweighting
[2026-01-30T10:07:35.621989] High prop at exactly tau (1.00) at rel_day 32: potential IF underweighting
[2026-01-30T10:07:48.534698] High prop at exactly tau (1.00) at rel_day 33: potential IF underweighting
[2026-01-30T10:08:01.470078] High prop at exactly tau (1.00) at rel_day 34: potential IF underweighting
[2026-01-30T10:08:14.421027] High prop at exactly tau (1.00) at rel_day 35: potential IF underweighting
[2026-01-30T10:08:27.406779] High prop at exactly tau (1.00) at rel_day 36: potential IF underweighting
[2026-01-30T10:08:40.362843] High prop at exactly tau (1.00) at rel_day 37: potential IF underweighting
[2026-01-30T10:08:53.318243] High prop at exactly tau (1.00) at rel_day 38: potential IF underweighting
[2026-01-30T10:09:06.273502] High prop at exactly tau (1.00) at rel_day 39: potential IF underweighting
[2026-01-30T10:09:19.209551] High prop at exactly tau (1.00) at rel_day 40: potential IF underweighting
[2026-01-30T10:09:32.131228] High prop at exactly tau (1.00) at rel_day 41: potential IF underweighting
[2026-01-30T10:09:45.069288] High prop at exactly tau (1.00) at rel_day 42: potential IF underweighting
[2026-01-30T10:09:57.989923] High prop at exactly tau (1.00) at rel_day 43: potential IF underweighting
[2026-01-30T10:10:10.923082] High prop at exactly tau (1.00) at rel_day 44: potential IF underweighting
[2026-01-30T10:10:23.852160] High prop at exactly tau (1.00) at rel_day 45: potential IF underweighting
[2026-01-30T10:10:36.768370] High prop at exactly tau (1.00) at rel_day 46: potential IF underweighting
[2026-01-30T10:10:49.682654] High prop at exactly tau (1.00) at rel_day 47: potential IF underweighting
[2026-01-30T10:11:02.628874] High prop at exactly tau (1.00) at rel_day 48: potential IF underweighting
[2026-01-30T10:11:15.557555] High prop at exactly tau (1.00) at rel_day 49: potential IF underweighting
[2026-01-30T10:11:28.498613] High prop at exactly tau (1.00) at rel_day 50: potential IF underweighting
[2026-01-30T10:11:41.406431] High prop at exactly tau (1.00) at rel_day 51: potential IF underweighting
[2026-01-30T10:11:54.310423] High prop at exactly tau (0.99) at rel_day 52: potential IF underweighting
[2026-01-30T10:12:07.224551] High prop at exactly tau (0.99) at rel_day 53: potential IF underweighting
[2026-01-30T10:12:20.123293] High prop at exactly tau (0.99) at rel_day 54: potential IF underweighting
[2026-01-30T10:12:33.022690] High prop at exactly tau (0.99) at rel_day 55: potential IF underweighting
[2026-01-30T10:12:45.925535] High prop at exactly tau (0.99) at rel_day 56: potential IF underweighting
[2026-01-30T10:12:58.832741] High prop at exactly tau (0.99) at rel_day 57: potential IF underweighting
[2026-01-30T10:13:11.780375] High prop at exactly tau (0.99) at rel_day 58: potential IF underweighting
[2026-01-30T10:13:24.717572] High prop at exactly tau (0.99) at rel_day 59: potential IF underweighting
[2026-01-30T10:13:37.667132] High prop at exactly tau (0.99) at rel_day 60: potential IF underweighting
[2026-01-30T10:13:50.566807] High prop at exactly tau (0.99) at rel_day 61: potential IF underweighting
[2026-01-30T10:14:03.464232] High prop at exactly tau (0.99) at rel_day 62: potential IF underweighting
[2026-01-30T10:14:16.383469] High prop at exactly tau (0.99) at rel_day 63: potential IF underweighting
[2026-01-30T10:14:29.297954] High prop at exactly tau (0.99) at rel_day 64: potential IF underweighting
[2026-01-30T10:14:42.217162] High prop at exactly tau (0.99) at rel_day 65: potential IF underweighting
[2026-01-30T10:14:55.130127] High prop at exactly tau (0.99) at rel_day 66: potential IF underweighting
[2026-01-30T10:15:08.053761] High prop at exactly tau (0.99) at rel_day 67: potential IF underweighting
[2026-01-30T10:15:20.969275] High prop at exactly tau (0.99) at rel_day 68: potential IF underweighting
[2026-01-30T10:15:33.863041] High prop at exactly tau (0.99) at rel_day 69: potential IF underweighting
[2026-01-30T10:15:46.741958] High prop at exactly tau (0.99) at rel_day 70: potential IF underweighting
[2026-01-30T10:15:59.616252] High prop at exactly tau (0.99) at rel_day 71: potential IF underweighting
[2026-01-30T10:16:12.565117] High prop at exactly tau (0.99) at rel_day 72: potential IF underweighting
[2026-01-30T10:16:25.442981] High prop at exactly tau (0.99) at rel_day 73: potential IF underweighting
[2026-01-30T10:16:38.328091] High prop at exactly tau (0.99) at rel_day 74: potential IF underweighting
[2026-01-30T10:16:51.199947] High prop at exactly tau (0.99) at rel_day 75: potential IF underweighting
[2026-01-30T10:17:04.086772] High prop at exactly tau (0.99) at rel_day 76: potential IF underweighting
[2026-01-30T10:17:16.944062] High prop at exactly tau (0.99) at rel_day 77: potential IF underweighting
[2026-01-30T10:17:29.815046] High prop at exactly tau (0.99) at rel_day 78: potential IF underweighting
[2026-01-30T10:17:42.695322] High prop at exactly tau (0.99) at rel_day 79: potential IF underweighting
[2026-01-30T10:17:55.571842] High prop at exactly tau (0.99) at rel_day 80: potential IF underweighting
[2026-01-30T10:18:08.456996] High prop at exactly tau (0.99) at rel_day 81: potential IF underweighting
[2026-01-30T10:18:21.335730] High prop at exactly tau (0.99) at rel_day 82: potential IF underweighting
[2026-01-30T10:18:34.554731] High prop at exactly tau (0.99) at rel_day 83: potential IF underweighting
[2026-01-30T10:18:47.407201] High prop at exactly tau (0.99) at rel_day 84: potential IF underweighting
[2026-01-30T10:19:00.258088] High prop at exactly tau (0.99) at rel_day 85: potential IF underweighting
[2026-01-30T10:19:13.113657] High prop at exactly tau (0.99) at rel_day 86: potential IF underweighting
[2026-01-30T10:19:25.945908] High prop at exactly tau (0.99) at rel_day 87: potential IF underweighting
[2026-01-30T10:19:38.795607] High prop at exactly tau (0.99) at rel_day 88: potential IF underweighting
[2026-01-30T10:19:51.621154] High prop at exactly tau (0.99) at rel_day 89: potential IF underweighting
[2026-01-30T10:20:04.476202] High prop at exactly tau (0.99) at rel_day 90: potential IF underweighting
[2026-01-30T10:20:17.335215] High prop at exactly tau (0.99) at rel_day 91: potential IF underweighting
[2026-01-30T10:20:30.185968] High prop at exactly tau (0.99) at rel_day 92: potential IF underweighting
[2026-01-30T10:20:43.011893] High prop at exactly tau (0.99) at rel_day 93: potential IF underweighting
[2026-01-30T10:20:55.807052] High prop at exactly tau (0.99) at rel_day 94: potential IF underweighting
[2026-01-30T10:21:08.646981] High prop at exactly tau (0.99) at rel_day 95: potential IF underweighting
[2026-01-30T10:21:21.440850] High prop at exactly tau (0.99) at rel_day 96: potential IF underweighting
[2026-01-30T10:21:34.242772] High prop at exactly tau (0.99) at rel_day 97: potential IF underweighting
[2026-01-30T10:21:47.046635] High prop at exactly tau (0.99) at rel_day 98: potential IF underweighting
[2026-01-30T10:21:59.862080] High prop at exactly tau (0.99) at rel_day 99: potential IF underweighting
[2026-01-30T10:22:12.708030] High prop at exactly tau (0.98) at rel_day 100: potential IF underweighting
[2026-01-30T10:22:25.568021] High prop at exactly tau (0.98) at rel_day 101: potential IF underweighting
[2026-01-30T10:22:38.415889] High prop at exactly tau (0.98) at rel_day 102: potential IF underweighting
[2026-01-30T10:22:51.215822] High prop at exactly tau (0.98) at rel_day 103: potential IF underweighting
[2026-01-30T10:23:03.992310] High prop at exactly tau (0.98) at rel_day 104: potential IF underweighting
[2026-01-30T10:23:16.773920] High prop at exactly tau (0.98) at rel_day 105: potential IF underweighting
[2026-01-30T10:23:29.563237] High prop at exactly tau (0.98) at rel_day 106: potential IF underweighting
[2026-01-30T10:23:42.349677] High prop at exactly tau (0.98) at rel_day 107: potential IF underweighting
[2026-01-30T10:23:55.111449] High prop at exactly tau (0.98) at rel_day 108: potential IF underweighting
[2026-01-30T10:24:07.895211] High prop at exactly tau (0.98) at rel_day 109: potential IF underweighting
[2026-01-30T10:24:20.638738] High prop at exactly tau (0.98) at rel_day 110: potential IF underweighting
[2026-01-30T10:24:33.386497] High prop at exactly tau (0.98) at rel_day 111: potential IF underweighting
[2026-01-30T10:24:46.131181] High prop at exactly tau (0.98) at rel_day 112: potential IF underweighting
[2026-01-30T10:24:58.903229] High prop at exactly tau (0.98) at rel_day 113: potential IF underweighting
[2026-01-30T10:25:11.632715] High prop at exactly tau (0.98) at rel_day 114: potential IF underweighting
[2026-01-30T10:25:24.388194] High prop at exactly tau (0.98) at rel_day 115: potential IF underweighting
[2026-01-30T10:25:37.111679] High prop at exactly tau (0.98) at rel_day 116: potential IF underweighting
[2026-01-30T10:25:49.837729] High prop at exactly tau (0.98) at rel_day 117: potential IF underweighting
[2026-01-30T10:26:02.546906] High prop at exactly tau (0.98) at rel_day 118: potential IF underweighting
[2026-01-30T10:26:15.254717] High prop at exactly tau (0.98) at rel_day 119: potential IF underweighting
[2026-01-30T10:26:27.958511] High prop at exactly tau (0.98) at rel_day 120: potential IF underweighting
[2026-01-30T10:26:51.271289] RMST conditions on survival to calendar_day — deliberate for definition, see method docs.
[2026-01-30T10:26:51.502649] High prop at exactly tau (1.00) at rel_day -60: potential IF underweighting
[2026-01-30T10:27:06.477603] High prop at exactly tau (1.00) at rel_day -59: potential IF underweighting
[2026-01-30T10:27:19.644987] High prop at exactly tau (1.00) at rel_day -58: potential IF underweighting
[2026-01-30T10:27:32.657527] High prop at exactly tau (1.00) at rel_day -57: potential IF underweighting
[2026-01-30T10:27:45.748037] High prop at exactly tau (1.00) at rel_day -56: potential IF underweighting
[2026-01-30T10:27:58.821298] High prop at exactly tau (1.00) at rel_day -55: potential IF underweighting
[2026-01-30T10:28:11.826624] High prop at exactly tau (1.00) at rel_day -54: potential IF underweighting
[2026-01-30T10:28:24.816161] High prop at exactly tau (1.00) at rel_day -53: potential IF underweighting
[2026-01-30T10:28:37.843392] High prop at exactly tau (1.00) at rel_day -52: potential IF underweighting
[2026-01-30T10:28:50.841932] High prop at exactly tau (1.00) at rel_day -51: potential IF underweighting
[2026-01-30T10:29:03.855741] High prop at exactly tau (1.00) at rel_day -50: potential IF underweighting
[2026-01-30T10:29:16.853460] High prop at exactly tau (1.00) at rel_day -49: potential IF underweighting
[2026-01-30T10:29:29.849531] High prop at exactly tau (1.00) at rel_day -48: potential IF underweighting
[2026-01-30T10:29:42.881589] High prop at exactly tau (1.00) at rel_day -47: potential IF underweighting
[2026-01-30T10:29:55.879932] High prop at exactly tau (1.00) at rel_day -46: potential IF underweighting
[2026-01-30T10:30:08.877505] High prop at exactly tau (1.00) at rel_day -45: potential IF underweighting
[2026-01-30T10:30:21.934593] High prop at exactly tau (1.00) at rel_day -44: potential IF underweighting
[2026-01-30T10:30:34.930461] High prop at exactly tau (1.00) at rel_day -43: potential IF underweighting
[2026-01-30T10:30:47.911741] High prop at exactly tau (1.00) at rel_day -42: potential IF underweighting
[2026-01-30T10:31:00.887561] High prop at exactly tau (1.00) at rel_day -41: potential IF underweighting
[2026-01-30T10:31:13.847013] High prop at exactly tau (1.00) at rel_day -40: potential IF underweighting
[2026-01-30T10:31:26.805260] High prop at exactly tau (1.00) at rel_day -39: potential IF underweighting
[2026-01-30T10:31:39.776923] High prop at exactly tau (1.00) at rel_day -38: potential IF underweighting
[2026-01-30T10:31:52.770278] High prop at exactly tau (1.00) at rel_day -37: potential IF underweighting
[2026-01-30T10:32:05.732551] High prop at exactly tau (1.00) at rel_day -36: potential IF underweighting
[2026-01-30T10:32:18.690196] High prop at exactly tau (1.00) at rel_day -35: potential IF underweighting
[2026-01-30T10:32:31.689441] High prop at exactly tau (1.00) at rel_day -34: potential IF underweighting
[2026-01-30T10:32:44.691646] High prop at exactly tau (1.00) at rel_day -33: potential IF underweighting
[2026-01-30T10:32:57.677412] High prop at exactly tau (1.00) at rel_day -32: potential IF underweighting
[2026-01-30T10:33:10.647832] High prop at exactly tau (1.00) at rel_day -31: potential IF underweighting
[2026-01-30T10:33:23.601463] High prop at exactly tau (1.00) at rel_day -30: potential IF underweighting
[2026-01-30T10:33:37.441494] High prop at exactly tau (1.00) at rel_day -29: potential IF underweighting
[2026-01-30T10:33:50.464062] High prop at exactly tau (1.00) at rel_day -28: potential IF underweighting
[2026-01-30T10:34:03.471421] High prop at exactly tau (1.00) at rel_day -27: potential IF underweighting
[2026-01-30T10:34:16.436233] High prop at exactly tau (1.00) at rel_day -26: potential IF underweighting
[2026-01-30T10:34:29.414369] High prop at exactly tau (1.00) at rel_day -25: potential IF underweighting
[2026-01-30T10:34:42.410514] High prop at exactly tau (1.00) at rel_day -24: potential IF underweighting
[2026-01-30T10:34:55.421686] High prop at exactly tau (1.00) at rel_day -23: potential IF underweighting
[2026-01-30T10:35:08.445865] High prop at exactly tau (1.00) at rel_day -22: potential IF underweighting
[2026-01-30T10:35:21.478114] High prop at exactly tau (1.00) at rel_day -21: potential IF underweighting
[2026-01-30T10:35:34.471891] High prop at exactly tau (1.00) at rel_day -20: potential IF underweighting
[2026-01-30T10:35:47.452982] High prop at exactly tau (1.00) at rel_day -19: potential IF underweighting
[2026-01-30T10:36:00.429808] High prop at exactly tau (1.00) at rel_day -18: potential IF underweighting
[2026-01-30T10:36:13.400704] High prop at exactly tau (1.00) at rel_day -17: potential IF underweighting
[2026-01-30T10:36:26.458110] High prop at exactly tau (1.00) at rel_day -16: potential IF underweighting
[2026-01-30T10:36:39.481463] High prop at exactly tau (1.00) at rel_day -15: potential IF underweighting
[2026-01-30T10:36:52.637213] High prop at exactly tau (1.00) at rel_day -14: potential IF underweighting
[2026-01-30T10:37:05.826325] High prop at exactly tau (1.00) at rel_day -13: potential IF underweighting
[2026-01-30T10:37:18.985991] High prop at exactly tau (1.00) at rel_day -12: potential IF underweighting
[2026-01-30T10:37:32.008314] High prop at exactly tau (1.00) at rel_day -11: potential IF underweighting
[2026-01-30T10:37:45.064209] High prop at exactly tau (1.00) at rel_day -10: potential IF underweighting
[2026-01-30T10:37:58.097075] High prop at exactly tau (1.00) at rel_day -9: potential IF underweighting
[2026-01-30T10:38:11.113051] High prop at exactly tau (1.00) at rel_day -8: potential IF underweighting
[2026-01-30T10:38:24.102390] High prop at exactly tau (1.00) at rel_day -7: potential IF underweighting
[2026-01-30T10:38:37.452433] High prop at exactly tau (1.00) at rel_day -6: potential IF underweighting
[2026-01-30T10:38:50.466785] High prop at exactly tau (1.00) at rel_day -5: potential IF underweighting
[2026-01-30T10:39:03.503825] High prop at exactly tau (1.00) at rel_day -4: potential IF underweighting
[2026-01-30T10:39:16.525159] High prop at exactly tau (1.00) at rel_day -3: potential IF underweighting
[2026-01-30T10:39:29.544632] High prop at exactly tau (1.00) at rel_day -2: potential IF underweighting
[2026-01-30T10:39:42.576820] High prop at exactly tau (1.00) at rel_day -1: potential IF underweighting
[2026-01-30T10:39:55.584651] High prop at exactly tau (1.00) at rel_day 0: potential IF underweighting
[2026-01-30T10:40:08.635313] High prop at exactly tau (1.00) at rel_day 1: potential IF underweighting
[2026-01-30T10:40:21.662477] High prop at exactly tau (1.00) at rel_day 2: potential IF underweighting
[2026-01-30T10:40:34.667317] High prop at exactly tau (1.00) at rel_day 3: potential IF underweighting
[2026-01-30T10:40:47.655227] High prop at exactly tau (1.00) at rel_day 4: potential IF underweighting
[2026-01-30T10:41:00.634872] High prop at exactly tau (1.00) at rel_day 5: potential IF underweighting
[2026-01-30T10:41:13.585336] High prop at exactly tau (1.00) at rel_day 6: potential IF underweighting
[2026-01-30T10:41:26.593758] High prop at exactly tau (1.00) at rel_day 7: potential IF underweighting
[2026-01-30T10:41:39.584463] High prop at exactly tau (1.00) at rel_day 8: potential IF underweighting
[2026-01-30T10:41:52.569342] High prop at exactly tau (1.00) at rel_day 9: potential IF underweighting
[2026-01-30T10:42:05.540541] High prop at exactly tau (1.00) at rel_day 10: potential IF underweighting
[2026-01-30T10:42:18.520045] High prop at exactly tau (1.00) at rel_day 11: potential IF underweighting
[2026-01-30T10:42:31.488764] High prop at exactly tau (1.00) at rel_day 12: potential IF underweighting
[2026-01-30T10:42:44.472932] High prop at exactly tau (1.00) at rel_day 13: potential IF underweighting
[2026-01-30T10:42:57.423708] High prop at exactly tau (1.00) at rel_day 14: potential IF underweighting
[2026-01-30T10:43:10.392220] High prop at exactly tau (1.00) at rel_day 15: potential IF underweighting
[2026-01-30T10:43:23.352588] High prop at exactly tau (1.00) at rel_day 16: potential IF underweighting
[2026-01-30T10:43:36.339073] High prop at exactly tau (1.00) at rel_day 17: potential IF underweighting
[2026-01-30T10:43:49.284145] High prop at exactly tau (1.00) at rel_day 18: potential IF underweighting
[2026-01-30T10:44:02.258910] High prop at exactly tau (1.00) at rel_day 19: potential IF underweighting
[2026-01-30T10:44:15.215064] High prop at exactly tau (1.00) at rel_day 20: potential IF underweighting
[2026-01-30T10:44:28.183025] High prop at exactly tau (1.00) at rel_day 21: potential IF underweighting
[2026-01-30T10:44:41.293230] High prop at exactly tau (1.00) at rel_day 22: potential IF underweighting
[2026-01-30T10:44:54.336399] High prop at exactly tau (1.00) at rel_day 23: potential IF underweighting
[2026-01-30T10:45:07.302147] High prop at exactly tau (1.00) at rel_day 24: potential IF underweighting
[2026-01-30T10:45:20.324473] High prop at exactly tau (1.00) at rel_day 25: potential IF underweighting
[2026-01-30T10:45:33.258931] High prop at exactly tau (1.00) at rel_day 26: potential IF underweighting
[2026-01-30T10:45:46.254080] High prop at exactly tau (1.00) at rel_day 27: potential IF underweighting
[2026-01-30T10:45:59.234967] High prop at exactly tau (1.00) at rel_day 28: potential IF underweighting
[2026-01-30T10:46:12.181695] High prop at exactly tau (1.00) at rel_day 29: potential IF underweighting
[2026-01-30T10:46:25.149231] High prop at exactly tau (1.00) at rel_day 30: potential IF underweighting
[2026-01-30T10:46:38.126282] High prop at exactly tau (1.00) at rel_day 31: potential IF underweighting
[2026-01-30T10:46:51.133270] High prop at exactly tau (1.00) at rel_day 32: potential IF underweighting
[2026-01-30T10:47:04.081259] High prop at exactly tau (1.00) at rel_day 33: potential IF underweighting
[2026-01-30T10:47:17.049849] High prop at exactly tau (1.00) at rel_day 34: potential IF underweighting
[2026-01-30T10:47:30.010941] High prop at exactly tau (1.00) at rel_day 35: potential IF underweighting
[2026-01-30T10:47:42.978784] High prop at exactly tau (1.00) at rel_day 36: potential IF underweighting
[2026-01-30T10:47:55.964317] High prop at exactly tau (1.00) at rel_day 37: potential IF underweighting
[2026-01-30T10:48:08.911726] High prop at exactly tau (1.00) at rel_day 38: potential IF underweighting
[2026-01-30T10:48:21.895879] High prop at exactly tau (1.00) at rel_day 39: potential IF underweighting
[2026-01-30T10:48:34.867746] High prop at exactly tau (1.00) at rel_day 40: potential IF underweighting
[2026-01-30T10:48:47.962625] High prop at exactly tau (1.00) at rel_day 41: potential IF underweighting
[2026-01-30T10:49:00.911873] High prop at exactly tau (1.00) at rel_day 42: potential IF underweighting
[2026-01-30T10:49:13.840834] High prop at exactly tau (1.00) at rel_day 43: potential IF underweighting
[2026-01-30T10:49:26.759915] High prop at exactly tau (1.00) at rel_day 44: potential IF underweighting
[2026-01-30T10:49:39.697913] High prop at exactly tau (1.00) at rel_day 45: potential IF underweighting
[2026-01-30T10:49:52.621344] High prop at exactly tau (1.00) at rel_day 46: potential IF underweighting
[2026-01-30T10:50:05.571487] High prop at exactly tau (1.00) at rel_day 47: potential IF underweighting
[2026-01-30T10:50:18.485022] High prop at exactly tau (1.00) at rel_day 48: potential IF underweighting
[2026-01-30T10:50:31.493747] High prop at exactly tau (1.00) at rel_day 49: potential IF underweighting
[2026-01-30T10:50:44.417295] High prop at exactly tau (1.00) at rel_day 50: potential IF underweighting
[2026-01-30T10:50:57.361224] High prop at exactly tau (1.00) at rel_day 51: potential IF underweighting
[2026-01-30T10:51:10.296064] High prop at exactly tau (1.00) at rel_day 52: potential IF underweighting
[2026-01-30T10:51:23.183521] High prop at exactly tau (1.00) at rel_day 53: potential IF underweighting
[2026-01-30T10:51:36.070862] High prop at exactly tau (0.99) at rel_day 54: potential IF underweighting
[2026-01-30T10:51:49.046457] High prop at exactly tau (0.99) at rel_day 55: potential IF underweighting
[2026-01-30T10:52:01.996852] High prop at exactly tau (0.99) at rel_day 56: potential IF underweighting
[2026-01-30T10:52:14.903628] High prop at exactly tau (0.99) at rel_day 57: potential IF underweighting
[2026-01-30T10:52:27.831542] High prop at exactly tau (0.99) at rel_day 58: potential IF underweighting
[2026-01-30T10:52:40.758454] High prop at exactly tau (0.99) at rel_day 59: potential IF underweighting
[2026-01-30T10:52:53.671247] High prop at exactly tau (0.99) at rel_day 60: potential IF underweighting
[2026-01-30T10:53:06.594065] High prop at exactly tau (0.99) at rel_day 61: potential IF underweighting
[2026-01-30T10:53:19.518987] High prop at exactly tau (0.99) at rel_day 62: potential IF underweighting
[2026-01-30T10:53:32.448601] High prop at exactly tau (0.99) at rel_day 63: potential IF underweighting
[2026-01-30T10:53:45.335732] High prop at exactly tau (0.99) at rel_day 64: potential IF underweighting
[2026-01-30T10:53:58.207530] High prop at exactly tau (0.99) at rel_day 65: potential IF underweighting
[2026-01-30T10:54:11.091994] High prop at exactly tau (0.99) at rel_day 66: potential IF underweighting
[2026-01-30T10:54:24.012660] High prop at exactly tau (0.99) at rel_day 67: potential IF underweighting
[2026-01-30T10:54:36.872966] High prop at exactly tau (0.99) at rel_day 68: potential IF underweighting
[2026-01-30T10:54:49.772667] High prop at exactly tau (0.99) at rel_day 69: potential IF underweighting
[2026-01-30T10:55:02.668905] High prop at exactly tau (0.99) at rel_day 70: potential IF underweighting
[2026-01-30T10:55:15.555647] High prop at exactly tau (0.99) at rel_day 71: potential IF underweighting
[2026-01-30T10:55:28.408503] High prop at exactly tau (0.99) at rel_day 72: potential IF underweighting
[2026-01-30T10:55:41.288730] High prop at exactly tau (0.99) at rel_day 73: potential IF underweighting
[2026-01-30T10:55:54.190031] High prop at exactly tau (0.99) at rel_day 74: potential IF underweighting
[2026-01-30T10:56:07.084083] High prop at exactly tau (0.99) at rel_day 75: potential IF underweighting
[2026-01-30T10:56:19.951540] High prop at exactly tau (0.99) at rel_day 76: potential IF underweighting
[2026-01-30T10:56:32.799175] High prop at exactly tau (0.99) at rel_day 77: potential IF underweighting
[2026-01-30T10:56:45.650244] High prop at exactly tau (0.99) at rel_day 78: potential IF underweighting
[2026-01-30T10:56:58.508953] High prop at exactly tau (0.99) at rel_day 79: potential IF underweighting
[2026-01-30T10:57:11.383607] High prop at exactly tau (0.99) at rel_day 80: potential IF underweighting
[2026-01-30T10:57:24.236590] High prop at exactly tau (0.99) at rel_day 81: potential IF underweighting
[2026-01-30T10:57:37.115687] High prop at exactly tau (0.99) at rel_day 82: potential IF underweighting
[2026-01-30T10:57:49.985722] High prop at exactly tau (0.99) at rel_day 83: potential IF underweighting
[2026-01-30T10:58:02.843965] High prop at exactly tau (0.99) at rel_day 84: potential IF underweighting
[2026-01-30T10:58:15.691630] High prop at exactly tau (0.99) at rel_day 85: potential IF underweighting
[2026-01-30T10:58:28.543251] High prop at exactly tau (0.99) at rel_day 86: potential IF underweighting
[2026-01-30T10:58:41.378273] High prop at exactly tau (0.99) at rel_day 87: potential IF underweighting
[2026-01-30T10:58:54.259682] High prop at exactly tau (0.99) at rel_day 88: potential IF underweighting
[2026-01-30T10:59:07.136003] High prop at exactly tau (0.99) at rel_day 89: potential IF underweighting
[2026-01-30T10:59:19.990912] High prop at exactly tau (0.99) at rel_day 90: potential IF underweighting
[2026-01-30T10:59:32.830656] High prop at exactly tau (0.99) at rel_day 91: potential IF underweighting
[2026-01-30T10:59:45.661890] High prop at exactly tau (0.99) at rel_day 92: potential IF underweighting
[2026-01-30T10:59:58.457086] High prop at exactly tau (0.99) at rel_day 93: potential IF underweighting
[2026-01-30T11:00:11.283299] High prop at exactly tau (0.99) at rel_day 94: potential IF underweighting
[2026-01-30T11:00:24.086320] High prop at exactly tau (0.99) at rel_day 95: potential IF underweighting
[2026-01-30T11:00:36.884357] High prop at exactly tau (0.99) at rel_day 96: potential IF underweighting
[2026-01-30T11:00:49.689570] High prop at exactly tau (0.99) at rel_day 97: potential IF underweighting
[2026-01-30T11:01:02.502363] High prop at exactly tau (0.99) at rel_day 98: potential IF underweighting
[2026-01-30T11:01:15.317112] High prop at exactly tau (0.99) at rel_day 99: potential IF underweighting
[2026-01-30T11:01:28.120584] High prop at exactly tau (0.98) at rel_day 100: potential IF underweighting
[2026-01-30T11:01:40.923176] High prop at exactly tau (0.98) at rel_day 101: potential IF underweighting
[2026-01-30T11:01:53.746487] High prop at exactly tau (0.98) at rel_day 102: potential IF underweighting
[2026-01-30T11:02:06.539314] High prop at exactly tau (0.98) at rel_day 103: potential IF underweighting
[2026-01-30T11:02:19.323775] High prop at exactly tau (0.98) at rel_day 104: potential IF underweighting
[2026-01-30T11:02:32.128491] High prop at exactly tau (0.98) at rel_day 105: potential IF underweighting
[2026-01-30T11:02:44.930741] High prop at exactly tau (0.98) at rel_day 106: potential IF underweighting
[2026-01-30T11:02:57.716136] High prop at exactly tau (0.98) at rel_day 107: potential IF underweighting
[2026-01-30T11:03:10.514741] High prop at exactly tau (0.98) at rel_day 108: potential IF underweighting
[2026-01-30T11:03:23.309564] High prop at exactly tau (0.98) at rel_day 109: potential IF underweighting
[2026-01-30T11:03:36.081547] High prop at exactly tau (0.98) at rel_day 110: potential IF underweighting
[2026-01-30T11:03:49.082992] High prop at exactly tau (0.98) at rel_day 111: potential IF underweighting
[2026-01-30T11:04:01.846471] High prop at exactly tau (0.98) at rel_day 112: potential IF underweighting
[2026-01-30T11:04:14.589635] High prop at exactly tau (0.98) at rel_day 113: potential IF underweighting
[2026-01-30T11:04:27.403569] High prop at exactly tau (0.98) at rel_day 114: potential IF underweighting
[2026-01-30T11:04:40.133083] High prop at exactly tau (0.98) at rel_day 115: potential IF underweighting
[2026-01-30T11:04:52.876530] High prop at exactly tau (0.98) at rel_day 116: potential IF underweighting
[2026-01-30T11:05:05.616017] High prop at exactly tau (0.98) at rel_day 117: potential IF underweighting
[2026-01-30T11:05:18.343113] High prop at exactly tau (0.98) at rel_day 118: potential IF underweighting
[2026-01-30T11:05:31.075844] High prop at exactly tau (0.98) at rel_day 119: potential IF underweighting
[2026-01-30T11:05:43.824960] High prop at exactly tau (0.98) at rel_day 120: potential IF underweighting
[2026-01-30T11:06:08.103888] RMST conditions on survival to calendar_day — deliberate for definition, see method docs.
[2026-01-30T11:06:08.341802] High prop at exactly tau (1.00) at rel_day -60: potential IF underweighting
[2026-01-30T11:06:22.612772] High prop at exactly tau (1.00) at rel_day -59: potential IF underweighting
[2026-01-30T11:06:35.595155] High prop at exactly tau (1.00) at rel_day -58: potential IF underweighting
[2026-01-30T11:06:48.775031] High prop at exactly tau (1.00) at rel_day -57: potential IF underweighting
[2026-01-30T11:07:01.790674] High prop at exactly tau (1.00) at rel_day -56: potential IF underweighting
[2026-01-30T11:07:14.890773] High prop at exactly tau (1.00) at rel_day -55: potential IF underweighting
[2026-01-30T11:07:27.900914] High prop at exactly tau (1.00) at rel_day -54: potential IF underweighting
[2026-01-30T11:07:40.874182] High prop at exactly tau (1.00) at rel_day -53: potential IF underweighting
[2026-01-30T11:07:53.869836] High prop at exactly tau (1.00) at rel_day -52: potential IF underweighting
[2026-01-30T11:08:06.894124] High prop at exactly tau (1.00) at rel_day -51: potential IF underweighting
[2026-01-30T11:08:19.895998] High prop at exactly tau (1.00) at rel_day -50: potential IF underweighting
[2026-01-30T11:08:32.892574] High prop at exactly tau (1.00) at rel_day -49: potential IF underweighting
[2026-01-30T11:08:45.884420] High prop at exactly tau (1.00) at rel_day -48: potential IF underweighting
[2026-01-30T11:08:58.863364] High prop at exactly tau (1.00) at rel_day -47: potential IF underweighting
[2026-01-30T11:09:11.825892] High prop at exactly tau (1.00) at rel_day -46: potential IF underweighting
[2026-01-30T11:09:24.813272] High prop at exactly tau (1.00) at rel_day -45: potential IF underweighting
[2026-01-30T11:09:37.782687] High prop at exactly tau (1.00) at rel_day -44: potential IF underweighting
[2026-01-30T11:09:50.760471] High prop at exactly tau (1.00) at rel_day -43: potential IF underweighting
[2026-01-30T11:10:03.740879] High prop at exactly tau (1.00) at rel_day -42: potential IF underweighting
[2026-01-30T11:10:16.773797] High prop at exactly tau (1.00) at rel_day -41: potential IF underweighting
[2026-01-30T11:10:29.780421] High prop at exactly tau (1.00) at rel_day -40: potential IF underweighting
[2026-01-30T11:10:42.785255] High prop at exactly tau (1.00) at rel_day -39: potential IF underweighting
[2026-01-30T11:10:55.792079] High prop at exactly tau (1.00) at rel_day -38: potential IF underweighting
[2026-01-30T11:11:08.795897] High prop at exactly tau (1.00) at rel_day -37: potential IF underweighting
[2026-01-30T11:11:21.778593] High prop at exactly tau (1.00) at rel_day -36: potential IF underweighting
[2026-01-30T11:11:34.767321] High prop at exactly tau (1.00) at rel_day -35: potential IF underweighting
[2026-01-30T11:11:47.765666] High prop at exactly tau (1.00) at rel_day -34: potential IF underweighting
[2026-01-30T11:12:00.781030] High prop at exactly tau (1.00) at rel_day -33: potential IF underweighting
[2026-01-30T11:12:13.768181] High prop at exactly tau (1.00) at rel_day -32: potential IF underweighting
[2026-01-30T11:12:26.743735] High prop at exactly tau (1.00) at rel_day -31: potential IF underweighting
[2026-01-30T11:12:39.734958] High prop at exactly tau (1.00) at rel_day -30: potential IF underweighting
[2026-01-30T11:12:52.761623] High prop at exactly tau (1.00) at rel_day -29: potential IF underweighting
[2026-01-30T11:13:05.749490] High prop at exactly tau (1.00) at rel_day -28: potential IF underweighting
[2026-01-30T11:13:18.728439] High prop at exactly tau (1.00) at rel_day -27: potential IF underweighting
[2026-01-30T11:13:31.691590] High prop at exactly tau (1.00) at rel_day -26: potential IF underweighting
[2026-01-30T11:13:44.793049] High prop at exactly tau (1.00) at rel_day -25: potential IF underweighting
[2026-01-30T11:13:57.772527] High prop at exactly tau (1.00) at rel_day -24: potential IF underweighting
[2026-01-30T11:14:10.742902] High prop at exactly tau (1.00) at rel_day -23: potential IF underweighting
[2026-01-30T11:14:23.720469] High prop at exactly tau (1.00) at rel_day -22: potential IF underweighting
[2026-01-30T11:14:36.721582] High prop at exactly tau (1.00) at rel_day -21: potential IF underweighting
[2026-01-30T11:14:49.762476] High prop at exactly tau (1.00) at rel_day -20: potential IF underweighting
[2026-01-30T11:15:02.739577] High prop at exactly tau (1.00) at rel_day -19: potential IF underweighting
[2026-01-30T11:15:15.761114] High prop at exactly tau (1.00) at rel_day -18: potential IF underweighting
[2026-01-30T11:15:28.763269] High prop at exactly tau (1.00) at rel_day -17: potential IF underweighting
[2026-01-30T11:15:41.801556] High prop at exactly tau (1.00) at rel_day -16: potential IF underweighting
[2026-01-30T11:15:54.769421] High prop at exactly tau (1.00) at rel_day -15: potential IF underweighting
[2026-01-30T11:16:07.772383] High prop at exactly tau (1.00) at rel_day -14: potential IF underweighting
[2026-01-30T11:16:20.749718] High prop at exactly tau (1.00) at rel_day -13: potential IF underweighting
[2026-01-30T11:16:33.743778] High prop at exactly tau (1.00) at rel_day -12: potential IF underweighting
[2026-01-30T11:16:46.755545] High prop at exactly tau (1.00) at rel_day -11: potential IF underweighting
[2026-01-30T11:16:59.798437] High prop at exactly tau (1.00) at rel_day -10: potential IF underweighting
[2026-01-30T11:17:12.856098] High prop at exactly tau (1.00) at rel_day -9: potential IF underweighting
[2026-01-30T11:17:25.859953] High prop at exactly tau (1.00) at rel_day -8: potential IF underweighting
[2026-01-30T11:17:38.862577] High prop at exactly tau (1.00) at rel_day -7: potential IF underweighting
[2026-01-30T11:17:51.853002] High prop at exactly tau (1.00) at rel_day -6: potential IF underweighting
[2026-01-30T11:18:04.859537] High prop at exactly tau (1.00) at rel_day -5: potential IF underweighting
[2026-01-30T11:18:17.896683] High prop at exactly tau (1.00) at rel_day -4: potential IF underweighting
[2026-01-30T11:18:30.942595] High prop at exactly tau (1.00) at rel_day -3: potential IF underweighting
[2026-01-30T11:18:44.106136] High prop at exactly tau (1.00) at rel_day -2: potential IF underweighting
[2026-01-30T11:18:58.068186] High prop at exactly tau (1.00) at rel_day -1: potential IF underweighting
[2026-01-30T11:19:11.078791] High prop at exactly tau (1.00) at rel_day 0: potential IF underweighting
[2026-01-30T11:19:24.104731] High prop at exactly tau (1.00) at rel_day 1: potential IF underweighting
[2026-01-30T11:19:37.140938] High prop at exactly tau (1.00) at rel_day 2: potential IF underweighting
[2026-01-30T11:19:50.142447] High prop at exactly tau (1.00) at rel_day 3: potential IF underweighting
[2026-01-30T11:20:03.125378] High prop at exactly tau (1.00) at rel_day 4: potential IF underweighting
[2026-01-30T11:20:16.129622] High prop at exactly tau (1.00) at rel_day 5: potential IF underweighting
[2026-01-30T11:20:29.099504] High prop at exactly tau (1.00) at rel_day 6: potential IF underweighting
[2026-01-30T11:20:42.067246] High prop at exactly tau (1.00) at rel_day 7: potential IF underweighting
[2026-01-30T11:20:55.037519] High prop at exactly tau (1.00) at rel_day 8: potential IF underweighting
[2026-01-30T11:21:08.008581] High prop at exactly tau (1.00) at rel_day 9: potential IF underweighting
[2026-01-30T11:21:20.993895] High prop at exactly tau (1.00) at rel_day 10: potential IF underweighting
[2026-01-30T11:21:33.956282] High prop at exactly tau (1.00) at rel_day 11: potential IF underweighting
[2026-01-30T11:21:46.950239] High prop at exactly tau (1.00) at rel_day 12: potential IF underweighting
[2026-01-30T11:21:59.964152] High prop at exactly tau (1.00) at rel_day 13: potential IF underweighting
[2026-01-30T11:22:12.993356] High prop at exactly tau (1.00) at rel_day 14: potential IF underweighting
[2026-01-30T11:22:25.985913] High prop at exactly tau (1.00) at rel_day 15: potential IF underweighting
[2026-01-30T11:22:38.982929] High prop at exactly tau (1.00) at rel_day 16: potential IF underweighting
[2026-01-30T11:22:51.986880] High prop at exactly tau (1.00) at rel_day 17: potential IF underweighting
[2026-01-30T11:23:04.954925] High prop at exactly tau (1.00) at rel_day 18: potential IF underweighting
[2026-01-30T11:23:17.912176] High prop at exactly tau (1.00) at rel_day 19: potential IF underweighting
[2026-01-30T11:23:30.883774] High prop at exactly tau (1.00) at rel_day 20: potential IF underweighting
[2026-01-30T11:23:43.860127] High prop at exactly tau (1.00) at rel_day 21: potential IF underweighting
[2026-01-30T11:23:56.810332] High prop at exactly tau (1.00) at rel_day 22: potential IF underweighting
[2026-01-30T11:24:09.807922] High prop at exactly tau (1.00) at rel_day 23: potential IF underweighting
[2026-01-30T11:24:22.795299] High prop at exactly tau (1.00) at rel_day 24: potential IF underweighting
[2026-01-30T11:24:35.778342] High prop at exactly tau (1.00) at rel_day 25: potential IF underweighting
[2026-01-30T11:24:48.747899] High prop at exactly tau (1.00) at rel_day 26: potential IF underweighting
[2026-01-30T11:25:01.696478] High prop at exactly tau (1.00) at rel_day 27: potential IF underweighting
[2026-01-30T11:25:14.638612] High prop at exactly tau (1.00) at rel_day 28: potential IF underweighting
[2026-01-30T11:25:27.603285] High prop at exactly tau (1.00) at rel_day 29: potential IF underweighting
[2026-01-30T11:25:40.547585] High prop at exactly tau (1.00) at rel_day 30: potential IF underweighting
[2026-01-30T11:25:53.479445] High prop at exactly tau (1.00) at rel_day 31: potential IF underweighting
[2026-01-30T11:26:06.400521] High prop at exactly tau (1.00) at rel_day 32: potential IF underweighting
[2026-01-30T11:26:19.343557] High prop at exactly tau (1.00) at rel_day 33: potential IF underweighting
[2026-01-30T11:26:32.267811] High prop at exactly tau (1.00) at rel_day 34: potential IF underweighting
[2026-01-30T11:26:45.199278] High prop at exactly tau (1.00) at rel_day 35: potential IF underweighting
[2026-01-30T11:26:58.127993] High prop at exactly tau (1.00) at rel_day 36: potential IF underweighting
[2026-01-30T11:27:11.081964] High prop at exactly tau (1.00) at rel_day 37: potential IF underweighting
[2026-01-30T11:27:24.026142] High prop at exactly tau (1.00) at rel_day 38: potential IF underweighting
[2026-01-30T11:27:36.949694] High prop at exactly tau (1.00) at rel_day 39: potential IF underweighting
[2026-01-30T11:27:49.906553] High prop at exactly tau (1.00) at rel_day 40: potential IF underweighting
[2026-01-30T11:28:02.840271] High prop at exactly tau (1.00) at rel_day 41: potential IF underweighting
[2026-01-30T11:28:15.790683] High prop at exactly tau (1.00) at rel_day 42: potential IF underweighting
[2026-01-30T11:28:28.719228] High prop at exactly tau (1.00) at rel_day 43: potential IF underweighting
[2026-01-30T11:28:41.656358] High prop at exactly tau (1.00) at rel_day 44: potential IF underweighting
[2026-01-30T11:28:54.590834] High prop at exactly tau (1.00) at rel_day 45: potential IF underweighting
[2026-01-30T11:29:07.530543] High prop at exactly tau (1.00) at rel_day 46: potential IF underweighting
[2026-01-30T11:29:20.440982] High prop at exactly tau (1.00) at rel_day 47: potential IF underweighting
[2026-01-30T11:29:33.361450] High prop at exactly tau (1.00) at rel_day 48: potential IF underweighting
[2026-01-30T11:29:46.293825] High prop at exactly tau (1.00) at rel_day 49: potential IF underweighting
[2026-01-30T11:29:59.226795] High prop at exactly tau (1.00) at rel_day 50: potential IF underweighting
[2026-01-30T11:30:12.164636] High prop at exactly tau (1.00) at rel_day 51: potential IF underweighting
[2026-01-30T11:30:25.108839] High prop at exactly tau (1.00) at rel_day 52: potential IF underweighting
[2026-01-30T11:30:38.015579] High prop at exactly tau (0.99) at rel_day 53: potential IF underweighting
[2026-01-30T11:30:50.951545] High prop at exactly tau (0.99) at rel_day 54: potential IF underweighting
[2026-01-30T11:31:03.857615] High prop at exactly tau (0.99) at rel_day 55: potential IF underweighting
[2026-01-30T11:31:16.781172] High prop at exactly tau (0.99) at rel_day 56: potential IF underweighting
[2026-01-30T11:31:29.692831] High prop at exactly tau (0.99) at rel_day 57: potential IF underweighting
[2026-01-30T11:31:42.615213] High prop at exactly tau (0.99) at rel_day 58: potential IF underweighting
[2026-01-30T11:31:55.520276] High prop at exactly tau (0.99) at rel_day 59: potential IF underweighting
[2026-01-30T11:32:08.416174] High prop at exactly tau (0.99) at rel_day 60: potential IF underweighting
[2026-01-30T11:32:21.338154] High prop at exactly tau (0.99) at rel_day 61: potential IF underweighting
[2026-01-30T11:32:34.216756] High prop at exactly tau (0.99) at rel_day 62: potential IF underweighting
[2026-01-30T11:32:47.111869] High prop at exactly tau (0.99) at rel_day 63: potential IF underweighting
[2026-01-30T11:32:59.992767] High prop at exactly tau (0.99) at rel_day 64: potential IF underweighting
[2026-01-30T11:33:12.920969] High prop at exactly tau (0.99) at rel_day 65: potential IF underweighting
[2026-01-30T11:33:25.818316] High prop at exactly tau (0.99) at rel_day 66: potential IF underweighting
[2026-01-30T11:33:38.734906] High prop at exactly tau (0.99) at rel_day 67: potential IF underweighting
[2026-01-30T11:33:51.877293] High prop at exactly tau (0.99) at rel_day 68: potential IF underweighting
[2026-01-30T11:34:04.745080] High prop at exactly tau (0.99) at rel_day 69: potential IF underweighting
[2026-01-30T11:34:17.622236] High prop at exactly tau (0.99) at rel_day 70: potential IF underweighting
[2026-01-30T11:34:30.510792] High prop at exactly tau (0.99) at rel_day 71: potential IF underweighting
[2026-01-30T11:34:43.410800] High prop at exactly tau (0.99) at rel_day 72: potential IF underweighting
[2026-01-30T11:34:56.305671] High prop at exactly tau (0.99) at rel_day 73: potential IF underweighting
[2026-01-30T11:35:09.212940] High prop at exactly tau (0.99) at rel_day 74: potential IF underweighting
[2026-01-30T11:35:22.104094] High prop at exactly tau (0.99) at rel_day 75: potential IF underweighting
[2026-01-30T11:35:34.994992] High prop at exactly tau (0.99) at rel_day 76: potential IF underweighting
[2026-01-30T11:35:47.879611] High prop at exactly tau (0.99) at rel_day 77: potential IF underweighting
[2026-01-30T11:36:00.760970] High prop at exactly tau (0.99) at rel_day 78: potential IF underweighting
[2026-01-30T11:36:13.614319] High prop at exactly tau (0.99) at rel_day 79: potential IF underweighting
[2026-01-30T11:36:26.549421] High prop at exactly tau (0.99) at rel_day 80: potential IF underweighting
[2026-01-30T11:36:39.451603] High prop at exactly tau (0.99) at rel_day 81: potential IF underweighting
[2026-01-30T11:36:52.396790] High prop at exactly tau (0.99) at rel_day 82: potential IF underweighting
[2026-01-30T11:37:05.395774] High prop at exactly tau (0.99) at rel_day 83: potential IF underweighting
[2026-01-30T11:37:18.365484] High prop at exactly tau (0.99) at rel_day 84: potential IF underweighting
[2026-01-30T11:37:31.254128] High prop at exactly tau (0.99) at rel_day 85: potential IF underweighting
[2026-01-30T11:37:44.179636] High prop at exactly tau (0.99) at rel_day 86: potential IF underweighting
[2026-01-30T11:37:57.048119] High prop at exactly tau (0.99) at rel_day 87: potential IF underweighting
[2026-01-30T11:38:09.907414] High prop at exactly tau (0.99) at rel_day 88: potential IF underweighting
[2026-01-30T11:38:22.726252] High prop at exactly tau (0.99) at rel_day 89: potential IF underweighting
[2026-01-30T11:38:35.832685] High prop at exactly tau (0.99) at rel_day 90: potential IF underweighting
[2026-01-30T11:38:48.650145] High prop at exactly tau (0.99) at rel_day 91: potential IF underweighting
[2026-01-30T11:39:01.501756] High prop at exactly tau (0.99) at rel_day 92: potential IF underweighting
[2026-01-30T11:39:14.320200] High prop at exactly tau (0.99) at rel_day 93: potential IF underweighting
[2026-01-30T11:39:27.137861] High prop at exactly tau (0.99) at rel_day 94: potential IF underweighting
[2026-01-30T11:39:39.970386] High prop at exactly tau (0.99) at rel_day 95: potential IF underweighting
[2026-01-30T11:39:52.787308] High prop at exactly tau (0.99) at rel_day 96: potential IF underweighting
[2026-01-30T11:40:05.616686] High prop at exactly tau (0.99) at rel_day 97: potential IF underweighting
[2026-01-30T11:40:18.469782] High prop at exactly tau (0.99) at rel_day 98: potential IF underweighting
[2026-01-30T11:40:31.268061] High prop at exactly tau (0.99) at rel_day 99: potential IF underweighting
[2026-01-30T11:40:44.077727] High prop at exactly tau (0.99) at rel_day 100: potential IF underweighting
[2026-01-30T11:40:56.890655] High prop at exactly tau (0.98) at rel_day 101: potential IF underweighting
[2026-01-30T11:41:09.701010] High prop at exactly tau (0.98) at rel_day 102: potential IF underweighting
[2026-01-30T11:41:22.478464] High prop at exactly tau (0.98) at rel_day 103: potential IF underweighting
[2026-01-30T11:41:35.276324] High prop at exactly tau (0.98) at rel_day 104: potential IF underweighting
[2026-01-30T11:41:48.071206] High prop at exactly tau (0.98) at rel_day 105: potential IF underweighting
[2026-01-30T11:42:00.892474] High prop at exactly tau (0.98) at rel_day 106: potential IF underweighting
[2026-01-30T11:42:13.668051] High prop at exactly tau (0.98) at rel_day 107: potential IF underweighting
[2026-01-30T11:42:26.449503] High prop at exactly tau (0.98) at rel_day 108: potential IF underweighting
[2026-01-30T11:42:39.233133] High prop at exactly tau (0.98) at rel_day 109: potential IF underweighting
[2026-01-30T11:42:52.026603] High prop at exactly tau (0.98) at rel_day 110: potential IF underweighting
[2026-01-30T11:43:04.789066] High prop at exactly tau (0.98) at rel_day 111: potential IF underweighting
[2026-01-30T11:43:17.561282] High prop at exactly tau (0.98) at rel_day 112: potential IF underweighting
[2026-01-30T11:43:30.313117] High prop at exactly tau (0.98) at rel_day 113: potential IF underweighting
[2026-01-30T11:43:43.094799] High prop at exactly tau (0.98) at rel_day 114: potential IF underweighting
[2026-01-30T11:43:55.827167] High prop at exactly tau (0.98) at rel_day 115: potential IF underweighting
[2026-01-30T11:44:08.559373] High prop at exactly tau (0.98) at rel_day 116: potential IF underweighting
[2026-01-30T11:44:21.265355] High prop at exactly tau (0.98) at rel_day 117: potential IF underweighting
[2026-01-30T11:44:33.984861] High prop at exactly tau (0.98) at rel_day 118: potential IF underweighting
[2026-01-30T11:44:46.710236] High prop at exactly tau (0.98) at rel_day 119: potential IF underweighting
[2026-01-30T11:44:59.409897] High prop at exactly tau (0.98) at rel_day 120: potential IF underweighting
