t_landmark,n_v,n_u,rmst_v,rmst_u,delta_rmst,delta_rmst_CI_lower,delta_rmst_CI_upper
576,1,109614,426.0,425.97527231922925,0.02472768077075216,0.008763446632076467,0.035639671224700464
606,1,109613,396.0,395.9790627024166,0.020937297583373038,0.007818386848907722,0.03282725587230288
636,1,109612,366.0,365.98250647739303,0.017493522606969236,0.005198190816844317,0.026996653112206555
666,1,109612,336.0,335.9825064773929,0.017493522607082923,0.005198190816892634,0.02699665311215824
696,1,109610,306.0,305.98859136940064,0.011408630599362368,0.002630067354627386,0.018484410869547215
726,1277,108334,276.0,275.9884569941108,0.011543005889222968,0.002660550877200763,0.018698865188721922
756,5856,103755,246.0,245.98794756879187,0.01205243120813293,0.002776292739622477,0.019529181741613395
786,6700,102911,216.0,215.9878487236544,0.01215127634560531,0.0027994346264080153,0.01968862464922267
816,6890,102720,186.0,185.98976830218066,0.01023169781933575,0.0021104080696972005,0.016107474241113095
846,7000,102608,156.0,155.99331436145332,0.006685638546684913,0.0007076406025760208,0.011772663201908526
876,7111,102495,126.0,125.99599980486855,0.0040001951314536655,6.022386787947203e-05,0.007044521187982866
906,7150,102455,96.0,95.99710604655701,0.0028939534429923697,2.0731963275011367e-05,0.005131423141875757
936,7200,102404,66.0,65.99798835982969,0.0020116401703091924,1.0259905129461622e-05,0.0037573672559972236
966,7240,102361,36.0,35.999477340002535,0.0005226599974648138,4.884405704785877e-06,0.0013875653307600542
996,7279,102320,6.0,5.99999511336982,4.886630179612439e-06,4.880739190227246e-06,1.4675509803296904e-05
