t_landmark,n_v,n_u,rmst_v,rmst_u,delta_rmst,delta_rmst_CI_lower,delta_rmst_CI_upper
576,2,109613,269.25,431.9899373249523,-162.73993732495228,-325.49446433245157,0.016906666497472127
606,2,109612,239.25,401.9937461226873,-162.7437461226873,-325.49686640073475,0.010888582488105666
636,2,109612,209.25,371.9937461226873,-162.7437461226873,-325.4968664007347,0.01088858248808577
666,2,109612,179.25,341.9937461226873,-162.7437461226873,-325.4968853306579,0.010892474770679426
696,1,109612,312.0,311.9937461226873,0.006253877312701661,1.3684102500910456e-05,0.01246783964524667
726,1278,108335,281.9996087636933,281.9936770203535,0.005931743339772311,1.3029320440871573e-05,0.01224481125532719
756,5857,103756,251.9999146320642,251.99339797216544,0.006516659898750277,8.797709228058893e-06,0.013087920871646475
786,6701,102911,221.99992538427102,221.99564672386822,0.00427866040280378,1.178797263605702e-05,0.008560734680417424
816,6891,102719,191.99992744159047,191.99974201462243,0.00018542696804502157,-0.0001873281927601056,0.0007012086016160879
846,7001,102609,161.9999285816312,161.99974173805415,0.00018684357704046306,-0.00018396495271062464,0.0007032908156979545
876,7112,102498,131.99992969628795,131.99974145836993,0.00018823791802446976,-0.0001808763219770526,0.0007054232565479879
906,7151,102459,101.99993007970913,101.99974135995865,0.0001887197504828464,-0.00017992850864381185,0.0007061235625226203
936,7201,102409,71.99993056519928,71.99974123368064,0.00018933151864075626,-0.00017861505707621463,0.000706976846050722
966,7241,102369,41.99993094876398,41.999741132569426,0.00018981619455615828,-0.00020543757674680309,0.0007088457695536121
996,7280,102329,11.999931318681318,12.0,-6.86813186820956e-05,-0.0002078565271490085,-6.750284025480724e-05
