t_landmark,n_v,n_u,rmst_v,rmst_u,delta_rmst,delta_rmst_CI_lower,delta_rmst_CI_upper
579,1,120398,481.0,480.96847954284954,0.0315204571504637,0.014388517796248834,0.0518250101786748
609,1,120394,451.0,450.98421017658694,0.015789823413058457,0.005541712349315731,0.029634320565310186
639,2,120392,230.25,420.99109575387064,-190.74109575387064,-381.4946737347448,0.014041110790525125
669,2,120392,200.25,390.99109575387064,-190.74109575387064,-381.4946737347448,0.014041110790550706
699,4,120388,361.0,360.9942228461308,0.005777153869189533,0.0006265891810883772,0.013498163790750084
729,4283,116109,331.0,330.99400993893664,0.0059900610633576434,0.0006497902390151467,0.01398659641487825
759,12642,107750,300.999960449296,300.9935498839908,0.006410565305202454,0.0006504735014516427,0.015009806975976403
789,14274,106117,270.9999649712764,270.9962447110265,0.0037202602499064596,0.0003650470539596995,0.00771689611745785
819,14838,105553,240.99501280496025,240.99692097808685,-0.0019081731265941926,-0.013889747110786744,0.0050588345029836885
849,15408,104983,210.99519730010388,210.9969042606898,-0.0017069605859205694,-0.013323330522791822,0.0050877997457334226
879,15952,104439,180.99536108324975,180.99688813565814,-0.0015270524083916825,-0.01280893012125688,0.0051144788397848966
909,16212,104179,150.99543547989146,150.99688036936422,-0.0014448894727649986,-0.012602504603421494,0.005126798712387869
939,16443,103947,120.99549960469503,120.99827315843648,-0.002773553741448609,-0.013174475112503359,0.0026994799194518747
969,16613,103776,90.9955456570156,90.99927728954673,-0.0037316325311280707,-0.013228639637070216,0.001472901363550248
999,16759,103629,60.999970165284324,60.999276264366145,0.0006939009181792244,-2.5594013215979315e-05,0.0016321344098077619
1029,16876,103510,30.999970372126096,30.99999033909767,-1.9966971574802983e-05,-7.921006225348748e-05,1.9316664956825492e-05
1059,16916,103470,0.9999704421849137,0.9999903353629072,-1.9893177993446365e-05,-0.00010485186062356155,-5.408422545816194e-06
